{
  "type": "Feature",
  "properties": { "name": "Elmbridge", "level": 2 },
  "geometry": {
    "type": "MultiPolygon",
    "coordinates": [
      [
        [
          [-0.396926681619084, 51.312816923938406],
          [-0.397106221548784, 51.312523522609823],
          [-0.397218107346977, 51.312400955027435],
          [-0.39730739035032, 51.312268186148302],
          [-0.397533701408597, 51.312114810371405],
          [-0.397582005920572, 51.312046227779334],
          [-0.397591926109403, 51.312008594340774],
          [-0.397593272635686, 51.311969944340987],
          [-0.397339752619864, 51.311874750588203],
          [-0.39725642153695, 51.311836740436753],
          [-0.397251431760569, 51.311650524142117],
          [-0.397323992816179, 51.311379938773918],
          [-0.397319358970976, 51.311307034836652],
          [-0.39730742917795, 51.311237628126683],
          [-0.397198204181724, 51.311119228919054],
          [-0.397019333926024, 51.310981891120861],
          [-0.396777784634278, 51.310749272134508],
          [-0.396679032516446, 51.310659792258782],
          [-0.396584050471249, 51.310585651429072],
          [-0.39637930748532, 51.310449756896482],
          [-0.396265369563121, 51.31038434890813],
          [-0.396122749833047, 51.31031854803345],
          [-0.395977168274997, 51.310255404212619],
          [-0.395727775421176, 51.310165658824523],
          [-0.395472411281584, 51.310164858479439],
          [-0.395146924507354, 51.310199966678113],
          [-0.395054891057158, 51.310205899686629],
          [-0.394824457304554, 51.310107419466505],
          [-0.394308394131427, 51.309847651464978],
          [-0.394154431769734, 51.309778095527086],
          [-0.393998973029499, 51.309710317392529],
          [-0.393762180018275, 51.309629733129206],
          [-0.393505006780176, 51.309516495191339],
          [-0.393311175186052, 51.309438297801293],
          [-0.39324868256469, 51.309378988085705],
          [-0.393122828935283, 51.309244169811656],
          [-0.392935656556721, 51.30922181772717],
          [-0.392777636850814, 51.309186376394216],
          [-0.392671128923415, 51.309113872559209],
          [-0.392427320189914, 51.308823659764123],
          [-0.392277280511265, 51.308683112880011],
          [-0.392116889205422, 51.308551416353126],
          [-0.392001425540877, 51.30840684743697],
          [-0.391981928972146, 51.308225826822067],
          [-0.392114265325887, 51.307887720355502],
          [-0.392243235739671, 51.307768989004096],
          [-0.392457681225714, 51.307667617641464],
          [-0.392637029164812, 51.307544181754395],
          [-0.39270929628712, 51.307405787017466],
          [-0.392789969252273, 51.307067870048904],
          [-0.392823380901952, 51.30697390540999],
          [-0.392939974994233, 51.30671651617152],
          [-0.392934553330781, 51.306584249335955],
          [-0.392896369919131, 51.306445238034449],
          [-0.392957560668991, 51.306089967482023],
          [-0.392999177287944, 51.305966439529328],
          [-0.392930284518965, 51.305720893143572],
          [-0.392912575094255, 51.305488638862911],
          [-0.392854568554439, 51.305342161325918],
          [-0.392766480985406, 51.305194371641946],
          [-0.392757291977125, 51.30504676548756],
          [-0.392791686292639, 51.304883570653494],
          [-0.392852822535418, 51.304735131110341],
          [-0.392960430041578, 51.304611609520343],
          [-0.393067252005034, 51.304510558770815],
          [-0.393117595878037, 51.304383553449007],
          [-0.39312272428746, 51.304318876483343],
          [-0.39311928059713, 51.304253182624997],
          [-0.393066947716033, 51.304108581542735],
          [-0.39296016868165, 51.30392096764367],
          [-0.392869853933097, 51.303836995487266],
          [-0.3927770379167, 51.303783564063146],
          [-0.392719755490221, 51.30373961296263],
          [-0.392614277158057, 51.303473780174933],
          [-0.392596663205445, 51.303362029067038],
          [-0.392561059727886, 51.303026113069414],
          [-0.392572677968564, 51.30293994273719],
          [-0.392589906013947, 51.302857446482541],
          [-0.392670705889516, 51.302720967423056],
          [-0.392752710198286, 51.302262566568864],
          [-0.392766735140199, 51.302148551909426],
          [-0.392773622191168, 51.302033540008928],
          [-0.392741608123001, 51.301676990077517],
          [-0.392738458342423, 51.301561840407913],
          [-0.3927586159622, 51.301477585793286],
          [-0.39278441459474, 51.301396106407253],
          [-0.392893521277597, 51.301229440573536],
          [-0.393010905697739, 51.301113247310255],
          [-0.393091073225801, 51.300994744680828],
          [-0.393154014168873, 51.300958738362787],
          [-0.393216798056811, 51.300927226201942],
          [-0.393323957028996, 51.300939487793698],
          [-0.393488228863337, 51.301041560483256],
          [-0.393533389002068, 51.301062863231408],
          [-0.39364437908291, 51.301088666116783],
          [-0.393758297379843, 51.300989510689881],
          [-0.393971126037076, 51.300851244691444],
          [-0.393954149502753, 51.300803350602024],
          [-0.393871739252593, 51.30065743798361],
          [-0.393766762255913, 51.300377224866359],
          [-0.393869217069261, 51.300236545900276],
          [-0.394003402700404, 51.300090906435535],
          [-0.394066852603071, 51.299999152059591],
          [-0.394127560166188, 51.299903762968647],
          [-0.394148404099459, 51.29979973375265],
          [-0.394162079079561, 51.299695606217682],
          [-0.394070771456892, 51.299475831901532],
          [-0.394048938340698, 51.299402691763895],
          [-0.394067224531618, 51.299166435086832],
          [-0.394068506775423, 51.299006382974092],
          [-0.394058745179947, 51.298751756252415],
          [-0.394077527604754, 51.298665684118838],
          [-0.394079024078041, 51.298663906106427],
          [-0.394106283375032, 51.29858154729677],
          [-0.394219270998885, 51.298426624166297],
          [-0.394381246571792, 51.298306544851229],
          [-0.394519130212509, 51.298178041579476],
          [-0.394650588380436, 51.298069233951139],
          [-0.394742309438376, 51.297948190938698],
          [-0.397249713629096, 51.298069767225506],
          [-0.397512084860239, 51.298073358170889],
          [-0.397593838356181, 51.298073577702503],
          [-0.399880191172005, 51.297457370624841],
          [-0.40046584396685, 51.297280123067743],
          [-0.400974385093469, 51.297092826912632],
          [-0.40196589860648, 51.29671068505116],
          [-0.402291507944914, 51.296545166846911],
          [-0.402510867055065, 51.296382694547376],
          [-0.402732690422241, 51.296107847000307],
          [-0.402998736153482, 51.295839897072121],
          [-0.403287842713949, 51.295527297638749],
          [-0.403597701615683, 51.295236562866428],
          [-0.403792242312567, 51.295003606946814],
          [-0.403930027563422, 51.29487688993045],
          [-0.404309533860303, 51.294852386623354],
          [-0.40532650676817, 51.294892320264871],
          [-0.405322207914296, 51.29497499432739],
          [-0.405256640306651, 51.29521150793876],
          [-0.40522130408375, 51.295486202500356],
          [-0.405213642934, 51.295748684240152],
          [-0.405223779241643, 51.296077054889011],
          [-0.405228737054058, 51.29618233669337],
          [-0.40530323434161, 51.296557446514626],
          [-0.405319789364149, 51.296783388061094],
          [-0.405398118021875, 51.297006573800026],
          [-0.405570948430687, 51.297276009686065],
          [-0.405771362527797, 51.297494562626582],
          [-0.406009741706346, 51.297735214438241],
          [-0.406089005914913, 51.297848701812207],
          [-0.406163875940042, 51.29796482711653],
          [-0.406412529047945, 51.298530253243968],
          [-0.406545348364373, 51.298754179672692],
          [-0.406708028907689, 51.298985706390084],
          [-0.407138127644909, 51.299531117891007],
          [-0.407296608543457, 51.299801255056764],
          [-0.407623562167664, 51.300508928103831],
          [-0.407951179859636, 51.301239090609585],
          [-0.40818059153618, 51.301615404834109],
          [-0.408577610619557, 51.302330321964433],
          [-0.409016829935261, 51.302862360751249],
          [-0.409253281952777, 51.303035534289293],
          [-0.409393372139423, 51.303091393199971],
          [-0.409537888630315, 51.303143714996345],
          [-0.409889325610459, 51.303227623077667],
          [-0.410191576594464, 51.303323452048701],
          [-0.411061509524053, 51.303514213225839],
          [-0.41171330945588, 51.303707405051469],
          [-0.411794209344056, 51.303566418399122],
          [-0.412189222514309, 51.303593357552401],
          [-0.412606465361537, 51.303641279809021],
          [-0.413225983321048, 51.303689243875112],
          [-0.413994978781221, 51.30377070352678],
          [-0.41540690742615, 51.30388693859728],
          [-0.415425525572102, 51.304054453762681],
          [-0.415659884001791, 51.30408100565753],
          [-0.415687323383051, 51.304242345264576],
          [-0.41604275193956, 51.304252549030871],
          [-0.416056028835722, 51.304491932984284],
          [-0.41663862931502, 51.304445856017672],
          [-0.417087965606119, 51.304395277060905],
          [-0.417312401472661, 51.304376728281341],
          [-0.418002389768928, 51.304336592209999],
          [-0.419022429972325, 51.304293714080259],
          [-0.41928371496801, 51.304288248609851],
          [-0.419552107829499, 51.304284677012063],
          [-0.420452896986163, 51.304288737139338],
          [-0.421294340455009, 51.304224545542894],
          [-0.421698077733229, 51.304206606793159],
          [-0.422121304080481, 51.304206015254344],
          [-0.422336301752852, 51.304211609718699],
          [-0.42272958610227, 51.30424748238292],
          [-0.423096382483537, 51.304302780831186],
          [-0.423388351433004, 51.304322898739869],
          [-0.423389785371793, 51.304322918045131],
          [-0.423833813797186, 51.304343283404648],
          [-0.423832089422, 51.304393618916464],
          [-0.424442179089728, 51.304424310268843],
          [-0.42548362185248, 51.30442662686314],
          [-0.425734765782642, 51.304465973761083],
          [-0.426385531066793, 51.304481914291678],
          [-0.426479044952924, 51.304474178219671],
          [-0.426611920808627, 51.304448086422468],
          [-0.427421309189853, 51.304188280311699],
          [-0.427414671650138, 51.304130638409028],
          [-0.427715028424406, 51.304031256311781],
          [-0.427866850483594, 51.303996424867655],
          [-0.428560132522453, 51.303901415698391],
          [-0.431427319695986, 51.304380493272056],
          [-0.431844965704406, 51.304375295500911],
          [-0.432368815557292, 51.304368820185609],
          [-0.432436333524052, 51.304366126940593],
          [-0.433342417325254, 51.304256851867841],
          [-0.433708623688415, 51.304245563727285],
          [-0.434197846678616, 51.304202646696808],
          [-0.434564538522586, 51.304219239445132],
          [-0.434635076917952, 51.304212089010583],
          [-0.435101272598972, 51.304087026462852],
          [-0.435379677286316, 51.304042184869303],
          [-0.436726442849599, 51.303967539584569],
          [-0.437425512646511, 51.30399754856051],
          [-0.439080253155095, 51.304401791643848],
          [-0.439421877374554, 51.304480981037521],
          [-0.439810795653155, 51.304603963559337],
          [-0.439961061103457, 51.304657222173638],
          [-0.440312213914865, 51.304836353250053],
          [-0.440393283735114, 51.304899481172583],
          [-0.440446620615087, 51.304976627986022],
          [-0.440907004993896, 51.305573566792916],
          [-0.441799453380694, 51.306630374235553],
          [-0.441887368113153, 51.306745748800935],
          [-0.44222149240642, 51.307259169946406],
          [-0.442523125983247, 51.307461015743399],
          [-0.442630751821352, 51.307545177694884],
          [-0.442736183689038, 51.307651791752257],
          [-0.44295734070608, 51.307942492223631],
          [-0.442890460145202, 51.307968581163031],
          [-0.442951467041309, 51.30807370538178],
          [-0.443015534234932, 51.308512493732024],
          [-0.443061045566858, 51.308651583645243],
          [-0.443150315625437, 51.308811937748658],
          [-0.443186256011724, 51.309021941236217],
          [-0.443212574734914, 51.309389186032348],
          [-0.443343630383892, 51.310562653259979],
          [-0.443427625506365, 51.311176159956524],
          [-0.443575256406062, 51.311859754119922],
          [-0.443763675736194, 51.312652699155421],
          [-0.443836784197882, 51.313036751400944],
          [-0.443828397270932, 51.313072610120003],
          [-0.444264655316923, 51.314302284221611],
          [-0.444481288322652, 51.314855501886647],
          [-0.44461783765439, 51.315145974004913],
          [-0.445473721639865, 51.316656381955674],
          [-0.44593196050028, 51.31749246767491],
          [-0.445887007208779, 51.318483744587887],
          [-0.445791679845138, 51.319904194880451],
          [-0.445816238370446, 51.321344219561553],
          [-0.445905145041586, 51.322153823868916],
          [-0.44569880536364, 51.324141127093455],
          [-0.445642961377602, 51.324392176418463],
          [-0.445004086822238, 51.324312662241979],
          [-0.443842572509194, 51.324112002521304],
          [-0.443647648189399, 51.324104019074916],
          [-0.443070312613842, 51.324242030575505],
          [-0.442517457993671, 51.324419931558182],
          [-0.442441084029219, 51.324386543740637],
          [-0.442258587888758, 51.324435375897188],
          [-0.442187283059776, 51.324421838781895],
          [-0.441409681618525, 51.324666889057269],
          [-0.441368994526561, 51.324681635311343],
          [-0.440861853544648, 51.324865531949165],
          [-0.440516850026712, 51.325008419600188],
          [-0.440172966919392, 51.325033519337616],
          [-0.440127975205311, 51.325048207887072],
          [-0.440088630584643, 51.325065669321205],
          [-0.440018856138017, 51.3251339830652],
          [-0.440109883055336, 51.325200839732624],
          [-0.440137176529123, 51.32528483324117],
          [-0.440018290974667, 51.32540464998069],
          [-0.439893513822328, 51.325528884442974],
          [-0.439153164932936, 51.326071168202986],
          [-0.43906281302654, 51.326111330594919],
          [-0.438999077803009, 51.326128466867189],
          [-0.438877803311939, 51.326149333074],
          [-0.438523990290706, 51.326170698787251],
          [-0.438402226436001, 51.326163681230817],
          [-0.438342336403712, 51.326152092368169],
          [-0.438276951780393, 51.326133236269634],
          [-0.438201890633736, 51.326103460206852],
          [-0.437742613057281, 51.325975941309686],
          [-0.437609677746765, 51.325959781533619],
          [-0.437522254928436, 51.325955918522325],
          [-0.437441852822444, 51.32595664528391],
          [-0.437341121255114, 51.325964294983557],
          [-0.437232972133257, 51.325979039709587],
          [-0.436940849916137, 51.326043487837474],
          [-0.43683749258159, 51.326086172855938],
          [-0.436724610957991, 51.326155708277248],
          [-0.436678853688801, 51.326192866555786],
          [-0.43663413401495, 51.326241728909558],
          [-0.436605501024599, 51.326281813295147],
          [-0.436601898741652, 51.326303347259007],
          [-0.436606843413148, 51.326326793715808],
          [-0.436634254247842, 51.326364927809202],
          [-0.436910015060307, 51.326570936596852],
          [-0.437039134378001, 51.326868511595514],
          [-0.43710808976934, 51.327120321783404],
          [-0.437163034296838, 51.327446582879183],
          [-0.43730369674429, 51.327446659640636],
          [-0.437361054536341, 51.327363794007837],
          [-0.443786864202155, 51.326735273294609],
          [-0.444192115570145, 51.326720869124905],
          [-0.444788126578652, 51.326753057767469],
          [-0.445068931299302, 51.326768473160513],
          [-0.446189729989633, 51.326774342464219],
          [-0.446266323243291, 51.3268014359207],
          [-0.446325821647713, 51.326824705755683],
          [-0.446488778330583, 51.326887115158982],
          [-0.447497384525889, 51.327240393563308],
          [-0.447876459167091, 51.327406378927009],
          [-0.448223841500619, 51.327533275818986],
          [-0.448754244327324, 51.327723742652402],
          [-0.449721884857791, 51.328058474529001],
          [-0.449856307233395, 51.32811600556601],
          [-0.450047332272013, 51.328197665319401],
          [-0.451275295419738, 51.328645534167016],
          [-0.451110543136504, 51.328849285245703],
          [-0.4501895434406, 51.3300268178549],
          [-0.449921055628853, 51.330369478489146],
          [-0.451105349761263, 51.330581168225208],
          [-0.451273719973158, 51.330611269404898],
          [-0.451352435853152, 51.330660868692718],
          [-0.451396534705834, 51.33071540612179],
          [-0.451416816545871, 51.330752543205548],
          [-0.451426073665784, 51.33077604593386],
          [-0.451437776874473, 51.330812170442499],
          [-0.451452193954338, 51.330938255575134],
          [-0.451694770445097, 51.33093876202846],
          [-0.452459835838508, 51.330939872197966],
          [-0.455957936987358, 51.331029164574474],
          [-0.456082435629963, 51.331040696095137],
          [-0.456150053771345, 51.331036191171684],
          [-0.456251306448892, 51.331013244966464],
          [-0.456766255352767, 51.330939093098337],
          [-0.462344167217801, 51.329960274367679],
          [-0.462281862521017, 51.330020605841234],
          [-0.462201461324579, 51.330149941865038],
          [-0.462182448838794, 51.330332239486474],
          [-0.462093115052206, 51.330599942206952],
          [-0.461951622990521, 51.330839083879248],
          [-0.461939122241028, 51.331041250308111],
          [-0.461933983504869, 51.331194954019644],
          [-0.461935094983235, 51.33133345254619],
          [-0.461982151726055, 51.331471654645298],
          [-0.462067138496779, 51.331634634000167],
          [-0.462299722549995, 51.332063028632263],
          [-0.462478414673801, 51.332300075734068],
          [-0.462793813061196, 51.33252722507342],
          [-0.462805375407093, 51.332567842765826],
          [-0.462838103463458, 51.33279128495095],
          [-0.462771162977461, 51.333033203590354],
          [-0.462616941738536, 51.333395375780803],
          [-0.462591175269458, 51.33356499535369],
          [-0.462546883694218, 51.33385936722042],
          [-0.462489087277906, 51.333956629609396],
          [-0.462330030602781, 51.334120009005431],
          [-0.461601137609827, 51.334624828124134],
          [-0.461457241125543, 51.334720960054923],
          [-0.461307424125983, 51.334822409719422],
          [-0.461169446369719, 51.334913223369654],
          [-0.461038823008416, 51.334998737789277],
          [-0.460981232147314, 51.335089707254653],
          [-0.460966275870325, 51.335150661258375],
          [-0.460964054108977, 51.335217178068866],
          [-0.460976956475644, 51.335303677378292],
          [-0.461021698481162, 51.335382501257982],
          [-0.461120369242523, 51.335480018473362],
          [-0.461278078751235, 51.335615180625915],
          [-0.461393946099843, 51.335670657637905],
          [-0.461478874406434, 51.335706843817228],
          [-0.461579197500947, 51.335754922475118],
          [-0.461687320432228, 51.335827383683799],
          [-0.461720794293909, 51.335899764523461],
          [-0.461833815194926, 51.33625555983469],
          [-0.461952667829401, 51.336608733709539],
          [-0.462063082874903, 51.336784640625027],
          [-0.462071242908417, 51.336798236721741],
          [-0.461920440849188, 51.336843020262521],
          [-0.46173508350264, 51.33684778231877],
          [-0.461456419962854, 51.336852218808495],
          [-0.461443474788172, 51.336852948180876],
          [-0.461400124088623, 51.336861371916662],
          [-0.46135509821103, 51.3368769678071],
          [-0.461310372493043, 51.336883574923085],
          [-0.461253085891055, 51.336922390857502],
          [-0.461229555186602, 51.336939168114533],
          [-0.461192448810658, 51.336975551099421],
          [-0.461171902165406, 51.337031935382448],
          [-0.461170010789893, 51.337088564545894],
          [-0.461218675565957, 51.337135965368844],
          [-0.461276190766286, 51.337176288182569],
          [-0.46145005769911, 51.33725770592644],
          [-0.461563059244315, 51.337313145116738],
          [-0.461740992209693, 51.337401809936559],
          [-0.461836263856369, 51.337472303790243],
          [-0.46188597463897, 51.337531408554526],
          [-0.461937625393093, 51.337618416104199],
          [-0.461954415171646, 51.337717556032928],
          [-0.461930723602287, 51.337825157538681],
          [-0.46188266067422, 51.337974704941715],
          [-0.461932672121018, 51.338024820927778],
          [-0.461977753649725, 51.338050591937233],
          [-0.462011534822439, 51.338070819058871],
          [-0.462095603003745, 51.338089907341619],
          [-0.462134079483663, 51.33809850552079],
          [-0.462247598964302, 51.338095498307005],
          [-0.462473982773309, 51.338066093952776],
          [-0.462508514102855, 51.338063849033489],
          [-0.462564481276396, 51.338064583038332],
          [-0.462662065071761, 51.338065862777718],
          [-0.462720062560533, 51.338091802875383],
          [-0.463507150649558, 51.338555353273961],
          [-0.463571455251102, 51.338607454411175],
          [-0.463569326874673, 51.338671274627707],
          [-0.463500435479383, 51.338756701556491],
          [-0.463357571183726, 51.338907704765305],
          [-0.463191346379032, 51.339156421904882],
          [-0.463168672156554, 51.339276626727028],
          [-0.46316414431613, 51.339412357007106],
          [-0.463208598182146, 51.339457003946499],
          [-0.463268212704, 51.339477569336637],
          [-0.463407683230355, 51.339514468991545],
          [-0.463604917804132, 51.339541334295618],
          [-0.463669553594953, 51.339583547742343],
          [-0.463695831360715, 51.339613567987605],
          [-0.463725575170032, 51.339668813179664],
          [-0.46376404225098, 51.33980690542154],
          [-0.463746656291096, 51.339983833578202],
          [-0.463663378288664, 51.340113136247041],
          [-0.463628687984359, 51.340206205595869],
          [-0.463605718366545, 51.34029223438813],
          [-0.463599284527627, 51.340355998163211],
          [-0.463590280197348, 51.340410735560553],
          [-0.46360785382285, 51.340486504459925],
          [-0.463653796630633, 51.340615702001351],
          [-0.4637479123389, 51.340678085633058],
          [-0.463773355129194, 51.340690109532645],
          [-0.463824570468216, 51.340704269678625],
          [-0.46387175018491, 51.340710283503228],
          [-0.464069919164649, 51.340709282894437],
          [-0.464132915413735, 51.34071460456299],
          [-0.464275740071305, 51.340737158789366],
          [-0.464316550060952, 51.340761973636809],
          [-0.464348899070144, 51.34078218129536],
          [-0.46467765766111, 51.340912384877079],
          [-0.465001695877461, 51.341011950581048],
          [-0.465066394871173, 51.341052365515331],
          [-0.465147746753037, 51.341110084540354],
          [-0.465254751913324, 51.341173534954869],
          [-0.465401732110822, 51.341243803428469],
          [-0.465498452280335, 51.341314313132266],
          [-0.465612362737379, 51.341429111901306],
          [-0.465703311109069, 51.34154361004282],
          [-0.465747318488672, 51.341644904044109],
          [-0.465778140071672, 51.341754118884211],
          [-0.465775026534887, 51.341847602055978],
          [-0.465754569229421, 51.341987620209764],
          [-0.465737848501282, 51.342144773357823],
          [-0.465762093904347, 51.342235917221871],
          [-0.465906622381128, 51.342509390308017],
          [-0.466071871878946, 51.342850580175501],
          [-0.466167313550882, 51.342830246299364],
          [-0.466914069883091, 51.342697029175206],
          [-0.467211605111205, 51.342644265263658],
          [-0.467736379374359, 51.342580082424725],
          [-0.468010292373866, 51.342546791810591],
          [-0.468347411307386, 51.342512527607816],
          [-0.468757720735188, 51.342479218087064],
          [-0.469307122132718, 51.342451320257233],
          [-0.470117035532818, 51.3424043375393],
          [-0.470704644844188, 51.342349953428666],
          [-0.471997573463114, 51.342241811313741],
          [-0.472272257219527, 51.342228304591949],
          [-0.472821411046795, 51.342164416398994],
          [-0.472878524675508, 51.342217318066709],
          [-0.473070520710364, 51.342316041234056],
          [-0.473123085983513, 51.342332912773394],
          [-0.473190092387339, 51.342347274518751],
          [-0.473690110764533, 51.342423029128618],
          [-0.474607781568046, 51.342590546487337],
          [-0.474817682223413, 51.34262565104855],
          [-0.475292028932251, 51.342739733555995],
          [-0.475702872658361, 51.342863779818273],
          [-0.476133157173975, 51.343007861296293],
          [-0.476473413078041, 51.343139080768125],
          [-0.476769387550133, 51.343263429015856],
          [-0.476922645147471, 51.34336164227426],
          [-0.477242316796237, 51.343551044809949],
          [-0.477745311753857, 51.343884911835758],
          [-0.478133603887946, 51.344170525594549],
          [-0.478537233737093, 51.344557055560571],
          [-0.478797510382321, 51.344762768951639],
          [-0.478995034474023, 51.344999142285261],
          [-0.479206824077704, 51.345238398062769],
          [-0.479193976883174, 51.345279597993162],
          [-0.479212349409302, 51.34533199410005],
          [-0.47924932110546, 51.345386429962268],
          [-0.479257606290201, 51.345396429413469],
          [-0.479292468164426, 51.34538429170977],
          [-0.479317037948293, 51.345466444167037],
          [-0.479361493919395, 51.345555149409911],
          [-0.479488387409517, 51.345756433421982],
          [-0.479656894734874, 51.346263110189476],
          [-0.479703670193013, 51.346412096584125],
          [-0.47974317331882, 51.346650915911447],
          [-0.479769580992178, 51.346894961075165],
          [-0.479773386846617, 51.347040692533952],
          [-0.479727031168652, 51.347357534722086],
          [-0.479655187534973, 51.34775048460569],
          [-0.480182609209466, 51.347737537070763],
          [-0.480517369190658, 51.347731983014278],
          [-0.480682670280049, 51.347726930515087],
          [-0.4807191413458, 51.347796646938264],
          [-0.480754070733727, 51.347913105505718],
          [-0.480876943898594, 51.348236636495855],
          [-0.480947587314482, 51.348489347606098],
          [-0.481001011937335, 51.348654606286274],
          [-0.481081538734815, 51.348956005935968],
          [-0.48117411278188, 51.349240475352957],
          [-0.481196587508695, 51.349299219047488],
          [-0.48115587563756, 51.349358043719903],
          [-0.480924489141971, 51.349494433972659],
          [-0.4802097103421, 51.349875457553409],
          [-0.479597298290683, 51.350200250698336],
          [-0.478990252979417, 51.350492736631118],
          [-0.478778463183199, 51.350600599404224],
          [-0.478541853142009, 51.350720729111941],
          [-0.478410465287357, 51.350785569976175],
          [-0.478295431559208, 51.350833536901447],
          [-0.477949488055712, 51.350959440789609],
          [-0.477386420029223, 51.351180544369413],
          [-0.477235825264493, 51.35121815662604],
          [-0.477088078676868, 51.351299869421183],
          [-0.476698975043653, 51.351427906668548],
          [-0.476312978123844, 51.351548788821951],
          [-0.476070905428499, 51.351616685059561],
          [-0.475657303678687, 51.351747098067968],
          [-0.475412179150434, 51.351820348751438],
          [-0.475108026282697, 51.351941391358451],
          [-0.474817779328427, 51.352076102840343],
          [-0.474511024901044, 51.352232181006649],
          [-0.474269401429235, 51.352372919022784],
          [-0.474122275470101, 51.352478915756784],
          [-0.473972188334145, 51.352587571518349],
          [-0.473232336548707, 51.353244291212349],
          [-0.472905566027609, 51.353483734925682],
          [-0.472487697006565, 51.353741774575816],
          [-0.47249086913617, 51.353775987647161],
          [-0.4724456214796, 51.35379787963366],
          [-0.470928347823469, 51.354553262573049],
          [-0.469243294436299, 51.355428732066066],
          [-0.469065190789853, 51.35551543281089],
          [-0.46834397565422, 51.355867513365126],
          [-0.467818673991943, 51.356158298720352],
          [-0.467371669088187, 51.356383559782905],
          [-0.466971739375573, 51.356575263414697],
          [-0.467243002347761, 51.356796431797186],
          [-0.467580068738412, 51.35702565443269],
          [-0.467874789759097, 51.357189576214225],
          [-0.46804840936969, 51.357324036904963],
          [-0.468147137267112, 51.357421547979278],
          [-0.468265336938016, 51.357495033210043],
          [-0.468363348628644, 51.357527787605314],
          [-0.468434681985853, 51.357542208335069],
          [-0.468509156184296, 51.357548576776239],
          [-0.46859251378814, 51.35754696793591],
          [-0.468723816714164, 51.357528899484315],
          [-0.468877821757968, 51.357476056502335],
          [-0.469109411241265, 51.357422427947633],
          [-0.469742922584314, 51.357203187589526],
          [-0.470107664970828, 51.357118921744949],
          [-0.470267828407933, 51.357139896045503],
          [-0.47036473416562, 51.357162742562927],
          [-0.470595454625811, 51.357264670658175],
          [-0.470676688355993, 51.357283715462842],
          [-0.470767882692046, 51.357348752134733],
          [-0.470797493900775, 51.357408489199919],
          [-0.47077287932611, 51.357457627138096],
          [-0.470768692656799, 51.357497139735358],
          [-0.470757118450662, 51.357542850749397],
          [-0.470738694798036, 51.357578580611175],
          [-0.470679415039808, 51.357633561105629],
          [-0.470628210354262, 51.357661669270215],
          [-0.470011864878247, 51.357796608467133],
          [-0.469926741936742, 51.357851251252157],
          [-0.469904638443397, 51.357911212782341],
          [-0.469903322237624, 51.357950762781037],
          [-0.469910829428811, 51.357984133164322],
          [-0.469932753141258, 51.358015893202058],
          [-0.469966311804378, 51.358043308821202],
          [-0.469988863743285, 51.358056192714237],
          [-0.470081225152981, 51.358086174254453],
          [-0.470109818930852, 51.358090144434051],
          [-0.470199039885945, 51.358085013987328],
          [-0.470563728790934, 51.357959380562981],
          [-0.470693985201794, 51.357929605955192],
          [-0.470894708585877, 51.357897153335458],
          [-0.471304978853346, 51.357869231548278],
          [-0.471798576843638, 51.357840596063575],
          [-0.472192605762812, 51.357825948243025],
          [-0.472450219001639, 51.357853585187328],
          [-0.472583228250099, 51.357870605604028],
          [-0.47277812325961, 51.357927100119383],
          [-0.472885111757416, 51.357949176755227],
          [-0.472989169335757, 51.357973013632552],
          [-0.473104324401669, 51.358008685297506],
          [-0.473183647563429, 51.358042091669404],
          [-0.473240089617237, 51.35807250222868],
          [-0.473339844013717, 51.358139447084156],
          [-0.473392098641422, 51.358166206019284],
          [-0.473486017801457, 51.358192608225487],
          [-0.473635507206322, 51.358189159189955],
          [-0.474002726231327, 51.358030275159962],
          [-0.474060540824625, 51.358019337382466],
          [-0.474112344288986, 51.358016414648212],
          [-0.474156760629695, 51.3580196905422],
          [-0.474206710910257, 51.358029333246705],
          [-0.474264887577573, 51.358050773341162],
          [-0.474318399449325, 51.35808294378684],
          [-0.474353128354949, 51.358118466796327],
          [-0.474608536635008, 51.358472500880353],
          [-0.474622033547494, 51.358541919331962],
          [-0.474611098546903, 51.358655083482667],
          [-0.474556078843492, 51.358798248713256],
          [-0.474541607144378, 51.358844821775307],
          [-0.474507515181303, 51.358919914890421],
          [-0.474505067994803, 51.35899362119023],
          [-0.474557684980587, 51.359052756877681],
          [-0.474724353115881, 51.359137656231958],
          [-0.47475985794487, 51.35914980839955],
          [-0.474814593937711, 51.3591451251026],
          [-0.474909499947883, 51.359141863648397],
          [-0.475177198198076, 51.359125562710197],
          [-0.475413161540355, 51.359113344652052],
          [-0.475551411362928, 51.359145716992636],
          [-0.475616648870671, 51.359170845015512],
          [-0.475657270615575, 51.35920194763402],
          [-0.475682129394735, 51.359231946019868],
          [-0.475759045110073, 51.359381321833652],
          [-0.475834576196854, 51.359442553454159],
          [-0.47588240677774, 51.359472850491493],
          [-0.476086765767114, 51.359547447123681],
          [-0.476111237505865, 51.359589130606089],
          [-0.476101430715978, 51.359624972979731],
          [-0.476070475545057, 51.35964885020757],
          [-0.476010597087441, 51.359678646121495],
          [-0.475949521331541, 51.359701232463436],
          [-0.47572345588324, 51.359718076448495],
          [-0.475596907239557, 51.359765889341787],
          [-0.475444966639449, 51.35984304696737],
          [-0.475269439171989, 51.360068273165659],
          [-0.475145465980899, 51.360168275285986],
          [-0.475132999384953, 51.360240952027766],
          [-0.47513279437019, 51.360290407884797],
          [-0.475146827524954, 51.360343645948952],
          [-0.475171089964082, 51.360391621607256],
          [-0.47522125567578, 51.360438135731606],
          [-0.475525613968739, 51.360529321407768],
          [-0.475797756197023, 51.360595807762358],
          [-0.47581723064285, 51.360614945169253],
          [-0.475843108651057, 51.360657546243637],
          [-0.475857321706759, 51.360705391111274],
          [-0.475857356055263, 51.360747656133228],
          [-0.475809755219892, 51.360926886410873],
          [-0.47580590413878, 51.360999675276197],
          [-0.475818442936643, 51.361054692346109],
          [-0.475837082688254, 51.361098997794869],
          [-0.475882942612062, 51.361145455686376],
          [-0.475936488405006, 51.361176726313886],
          [-0.476168954821757, 51.361356900330485],
          [-0.476201625005438, 51.361411279852284],
          [-0.476216082059709, 51.361495097718446],
          [-0.476210015854617, 51.361548074391123],
          [-0.476187475095513, 51.361664683371124],
          [-0.476181165495317, 51.361681687020763],
          [-0.476136491334468, 51.361815993149207],
          [-0.476053139606846, 51.36194709861936],
          [-0.475857555733588, 51.362083938560318],
          [-0.475513429820886, 51.362281793336173],
          [-0.475399740036984, 51.362374735307007],
          [-0.475159798361688, 51.362592828272902],
          [-0.475087925017701, 51.362680918458366],
          [-0.475061934615432, 51.362728240304378],
          [-0.475038069896793, 51.362798070937778],
          [-0.474944516360626, 51.362976702702575],
          [-0.47487892240871, 51.363048688016427],
          [-0.474853946140446, 51.363065448656265],
          [-0.474786073658958, 51.36307625557891],
          [-0.474474716352034, 51.362806026643341],
          [-0.474357127379165, 51.362799999777337],
          [-0.474287819368653, 51.362810787733686],
          [-0.474247078706167, 51.362826443775312],
          [-0.474213308200173, 51.362848485258489],
          [-0.474190934767868, 51.362873372842813],
          [-0.474173647836463, 51.362918110031259],
          [-0.474234645274249, 51.362984549022933],
          [-0.474510729842197, 51.36319227155434],
          [-0.47453867070208, 51.363216015611151],
          [-0.474559223427289, 51.363245958214456],
          [-0.474616288659479, 51.363517373740557],
          [-0.474653687129841, 51.363602389541597],
          [-0.474741848260713, 51.363672778838676],
          [-0.474792494766972, 51.363704911558408],
          [-0.474830696052918, 51.363722494373789],
          [-0.475022806972692, 51.363777150572432],
          [-0.475163193571112, 51.363788868951211],
          [-0.475273755225991, 51.363790307437498],
          [-0.475279439023054, 51.363792179875915],
          [-0.475311837459711, 51.363811485536978],
          [-0.475415858348244, 51.36392344599917],
          [-0.475479138381454, 51.36405106282654],
          [-0.475477885562364, 51.364088814842781],
          [-0.47546846491707, 51.364112971921926],
          [-0.475453390239865, 51.36413435771037],
          [-0.475420906028479, 51.364160912485858],
          [-0.475382827415996, 51.364182898242802],
          [-0.475347978506756, 51.364194135058696],
          [-0.4752642500043, 51.364206534411061],
          [-0.475047189842239, 51.364167740312553],
          [-0.474813884381249, 51.364099059311854],
          [-0.474594845675881, 51.363990097542192],
          [-0.474332976727761, 51.363959711371919],
          [-0.47412154545798, 51.36396774962364],
          [-0.473980412076157, 51.363978501379059],
          [-0.473401491267719, 51.364065382233662],
          [-0.473301039866913, 51.364062275181254],
          [-0.473256975925695, 51.36404821247789],
          [-0.473215963017702, 51.364028794042738],
          [-0.473186526751206, 51.364006828685298],
          [-0.47314434694587, 51.363979301827577],
          [-0.473105785902331, 51.36392934100234],
          [-0.473088548775984, 51.363756461555987],
          [-0.473075533042254, 51.363672662273707],
          [-0.473058002277457, 51.363638262589802],
          [-0.473005622505473, 51.363615099018226],
          [-0.472936640020952, 51.36357283496725],
          [-0.472819228498106, 51.363561413349281],
          [-0.472723655053944, 51.36358444747583],
          [-0.472629338035834, 51.363612893358798],
          [-0.47260696327981, 51.36363778058054],
          [-0.472529517697032, 51.363677237184788],
          [-0.472419766596796, 51.363781018195304],
          [-0.472401609542392, 51.363808658077815],
          [-0.472372325222828, 51.363868525683934],
          [-0.472352733163502, 51.363939310544623],
          [-0.472348905723804, 51.36401120014127],
          [-0.472364701246595, 51.364054569733511],
          [-0.472388304907281, 51.36412232068168],
          [-0.472494591679755, 51.364209134240028],
          [-0.472545296885842, 51.364239470175086],
          [-0.47258307924458, 51.364269637660549],
          [-0.472606921301427, 51.364287034035129],
          [-0.472863266649683, 51.364613203338052],
          [-0.472975001892949, 51.364752243666189],
          [-0.473044973977963, 51.364808009298194],
          [-0.473131667402868, 51.364836116198212],
          [-0.473255216325431, 51.36487909110928],
          [-0.473349418165694, 51.364897403992352],
          [-0.47357787587704, 51.364895883766764],
          [-0.473745515665264, 51.364865694439786],
          [-0.473815635884219, 51.364873801622188],
          [-0.473866910230181, 51.364887058801493],
          [-0.473912231960277, 51.364906533151895],
          [-0.473953096712999, 51.364930445668293],
          [-0.473983701154411, 51.364960519273197],
          [-0.474018705526243, 51.365031116169291],
          [-0.473994509274464, 51.365110833846877],
          [-0.473972104644346, 51.365136620179314],
          [-0.473923405648556, 51.36517555275163],
          [-0.47386196253675, 51.365208923864927],
          [-0.473794984735531, 51.365235928149623],
          [-0.473729771302295, 51.36525306368604],
          [-0.47364460436258, 51.365265443067081],
          [-0.473422157194748, 51.365258948466654],
          [-0.473333429302509, 51.365248800128434],
          [-0.473219243433151, 51.365226629868836],
          [-0.473096770898, 51.365194459845071],
          [-0.472983930020117, 51.365131840916106],
          [-0.472863760513008, 51.36507362260231],
          [-0.472754510715653, 51.365032632117611],
          [-0.472648253702768, 51.36503124726385],
          [-0.472566227743155, 51.365035573610555],
          [-0.472266393406386, 51.3650667356155],
          [-0.472211828962731, 51.365066024257473],
          [-0.472144700166668, 51.365054358143013],
          [-0.472082208040531, 51.365032860769631],
          [-0.472031322823026, 51.36500791773193],
          [-0.471989142795709, 51.364980390452267],
          [-0.471939124921649, 51.364929380634116],
          [-0.471794216398365, 51.3646649120154],
          [-0.471698728380829, 51.364469430249436],
          [-0.471681108686261, 51.364437726956808],
          [-0.471618916797914, 51.364407240852763],
          [-0.471571861657614, 51.364396735483425],
          [-0.471494802561623, 51.364381342546125],
          [-0.471358333779337, 51.364424524664678],
          [-0.471301795785633, 51.364439973536221],
          [-0.471254620829675, 51.364476227105811],
          [-0.471198082484867, 51.364534839573906],
          [-0.471112885027028, 51.364720770584967],
          [-0.471053563339936, 51.364862976220813],
          [-0.470842154583631, 51.36504276401174],
          [-0.470717558632932, 51.365117573707906],
          [-0.470656023345696, 51.365153639590993],
          [-0.470575880999258, 51.365187664108994],
          [-0.470487422415173, 51.365212587601732],
          [-0.470157939010821, 51.365271233641664],
          [-0.470008542836759, 51.365314245288239],
          [-0.469735652503877, 51.365485134953197],
          [-0.469544128388271, 51.365671474483499],
          [-0.469292505418248, 51.365807570328556],
          [-0.469133084964043, 51.365849550586304],
          [-0.469047945540711, 51.365861027665709],
          [-0.468990448373551, 51.365862074944886],
          [-0.468642536364969, 51.365826954662396],
          [-0.468441149570832, 51.365791950047488],
          [-0.467849469260869, 51.365614257321965],
          [-0.467715927546493, 51.365612510629767],
          [-0.4676492147774, 51.365631421283943],
          [-0.467604070951152, 51.365649714810665],
          [-0.467556891223871, 51.365685966503001],
          [-0.467516591125793, 51.36573130058391],
          [-0.467488674418936, 51.36579298298831],
          [-0.467513347450487, 51.365871539712025],
          [-0.467526866927524, 51.365896895314968],
          [-0.467565453461122, 51.365945959095349],
          [-0.467607181928408, 51.365986970795959],
          [-0.467650646366349, 51.366019012781749],
          [-0.467833960186123, 51.366122125498698],
          [-0.468105704118046, 51.366244379166524],
          [-0.468481550090571, 51.366432737565447],
          [-0.468617788346759, 51.366396750007105],
          [-0.468936913178432, 51.366649110707314],
          [-0.469367086228754, 51.366974860598958],
          [-0.469622772844846, 51.36710499336278],
          [-0.469732024831863, 51.367145986853096],
          [-0.470021637312712, 51.367292747942074],
          [-0.46981479860389, 51.367895235000738],
          [-0.469759413615115, 51.368091445090037],
          [-0.469731378469937, 51.368156723418103],
          [-0.469545818322833, 51.368465436627737],
          [-0.469476914907985, 51.368549964346364],
          [-0.469423540137646, 51.368599624541915],
          [-0.469332049526314, 51.36867216701846],
          [-0.469273170119097, 51.368714561323273],
          [-0.469000524493538, 51.368877358458782],
          [-0.468943050570319, 51.368920670199728],
          [-0.468856763081481, 51.36900946659177],
          [-0.46871095602546, 51.369289023012712],
          [-0.468661638521274, 51.369475420206484],
          [-0.468600301969657, 51.369548356181362],
          [-0.468475319340351, 51.369763439245233],
          [-0.468452489082259, 51.369801808113458],
          [-0.468386930172151, 51.369915154535605],
          [-0.468330133834654, 51.370067282735285],
          [-0.468286928464355, 51.370113478378478],
          [-0.468248511066924, 51.370145348773939],
          [-0.46822801623812, 51.370156770959255],
          [-0.46809699630076, 51.370251276386185],
          [-0.467616965896985, 51.370471606609364],
          [-0.467362710310764, 51.370556406005832],
          [-0.466898835263219, 51.370722990345378],
          [-0.466845219567314, 51.370736676520536],
          [-0.466734310254596, 51.370745116641338],
          [-0.466644226754591, 51.370732247501415],
          [-0.466551211073897, 51.370721138389499],
          [-0.466473727383836, 51.370675162192391],
          [-0.466155688225108, 51.370475863697195],
          [-0.466015896363115, 51.370574748139852],
          [-0.465703460958209, 51.370766690859895],
          [-0.465684070751183, 51.370788018654665],
          [-0.465637809381958, 51.370839568648513],
          [-0.465571496618584, 51.370932221005489],
          [-0.465553536323726, 51.370996730992957],
          [-0.465520343242969, 51.371302037576164],
          [-0.465508962351885, 51.371384618516785],
          [-0.465574590759142, 51.371484394421834],
          [-0.465636271621035, 51.371573327714728],
          [-0.466078990583729, 51.371997271343176],
          [-0.466140198066394, 51.372057422501399],
          [-0.466170875476838, 51.372214291729811],
          [-0.466217255094962, 51.372417227703352],
          [-0.466242163792468, 51.372531757146831],
          [-0.466292623008716, 51.372655613460459],
          [-0.466338749344709, 51.372737148799658],
          [-0.466384875841663, 51.372818684120169],
          [-0.466413773872563, 51.372856830434266],
          [-0.466480217067532, 51.372932336987489],
          [-0.466547020810046, 51.372997057353651],
          [-0.466666212192031, 51.373084944305504],
          [-0.467236098151461, 51.373401739629394],
          [-0.467372105871526, 51.373502435181166],
          [-0.467415336933167, 51.37354166797158],
          [-0.467488243427666, 51.373638840193436],
          [-0.467534282817437, 51.373723071597787],
          [-0.467615318504587, 51.373921064774429],
          [-0.467646186260127, 51.37402937712411],
          [-0.467647622455499, 51.374029395908593],
          [-0.467673333312342, 51.374249146363077],
          [-0.46765541798436, 51.3744845125062],
          [-0.467623598771284, 51.37461988132781],
          [-0.467605523964136, 51.374644823592746],
          [-0.4675759294052, 51.374670514417673],
          [-0.467098512240169, 51.374897171671186],
          [-0.466516991207095, 51.375143146955232],
          [-0.465687289455371, 51.375634958729215],
          [-0.465563579889115, 51.375725061007834],
          [-0.465516237661204, 51.375765805977231],
          [-0.465140747024865, 51.376166444470158],
          [-0.465008988550283, 51.376239355187536],
          [-0.46497699997603, 51.376250626199258],
          [-0.464963983425533, 51.376253153377796],
          [-0.464884507956933, 51.376266499908901],
          [-0.464650367007126, 51.376264331085977],
          [-0.464294805406758, 51.376240787064418],
          [-0.46424462646456, 51.376237431613248],
          [-0.464208780071074, 51.376235163255721],
          [-0.464194387376571, 51.376235873831156],
          [-0.464035857151576, 51.376249981960619],
          [-0.463951591343581, 51.376277652894196],
          [-0.462984514030301, 51.376536540480096],
          [-0.462436966853628, 51.376667839046746],
          [-0.461809457399205, 51.376826860988665],
          [-0.461641332949925, 51.37691277913607],
          [-0.461534897903593, 51.377044469099161],
          [-0.461371231606437, 51.377254540517676],
          [-0.46117971118731, 51.377566759235791],
          [-0.460484189339303, 51.378596244444864],
          [-0.460140650331092, 51.379113289134764],
          [-0.460108236378712, 51.379137142609814],
          [-0.460047185882039, 51.379157921984238],
          [-0.459331902199244, 51.379190782965466],
          [-0.459132448613644, 51.379225028962935],
          [-0.459016484233225, 51.379254977260985],
          [-0.458866759196822, 51.379306063150167],
          [-0.458526201896369, 51.379476935048039],
          [-0.458245106712451, 51.379631502858643],
          [-0.458140165572609, 51.379718247481861],
          [-0.45804946692186, 51.379808776408126],
          [-0.457999801722957, 51.379875565810757],
          [-0.45793662186774, 51.380002426418031],
          [-0.457914187037753, 51.38007137264281],
          [-0.457894202053727, 51.380152940468705],
          [-0.457886040283108, 51.380224772260242],
          [-0.457890322682373, 51.380311155675855],
          [-0.457914201054835, 51.38041308407918],
          [-0.457933874301179, 51.380469095886603],
          [-0.457990940863782, 51.380566964853081],
          [-0.458016510843981, 51.380618558046955],
          [-0.458085733328183, 51.380696803654551],
          [-0.45817896515418, 51.380744790994484],
          [-0.458455331618519, 51.380816769561875],
          [-0.458605338474521, 51.380843022500713],
          [-0.459207389588742, 51.38088780986218],
          [-0.459251676646297, 51.380895586147268],
          [-0.459301528271793, 51.380908831023902],
          [-0.45936816414059, 51.380935785166457],
          [-0.45943300159349, 51.380973506501569],
          [-0.459506687089353, 51.381047313717922],
          [-0.459581393366926, 51.381219151431274],
          [-0.459586344009306, 51.381499779291417],
          [-0.459548966873661, 51.381500187141285],
          [-0.458955483384512, 51.381499577050427],
          [-0.458861512291823, 51.38151632589765],
          [-0.458715407295558, 51.381544978265687],
          [-0.458561546365156, 51.381590613977728],
          [-0.457878892912498, 51.381848705684277],
          [-0.456831455632572, 51.382313311236949],
          [-0.45635402820983, 51.382536328773313],
          [-0.455630989710469, 51.38301149167679],
          [-0.455333578074887, 51.383180225502144],
          [-0.455166780201872, 51.383225686283552],
          [-0.455006333146309, 51.383253245763449],
          [-0.454763673971367, 51.383289612528294],
          [-0.45454188185843, 51.38330377301034],
          [-0.454349242959801, 51.383305728271935],
          [-0.454074045571982, 51.383284113012898],
          [-0.453819201350506, 51.383255571753473],
          [-0.453516274715832, 51.383203914335141],
          [-0.453393435020022, 51.383181610483483],
          [-0.452973343048942, 51.383067256739722],
          [-0.452196551458666, 51.382833986617491],
          [-0.45204037169403, 51.382820233328545],
          [-0.451978482741007, 51.382823012672077],
          [-0.451842637013751, 51.382845497392857],
          [-0.45151872871039, 51.382947327916327],
          [-0.451285473568458, 51.383045861002032],
          [-0.451222584935602, 51.383078302126393],
          [-0.451131918738096, 51.383124764094241],
          [-0.451076181705187, 51.383158198869644],
          [-0.451014425836431, 51.383199647266721],
          [-0.451009964857409, 51.383204084531542],
          [-0.450907199975861, 51.383268371304638],
          [-0.450832344256094, 51.383357306303012],
          [-0.450653417693272, 51.383549177946705],
          [-0.450579653554498, 51.383605754541385],
          [-0.450523217596627, 51.383659862388726],
          [-0.450464768440628, 51.383731029188944],
          [-0.450408433255614, 51.383824704938881],
          [-0.450358613237393, 51.383938250501544],
          [-0.450310331047265, 51.384091383306384],
          [-0.450273813304546, 51.38423657838937],
          [-0.450224418684932, 51.384720618819664],
          [-0.450222780021271, 51.384769156417349],
          [-0.450255060784334, 51.384919757128031],
          [-0.450364609272268, 51.385208064449216],
          [-0.450581229076349, 51.385517570101989],
          [-0.45077951971342, 51.385731513113207],
          [-0.451614441158532, 51.386542871322469],
          [-0.451955589363946, 51.38691067376098],
          [-0.452068216990821, 51.387108197042075],
          [-0.452104664072964, 51.38726334863162],
          [-0.45203788219958, 51.387496270101629],
          [-0.451986915882405, 51.387558543944849],
          [-0.451890990440342, 51.387632813217969],
          [-0.451690568211821, 51.387737175275802],
          [-0.451252000761725, 51.387913928473132],
          [-0.450801221390367, 51.388026673426381],
          [-0.450641033023688, 51.388046138595101],
          [-0.450455714372065, 51.388043689542691],
          [-0.45021931626012, 51.38802168088457],
          [-0.449985083451752, 51.387978118489883],
          [-0.449739136262936, 51.387898430924743],
          [-0.449621418698597, 51.387851912108218],
          [-0.449118997958759, 51.387621355276799],
          [-0.448540084634769, 51.387272882145076],
          [-0.448154530360629, 51.387071744058467],
          [-0.448073741237282, 51.387038301862702],
          [-0.448031191902087, 51.387021552220553],
          [-0.447831161811872, 51.386944266845511],
          [-0.447582958821438, 51.386846559870762],
          [-0.447210028931038, 51.386782271109979],
          [-0.44698207571238, 51.386765763155481],
          [-0.446784563651254, 51.386741564824327],
          [-0.446557986500204, 51.386726872762544],
          [-0.446414485122039, 51.386720475091266],
          [-0.446328232197904, 51.386721130618312],
          [-0.446047499394082, 51.386735395019436],
          [-0.445693965723782, 51.386777469519011],
          [-0.445120068301874, 51.386875970953163],
          [-0.445004262178778, 51.386900513218478],
          [-0.444802847377749, 51.386949098725573],
          [-0.444506442578563, 51.387044083731816],
          [-0.444322209031441, 51.387136959437072],
          [-0.444250325505362, 51.387180068681452],
          [-0.444160989994861, 51.387229241018886],
          [-0.444021196713313, 51.387325403717874],
          [-0.443919088457161, 51.387412174710427],
          [-0.443848827854692, 51.387492174354357],
          [-0.443783394744729, 51.387556950846097],
          [-0.443701950148897, 51.387670074071373],
          [-0.443661369004456, 51.387764855507015],
          [-0.443652853495135, 51.387888838464555],
          [-0.443640585076891, 51.388081114321601],
          [-0.443627402200696, 51.388300355421961],
          [-0.443544894922187, 51.388826218461851],
          [-0.44349441655043, 51.389000901361726],
          [-0.443454024528171, 51.389174818896471],
          [-0.443422640333537, 51.389252636662746],
          [-0.44334727740307, 51.389398213250658],
          [-0.443306202366324, 51.389465111370697],
          [-0.443161667412009, 51.389616064155014],
          [-0.443107079368851, 51.389657603886477],
          [-0.443036627369047, 51.389700731426458],
          [-0.442965104520277, 51.389733053750071],
          [-0.442777492559436, 51.389798005622751],
          [-0.442599902838921, 51.389821724996267],
          [-0.442436984262077, 51.389836646535542],
          [-0.442264497278559, 51.389837052785246],
          [-0.442092193354764, 51.389832065735199],
          [-0.441947673609527, 51.389813059701005],
          [-0.441849187087116, 51.389792866752373],
          [-0.441590620289405, 51.389704001883963],
          [-0.441323310690822, 51.38957635260811],
          [-0.44111899998397, 51.389455835056388],
          [-0.440462089262365, 51.389077508781],
          [-0.440251271996065, 51.388937119686474],
          [-0.439976877711891, 51.388722146044358],
          [-0.439303449989193, 51.388111587510316],
          [-0.438879052047273, 51.387659011536677],
          [-0.438496565645924, 51.387284327393409],
          [-0.438353646955935, 51.38713404802288],
          [-0.438137375810078, 51.386900959793195],
          [-0.437995225119158, 51.386685944359243],
          [-0.437911481536681, 51.386570624179377],
          [-0.437858394712978, 51.386441324448711],
          [-0.437832449041951, 51.38631688256789],
          [-0.437792394905314, 51.385762412280378],
          [-0.437764737955751, 51.385646040793119],
          [-0.437742550581714, 51.38558010005535],
          [-0.437703400687682, 51.385505840047173],
          [-0.437551538707666, 51.385238538180026],
          [-0.437513061039406, 51.385186768254115],
          [-0.437373788238001, 51.385056319587783],
          [-0.437055909499826, 51.384811083836397],
          [-0.436550959774491, 51.384530979680626],
          [-0.436231828537376, 51.384407123403712],
          [-0.436072660274231, 51.384354642339453],
          [-0.435941578332252, 51.384321419969986],
          [-0.435927305674596, 51.384318531813854],
          [-0.435761626597085, 51.384288444666986],
          [-0.435615751753673, 51.38426761403089],
          [-0.435618839062391, 51.384261360488409],
          [-0.435758443857233, 51.383917911874804],
          [-0.435722594107807, 51.383915635044808],
          [-0.435572135469658, 51.383902836416254],
          [-0.434831177063099, 51.383885752307144],
          [-0.43461836546032, 51.383889204374356],
          [-0.434428384037635, 51.383897457316586],
          [-0.434127089459322, 51.383924905266532],
          [-0.43399050241409, 51.383926676996346],
          [-0.43343544845142, 51.383894078996974],
          [-0.433339327924406, 51.3838891969557],
          [-0.433244429157171, 51.383890625911576],
          [-0.432898358083694, 51.383924666007175],
          [-0.432531414679274, 51.383938642414648],
          [-0.432407326095907, 51.38395316896473],
          [-0.432213488926477, 51.38399014269595],
          [-0.432089577985082, 51.384041540485505],
          [-0.431667253196035, 51.384246313149255],
          [-0.43150009313225, 51.38430162771725],
          [-0.431158275115904, 51.384463412937428],
          [-0.431030505834782, 51.384543533916073],
          [-0.430939808288879, 51.384632244389508],
          [-0.430848564847618, 51.384694869269339],
          [-0.430564516462337, 51.384806169150174],
          [-0.430090257267987, 51.384974270628156],
          [-0.43004786116075, 51.384995284602354],
          [-0.429796440555103, 51.38516097468208],
          [-0.429608395366463, 51.385238487926273],
          [-0.429420380311843, 51.385315102025082],
          [-0.429340665162087, 51.385334716307327],
          [-0.429209297175607, 51.38535183965989],
          [-0.429128830995578, 51.385309395565358],
          [-0.429086012613423, 51.385300728322363],
          [-0.429067276521803, 51.385302275647419],
          [-0.428895923219563, 51.385353933306057],
          [-0.428855085793716, 51.385371370753148],
          [-0.428822867389004, 51.385388923749979],
          [-0.428356037957804, 51.385759448831884],
          [-0.428193394879585, 51.385934419370614],
          [-0.428177737108915, 51.385971977795165],
          [-0.428149571522115, 51.38603904365133],
          [-0.428087688586551, 51.386125440686648],
          [-0.428052073106602, 51.386158235132015],
          [-0.427957949798329, 51.386220819138899],
          [-0.427888832162658, 51.386266652820076],
          [-0.429160691130479, 51.386688370888464],
          [-0.43019885997622, 51.387009825897636],
          [-0.430112096837084, 51.387109379406837],
          [-0.43005245183281, 51.387172426978701],
          [-0.427666743643859, 51.386414746886842],
          [-0.427626930795802, 51.38648615257943],
          [-0.427507286485076, 51.386664396864447],
          [-0.427263080287527, 51.386996539349411],
          [-0.427174401731512, 51.387151818416733],
          [-0.426853037013357, 51.387973914142144],
          [-0.426546192303823, 51.388749442964134],
          [-0.426543203864726, 51.38883662994035],
          [-0.426538378280078, 51.388935482477642],
          [-0.426660681375387, 51.389937988044778],
          [-0.426452541095668, 51.389972062538448],
          [-0.426399804990552, 51.390001029589762],
          [-0.426378243704655, 51.390043004727758],
          [-0.426345023506128, 51.390131584209669],
          [-0.42620854460252, 51.390339276244973],
          [-0.426135528823214, 51.390414731733124],
          [-0.425979575128878, 51.390519647639159],
          [-0.42565172038544, 51.390691496158354],
          [-0.425351733375116, 51.390888897182244],
          [-0.425079189637912, 51.390998539937193],
          [-0.424916801370546, 51.391039521330065],
          [-0.424883665239133, 51.391041773692379],
          [-0.424755430719698, 51.391050840984157],
          [-0.424698258937535, 51.391083344640776],
          [-0.424648424716237, 51.391111450668284],
          [-0.424366482602143, 51.391159816543869],
          [-0.424341966453459, 51.391162184653325],
          [-0.423974038777918, 51.391203098676229],
          [-0.423790146418959, 51.391284255478944],
          [-0.423693781913294, 51.391327921709674],
          [-0.423399356174413, 51.391404893289952],
          [-0.423183793096212, 51.391487421546636],
          [-0.423145512837487, 51.391513883906363],
          [-0.423082376474891, 51.391552601257551],
          [-0.423002184957128, 51.391585693572175],
          [-0.422697808259293, 51.391701197163492],
          [-0.422444996842351, 51.391821890386957],
          [-0.422377394928947, 51.391865043486959],
          [-0.42201457314066, 51.39213352994917],
          [-0.421671715581373, 51.392364522376795],
          [-0.421599645657943, 51.392412112851865],
          [-0.421496078269312, 51.392414314929475],
          [-0.421387011571979, 51.392409248580357],
          [-0.421077923889879, 51.39228547989169],
          [-0.420674117110197, 51.392700002858767],
          [-0.420668184457962, 51.392705318592348],
          [-0.420959643381814, 51.392881908402295],
          [-0.42131889165209, 51.393093583409133],
          [-0.420707776948619, 51.394101537192604],
          [-0.420297319764547, 51.394374782161734],
          [-0.420245453340788, 51.394419946344847],
          [-0.420143497660303, 51.394500406506609],
          [-0.420019737053553, 51.394462766714405],
          [-0.419825970195465, 51.394496125369152],
          [-0.419681215843061, 51.39444201506187],
          [-0.41959485450263, 51.394445346826508],
          [-0.41951998734507, 51.394448833546946],
          [-0.419588646764778, 51.394583752489268],
          [-0.419558234527266, 51.394840536901853],
          [-0.419542848206456, 51.394995005840173],
          [-0.419531055692158, 51.395045206573073],
          [-0.419508047652638, 51.395087162510833],
          [-0.419422792687444, 51.395141768139126],
          [-0.419316864651655, 51.395212281935876],
          [-0.419213198431601, 51.395217178587153],
          [-0.419093406279309, 51.395189483465018],
          [-0.419004077049917, 51.395195472619918],
          [-0.418948487068369, 51.395223499663189],
          [-0.418923410681803, 51.395242046262318],
          [-0.418792033307973, 51.395341892540216],
          [-0.418685950719279, 51.395541900273471],
          [-0.418714305727633, 51.395636707464035],
          [-0.418763086151628, 51.395722797425861],
          [-0.418826803810097, 51.395834268789386],
          [-0.418845442472591, 51.395919052743842],
          [-0.418864672256185, 51.396111758467264],
          [-0.418907934133119, 51.396232845880164],
          [-0.418940724384113, 51.396324115705589],
          [-0.418964913635528, 51.396373003249479],
          [-0.419034368688244, 51.396443184921857],
          [-0.419049615974249, 51.396459577679401],
          [-0.419124559416171, 51.396495660635146],
          [-0.419195440381558, 51.396524494490869],
          [-0.419220021498985, 51.396520329653264],
          [-0.419318512282826, 51.396540543035506],
          [-0.419621180969764, 51.396642646666713],
          [-0.419643314565942, 51.396709491963144],
          [-0.419641393700385, 51.39676522150485],
          [-0.419624411132698, 51.396799165184945],
          [-0.419584005297024, 51.39684538292957],
          [-0.419291937889546, 51.397019501611837],
          [-0.41921735708083, 51.39705626546602],
          [-0.418947696724763, 51.397164138725643],
          [-0.418783514572779, 51.397256348212728],
          [-0.418751458866392, 51.397227138697062],
          [-0.418733399741748, 51.397208909402352],
          [-0.418708311362734, 51.397186088852244],
          [-0.417986008837773, 51.397413750973698],
          [-0.417458845559394, 51.39756850415062],
          [-0.417307013275222, 51.397594331472341],
          [-0.417198389440015, 51.397659411291308],
          [-0.417132973958389, 51.397763743725598],
          [-0.417120722407417, 51.397868794201635],
          [-0.417115406936179, 51.397981132611569],
          [-0.41710784779891, 51.398116822036584],
          [-0.417187757369976, 51.39855045576271],
          [-0.417228236386141, 51.398668808346407],
          [-0.41719361497617, 51.398755571063184],
          [-0.417179534848741, 51.398788654312611],
          [-0.417140593013522, 51.398833991711726],
          [-0.417103615516994, 51.398864067844137],
          [-0.41704465002724, 51.39890643691146],
          [-0.416865956031572, 51.398960677852273],
          [-0.416397388493626, 51.399041577469042],
          [-0.416216968216425, 51.39906252067977],
          [-0.416063507454347, 51.39909372008664],
          [-0.415837331663786, 51.399149116273591],
          [-0.415702784248827, 51.399257009801516],
          [-0.415683398418938, 51.399318798156685],
          [-0.415703943893101, 51.399431486096944],
          [-0.415705521679866, 51.399510644200291],
          [-0.415669553199135, 51.399594690413522],
          [-0.415610935468327, 51.39966853831676],
          [-0.415561413191788, 51.399770386885891],
          [-0.415444634624281, 51.399863232560811],
          [-0.415398940542619, 51.399895888146617],
          [-0.415283940008323, 51.399978865606762],
          [-0.415158973747865, 51.40005901034182],
          [-0.415086140663273, 51.400128169336988],
          [-0.414986681133219, 51.400302184107304],
          [-0.41493881898973, 51.400439126840048],
          [-0.414632414260248, 51.400693975649503],
          [-0.414168129609702, 51.400982658831325],
          [-0.414027691429481, 51.401052701019587],
          [-0.413358317357762, 51.401326914682329],
          [-0.412933582856692, 51.401469545294596],
          [-0.412847777595261, 51.40153942661906],
          [-0.412652555499766, 51.401738221938849],
          [-0.41254782312808, 51.401856407952792],
          [-0.411536098066136, 51.403254573198403],
          [-0.411415682307592, 51.403451682473651],
          [-0.41130900415192, 51.403542862501382],
          [-0.411283763790086, 51.403565901687884],
          [-0.411043167006253, 51.403787460505626],
          [-0.410755864809411, 51.40402906897269],
          [-0.410635343756098, 51.404104772857622],
          [-0.410410137421007, 51.404214128767428],
          [-0.410173996881761, 51.404348515824353],
          [-0.409579561851321, 51.404656997843084],
          [-0.409344415690653, 51.404762619678159],
          [-0.408824603097179, 51.40495070753331],
          [-0.408158484629718, 51.405170079368318],
          [-0.407981378981311, 51.405218932730797],
          [-0.407151705350215, 51.405427983388208],
          [-0.40663150421823, 51.405544113633255],
          [-0.40604519389852, 51.40565934244259],
          [-0.405864805437255, 51.405678471636243],
          [-0.405683449125219, 51.405684098149436],
          [-0.405548486843884, 51.405678664916927],
          [-0.405160003067072, 51.405645501141599],
          [-0.405035006749682, 51.405642900785431],
          [-0.404866678323103, 51.405646005489196],
          [-0.404626056543637, 51.405660715796863],
          [-0.404466006150263, 51.405673824720338],
          [-0.404051491204872, 51.405727533262841],
          [-0.403416937588943, 51.405824106288797],
          [-0.402970584419797, 51.405883672237003],
          [-0.402768135726352, 51.405916884561599],
          [-0.40238157495366, 51.405993450237382],
          [-0.402091330673251, 51.406070428636383],
          [-0.400810609186179, 51.406472024858793],
          [-0.400432247596911, 51.406601753572836],
          [-0.400254374638452, 51.406672167532733],
          [-0.399330250837154, 51.407072319870331],
          [-0.399631901417021, 51.407368706390862],
          [-0.399752009822107, 51.407470166862822],
          [-0.399821103504181, 51.407550247159271],
          [-0.399850899233015, 51.407602812375984],
          [-0.3999243133866, 51.407806153300932],
          [-0.399919813443295, 51.407811487557602],
          [-0.399829389987295, 51.407848022822627],
          [-0.399762840579608, 51.407859704098598],
          [-0.399680796429053, 51.407862180929058],
          [-0.399322588202188, 51.4079085480885],
          [-0.399163242819638, 51.407942342908122],
          [-0.399089098747399, 51.407965610738216],
          [-0.398930027344975, 51.408032682445139],
          [-0.398209392848814, 51.408245857363461],
          [-0.398033450386208, 51.408301905889338],
          [-0.397193500974409, 51.408596177669345],
          [-0.397119553796502, 51.408572684250785],
          [-0.39708115878185, 51.408560468441038],
          [-0.397054205198917, 51.408016033578662],
          [-0.39704674637688, 51.407982658087555],
          [-0.396825464540162, 51.408060566737042],
          [-0.396493634808516, 51.408174732362973],
          [-0.396276106911845, 51.408227511425068],
          [-0.39523494202198, 51.408519015629373],
          [-0.394937105581325, 51.408606663873407],
          [-0.394147048813308, 51.408830553941911],
          [-0.393566797289778, 51.409016847149886],
          [-0.393442062856394, 51.409047511560829],
          [-0.393244553537369, 51.409103257368876],
          [-0.393143066242899, 51.40912704590243],
          [-0.392668256431814, 51.409217657630577],
          [-0.392477535665725, 51.40924381886979],
          [-0.39217926210031, 51.409302677137148],
          [-0.391919697708744, 51.409364763644334],
          [-0.391190023579423, 51.409547196221936],
          [-0.390860727920853, 51.409588538880904],
          [-0.390740680933647, 51.409608473371954],
          [-0.390464814232273, 51.409643354280007],
          [-0.389457012655774, 51.409556667127305],
          [-0.388857617907688, 51.409509759330554],
          [-0.387355296732813, 51.409419851819713],
          [-0.386994482192298, 51.409376217139268],
          [-0.385696820627668, 51.409150615053029],
          [-0.385668266817427, 51.409144826028857],
          [-0.385136028062003, 51.409028679945898],
          [-0.384584591212925, 51.408886187434092],
          [-0.383350228770937, 51.408538229145748],
          [-0.383001421819453, 51.40843989120664],
          [-0.382387176295886, 51.408284830808519],
          [-0.381636722163049, 51.408118893419086],
          [-0.381358985637301, 51.408044014121323],
          [-0.381184700805963, 51.408011930364054],
          [-0.380208152065164, 51.407896817575569],
          [-0.379596141389451, 51.407841594076046],
          [-0.379428185498757, 51.407833875923536],
          [-0.378097679791769, 51.407888311787509],
          [-0.377871123626242, 51.407911255383674],
          [-0.37770336316555, 51.407938609615911],
          [-0.37740185568074, 51.408007277595317],
          [-0.377064800647054, 51.408064661093135],
          [-0.376428602424252, 51.408245598304191],
          [-0.376369296382643, 51.408255568098312],
          [-0.376126673909538, 51.408285480027097],
          [-0.375559252205091, 51.408310889741095],
          [-0.374881776228033, 51.408358152060202],
          [-0.374197401592471, 51.40843768906403],
          [-0.373520498543002, 51.408549700078659],
          [-0.373150635626423, 51.408599422716591],
          [-0.372842634294033, 51.408688672435048],
          [-0.372618435135574, 51.408766495083668],
          [-0.370245096102723, 51.409719127353185],
          [-0.369307660638837, 51.410080187999853],
          [-0.36911407853858, 51.410145839558723],
          [-0.369026757236986, 51.410175199883696],
          [-0.368305795825852, 51.41039268198643],
          [-0.367826799124378, 51.41055867314369],
          [-0.367585940102599, 51.410659634545169],
          [-0.36731045828431, 51.410763710118161],
          [-0.366744568351897, 51.411027406494242],
          [-0.366623482108404, 51.411076078340145],
          [-0.366480708720124, 51.411128044833283],
          [-0.366173987119346, 51.411220890650924],
          [-0.366024507621816, 51.411259273848906],
          [-0.365792559468756, 51.411311794438845],
          [-0.365115742479314, 51.411500194302384],
          [-0.364740027494675, 51.4115920734803],
          [-0.364398074263575, 51.41166463856247],
          [-0.36310247612728, 51.411905537856455],
          [-0.362419950277287, 51.411971539977159],
          [-0.36163768205053, 51.412011862933426],
          [-0.361238336954499, 51.412040450712936],
          [-0.360690094651304, 51.412050767012197],
          [-0.360353967183314, 51.412040668094228],
          [-0.35999020994815, 51.412039174236391],
          [-0.359773729957783, 51.412020856285757],
          [-0.359652174040977, 51.412002068356543],
          [-0.359139480677599, 51.411903163595341],
          [-0.359043924857848, 51.411881142065056],
          [-0.358780994925153, 51.411794726217693],
          [-0.358473104712024, 51.411678903176828],
          [-0.358371394377845, 51.411628018138153],
          [-0.358305989568237, 51.411607317740334],
          [-0.357798762422619, 51.41151657742644],
          [-0.357646266050155, 51.411478469109376],
          [-0.357317743552589, 51.41137674238972],
          [-0.357094965743856, 51.411293583693691],
          [-0.356537630618545, 51.411116704655342],
          [-0.355624025646537, 51.410850292427298],
          [-0.3553572158443, 51.410752124361046],
          [-0.355284707257439, 51.410689056891549],
          [-0.355247645212125, 51.410639976005072],
          [-0.355218705376457, 51.410564930236369],
          [-0.35520986787584, 51.410370563485763],
          [-0.355235105591226, 51.410268400744251],
          [-0.355239673612668, 51.410181235494314],
          [-0.355234148911891, 51.410094827853143],
          [-0.355186797547903, 51.409891827059845],
          [-0.355144310211893, 51.409833677293818],
          [-0.355109316398915, 51.409807107214021],
          [-0.354414552224572, 51.409453831229165],
          [-0.354122771857076, 51.409290562559143],
          [-0.35378876636296, 51.409141987689658],
          [-0.352959784466736, 51.408722967505469],
          [-0.352620262096822, 51.408568013897266],
          [-0.351960150448692, 51.408211606904921],
          [-0.351618342511739, 51.40804043098337],
          [-0.351296495076285, 51.407874031222391],
          [-0.351117018797846, 51.407786972784294],
          [-0.350680625035527, 51.40760726868313],
          [-0.350597581346071, 51.40755753821994],
          [-0.350460269259816, 51.407457582884192],
          [-0.350032792528068, 51.407070265990228],
          [-0.349942953153141, 51.40700964788774],
          [-0.349890815649859, 51.40698013646152],
          [-0.349675805844718, 51.406881783911373],
          [-0.349574211504842, 51.406828194283733],
          [-0.349199225877002, 51.406620572132425],
          [-0.348816714214633, 51.406462303633177],
          [-0.348231660966573, 51.406258912428527],
          [-0.348001476980965, 51.406182825094639],
          [-0.348000039897723, 51.406182804834913],
          [-0.347842337854373, 51.406130221243394],
          [-0.347535524853864, 51.406026073854129],
          [-0.347154341748904, 51.405910984486987],
          [-0.347080650976102, 51.405881167769834],
          [-0.346940941242206, 51.405808153069366],
          [-0.346630004792679, 51.405658980598247],
          [-0.346368913505896, 51.405523100763617],
          [-0.346226428996202, 51.405447348162646],
          [-0.344625372797969, 51.404394154485949],
          [-0.344417505044798, 51.404297691547917],
          [-0.344109979196809, 51.404134171753093],
          [-0.343787728087548, 51.403980335200622],
          [-0.34350344224154, 51.403889984803236],
          [-0.343286437136514, 51.403807779297999],
          [-0.343145829493451, 51.403759927405375],
          [-0.34304190223553, 51.403731479136702],
          [-0.342897901303485, 51.403697967613667],
          [-0.342609347730559, 51.403646224173961],
          [-0.342131955186715, 51.40356842684421],
          [-0.341907710765891, 51.403527483715656],
          [-0.341405852491, 51.403410667687645],
          [-0.34121112967998, 51.403348558087792],
          [-0.340995665389927, 51.403263672220703],
          [-0.340856856276765, 51.403205950806118],
          [-0.340636620986078, 51.403094017973416],
          [-0.340508587254028, 51.403016664319935],
          [-0.340224231189006, 51.402809396981333],
          [-0.340030482832935, 51.402680751617751],
          [-0.339781469243705, 51.402490171082633],
          [-0.339589024971686, 51.40232557177773],
          [-0.339181892801611, 51.401935804359105],
          [-0.338951924616418, 51.401735599718442],
          [-0.33861125076827, 51.401257742394414],
          [-0.338481087226962, 51.401040965997041],
          [-0.33834547434063, 51.40085558737939],
          [-0.338335839210826, 51.400843759946518],
          [-0.338113906814958, 51.400580717074682],
          [-0.337906498599224, 51.400313385773011],
          [-0.337703210806697, 51.400091077363122],
          [-0.337205656633047, 51.399618190036733],
          [-0.337072304190683, 51.399489498927515],
          [-0.336931410125675, 51.39937059272485],
          [-0.33651526557111, 51.399031951546803],
          [-0.335965784555449, 51.398604185149104],
          [-0.335807259124209, 51.398456250211623],
          [-0.33569256419909, 51.398368290187285],
          [-0.334987491017044, 51.39787086307895],
          [-0.334007404349956, 51.397187866656523],
          [-0.332462939662708, 51.396054384854729],
          [-0.332263780732886, 51.395917557406158],
          [-0.33209946415207, 51.395771333490011],
          [-0.331719043611641, 51.395321672624156],
          [-0.331104932684849, 51.394459509082452],
          [-0.33085419410582, 51.394160073833959],
          [-0.330786277382702, 51.394090760913421],
          [-0.330258622417503, 51.393619213475738],
          [-0.330129943261556, 51.393481588137426],
          [-0.329975371911677, 51.393344492909421],
          [-0.329190901627193, 51.392741582027533],
          [-0.32867192854647, 51.392308820313033],
          [-0.328369719963923, 51.392121056393499],
          [-0.328207579986214, 51.392034211457073],
          [-0.327958983196591, 51.391913758772269],
          [-0.327818034458714, 51.391837107694691],
          [-0.327665200605822, 51.391771078104483],
          [-0.327587101864797, 51.39174478378208],
          [-0.327503223981786, 51.391719306192563],
          [-0.327062708806292, 51.391619493208317],
          [-0.326701599090577, 51.391549589288545],
          [-0.325968049679674, 51.391444687913321],
          [-0.325671029688795, 51.39143055211337],
          [-0.324845913904785, 51.391471816128949],
          [-0.324590386842972, 51.391502335174309],
          [-0.323693642642261, 51.391694544087315],
          [-0.322303210623651, 51.392062231057587],
          [-0.322065534292873, 51.392115482000662],
          [-0.32159070535166, 51.392207601766081],
          [-0.321209946121148, 51.39228218316925],
          [-0.320916525429187, 51.392366108455228],
          [-0.320726485353818, 51.392413744819642],
          [-0.32044537754819, 51.392475363339273],
          [-0.320046167956663, 51.392543381509128],
          [-0.319833041273832, 51.392593383261634],
          [-0.31937071893347, 51.392775602177899],
          [-0.319048088211973, 51.392911262134788],
          [-0.318773128659077, 51.393040410951727],
          [-0.318516646918397, 51.393175219973998],
          [-0.318267149672005, 51.393315524364631],
          [-0.317697995253164, 51.393667067311391],
          [-0.317272469724949, 51.393354302565371],
          [-0.317091332221977, 51.393197924172767],
          [-0.316975447255545, 51.39310453312909],
          [-0.316733161173167, 51.39293018958481],
          [-0.316321283092364, 51.392559164192406],
          [-0.315710248188217, 51.391974845273687],
          [-0.315220341564478, 51.391458814632458],
          [-0.315124262586893, 51.39133513220942],
          [-0.314904627339276, 51.391053199678147],
          [-0.314797552093378, 51.390915869793439],
          [-0.314659894975088, 51.390750222559348],
          [-0.314251591434115, 51.390361259777066],
          [-0.314111710021691, 51.390217162474372],
          [-0.314958376719172, 51.389744631660072],
          [-0.315435240674043, 51.389479007707514],
          [-0.315825695939407, 51.389257103617254],
          [-0.316335444417593, 51.389035113536067],
          [-0.316402743138111, 51.389002807272931],
          [-0.316467234581226, 51.38896866209511],
          [-0.316523073864135, 51.388935291864556],
          [-0.31658338727575, 51.388897489509056],
          [-0.316640860473507, 51.388858747050662],
          [-0.31669412280359, 51.388817246259464],
          [-0.316737461136102, 51.388772005809024],
          [-0.316755753013739, 51.38874349179261],
          [-0.31676973532702, 51.388714915874942],
          [-0.316778004500056, 51.388685358625033],
          [-0.31678340063894, 51.38865576010943],
          [-0.316787393186947, 51.388625242160593],
          [-0.316789356531451, 51.388610881986409],
          [-0.316793612486244, 51.388573173633631],
          [-0.316594847470215, 51.388584707035747],
          [-0.31657660549072, 51.388454949646366],
          [-0.316495894719564, 51.388264942857496],
          [-0.315958557181551, 51.387632227816255],
          [-0.313325694672303, 51.388763419411674],
          [-0.313166507483818, 51.388832170740869],
          [-0.313136092374104, 51.388799359145821],
          [-0.312849958167597, 51.38848948760851],
          [-0.311717497385602, 51.387430922506148],
          [-0.311822970866027, 51.387376687001492],
          [-0.311712546464273, 51.387252795294806],
          [-0.311746245691735, 51.387235295306525],
          [-0.311800451688865, 51.387207299441862],
          [-0.311671270747526, 51.387124504032862],
          [-0.311341402720764, 51.38691022108646],
          [-0.31147743717121, 51.386845634953396],
          [-0.311436293157612, 51.386791985102704],
          [-0.311386761884351, 51.386731919487183],
          [-0.310846315093685, 51.386186366617892],
          [-0.311765052396594, 51.385785040001124],
          [-0.311104585791851, 51.385142436562326],
          [-0.310927368631782, 51.385037365642702],
          [-0.310707178095333, 51.384889409275516],
          [-0.310642345742035, 51.384815633739883],
          [-0.31060832049245, 51.384763884773534],
          [-0.310557671952987, 51.384656141298706],
          [-0.310543789134403, 51.3846037833898],
          [-0.310631840215827, 51.384515125375842],
          [-0.310518142363842, 51.384363307998584],
          [-0.310420227019358, 51.384251286016259],
          [-0.310390147903081, 51.384209485872553],
          [-0.310284595823312, 51.383953470129036],
          [-0.31026563297156, 51.383804816887945],
          [-0.310324463640923, 51.38365099042683],
          [-0.309888602054394, 51.382881224925093],
          [-0.309864038138021, 51.382845799135474],
          [-0.30981981024222, 51.382837067905328],
          [-0.309729185354905, 51.382644216254285],
          [-0.309631838158701, 51.382516914369951],
          [-0.309535313550821, 51.382445379077076],
          [-0.309475572055634, 51.381842905014494],
          [-0.309308137543076, 51.38186297166844],
          [-0.309279389596198, 51.381706983063623],
          [-0.309277660914433, 51.381636814974783],
          [-0.309294476592665, 51.381492274881005],
          [-0.309270746219692, 51.381356142612091],
          [-0.309259407685681, 51.381312814031048],
          [-0.309222671261901, 51.381139624010508],
          [-0.309295806755958, 51.381104708166035],
          [-0.309253886405789, 51.380447635402426],
          [-0.308494646813201, 51.380500528912634],
          [-0.30830312151497, 51.380082301359593],
          [-0.308279123194182, 51.380031595785219],
          [-0.307497737723765, 51.379008634709926],
          [-0.307365580290365, 51.378383531153638],
          [-0.307869226801068, 51.378363825219459],
          [-0.307819159880255, 51.377538470359198],
          [-0.307941607041963, 51.377061825570628],
          [-0.307970631659583, 51.376663867191155],
          [-0.30831909484466, 51.376058291484036],
          [-0.308434179293172, 51.375859414794327],
          [-0.308672021352028, 51.375448282409714],
          [-0.309073923173005, 51.375381239821259],
          [-0.309619627055242, 51.375310874186923],
          [-0.310460647021312, 51.375141346628276],
          [-0.311066529104456, 51.374997201884739],
          [-0.311518882591188, 51.37492548227813],
          [-0.312132020975021, 51.374818306868356],
          [-0.312487298654781, 51.374768566715794],
          [-0.312651732412408, 51.374751149974166],
          [-0.312937353628405, 51.374720189713855],
          [-0.313353950131006, 51.374683020097663],
          [-0.313863129505796, 51.374667864228186],
          [-0.314318266832903, 51.374637540542402],
          [-0.314759824153339, 51.374428963459202],
          [-0.315199512895008, 51.374232048444313],
          [-0.315644605663591, 51.373965965316074],
          [-0.315968463365916, 51.373753893721791],
          [-0.316201125878064, 51.373560295222532],
          [-0.316402873379522, 51.373386935519356],
          [-0.316671015827413, 51.373165968228037],
          [-0.316925815870544, 51.372916931229589],
          [-0.317085794467857, 51.372706999589376],
          [-0.317260899402489, 51.37243703350854],
          [-0.317374343440396, 51.37220305223439],
          [-0.317461598861998, 51.372017255734299],
          [-0.317482042442187, 51.371968988379301],
          [-0.317724403011037, 51.371235062075733],
          [-0.317925990934907, 51.370633642757106],
          [-0.3180059074498, 51.370294863810756],
          [-0.317882136524162, 51.369908197889323],
          [-0.317891650605629, 51.369844485922663],
          [-0.317899531488967, 51.369786146164245],
          [-0.317993312092089, 51.369578860300351],
          [-0.318095178756831, 51.368914858743665],
          [-0.318270300578426, 51.367897594137922],
          [-0.318395800228026, 51.366980336691107],
          [-0.318499620394709, 51.366185069890562],
          [-0.318498478825809, 51.365863113275218],
          [-0.318423205995974, 51.365407899132428],
          [-0.318412850709232, 51.365337607063189],
          [-0.318386555384193, 51.364682557661226],
          [-0.318280944064674, 51.363682846391356],
          [-0.318261616803461, 51.363504512457972],
          [-0.319036447087354, 51.36231150673899],
          [-0.319163705907888, 51.361620891839117],
          [-0.319384803854406, 51.360917235187415],
          [-0.319522813820717, 51.360482168317937],
          [-0.319768590890525, 51.359928144920119],
          [-0.319933180830774, 51.359630148816862],
          [-0.320141354426512, 51.35959356728543],
          [-0.320154515460838, 51.359547893107617],
          [-0.320055523398377, 51.359426869520128],
          [-0.320235615705487, 51.359097620915904],
          [-0.320721075302086, 51.358391468942393],
          [-0.320924391186512, 51.358094932313641],
          [-0.321193805419348, 51.357679742061812],
          [-0.321505480139874, 51.357208504003331],
          [-0.321929247773895, 51.356617472301018],
          [-0.322235999027051, 51.356201915912791],
          [-0.322552356064474, 51.35583775403034],
          [-0.322838224989715, 51.35552171446588],
          [-0.323161125571929, 51.35517473074998],
          [-0.323511362929464, 51.354668969576629],
          [-0.323729020960596, 51.354411302213556],
          [-0.324135087219171, 51.354106872620925],
          [-0.324430243556396, 51.35388988064954],
          [-0.324814024370605, 51.353723615162771],
          [-0.325742448250309, 51.353351116343717],
          [-0.326456321172676, 51.353033095898866],
          [-0.326818141977186, 51.352799066288135],
          [-0.327251962749956, 51.352520202558125],
          [-0.327736109249238, 51.352278925640739],
          [-0.327923372181523, 51.352184481206322],
          [-0.328022875745287, 51.352133745741426],
          [-0.328329472315218, 51.351719971787752],
          [-0.328741644614534, 51.351127853977211],
          [-0.329012376891204, 51.350712667239257],
          [-0.329287601827354, 51.350331719043659],
          [-0.32944935742257, 51.350069651946605],
          [-0.329539663659056, 51.349916271926595],
          [-0.329728401797018, 51.349543983289323],
          [-0.329913380890676, 51.349235486496369],
          [-0.330079042606766, 51.348984264979592],
          [-0.33019201997195, 51.348760168057012],
          [-0.330343680297199, 51.348577987660718],
          [-0.330510277697048, 51.348419400246705],
          [-0.330303699463833, 51.347900291730838],
          [-0.329947217584439, 51.347278329827702],
          [-0.329322275682074, 51.34614176910523],
          [-0.329182204375751, 51.34588708433872],
          [-0.328874903796088, 51.345295496045864],
          [-0.328643261296559, 51.344913610226051],
          [-0.328459991811002, 51.344544104740358],
          [-0.32815384115355, 51.344039757072721],
          [-0.327457258749427, 51.344005527926498],
          [-0.327772605074126, 51.343902124250171],
          [-0.327883257556869, 51.343741842013252],
          [-0.327920647770496, 51.343345812330234],
          [-0.327986640753133, 51.342952888820776],
          [-0.328177737976708, 51.342318058403521],
          [-0.328322610098654, 51.342045859532689],
          [-0.328501889064283, 51.34177505089216],
          [-0.328518655725202, 51.341748313128328],
          [-0.328757035470769, 51.341076388361508],
          [-0.328885661029366, 51.340776979601827],
          [-0.328955765400316, 51.340231243328148],
          [-0.328935817001039, 51.340108662173442],
          [-0.32885275110329, 51.33974778112885],
          [-0.328847287393641, 51.339582243260182],
          [-0.328842019886715, 51.339411312756674],
          [-0.328858818247104, 51.339028476925179],
          [-0.328845740255815, 51.338677587199797],
          [-0.32887696376168, 51.338174459245892],
          [-0.329018064453958, 51.337571285560628],
          [-0.329168673168662, 51.336706568821405],
          [-0.329188958084475, 51.336306696991763],
          [-0.329173890647909, 51.335931499305552],
          [-0.329184774888882, 51.335632208041361],
          [-0.329335786734824, 51.335308838522053],
          [-0.32938729328774, 51.335116237095527],
          [-0.329408510668299, 51.334848566588384],
          [-0.329523000147526, 51.334463527360285],
          [-0.329460952572238, 51.334353834083977],
          [-0.329527066947449, 51.33415424708555],
          [-0.329605547142066, 51.333851423948168],
          [-0.329619952643919, 51.333494631230764],
          [-0.329690234998456, 51.332864367475985],
          [-0.32969529605732, 51.332764624034681],
          [-0.329695889453773, 51.332669313053508],
          [-0.329666586947925, 51.332488147746233],
          [-0.329570798743405, 51.332279955891451],
          [-0.329555577455376, 51.332185318507157],
          [-0.329531143789613, 51.331870235843382],
          [-0.329339363948855, 51.331617510631858],
          [-0.329279503353387, 51.331526732420365],
          [-0.329167899234632, 51.330964013897514],
          [-0.329147766522561, 51.330728125640235],
          [-0.329089557016808, 51.330394576016239],
          [-0.329092925980403, 51.330262435770187],
          [-0.329191085250541, 51.330089383968428],
          [-0.329297522169065, 51.329965009174188],
          [-0.329405393195252, 51.329840654739129],
          [-0.329610206130848, 51.329655635701428],
          [-0.329890077343731, 51.329459097607248],
          [-0.330268741825928, 51.329269363211814],
          [-0.330385832936733, 51.329207186921842],
          [-0.330482740596116, 51.329147420433358],
          [-0.330571072727654, 51.329086632347177],
          [-0.330655688307807, 51.329009604869015],
          [-0.330741277793038, 51.329024313767853],
          [-0.331051339196107, 51.328668138363888],
          [-0.331398760388121, 51.32835026263502],
          [-0.332143116664817, 51.327615397490732],
          [-0.33226349477094, 51.327502009330601],
          [-0.332665446305853, 51.327223573734067],
          [-0.332666880905346, 51.327223594163272],
          [-0.332929151191955, 51.327076256145496],
          [-0.33361380357454, 51.326640877751181],
          [-0.333984277893773, 51.326398858382312],
          [-0.334399414015736, 51.326112511056678],
          [-0.334677614030722, 51.325921332763372],
          [-0.33530742929471, 51.32553282472108],
          [-0.335773217637789, 51.32531373464677],
          [-0.336662922983478, 51.324921714348605],
          [-0.337708256076403, 51.324512112419647],
          [-0.338170248683003, 51.32435770395405],
          [-0.339154939958593, 51.324116287118251],
          [-0.339571454013333, 51.324028671791424],
          [-0.340473150292319, 51.32374020386532],
          [-0.340944381518382, 51.323567929195391],
          [-0.34149453833715, 51.323395871082504],
          [-0.343130227603062, 51.32293072852292],
          [-0.343482797175771, 51.322864674953117],
          [-0.344320120511786, 51.322688571067829],
          [-0.34473161832269, 51.322580182046472],
          [-0.345080300148429, 51.322502377985693],
          [-0.345209584562115, 51.322459241794746],
          [-0.345336096857937, 51.322413368484298],
          [-0.345651728631621, 51.322256859576278],
          [-0.346246619363018, 51.321997281096372],
          [-0.346858186997956, 51.321712755157414],
          [-0.347215471860108, 51.321555030862335],
          [-0.347561085033443, 51.321402536247099],
          [-0.347794565930677, 51.321295220508794],
          [-0.348232803798034, 51.321081081599992],
          [-0.348712474091036, 51.320872021317335],
          [-0.349182518658649, 51.320651132639689],
          [-0.349748985934351, 51.320422607726087],
          [-0.350103317470166, 51.320266630347689],
          [-0.350278443608499, 51.3201854650287],
          [-0.350639863092496, 51.319991816278574],
          [-0.350847059401146, 51.319896713250102],
          [-0.351103700571416, 51.319783421179316],
          [-0.351105167179923, 51.319782542554314],
          [-0.351607131733681, 51.319551300575512],
          [-0.351934825826937, 51.319417422245074],
          [-0.352499117936906, 51.319128598036755],
          [-0.352676328209247, 51.318989004588119],
          [-0.35293801389044, 51.318734592263624],
          [-0.35368665346396, 51.318066162848652],
          [-0.354126204879028, 51.317653277014209],
          [-0.354284855132293, 51.317510722561344],
          [-0.354446308697972, 51.317370005800981],
          [-0.354627937975057, 51.317226874305618],
          [-0.354685483689662, 51.317182718709134],
          [-0.354991870717515, 51.316921734379143],
          [-0.355308165632944, 51.316664485420155],
          [-0.355359940995261, 51.316621147673423],
          [-0.356329393541689, 51.315955798229304],
          [-0.356596769723315, 51.315741924051956],
          [-0.35686076097675, 51.315542390197869],
          [-0.356938896116937, 51.315484133725811],
          [-0.357040974644242, 51.315398335406357],
          [-0.357193722706475, 51.315219722819819],
          [-0.357322376591162, 51.315032678780746],
          [-0.357419294432659, 51.314810117992025],
          [-0.357537756393033, 51.314466456990857],
          [-0.357628999314672, 51.314242017919803],
          [-0.357816534762825, 51.313852562476157],
          [-0.357931117507191, 51.313577191586418],
          [-0.358057858174642, 51.31336314165619],
          [-0.358197848266219, 51.313179852590736],
          [-0.358266130981066, 51.313116061531879],
          [-0.358409513728644, 51.312998466832923],
          [-0.35857131533501, 51.312887424911189],
          [-0.358660724597049, 51.312834720878783],
          [-0.359037498427586, 51.312690718437246],
          [-0.359159507606355, 51.312649261876821],
          [-0.359465634233363, 51.312595095505628],
          [-0.359667868166467, 51.312516992071295],
          [-0.359735089829169, 51.312482861385206],
          [-0.359846522263622, 51.312416076346906],
          [-0.359890797188885, 51.312381624364271],
          [-0.359909257301019, 51.312346811029158],
          [-0.359923511103626, 51.31230924098918],
          [-0.35996856521148, 51.312051779652755],
          [-0.360021965790436, 51.311962599566634],
          [-0.36011934363505, 51.311887524078841],
          [-0.360316061157068, 51.311803047401256],
          [-0.360510382804474, 51.311906485373534],
          [-0.360820597839415, 51.311938703093332],
          [-0.361435459949083, 51.311958094444627],
          [-0.361837179758545, 51.31195921516229],
          [-0.362401565874893, 51.311945521826004],
          [-0.362872290355279, 51.311902639638653],
          [-0.363375844680069, 51.311824243129109],
          [-0.363589819253674, 51.311819138204925],
          [-0.363749547295629, 51.31184654854323],
          [-0.363955770730958, 51.31189798902377],
          [-0.364014629639611, 51.311937479662049],
          [-0.364091173236171, 51.312004195423185],
          [-0.364109003410633, 51.312148328329556],
          [-0.364064461573971, 51.312311374463697],
          [-0.363933491017211, 51.312443537743867],
          [-0.363747259023147, 51.312556044421335],
          [-0.363665021681052, 51.312649319838243],
          [-0.36363221220317, 51.312764868085978],
          [-0.363638866071838, 51.312819816769725],
          [-0.363652818756322, 51.312871270283985],
          [-0.36372187262996, 51.312946874423474],
          [-0.36390789950968, 51.31296116265657],
          [-0.364000390224316, 51.312942670034815],
          [-0.364175651980298, 51.312896556131641],
          [-0.364441142806905, 51.312814831208399],
          [-0.364723194932412, 51.312832257031673],
          [-0.364988320846827, 51.312881819875699],
          [-0.365220201873553, 51.312978579845442],
          [-0.365352262790703, 51.313098227240168],
          [-0.36546363514697, 51.313275139451875],
          [-0.365518918706849, 51.313415298183031],
          [-0.365503667897871, 51.313602134539131],
          [-0.365526444602248, 51.313728350684741],
          [-0.365620644064847, 51.313863656547412],
          [-0.365872664340496, 51.314080299586891],
          [-0.366773724417299, 51.314728649406753],
          [-0.366976997626613, 51.314823208514376],
          [-0.367300909261279, 51.31487448458688],
          [-0.367328447002467, 51.314866774825504],
          [-0.367504446899813, 51.314799982914742],
          [-0.36779671801185, 51.314651177927971],
          [-0.367988210039281, 51.314471292550039],
          [-0.368078825390735, 51.314343958409417],
          [-0.368163735267826, 51.314215645466042],
          [-0.36820067767782, 51.314104649943708],
          [-0.368230480748686, 51.313992655730807],
          [-0.36826031904266, 51.313758360723511],
          [-0.368309758401549, 51.313497360457575],
          [-0.368423640834388, 51.313199488092863],
          [-0.368651426653147, 51.312926582803634],
          [-0.369083658902352, 51.31259357405866],
          [-0.369510243751683, 51.312338722035825],
          [-0.370231746596025, 51.311940490481085],
          [-0.370576320105501, 51.311772622674773],
          [-0.371080296054916, 51.311398338734129],
          [-0.371224433578915, 51.311177322779386],
          [-0.371322994682675, 51.310906213011826],
          [-0.371362501588926, 51.310641476428557],
          [-0.37142868809332, 51.310514699610295],
          [-0.371501917395044, 51.31039161775017],
          [-0.371664979189992, 51.310162770874193],
          [-0.37192348435972, 51.309912768344262],
          [-0.372189350353443, 51.309697939225522],
          [-0.37281965250564, 51.309401841611198],
          [-0.372978830905077, 51.309363585080312],
          [-0.373276569536022, 51.309302072737502],
          [-0.373292471419502, 51.309298696447975],
          [-0.373448367685665, 51.30927208427002],
          [-0.373585865488659, 51.309481725397262],
          [-0.373624271245688, 51.30953171861276],
          [-0.373733045866168, 51.30962045814789],
          [-0.374043445801319, 51.30964724839518],
          [-0.374355951755465, 51.309695649596414],
          [-0.374494040734048, 51.309726342406037],
          [-0.374627700596084, 51.309760570694174],
          [-0.37489843870068, 51.309894721159203],
          [-0.375212767570525, 51.309972821333261],
          [-0.375681301571218, 51.309991008936507],
          [-0.375871299579352, 51.309973859057919],
          [-0.376061208100843, 51.309999872726507],
          [-0.376409164675354, 51.310100917593907],
          [-0.376680988834615, 51.31020450361747],
          [-0.377120311611908, 51.310278035556628],
          [-0.377288108096979, 51.31032082707771],
          [-0.377453036699857, 51.310363578635162],
          [-0.377789453458081, 51.310588559071867],
          [-0.377881361420301, 51.310749002832871],
          [-0.37797620921321, 51.310948155914744],
          [-0.378154086379061, 51.311193421938057],
          [-0.378522674265015, 51.311604994758113],
          [-0.3786281603731, 51.31190950926986],
          [-0.378725710488757, 51.312520565514042],
          [-0.378717383513199, 51.312634657798135],
          [-0.37872679714442, 51.312693240727548],
          [-0.378741884132182, 51.312753700705869],
          [-0.378826787203944, 51.312909550280231],
          [-0.379020340603508, 51.313076795035698],
          [-0.379361006771619, 51.313222693403354],
          [-0.379877131488389, 51.313397995251314],
          [-0.380079435628205, 51.31347992839882],
          [-0.380425002668023, 51.313568337982552],
          [-0.380696425463023, 51.313602664818376],
          [-0.381140723976709, 51.313535963617014],
          [-0.381633298863591, 51.313442949464864],
          [-0.382116369963643, 51.313334514424895],
          [-0.382384711768437, 51.313293256062337],
          [-0.383201915267245, 51.313190328594303],
          [-0.384039307302226, 51.313043609669748],
          [-0.384360842242876, 51.312917649794478],
          [-0.3845589591368, 51.312751318801403],
          [-0.384921625929043, 51.31259804733623],
          [-0.385162700325124, 51.31243410701186],
          [-0.385214481356535, 51.312226190236792],
          [-0.385198211557806, 51.311994853501226],
          [-0.385288619135237, 51.311790167036676],
          [-0.385795783156524, 51.31140327751379],
          [-0.386478815859173, 51.310992730055283],
          [-0.386639187193954, 51.310838466325507],
          [-0.386706182532061, 51.310687412572456],
          [-0.386706561733848, 51.310594793005777],
          [-0.386699770400318, 51.310502074666637],
          [-0.386562952004838, 51.310148575433658],
          [-0.386575041217367, 51.310008455863525],
          [-0.386726110570096, 51.30987384785535],
          [-0.38686105680605, 51.309830743121282],
          [-0.387000178952872, 51.309791292827477],
          [-0.387143130327778, 51.309765384151959],
          [-0.387291723324975, 51.309742250798429],
          [-0.387481494889565, 51.309731374728592],
          [-0.387676845157262, 51.309725071500395],
          [-0.388106991954872, 51.309774157291066],
          [-0.388419026171052, 51.309877370986591],
          [-0.388804452345329, 51.309974399333093],
          [-0.389157354263739, 51.310098856389772],
          [-0.389326927591694, 51.310173130051986],
          [-0.38977018558088, 51.31038066121819],
          [-0.389995596746569, 51.310458399342465],
          [-0.390200359455337, 51.310470206609423],
          [-0.390427527427867, 51.310415775561808],
          [-0.390668715121612, 51.310288695985122],
          [-0.390913008867804, 51.310195830803508],
          [-0.391155811820213, 51.310186576596941],
          [-0.391243311252869, 51.310228245581733],
          [-0.391542928291252, 51.310399624562812],
          [-0.3917826721787, 51.310518922346404],
          [-0.391969952173855, 51.310620413232563],
          [-0.392115863573513, 51.310715041017552],
          [-0.392139018134572, 51.310750430330174],
          [-0.392153568018771, 51.310785701513787],
          [-0.392010719096484, 51.310890753287019],
          [-0.391716543706854, 51.310973943158082],
          [-0.391444558838686, 51.311079019503389],
          [-0.391373633952596, 51.311178763431371],
          [-0.391363484297247, 51.311345887880826],
          [-0.391393325773897, 51.311436224529217],
          [-0.391463425307666, 51.311606249633449],
          [-0.391505117535054, 51.311685957778472],
          [-0.3917018947086, 51.311844233293058],
          [-0.391926173644339, 51.311995691889308],
          [-0.392183754010956, 51.312138614483764],
          [-0.392387634189342, 51.312216951449976],
          [-0.392601470862251, 51.312256756186031],
          [-0.392927989526739, 51.312274725696398],
          [-0.393379657790637, 51.312283619800084],
          [-0.393626020584248, 51.312295991512201],
          [-0.393872320746618, 51.312310160378246],
          [-0.394258667519017, 51.312340637007601],
          [-0.394510570202384, 51.312399844662849],
          [-0.394635522346041, 51.312437527987136],
          [-0.394887919188653, 51.31252371957914],
          [-0.3950124642316, 51.312573087373565],
          [-0.395255598882191, 51.312678035820497],
          [-0.395525804230523, 51.312747383912551],
          [-0.396201649394473, 51.31274674791414],
          [-0.39655105750333, 51.312766819165276],
          [-0.396926681619084, 51.312816923938406]
        ]
      ]
    ]
  }
}
