{
  "type": "Feature",
  "properties": {
    "name": "Mole Valley",
    "level": 2,
    "center": [-0.3209, 51.1954]
  },
  "geometry": {
    "type": "MultiPolygon",
    "coordinates": [
      [
        [
          [-0.396926681619084, 51.312816923938406],
          [-0.39655105750333, 51.312766819165276],
          [-0.396201649394473, 51.31274674791414],
          [-0.395525804230523, 51.31274738391255],
          [-0.395255598882191, 51.3126780358205],
          [-0.3950124642316, 51.312573087373565],
          [-0.394887919188653, 51.31252371957914],
          [-0.394635522346041, 51.312437527987136],
          [-0.394510570202384, 51.31239984466285],
          [-0.394258667519017, 51.3123406370076],
          [-0.393872320746618, 51.312310160378246],
          [-0.393626020584248, 51.3122959915122],
          [-0.393379657790637, 51.312283619800084],
          [-0.392927989526739, 51.3122747256964],
          [-0.392601470862251, 51.31225675618603],
          [-0.392387634189342, 51.312216951449976],
          [-0.392183754010956, 51.312138614483764],
          [-0.391926173644339, 51.31199569188931],
          [-0.3917018947086, 51.31184423329306],
          [-0.391505117535054, 51.31168595777847],
          [-0.391463425307666, 51.31160624963345],
          [-0.391393325773897, 51.31143622452922],
          [-0.391363484297247, 51.311345887880826],
          [-0.391373633952596, 51.31117876343137],
          [-0.391444558838686, 51.31107901950339],
          [-0.391716543706854, 51.31097394315808],
          [-0.392010719096484, 51.31089075328702],
          [-0.392153568018771, 51.31078570151379],
          [-0.392139018134572, 51.310750430330174],
          [-0.392115863573513, 51.31071504101755],
          [-0.391969952173855, 51.31062041323256],
          [-0.3917826721787, 51.310518922346404],
          [-0.391542928291252, 51.31039962456281],
          [-0.391243311252869, 51.31022824558173],
          [-0.391155811820213, 51.31018657659694],
          [-0.390913008867804, 51.31019583080351],
          [-0.390668715121612, 51.31028869598512],
          [-0.390427527427867, 51.31041577556181],
          [-0.390200359455337, 51.31047020660942],
          [-0.389995596746569, 51.310458399342465],
          [-0.38977018558088, 51.31038066121819],
          [-0.389326927591694, 51.310173130051986],
          [-0.389157354263739, 51.31009885638977],
          [-0.388804452345329, 51.30997439933309],
          [-0.388419026171052, 51.30987737098659],
          [-0.388106991954872, 51.309774157291066],
          [-0.387676845157262, 51.309725071500395],
          [-0.387481494889565, 51.30973137472859],
          [-0.387291723324975, 51.30974225079843],
          [-0.387143130327778, 51.30976538415196],
          [-0.387000178952872, 51.30979129282748],
          [-0.38686105680605, 51.30983074312128],
          [-0.386726110570096, 51.30987384785535],
          [-0.386575041217367, 51.310008455863525],
          [-0.386562952004838, 51.31014857543366],
          [-0.386699770400318, 51.31050207466664],
          [-0.386706561733848, 51.31059479300578],
          [-0.386706182532061, 51.310687412572456],
          [-0.386639187193954, 51.31083846632551],
          [-0.386478815859173, 51.31099273005528],
          [-0.385795783156524, 51.31140327751379],
          [-0.385288619135237, 51.311790167036676],
          [-0.385198211557806, 51.311994853501226],
          [-0.385214481356535, 51.31222619023679],
          [-0.385162700325124, 51.31243410701186],
          [-0.384921625929043, 51.31259804733623],
          [-0.3845589591368, 51.3127513188014],
          [-0.384360842242876, 51.31291764979448],
          [-0.384039307302226, 51.31304360966975],
          [-0.383201915267245, 51.3131903285943],
          [-0.382384711768437, 51.31329325606234],
          [-0.382116369963643, 51.313334514424895],
          [-0.381633298863591, 51.313442949464864],
          [-0.381140723976709, 51.313535963617014],
          [-0.380696425463023, 51.313602664818376],
          [-0.380425002668023, 51.31356833798255],
          [-0.380079435628205, 51.31347992839882],
          [-0.379877131488389, 51.313397995251314],
          [-0.379361006771619, 51.313222693403354],
          [-0.379020340603508, 51.3130767950357],
          [-0.378826787203944, 51.31290955028023],
          [-0.378741884132182, 51.31275370070587],
          [-0.37872679714442, 51.31269324072755],
          [-0.378717383513199, 51.312634657798135],
          [-0.378725710488757, 51.31252056551404],
          [-0.3786281603731, 51.31190950926986],
          [-0.378522674265015, 51.31160499475811],
          [-0.378154086379061, 51.31119342193806],
          [-0.37797620921321, 51.310948155914744],
          [-0.377881361420301, 51.31074900283287],
          [-0.377789453458081, 51.31058855907187],
          [-0.377453036699857, 51.31036357863516],
          [-0.377288108096979, 51.31032082707771],
          [-0.377120311611908, 51.31027803555663],
          [-0.376680988834615, 51.31020450361747],
          [-0.376409164675354, 51.31010091759391],
          [-0.376061208100843, 51.30999987272651],
          [-0.375871299579352, 51.30997385905792],
          [-0.375681301571218, 51.30999100893651],
          [-0.375212767570525, 51.30997282133326],
          [-0.37489843870068, 51.3098947211592],
          [-0.374627700596084, 51.30976057069417],
          [-0.374494040734048, 51.30972634240604],
          [-0.374355951755465, 51.309695649596414],
          [-0.374043445801319, 51.30964724839518],
          [-0.373733045866168, 51.30962045814789],
          [-0.373624271245688, 51.30953171861276],
          [-0.373585865488659, 51.30948172539726],
          [-0.373448367685665, 51.30927208427002],
          [-0.373292471419502, 51.309298696447975],
          [-0.373276569536022, 51.3093020727375],
          [-0.372978830905077, 51.30936358508031],
          [-0.37281965250564, 51.3094018416112],
          [-0.372189350353443, 51.30969793922552],
          [-0.37192348435972, 51.30991276834426],
          [-0.371664979189992, 51.31016277087419],
          [-0.371501917395044, 51.31039161775017],
          [-0.37142868809332, 51.310514699610295],
          [-0.371362501588926, 51.31064147642856],
          [-0.371322994682675, 51.310906213011826],
          [-0.371224433578915, 51.311177322779386],
          [-0.371080296054916, 51.31139833873413],
          [-0.370576320105501, 51.31177262267477],
          [-0.370231746596025, 51.311940490481085],
          [-0.369510243751683, 51.312338722035825],
          [-0.369083658902352, 51.31259357405866],
          [-0.368651426653147, 51.312926582803634],
          [-0.368423640834388, 51.31319948809286],
          [-0.368309758401549, 51.313497360457575],
          [-0.36826031904266, 51.31375836072351],
          [-0.368230480748686, 51.31399265573081],
          [-0.36820067767782, 51.31410464994371],
          [-0.368163735267826, 51.31421564546604],
          [-0.368078825390735, 51.31434395840942],
          [-0.367988210039281, 51.31447129255004],
          [-0.36779671801185, 51.31465117792797],
          [-0.367504446899813, 51.31479998291474],
          [-0.367328447002467, 51.314866774825504],
          [-0.367300909261279, 51.31487448458688],
          [-0.366976997626613, 51.314823208514376],
          [-0.366773724417299, 51.31472864940675],
          [-0.365872664340496, 51.31408029958689],
          [-0.365620644064847, 51.31386365654741],
          [-0.365526444602248, 51.31372835068474],
          [-0.365503667897871, 51.31360213453913],
          [-0.365518918706849, 51.31341529818303],
          [-0.36546363514697, 51.313275139451875],
          [-0.365352262790703, 51.31309822724017],
          [-0.365220201873553, 51.31297857984544],
          [-0.364988320846827, 51.3128818198757],
          [-0.364723194932412, 51.31283225703167],
          [-0.364441142806905, 51.3128148312084],
          [-0.364175651980298, 51.31289655613164],
          [-0.364000390224316, 51.312942670034815],
          [-0.36390789950968, 51.31296116265657],
          [-0.36372187262996, 51.312946874423474],
          [-0.363652818756322, 51.312871270283985],
          [-0.363638866071838, 51.312819816769725],
          [-0.36363221220317, 51.31276486808598],
          [-0.363665021681052, 51.31264931983824],
          [-0.363747259023147, 51.312556044421335],
          [-0.363933491017211, 51.31244353774387],
          [-0.364064461573971, 51.3123113744637],
          [-0.364109003410633, 51.312148328329556],
          [-0.364091173236171, 51.312004195423185],
          [-0.364014629639611, 51.31193747966205],
          [-0.363955770730958, 51.31189798902377],
          [-0.363749547295629, 51.31184654854323],
          [-0.363589819253674, 51.311819138204925],
          [-0.363375844680069, 51.31182424312911],
          [-0.362872290355279, 51.31190263963865],
          [-0.362401565874893, 51.311945521826004],
          [-0.361837179758545, 51.31195921516229],
          [-0.361435459949083, 51.31195809444463],
          [-0.360820597839415, 51.31193870309333],
          [-0.360510382804474, 51.311906485373534],
          [-0.360316061157068, 51.311803047401256],
          [-0.36011934363505, 51.31188752407884],
          [-0.360021965790436, 51.311962599566634],
          [-0.35996856521148, 51.312051779652755],
          [-0.359923511103626, 51.31230924098918],
          [-0.359909257301019, 51.31234681102916],
          [-0.359890797188885, 51.31238162436427],
          [-0.359846522263622, 51.312416076346906],
          [-0.359735089829169, 51.312482861385206],
          [-0.359667868166467, 51.312516992071295],
          [-0.359465634233363, 51.31259509550563],
          [-0.359159507606355, 51.31264926187682],
          [-0.359037498427586, 51.312690718437246],
          [-0.358660724597049, 51.31283472087878],
          [-0.35857131533501, 51.31288742491119],
          [-0.358409513728644, 51.31299846683292],
          [-0.358266130981066, 51.31311606153188],
          [-0.358197848266219, 51.313179852590736],
          [-0.358057858174642, 51.31336314165619],
          [-0.357931117507191, 51.31357719158642],
          [-0.357816534762825, 51.31385256247616],
          [-0.357628999314672, 51.3142420179198],
          [-0.357537756393033, 51.31446645699086],
          [-0.357419294432659, 51.314810117992025],
          [-0.357322376591162, 51.315032678780746],
          [-0.357193722706475, 51.31521972281982],
          [-0.357040974644242, 51.31539833540636],
          [-0.356938896116937, 51.31548413372581],
          [-0.35686076097675, 51.31554239019787],
          [-0.356596769723315, 51.315741924051956],
          [-0.356329393541689, 51.315955798229304],
          [-0.355359940995261, 51.31662114767342],
          [-0.355308165632944, 51.316664485420155],
          [-0.354991870717515, 51.31692173437914],
          [-0.354685483689662, 51.317182718709134],
          [-0.354627937975057, 51.31722687430562],
          [-0.354446308697972, 51.31737000580098],
          [-0.354284855132293, 51.317510722561344],
          [-0.354126204879028, 51.31765327701421],
          [-0.35368665346396, 51.31806616284865],
          [-0.35293801389044, 51.318734592263624],
          [-0.352676328209247, 51.31898900458812],
          [-0.352499117936906, 51.319128598036755],
          [-0.351934825826937, 51.319417422245074],
          [-0.351607131733681, 51.31955130057551],
          [-0.351105167179923, 51.319782542554314],
          [-0.351103700571416, 51.31978342117932],
          [-0.350847059401146, 51.3198967132501],
          [-0.350639863092496, 51.31999181627857],
          [-0.350278443608499, 51.3201854650287],
          [-0.350103317470166, 51.32026663034769],
          [-0.349748985934351, 51.32042260772609],
          [-0.349182518658649, 51.32065113263969],
          [-0.348712474091036, 51.320872021317335],
          [-0.348232803798034, 51.32108108159999],
          [-0.347794565930677, 51.321295220508794],
          [-0.347561085033443, 51.3214025362471],
          [-0.347215471860108, 51.321555030862335],
          [-0.346858186997956, 51.321712755157414],
          [-0.346246619363018, 51.32199728109637],
          [-0.345651728631621, 51.32225685957628],
          [-0.345336096857937, 51.3224133684843],
          [-0.345209584562115, 51.322459241794746],
          [-0.345080300148429, 51.32250237798569],
          [-0.34473161832269, 51.32258018204647],
          [-0.344320120511786, 51.32268857106783],
          [-0.343482797175771, 51.32286467495312],
          [-0.343130227603062, 51.32293072852292],
          [-0.34149453833715, 51.323395871082504],
          [-0.340944381518382, 51.32356792919539],
          [-0.340473150292319, 51.32374020386532],
          [-0.339571454013333, 51.324028671791424],
          [-0.339154939958593, 51.32411628711825],
          [-0.338170248683003, 51.32435770395405],
          [-0.337708256076403, 51.32451211241965],
          [-0.336662922983478, 51.324921714348605],
          [-0.335773217637789, 51.32531373464677],
          [-0.33530742929471, 51.32553282472108],
          [-0.334677614030722, 51.32592133276337],
          [-0.334399414015736, 51.32611251105668],
          [-0.333984277893773, 51.32639885838231],
          [-0.33361380357454, 51.32664087775118],
          [-0.332929151191955, 51.327076256145496],
          [-0.332666880905346, 51.32722359416327],
          [-0.332665446305853, 51.32722357373407],
          [-0.33226349477094, 51.3275020093306],
          [-0.332143116664817, 51.32761539749073],
          [-0.331398760388121, 51.32835026263502],
          [-0.331051339196107, 51.32866813836389],
          [-0.330741277793038, 51.32902431376785],
          [-0.330655688307807, 51.329009604869015],
          [-0.330695992678673, 51.32892744936604],
          [-0.330733101162099, 51.32885424069056],
          [-0.330650814639927, 51.328630055781886],
          [-0.330567061597556, 51.328406749144065],
          [-0.330457061596566, 51.328194758313],
          [-0.330375363180627, 51.32799396185443],
          [-0.330316288661903, 51.32788161357134],
          [-0.33013388126577, 51.3275687741157],
          [-0.330115658093691, 51.32751725748591],
          [-0.329566715271649, 51.32717940570172],
          [-0.329565280675741, 51.32717938523459],
          [-0.329227675391458, 51.326990223829405],
          [-0.328902722666261, 51.326808435975636],
          [-0.328290937147427, 51.32646248744589],
          [-0.327574219754302, 51.32631826539581],
          [-0.327299652820758, 51.326684830364684],
          [-0.327208297693695, 51.32667093585303],
          [-0.326958326028833, 51.326637689334945],
          [-0.326683023152325, 51.32659059166387],
          [-0.325980539451169, 51.326567960751106],
          [-0.325581498578696, 51.326568549527884],
          [-0.325090120986683, 51.32658220395221],
          [-0.324615532181153, 51.326607786665804],
          [-0.324425382002831, 51.3266266474137],
          [-0.32423660072151, 51.32664732592368],
          [-0.324005233438744, 51.32669437175168],
          [-0.323947031053403, 51.32671601961584],
          [-0.323813181752564, 51.32676536020339],
          [-0.323527021676856, 51.32689794769413],
          [-0.323072316634096, 51.32708657123835],
          [-0.323070882045721, 51.32708655069178],
          [-0.32262466678346, 51.32719975791401],
          [-0.322078707779439, 51.32733221656496],
          [-0.321750945306915, 51.32742463688972],
          [-0.321576144713799, 51.3274554031008],
          [-0.321212590760556, 51.32750594380252],
          [-0.320058867492832, 51.32765485582058],
          [-0.319585130520309, 51.3277352838459],
          [-0.319283840674681, 51.3278100923492],
          [-0.318955531996633, 51.32795645127891],
          [-0.318370573795181, 51.32825199403113],
          [-0.317807846082884, 51.32852807588152],
          [-0.317124723976246, 51.32891663196094],
          [-0.316826774602388, 51.32909579819538],
          [-0.316741688114897, 51.32914583285062],
          [-0.316119021306824, 51.32956852335744],
          [-0.315955392738534, 51.3296857711976],
          [-0.315186500143351, 51.33037702686283],
          [-0.315023510464085, 51.330515864387415],
          [-0.314244807953203, 51.33104331150846],
          [-0.313932405353086, 51.33126362779588],
          [-0.313692873659495, 51.33141485102748],
          [-0.313070875913588, 51.33173951843492],
          [-0.312753351910452, 51.331864438550014],
          [-0.312580241835719, 51.33192669172742],
          [-0.312398555828231, 51.33198792193603],
          [-0.311985428245241, 51.33209707560529],
          [-0.311580084660241, 51.33215058708098],
          [-0.310929635809149, 51.33238940572966],
          [-0.310395575816289, 51.33266406980968],
          [-0.309857403642825, 51.332933276786655],
          [-0.309620753286275, 51.333083634247245],
          [-0.309113515476448, 51.333487270886444],
          [-0.30873361748309, 51.33374616665387],
          [-0.308327979197512, 51.33408022558284],
          [-0.307705866765492, 51.33448399607395],
          [-0.307612307933513, 51.33460763949395],
          [-0.307467986672533, 51.334589369303465],
          [-0.306991141479673, 51.33475153972715],
          [-0.306600316722927, 51.33491674947668],
          [-0.306192171942388, 51.33508440535332],
          [-0.306134261927001, 51.33490282143285],
          [-0.306106065038948, 51.33465512318104],
          [-0.305984472943515, 51.334409672110965],
          [-0.305610926729543, 51.333794588450196],
          [-0.305483036231345, 51.33356433227209],
          [-0.305268774897347, 51.333262686290155],
          [-0.30500804021251, 51.33297565492435],
          [-0.304687313770229, 51.33268056128131],
          [-0.304247237882517, 51.332235365083434],
          [-0.303433904855032, 51.3314799216346],
          [-0.303170197057383, 51.33123510716873],
          [-0.302576586258586, 51.330711245673825],
          [-0.301556185531057, 51.32981160799591],
          [-0.300861365159426, 51.32919184916147],
          [-0.300189291074539, 51.328617377902276],
          [-0.299573649344923, 51.3280311318532],
          [-0.298980084166894, 51.32750814977414],
          [-0.298329439483829, 51.326898907274554],
          [-0.298150631526547, 51.32672725257251],
          [-0.298073592469416, 51.326675775997415],
          [-0.297956980153986, 51.32656887064524],
          [-0.297810770721549, 51.32640847978565],
          [-0.297718942669038, 51.32625247570463],
          [-0.297429190586591, 51.32585979222742],
          [-0.296943406839472, 51.32579967753089],
          [-0.296302293700157, 51.32574809347714],
          [-0.295986053093017, 51.32564457812446],
          [-0.29567648287567, 51.32547731054856],
          [-0.295625139331436, 51.325468470210474],
          [-0.29557369585526, 51.32546232623473],
          [-0.295289324104031, 51.32546718216303],
          [-0.295126120034755, 51.32545581484459],
          [-0.294867369990847, 51.32546643822999],
          [-0.294620829539449, 51.325457454560656],
          [-0.29421952520722, 51.325403051887996],
          [-0.293834501580043, 51.32529672641602],
          [-0.293570747527743, 51.32521015141049],
          [-0.293264659144465, 51.325220081729434],
          [-0.292984458606198, 51.325267259077314],
          [-0.292866493440078, 51.32527453325757],
          [-0.29275583438156, 51.32527831663831],
          [-0.292617385835271, 51.32525741427953],
          [-0.29251633460525, 51.32527302814324],
          [-0.292361705806617, 51.32526268110372],
          [-0.292339790663869, 51.32511847603376],
          [-0.292278477744056, 51.324914343865395],
          [-0.291777261928929, 51.324960994521035],
          [-0.291557513287246, 51.32496498474546],
          [-0.291306975115317, 51.32490917258366],
          [-0.291043395234154, 51.32481809738675],
          [-0.290846138038469, 51.32471899616579],
          [-0.290740222458316, 51.324633817209055],
          [-0.29053303014009, 51.32445453370568],
          [-0.290431753423244, 51.32436042916545],
          [-0.290318636068043, 51.324237374459386],
          [-0.289998203317358, 51.323861291212054],
          [-0.289799557380475, 51.32368392918118],
          [-0.289633772113115, 51.32351064363326],
          [-0.289425258277449, 51.32328997068031],
          [-0.289248832714953, 51.32313271618889],
          [-0.289076217208143, 51.32291166730196],
          [-0.289028686785986, 51.32283902973132],
          [-0.288971360403897, 51.32264394540018],
          [-0.288923499649593, 51.32254162630109],
          [-0.288756767048236, 51.32223972628117],
          [-0.288704904928032, 51.32212925491956],
          [-0.288688063592206, 51.322080447079905],
          [-0.288652489997262, 51.32187938516833],
          [-0.28863228213267, 51.32180534793517],
          [-0.288541260705113, 51.32166732543049],
          [-0.288421217097608, 51.32153787158148],
          [-0.287978881328362, 51.32127600683146],
          [-0.287663265055219, 51.32111851245444],
          [-0.287660463198853, 51.32111667289797],
          [-0.287295234614397, 51.32078848523008],
          [-0.287207796050347, 51.320592958702335],
          [-0.287140377625676, 51.320360853807905],
          [-0.287045372147176, 51.32013733818602],
          [-0.286906968552838, 51.31992307970979],
          [-0.286729592784029, 51.319560766223134],
          [-0.28660133319582, 51.31934395764661],
          [-0.286374871464576, 51.318912578293805],
          [-0.286323633151179, 51.31870858732595],
          [-0.286213984473433, 51.318531619412866],
          [-0.286100264574231, 51.3181558471247],
          [-0.285971682879112, 51.31790935570752],
          [-0.28592660165873, 51.31780977291386],
          [-0.285851318624096, 51.317596436358976],
          [-0.285605918843579, 51.317211540209996],
          [-0.285533192848299, 51.31708367324631],
          [-0.285414242494911, 51.31673300094324],
          [-0.28519515194863, 51.31625855601999],
          [-0.285129338620984, 51.31609931426003],
          [-0.285070670355107, 51.315902406367634],
          [-0.284962369261025, 51.31553570197253],
          [-0.284840668597375, 51.31495116943],
          [-0.284816382919616, 51.31479433458312],
          [-0.284797800631209, 51.31463848261065],
          [-0.284793586644329, 51.31452061197915],
          [-0.284792039916223, 51.31440817625963],
          [-0.284800807768573, 51.314250027168676],
          [-0.284732800634178, 51.31407276684662],
          [-0.284651535212356, 51.31363541314244],
          [-0.284523797922056, 51.31344378765939],
          [-0.28433825994821, 51.313263005695006],
          [-0.284292144431196, 51.31303750349663],
          [-0.284205597743743, 51.31285727308845],
          [-0.2840208189891, 51.312733157892794],
          [-0.283755100927584, 51.31258627219441],
          [-0.283471680184607, 51.31241394568815],
          [-0.283216398623737, 51.312295090238294],
          [-0.282981724146487, 51.312200817778034],
          [-0.282345756230479, 51.31186323937948],
          [-0.28220106473452, 51.311780178247695],
          [-0.282065146185038, 51.31169274917831],
          [-0.281497510452143, 51.3112932175815],
          [-0.281408281279039, 51.311223560084834],
          [-0.281162509519355, 51.311004117363495],
          [-0.281061819024189, 51.31089562110083],
          [-0.280894071486825, 51.31062336537184],
          [-0.280751019828045, 51.310419819421256],
          [-0.280604740440987, 51.310072336870554],
          [-0.280490641262586, 51.30986202145675],
          [-0.280389224934523, 51.309619517245096],
          [-0.280271194233169, 51.30928414022504],
          [-0.280189878219081, 51.30896459080745],
          [-0.280036729842998, 51.308647587018136],
          [-0.279832587630444, 51.30835141839498],
          [-0.279777771215934, 51.30832093611988],
          [-0.279776337225057, 51.308320915041534],
          [-0.279724388864286, 51.30829047489827],
          [-0.279537984263574, 51.30801884724767],
          [-0.279333693368068, 51.307573393467045],
          [-0.27920612970103, 51.30737817063197],
          [-0.279053889609608, 51.307075569331616],
          [-0.278918870893921, 51.306734551624835],
          [-0.278849072191491, 51.30652938638357],
          [-0.278782141947731, 51.306324263277006],
          [-0.278682382163222, 51.30596128156103],
          [-0.278554574188998, 51.305197703222035],
          [-0.278466389069431, 51.304525535786986],
          [-0.27829878083725, 51.30363726937942],
          [-0.278346854135684, 51.30346441369455],
          [-0.278426975894275, 51.30327854013335],
          [-0.278396952734323, 51.30300741213447],
          [-0.278385514695841, 51.30269968664946],
          [-0.278267676560765, 51.30228338016228],
          [-0.278207070086743, 51.302139501277956],
          [-0.278152085578564, 51.3020370724304],
          [-0.278088094896184, 51.30194530251055],
          [-0.278018335675421, 51.30185434695459],
          [-0.277919072818345, 51.301746769941026],
          [-0.277689569811331, 51.30143943208402],
          [-0.2768666711283, 51.30042910610833],
          [-0.276744777283391, 51.300313102785324],
          [-0.276691386430962, 51.300244870666226],
          [-0.276639308739927, 51.30014158602643],
          [-0.276605917394218, 51.299999008341054],
          [-0.276570001163334, 51.299923839318325],
          [-0.27653437404405, 51.29987924999834],
          [-0.276392814440827, 51.299752165454926],
          [-0.276107874122208, 51.299470091537714],
          [-0.275860430213955, 51.29914450493178],
          [-0.275736497961292, 51.29896821923742],
          [-0.275612735076141, 51.29878743956613],
          [-0.275314573156387, 51.29832261621406],
          [-0.275151240293134, 51.29804952686674],
          [-0.274932983160388, 51.29755800292312],
          [-0.274507010212772, 51.29667672805048],
          [-0.274174464385687, 51.296134957619074],
          [-0.274032094350738, 51.295915233714354],
          [-0.27399841204519, 51.2958571834207],
          [-0.273958033846153, 51.29578644452776],
          [-0.273883349329664, 51.295636063491635],
          [-0.273811970778797, 51.29547404059391],
          [-0.273753562371448, 51.29531041038439],
          [-0.273682553546668, 51.29498562399564],
          [-0.273663458312728, 51.2947299480989],
          [-0.273661297197116, 51.29455815455995],
          [-0.273642541430574, 51.294446367788744],
          [-0.273609315383729, 51.294337964737664],
          [-0.273577911269416, 51.2942574660983],
          [-0.273548463904989, 51.294201276754976],
          [-0.273333514200929, 51.29385188568639],
          [-0.272991726297474, 51.29348083944053],
          [-0.272902595230556, 51.29337161164782],
          [-0.272838120926443, 51.29329332289302],
          [-0.272588085380374, 51.29292362929191],
          [-0.272443101804097, 51.2926975707754],
          [-0.272234576182556, 51.2923302876985],
          [-0.271618039926469, 51.291331999827925],
          [-0.271611277737098, 51.29132110888518],
          [-0.270995867598729, 51.29025539232151],
          [-0.270700099860083, 51.28980589092449],
          [-0.270570797584838, 51.28965920045375],
          [-0.270492741624848, 51.289560927530616],
          [-0.270394806434639, 51.28941919644601],
          [-0.270290954757584, 51.28924410526128],
          [-0.270215501240443, 51.28907662755548],
          [-0.270192369113558, 51.28900524428535],
          [-0.270160284440873, 51.28890495243288],
          [-0.270139261500878, 51.28881561509885],
          [-0.270145457810418, 51.288421830487295],
          [-0.270190460318861, 51.28794948410424],
          [-0.270274379057021, 51.28751008581856],
          [-0.270264958220056, 51.287417322812274],
          [-0.270246850755485, 51.287364898242885],
          [-0.270132396594423, 51.287204937829664],
          [-0.269964423084448, 51.28701900744439],
          [-0.269812637070759, 51.286860293809006],
          [-0.269480233178635, 51.28654693630521],
          [-0.269340711980062, 51.28613840892164],
          [-0.269144937399771, 51.28577671089957],
          [-0.269016326557362, 51.28542140081624],
          [-0.268956487132259, 51.28518221239539],
          [-0.268898081554387, 51.28494304514287],
          [-0.268899521202932, 51.28467598604774],
          [-0.268931079341276, 51.28456134711538],
          [-0.268940374979211, 51.2845048310835],
          [-0.268944059234384, 51.28440686613045],
          [-0.268930544691872, 51.284308646989714],
          [-0.268901805506989, 51.28419581466555],
          [-0.268873418036379, 51.28411176387339],
          [-0.268529812997525, 51.283410657368066],
          [-0.268334251055444, 51.283120002923276],
          [-0.267751891646192, 51.28228587069537],
          [-0.267519491646176, 51.28190744181357],
          [-0.267265708926989, 51.28144956115934],
          [-0.267236557091759, 51.28130974447148],
          [-0.267151227461006, 51.28102431567765],
          [-0.267166435410026, 51.280886953732995],
          [-0.267132726418647, 51.28079203263628],
          [-0.267093318920491, 51.280696127960205],
          [-0.266965034246575, 51.280523370379726],
          [-0.266933447790269, 51.28044826436496],
          [-0.266874279765632, 51.28022976772006],
          [-0.266820428770214, 51.28009857804142],
          [-0.266709208531558, 51.27992966969675],
          [-0.266520455205431, 51.279725441885354],
          [-0.266473929987907, 51.27966630134574],
          [-0.266433001851968, 51.27961084066999],
          [-0.266388992947906, 51.279522960976635],
          [-0.266380382829265, 51.2794850645681],
          [-0.266387286965818, 51.27930171745523],
          [-0.266346156185103, 51.27925164931245],
          [-0.266317268493376, 51.279181079358864],
          [-0.266315891527187, 51.27914149148035],
          [-0.266331395176651, 51.27907247783276],
          [-0.26634396396412, 51.27889101307641],
          [-0.266301964309566, 51.278787875632524],
          [-0.26624448353848, 51.27871508390759],
          [-0.266201141903513, 51.278685665992946],
          [-0.266179126896225, 51.27866106005927],
          [-0.266167380214424, 51.27863031129041],
          [-0.266175583254015, 51.278564786634675],
          [-0.266180084255561, 51.278331045291694],
          [-0.26623591526813, 51.278143026817794],
          [-0.266449657787398, 51.27764530182414],
          [-0.266657171627525, 51.277427154586086],
          [-0.266846905123487, 51.276881412680865],
          [-0.266887521963682, 51.276716549550244],
          [-0.26689793465321, 51.27663037450923],
          [-0.266897074258156, 51.27650086810515],
          [-0.26688344022592, 51.27632980665469],
          [-0.266856356114884, 51.276135165373574],
          [-0.266713971326833, 51.27546131002418],
          [-0.266875681452207, 51.27501227434465],
          [-0.266897600359525, 51.274848933319774],
          [-0.266918224292635, 51.274796182134054],
          [-0.267005516443914, 51.27464819653763],
          [-0.26705477086811, 51.2744061250293],
          [-0.266978506338556, 51.27426111498531],
          [-0.266900720102405, 51.2741565490821],
          [-0.266821061545964, 51.274063645801306],
          [-0.266680182206598, 51.27392127642284],
          [-0.266398517416129, 51.2737102778743],
          [-0.266209811231946, 51.27335317599334],
          [-0.266125686637561, 51.27315049630783],
          [-0.266308274914844, 51.272489544838],
          [-0.266386691685209, 51.2720060040656],
          [-0.266435274183498, 51.27136285247984],
          [-0.26637697491665, 51.27104544975609],
          [-0.266452229968427, 51.27060772436014],
          [-0.266506933096242, 51.270449364852084],
          [-0.266622228766657, 51.27020467379191],
          [-0.266687179878237, 51.269773989804335],
          [-0.266715641998699, 51.26970336940977],
          [-0.266749011173411, 51.2696166349302],
          [-0.266769279588635, 51.26942089598722],
          [-0.266829449906405, 51.269193374128484],
          [-0.266837954298184, 51.26911976057577],
          [-0.266839891406348, 51.268992094175324],
          [-0.266874471188734, 51.2686445918623],
          [-0.266871547289398, 51.2685699099239],
          [-0.266838634376359, 51.26837788025413],
          [-0.266518101379084, 51.26801972678687],
          [-0.266482167710074, 51.26786991755411],
          [-0.266472588295004, 51.267781648160486],
          [-0.266457220285944, 51.267618654396756],
          [-0.26644562902021, 51.26731723028555],
          [-0.266402114862427, 51.267140330829946],
          [-0.26634875341786, 51.26699655807824],
          [-0.266153598426076, 51.26654493666151],
          [-0.265775167089525, 51.26574528393762],
          [-0.265897436076506, 51.26523901051193],
          [-0.26594039061405, 51.26493569542971],
          [-0.266058086960622, 51.26443654818372],
          [-0.266256127920991, 51.26378301758473],
          [-0.266301561477417, 51.26356606833008],
          [-0.26640026857607, 51.2632285070304],
          [-0.26643364345425, 51.263065335039386],
          [-0.266473929951704, 51.262756584591386],
          [-0.266463943510237, 51.26256489356022],
          [-0.266117901641248, 51.26197165229392],
          [-0.265942001519449, 51.26161833498415],
          [-0.265846258535368, 51.26149641593871],
          [-0.265744312290677, 51.26138699465029],
          [-0.265670283762709, 51.26133553960665],
          [-0.265595747829372, 51.261297565962934],
          [-0.265506683855433, 51.26126477269321],
          [-0.265186365452959, 51.26120697167628],
          [-0.264644009052764, 51.26114587991582],
          [-0.264468612762359, 51.26108392939185],
          [-0.264406191979438, 51.26106681759831],
          [-0.264245504075856, 51.261032961900874],
          [-0.264122264696969, 51.26099426546823],
          [-0.26402801424481, 51.260947005966365],
          [-0.263892414759695, 51.260855968751336],
          [-0.263685340828785, 51.26068383721087],
          [-0.263551538243404, 51.26054516522763],
          [-0.263481056030962, 51.26047577608065],
          [-0.263341389194208, 51.260340613955016],
          [-0.263175531954914, 51.2602158544244],
          [-0.263015719725083, 51.26012086003631],
          [-0.262936856618358, 51.260083719770016],
          [-0.262000383767175, 51.2597182136203],
          [-0.261732454803288, 51.25960182911369],
          [-0.261522952604834, 51.25949440469261],
          [-0.261422257834054, 51.259428162854036],
          [-0.261334658916213, 51.25935671976195],
          [-0.261264249647771, 51.25928553181191],
          [-0.261198409296271, 51.25920721753737],
          [-0.261139799225101, 51.259127212048256],
          [-0.261076646882975, 51.259015664823465],
          [-0.260957271062566, 51.2586469919955],
          [-0.260946855633483, 51.25858119092932],
          [-0.260938053305994, 51.25839671072492],
          [-0.260834771805723, 51.25782953876556],
          [-0.260641634927396, 51.25782037559788],
          [-0.260522575871838, 51.2578231036039],
          [-0.260361637792852, 51.25783420206887],
          [-0.25922525859333, 51.25798188201638],
          [-0.259164467731746, 51.257883857675886],
          [-0.259123601049434, 51.25782749571096],
          [-0.259090479892813, 51.25779373052021],
          [-0.259041466551858, 51.25776332613697],
          [-0.258975196571533, 51.257734463724994],
          [-0.258904289857813, 51.25771452500177],
          [-0.258792970404275, 51.25770207878825],
          [-0.258526923851681, 51.257726000207434],
          [-0.258407253468895, 51.25774490375819],
          [-0.257932839377683, 51.2578592486555],
          [-0.257684771970863, 51.25793829082874],
          [-0.257220802705446, 51.2581553045551],
          [-0.257010013640682, 51.25827176994483],
          [-0.256929734811831, 51.25831014282978],
          [-0.256824968761948, 51.258351748243804],
          [-0.256479632399032, 51.25846351212102],
          [-0.25604116010898, 51.258650325710335],
          [-0.255869514233069, 51.258717013036566],
          [-0.25543099994753, 51.258866953810106],
          [-0.25522841747471, 51.2589178917607],
          [-0.254569914480055, 51.25901059558567],
          [-0.254426505304769, 51.25908849271946],
          [-0.25422202213307, 51.25934083590722],
          [-0.253491853830512, 51.26026518447795],
          [-0.253347832495454, 51.260548103492184],
          [-0.252734116218417, 51.26051736643451],
          [-0.251791647430948, 51.26061391106504],
          [-0.251563882703664, 51.26064827999801],
          [-0.251472033277455, 51.26065140503428],
          [-0.251093380788685, 51.260620571684704],
          [-0.250865548055364, 51.260618967685396],
          [-0.250664387281111, 51.26059438076133],
          [-0.250486863115021, 51.260551262028834],
          [-0.249336867967572, 51.26030026824358],
          [-0.24908577797875, 51.26026953663093],
          [-0.24887933395696, 51.260233177192255],
          [-0.248764879067475, 51.25958669274703],
          [-0.248729992644901, 51.25952412178196],
          [-0.248696775498241, 51.259493050045926],
          [-0.248598349297021, 51.25944301782748],
          [-0.248496306758326, 51.25941271527273],
          [-0.24822356471229, 51.259386154282446],
          [-0.248180967392366, 51.25937562518656],
          [-0.24812865057693, 51.25935685729673],
          [-0.248068115094808, 51.25932807452078],
          [-0.247804220206985, 51.25914427348512],
          [-0.247636830664976, 51.259136373353854],
          [-0.247158493561532, 51.25920205547597],
          [-0.246024017510313, 51.25937301656816],
          [-0.245015770311935, 51.259465823731816],
          [-0.244696946728493, 51.25948262795774],
          [-0.243747163741792, 51.259507956284885],
          [-0.24394569912358, 51.26009006037538],
          [-0.243486037760905, 51.26015420904275],
          [-0.243162233094278, 51.26015115055934],
          [-0.242877516243094, 51.260137886459425],
          [-0.242613231105739, 51.2601150363429],
          [-0.242402015768516, 51.26009118356551],
          [-0.242068398071923, 51.260044810030955],
          [-0.241550543260124, 51.25998128111408],
          [-0.24140607960992, 51.25993594714874],
          [-0.241282622705283, 51.25990351818994],
          [-0.241130414037945, 51.259873355088956],
          [-0.24094743785533, 51.25986071497411],
          [-0.24091295611434, 51.25986289484433],
          [-0.24088113337771, 51.259870510239146],
          [-0.240846068252704, 51.259887968844545],
          [-0.24082082435956, 51.25991097056166],
          [-0.240781281357036, 51.25997062737433],
          [-0.240699424133625, 51.26012497069285],
          [-0.240623758660838, 51.26034235557075],
          [-0.24062935851226, 51.260458444971285],
          [-0.240647585066945, 51.26054414902396],
          [-0.240686646705266, 51.26064725211316],
          [-0.240398934617745, 51.26059976490116],
          [-0.240098580673572, 51.26050802298474],
          [-0.239702836467536, 51.26039955902253],
          [-0.239421347665286, 51.26030180404733],
          [-0.239190064833949, 51.26020300472205],
          [-0.239091819385264, 51.26014847085771],
          [-0.239014202202842, 51.26011672873895],
          [-0.238932115993982, 51.260089415695084],
          [-0.238841194668829, 51.260068264590785],
          [-0.2387499985717, 51.260054303410385],
          [-0.238642770667548, 51.26004729517089],
          [-0.238404513078971, 51.260018532119716],
          [-0.238232824956553, 51.2600105538815],
          [-0.238101657993595, 51.259992393826664],
          [-0.238031949052637, 51.25997875534609],
          [-0.237708203514225, 51.25989924503564],
          [-0.237621924276766, 51.25986917017169],
          [-0.237521870778365, 51.259824499692],
          [-0.237340626815653, 51.259729147519266],
          [-0.237205244269981, 51.25967135529549],
          [-0.236529515942852, 51.259426473673756],
          [-0.236104822334061, 51.259251015811124],
          [-0.235472650594939, 51.25902926569822],
          [-0.234916650984933, 51.258877004461645],
          [-0.234214793591882, 51.25871625087591],
          [-0.23377245154925, 51.258627749980455],
          [-0.233235603281472, 51.258462283785974],
          [-0.232666055221191, 51.258290026879216],
          [-0.232011966269468, 51.25811739060718],
          [-0.231724140751504, 51.25799883970036],
          [-0.231281740315911, 51.25783748743882],
          [-0.230926959053212, 51.25767116163657],
          [-0.230623106924913, 51.25755956001341],
          [-0.23013061640627, 51.2573965473919],
          [-0.229523506427046, 51.25723269974941],
          [-0.229339476248928, 51.25717326447147],
          [-0.22916752710328, 51.25709782464762],
          [-0.228892313978273, 51.256949781137706],
          [-0.228714756441916, 51.256908428077935],
          [-0.228614269327014, 51.25687543426345],
          [-0.2285424291982, 51.25684287353481],
          [-0.228473972173294, 51.256796874865195],
          [-0.228426965816039, 51.25675209980276],
          [-0.228402358614544, 51.25672115250122],
          [-0.228357875047155, 51.25661076883035],
          [-0.22836086243227, 51.2565703468472],
          [-0.22835572056183, 51.2565549814937],
          [-0.228332096597599, 51.25653573955516],
          [-0.228271819511522, 51.25650065569676],
          [-0.228206969049052, 51.256472696799115],
          [-0.228160220545671, 51.25645850070401],
          [-0.227842988654874, 51.256397048244594],
          [-0.227344558475925, 51.256351737911665],
          [-0.227006837675485, 51.256152384646256],
          [-0.226744208369606, 51.255901110006384],
          [-0.22672899004638, 51.25566347205723],
          [-0.226300410483265, 51.254622821566],
          [-0.22598004159442, 51.25378704315346],
          [-0.227373090364085, 51.253449322954054],
          [-0.227289384128282, 51.25316658430482],
          [-0.227555150910494, 51.25300064383057],
          [-0.22795609737338, 51.25282235958176],
          [-0.227809615129088, 51.25219694859875],
          [-0.227813723751934, 51.252164637001336],
          [-0.22790736042975, 51.25136929945238],
          [-0.22860992941764, 51.2511353252262],
          [-0.228882251054899, 51.25105940831808],
          [-0.229354142411594, 51.25101078824688],
          [-0.229383698233399, 51.25109936355802],
          [-0.229419640535156, 51.2510963098132],
          [-0.229595849580405, 51.25106030476581],
          [-0.22983491876921, 51.25099197649833],
          [-0.230200897878846, 51.25086531436391],
          [-0.230302391585146, 51.250834474189546],
          [-0.230433442852324, 51.250817569547536],
          [-0.231080159200108, 51.25091816474666],
          [-0.231410384542769, 51.25090156909362],
          [-0.231485374358452, 51.250889212362324],
          [-0.231518018347574, 51.250785390000125],
          [-0.231545002538427, 51.250679683635894],
          [-0.231517873125213, 51.250490427168735],
          [-0.231395621000897, 51.25042743053169],
          [-0.23150532410096, 51.25033196539966],
          [-0.23154080815047, 51.250042035558884],
          [-0.230923193238479, 51.249930191083656],
          [-0.229573783116268, 51.24962023433708],
          [-0.22830265518164, 51.24936180527541],
          [-0.227740445168959, 51.24922560198183],
          [-0.227650706112172, 51.2492116541323],
          [-0.227560725209431, 51.24920399748656],
          [-0.227456146788637, 51.249203314054355],
          [-0.22726369136926, 51.24921478957738],
          [-0.226566289629031, 51.24920333215877],
          [-0.22633838688495, 51.248869846378334],
          [-0.226499789957608, 51.248324631023976],
          [-0.226516931579592, 51.24821427954793],
          [-0.226516369593881, 51.24811714913454],
          [-0.226496519302266, 51.247999942538215],
          [-0.226490932030484, 51.24773547050909],
          [-0.226543776767686, 51.24755371753817],
          [-0.227009679013031, 51.24754818200767],
          [-0.227172069368466, 51.247573122282176],
          [-0.227300643477282, 51.247583162038126],
          [-0.227419538820406, 51.247584062391],
          [-0.227524424597705, 51.24757665710256],
          [-0.227631122495106, 51.247559387104154],
          [-0.227723707061959, 51.247536507773155],
          [-0.227966315260824, 51.24745025131661],
          [-0.228312718328713, 51.24742221905268],
          [-0.228397209482161, 51.24742349721923],
          [-0.229091392362799, 51.247480758718446],
          [-0.229526011727741, 51.247580854666055],
          [-0.229604172000413, 51.24748581375517],
          [-0.229690130998231, 51.24733693415158],
          [-0.229747724589122, 51.247180431520825],
          [-0.229761700361042, 51.24711499566011],
          [-0.229764168186663, 51.247013414821],
          [-0.229735752367269, 51.24689518017819],
          [-0.229713478488484, 51.24684088693944],
          [-0.229675555817332, 51.24678365930871],
          [-0.229575090099299, 51.246676026006305],
          [-0.229472537854222, 51.246510807408484],
          [-0.229215436686949, 51.24604199442287],
          [-0.229238765557125, 51.24588227605441],
          [-0.229234833832482, 51.24576081434198],
          [-0.229258127950417, 51.24560199471799],
          [-0.229253202096931, 51.24505875749064],
          [-0.229679311386403, 51.24508138700459],
          [-0.229842867951133, 51.245075765996646],
          [-0.229888932934157, 51.24507016738629],
          [-0.229929580536579, 51.245056393389454],
          [-0.229992604969749, 51.24501957643619],
          [-0.230127485888585, 51.24464122144037],
          [-0.230240471180416, 51.24427332671448],
          [-0.230283239374562, 51.2441669592565],
          [-0.230440717515134, 51.2439463187274],
          [-0.230740178570755, 51.243610018243],
          [-0.231801516412273, 51.24223666918194],
          [-0.23169366457943, 51.24202280797667],
          [-0.231587735287606, 51.241945667571166],
          [-0.23140637622615, 51.241743285327324],
          [-0.231295111668563, 51.24154376020748],
          [-0.23112905793389, 51.24135329948164],
          [-0.231010188088596, 51.24116534995757],
          [-0.230912261360483, 51.2409543351058],
          [-0.230974552032459, 51.240861749768435],
          [-0.230811935790248, 51.24069382277651],
          [-0.230670055961733, 51.24050822302842],
          [-0.230639329849035, 51.240450203935666],
          [-0.230616211156851, 51.2403806089833],
          [-0.230607514314305, 51.24030853408966],
          [-0.230617224500448, 51.2402421331233],
          [-0.230636578283923, 51.24018577011614],
          [-0.230691226685274, 51.240105659543794],
          [-0.231038594501754, 51.239752090251116],
          [-0.23143893768004, 51.23947396155179],
          [-0.23200932635193, 51.239094980745634],
          [-0.232164108324081, 51.238981309135625],
          [-0.232421299089124, 51.2387747576909],
          [-0.232841016359569, 51.238514003487],
          [-0.233411010184883, 51.23821954373322],
          [-0.233531099963958, 51.23815121085994],
          [-0.233736709572963, 51.238019418992494],
          [-0.234194170941824, 51.237895022721034],
          [-0.235017269606915, 51.23768710718043],
          [-0.236111557924082, 51.23743021192341],
          [-0.236233336942707, 51.23739247750454],
          [-0.236381780562894, 51.23733176299074],
          [-0.2367099589347, 51.23721620038284],
          [-0.236893301927386, 51.23717939236979],
          [-0.237013338816258, 51.237149724549504],
          [-0.237268519393112, 51.23706993225822],
          [-0.237521546319793, 51.23700899213011],
          [-0.237644239859862, 51.236984759411634],
          [-0.23770325014923, 51.23697755394345],
          [-0.237773577008153, 51.23697411592754],
          [-0.237879422698703, 51.23697840673512],
          [-0.237934779936924, 51.236991829882236],
          [-0.237995452251336, 51.23701612448364],
          [-0.238044258795967, 51.23705103199949],
          [-0.238096365231044, 51.23711206860267],
          [-0.238265909236651, 51.237173972884804],
          [-0.23866800501581, 51.237260958251426],
          [-0.238875839452136, 51.237295559568274],
          [-0.238948652831701, 51.23730205044309],
          [-0.239028899436818, 51.23730145873213],
          [-0.239532549966609, 51.23724248459965],
          [-0.23973351771517, 51.237194246365156],
          [-0.240088170131641, 51.23709795750336],
          [-0.240580450370311, 51.237111650568266],
          [-0.240985333449184, 51.23708805703474],
          [-0.241225484793487, 51.236951375115275],
          [-0.241424668074029, 51.23694987032574],
          [-0.241690012766984, 51.23697903532046],
          [-0.241962489014769, 51.23697143587195],
          [-0.242002886028804, 51.23696394877902],
          [-0.242105669840941, 51.23693581532875],
          [-0.242399572575164, 51.236817024528335],
          [-0.242501671049405, 51.23680686625794],
          [-0.24254932923698, 51.23679679009546],
          [-0.242658421313048, 51.23675346291431],
          [-0.242734645654179, 51.23674561398432],
          [-0.242784687933114, 51.23674816357164],
          [-0.242858693174765, 51.236760964935755],
          [-0.243350337547762, 51.23667841278945],
          [-0.243700057059633, 51.236673766710645],
          [-0.244098089202101, 51.236604195924635],
          [-0.244857045148906, 51.236310715543674],
          [-0.244904809249643, 51.23626017198016],
          [-0.244951077439639, 51.23617363438321],
          [-0.244994511950144, 51.2361239251794],
          [-0.245130366690583, 51.236017147295726],
          [-0.245219820804695, 51.235962731977985],
          [-0.245311561010085, 51.23588586860912],
          [-0.24533869912944, 51.23585030370368],
          [-0.245370948760915, 51.23583100260614],
          [-0.245476523141141, 51.235804706648764],
          [-0.245505738369683, 51.235789856494826],
          [-0.245543308380618, 51.235743656381075],
          [-0.245578292106531, 51.235652453017536],
          [-0.245605703302705, 51.235609697827414],
          [-0.245669867618015, 51.235504543024746],
          [-0.245531957391177, 51.23540175619084],
          [-0.245494497870286, 51.23536971974372],
          [-0.245485159594135, 51.235351594018354],
          [-0.24548594572282, 51.23533092213273],
          [-0.245551849200561, 51.23521769984425],
          [-0.245653612884433, 51.23510321624695],
          [-0.245811747774146, 51.23508849899831],
          [-0.245843077573512, 51.23505569465143],
          [-0.245905022944843, 51.23497119014946],
          [-0.245934138469639, 51.23492126610235],
          [-0.245966325753377, 51.2348282221577],
          [-0.246014661153362, 51.234837939137684],
          [-0.246118657927811, 51.234890756493655],
          [-0.246139962311887, 51.234895572064175],
          [-0.246178686035882, 51.23489435352426],
          [-0.246216251395671, 51.23488592330372],
          [-0.246258863392053, 51.23485778428778],
          [-0.246335739438639, 51.2347573159877],
          [-0.246366522054854, 51.23473889194612],
          [-0.246463332543691, 51.234716960324995],
          [-0.246482354244787, 51.23470645372401],
          [-0.24650308088503, 51.23468877833634],
          [-0.246514673916071, 51.234647584631006],
          [-0.246464642753993, 51.23453172628175],
          [-0.246463726510817, 51.23448045304939],
          [-0.246473443781572, 51.234450922020365],
          [-0.246482546175372, 51.234437568995915],
          [-0.246621529092826, 51.234323641999374],
          [-0.246716670675312, 51.234270210052046],
          [-0.246795073338558, 51.23424260678638],
          [-0.246823945636732, 51.23423674408004],
          [-0.246988689159909, 51.234236512870666],
          [-0.24706525017684, 51.234219673328],
          [-0.247098724733607, 51.23420578585076],
          [-0.247145869571341, 51.234171419359626],
          [-0.247181526924869, 51.23413778016811],
          [-0.247183504907008, 51.23412342114704],
          [-0.247174234497874, 51.23410349799565],
          [-0.247153408403561, 51.234086099716315],
          [-0.247116697517775, 51.23407206078142],
          [-0.246906252009538, 51.233955599527434],
          [-0.246874348523877, 51.23392814314957],
          [-0.246853898284534, 51.23390085825552],
          [-0.24684057216865, 51.233874579319625],
          [-0.246801249321472, 51.23362758027136],
          [-0.246874265107411, 51.23359090267524],
          [-0.246936679032958, 51.23356935452369],
          [-0.247147917045537, 51.233514062204996],
          [-0.247198809373492, 51.23349414003948],
          [-0.247283516620687, 51.2334513420729],
          [-0.247371769467961, 51.233390610972585],
          [-0.24752046072205, 51.23324714887674],
          [-0.247541390703754, 51.23322408016288],
          [-0.247660906465468, 51.232981257380125],
          [-0.247767811798621, 51.23265550947058],
          [-0.247792525712504, 51.23260821604547],
          [-0.247861586550211, 51.2325247146891],
          [-0.247935520762018, 51.23246376891063],
          [-0.248065593400021, 51.232433340287265],
          [-0.248263836440399, 51.232456091336836],
          [-0.248420393225283, 51.23244494402986],
          [-0.248643553516777, 51.23245277898575],
          [-0.248909084049132, 51.23228768095391],
          [-0.248936762340534, 51.23219996282174],
          [-0.248963315501197, 51.23214190499229],
          [-0.249010388214795, 51.232071563744896],
          [-0.249243397634594, 51.231932957830274],
          [-0.249342484185021, 51.231888574851865],
          [-0.249361776536079, 51.231870877187546],
          [-0.249419210297181, 51.231791697643615],
          [-0.249433219293554, 51.23176222997769],
          [-0.249465463477114, 51.231629614652135],
          [-0.249540654830365, 51.231497641448435],
          [-0.249632070469632, 51.23139109136412],
          [-0.249741550916659, 51.23129920019286],
          [-0.249801368936572, 51.23119487552447],
          [-0.249903145043106, 51.231079487055084],
          [-0.249913813368883, 51.231062559697016],
          [-0.249934705352739, 51.23092707663908],
          [-0.24992468385715, 51.2308891559395],
          [-0.249905459733945, 51.230867285199515],
          [-0.249645255339213, 51.23070331855991],
          [-0.249589662973077, 51.230658421342916],
          [-0.249379973895888, 51.23044664674127],
          [-0.249226150829832, 51.230121495158485],
          [-0.249022090139976, 51.22979918918257],
          [-0.248972600720816, 51.22970671961935],
          [-0.248863773126555, 51.22940382380815],
          [-0.248782895165067, 51.229119332106954],
          [-0.248817694754879, 51.22907039074185],
          [-0.248850210518732, 51.229043897896],
          [-0.248920422518297, 51.2290053785884],
          [-0.250009312859237, 51.228732083819054],
          [-0.250111186575298, 51.22868954057162],
          [-0.250168820147116, 51.228642738755475],
          [-0.250217114432652, 51.22857781117621],
          [-0.250268781581352, 51.22846167347723],
          [-0.250210668061429, 51.228369974844476],
          [-0.250090521987971, 51.22817662651468],
          [-0.250050167411432, 51.228145446839214],
          [-0.249983841956617, 51.22811927476043],
          [-0.249843932260911, 51.22810729080156],
          [-0.24976782566126, 51.22811244812916],
          [-0.249719257769138, 51.22810902407115],
          [-0.249669633212741, 51.228095691811596],
          [-0.249624541619761, 51.22807613215468],
          [-0.249578631935841, 51.228040372711696],
          [-0.249386916651691, 51.22795926619401],
          [-0.249348607632719, 51.227911929316505],
          [-0.249339746050193, 51.22788122033713],
          [-0.24934911850583, 51.22782290550064],
          [-0.249405967543819, 51.227721234561486],
          [-0.249428393623113, 51.22769638930457],
          [-0.24946370281663, 51.22767173669193],
          [-0.249497205680729, 51.22765694944251],
          [-0.249572254909091, 51.227641884108664],
          [-0.250039419436101, 51.22752206613614],
          [-0.250208841271312, 51.2274733381137],
          [-0.250291524085601, 51.227445796123654],
          [-0.250371582304927, 51.22741191969843],
          [-0.250473725192735, 51.227362185744546],
          [-0.250526381252917, 51.227333295533725],
          [-0.250686972303797, 51.227215188203694],
          [-0.250729095874869, 51.22716185921968],
          [-0.25073577508005, 51.227136778421844],
          [-0.250728002337613, 51.22707730799361],
          [-0.250644736611452, 51.226969046160825],
          [-0.250612494578191, 51.226950578195975],
          [-0.250541399426393, 51.226936925430586],
          [-0.25034583838149, 51.22695738469119],
          [-0.250267415814141, 51.226948118778154],
          [-0.25022784645966, 51.226934037721016],
          [-0.250199898931384, 51.22691563383001],
          [-0.250070759972851, 51.22677071355907],
          [-0.250049492119014, 51.226727228868974],
          [-0.250043186561492, 51.22670465191891],
          [-0.250038753032233, 51.22655709919887],
          [-0.250148557352469, 51.226267364953905],
          [-0.250247387670838, 51.226040418115566],
          [-0.250254748137859, 51.225997361370254],
          [-0.250244010255091, 51.22590277356786],
          [-0.250172572737695, 51.22574702482076],
          [-0.250007616616482, 51.22552692639925],
          [-0.249957619361249, 51.22548570992954],
          [-0.249898693190902, 51.22545335306032],
          [-0.249857761977691, 51.22543745281113],
          [-0.249565417940368, 51.22547984581998],
          [-0.249497495128523, 51.22549591703823],
          [-0.249440034991322, 51.22550045363222],
          [-0.249341507460179, 51.22549268497722],
          [-0.249202457906106, 51.225458230141],
          [-0.249174579846083, 51.22543802832345],
          [-0.249129286570026, 51.225386090112835],
          [-0.249100897388801, 51.22534159921969],
          [-0.249094353915851, 51.225325313737464],
          [-0.249091695761874, 51.22513102267397],
          [-0.249061330224537, 51.224987577928644],
          [-0.249039212152922, 51.22492879183212],
          [-0.249031135205752, 51.224877410253036],
          [-0.249042041057118, 51.224778649101346],
          [-0.249162275774343, 51.22447827878979],
          [-0.24918725625806, 51.22438602331573],
          [-0.249182825806012, 51.22435178320548],
          [-0.249155459547432, 51.224280328263916],
          [-0.24913248969201, 51.22424401223058],
          [-0.249088833422091, 51.22422447369674],
          [-0.249001043849814, 51.22419797980827],
          [-0.248907085890418, 51.22418308463203],
          [-0.248804199034274, 51.224177048920815],
          [-0.24871378531659, 51.22418199146995],
          [-0.248670572081352, 51.22418853944843],
          [-0.248521302001528, 51.224234868923745],
          [-0.248073729529156, 51.2243297934927],
          [-0.247698508759291, 51.22436734418007],
          [-0.24760294900179, 51.224356920537126],
          [-0.247549239691417, 51.22433813024021],
          [-0.247485137039222, 51.22429130564846],
          [-0.247191247517889, 51.22392178471076],
          [-0.247110211770091, 51.22379286896122],
          [-0.247072897919574, 51.22371946592394],
          [-0.246974454901044, 51.223445500163166],
          [-0.246925689179607, 51.223409696676654],
          [-0.246889088900098, 51.22339296091938],
          [-0.246806856873465, 51.22337104516034],
          [-0.246578356887636, 51.22335413295098],
          [-0.246547889548322, 51.22336446831498],
          [-0.246486952714741, 51.223422910094364],
          [-0.246449870471699, 51.22349429956273],
          [-0.246444038463645, 51.22357245234706],
          [-0.246489143611153, 51.22385551200871],
          [-0.246459932312605, 51.2239459049351],
          [-0.246435665593053, 51.22398151389319],
          [-0.246354006302174, 51.22405763141018],
          [-0.246303941070745, 51.22409375316093],
          [-0.246195700186614, 51.22415328471718],
          [-0.246101433590058, 51.22418424757041],
          [-0.245838401492736, 51.22424685529772],
          [-0.245739430675878, 51.224288539109985],
          [-0.245702759083449, 51.22431137164536],
          [-0.245585379555627, 51.22442292578028],
          [-0.245522328667353, 51.22446155051042],
          [-0.245415008019635, 51.224496813717295],
          [-0.245013981983302, 51.22457263942521],
          [-0.244992682378881, 51.2245678235292],
          [-0.24492115195147, 51.22452808065736],
          [-0.244879987614459, 51.22448069923422],
          [-0.244870890492233, 51.2244562814089],
          [-0.244877449595839, 51.22428371183288],
          [-0.244869852185471, 51.22425751786852],
          [-0.244850055882643, 51.22421315475278],
          [-0.244821534879712, 51.22417225806244],
          [-0.244800884579559, 51.224150364935625],
          [-0.244728367748617, 51.224098916091286],
          [-0.244715690628271, 51.22409333012473],
          [-0.244319545889502, 51.22411616722241],
          [-0.244290645592746, 51.22412292825625],
          [-0.244241262181674, 51.22414107311416],
          [-0.244201522237676, 51.224169255032585],
          [-0.244181547716092, 51.2242049279108],
          [-0.244177454707797, 51.22423724175532],
          [-0.244197421248127, 51.22427711098033],
          [-0.244431695672257, 51.22451894245577],
          [-0.244423342898578, 51.2245502931088],
          [-0.24439222119017, 51.224615476139405],
          [-0.24437238330197, 51.22464755384876],
          [-0.244348900575298, 51.224662489959144],
          [-0.244322691799772, 51.224673787930165],
          [-0.24425343959257, 51.224687138232454],
          [-0.244031608345135, 51.22472068257865],
          [-0.243834627035811, 51.224703338528776],
          [-0.243635330139395, 51.22467157040822],
          [-0.24346227207405, 51.22466537642357],
          [-0.243368960017304, 51.22467117066748],
          [-0.24332577980892, 51.22467681785944],
          [-0.24290140252318, 51.22476397697026],
          [-0.242580187814027, 51.224586486974864],
          [-0.242542538499122, 51.224522070557335],
          [-0.24253382425141, 51.22444999474198],
          [-0.242556902302335, 51.224408073549085],
          [-0.24289628508087, 51.22429625778763],
          [-0.242938615022483, 51.22427530968391],
          [-0.242976753475291, 51.22425160071427],
          [-0.243003509500523, 51.224225922261375],
          [-0.243015917825493, 51.22420092776226],
          [-0.243016875364753, 51.22417576139067],
          [-0.242967511412725, 51.22404282153957],
          [-0.242915006423565, 51.22395480013141],
          [-0.242892554647345, 51.22390500093899],
          [-0.24285372366735, 51.223758729452804],
          [-0.242832190366758, 51.22372243371928],
          [-0.242771332269588, 51.223665762781856],
          [-0.242684886641275, 51.223566439999146],
          [-0.242606829377594, 51.22343486783846],
          [-0.242566176144186, 51.22341177468636],
          [-0.242522249830461, 51.223399424127415],
          [-0.242463668247711, 51.22339584663695],
          [-0.242404607752454, 51.223404852300526],
          [-0.242353656233047, 51.223426570068014],
          [-0.242324277149365, 51.223445913801044],
          [-0.24231967528513, 51.22345393851324],
          [-0.242311207615428, 51.22356352748309],
          [-0.242287274501389, 51.22362791860319],
          [-0.242210787018753, 51.223718499917624],
          [-0.242177113691019, 51.2237377791292],
          [-0.242148179117899, 51.223745438432],
          [-0.242108033377939, 51.22374663417851],
          [-0.242069626909769, 51.22373976221936],
          [-0.24201340012165, 51.22371193843327],
          [-0.241633596163513, 51.22364418127314],
          [-0.241589224965196, 51.22364351474353],
          [-0.241533095103887, 51.22365076536741],
          [-0.24144741449352, 51.22368185346241],
          [-0.241226621716726, 51.22383861389353],
          [-0.241195913266357, 51.22385523943411],
          [-0.241139235348725, 51.223876870635415],
          [-0.241088693542964, 51.22388780226158],
          [-0.241034165828068, 51.22389058015897],
          [-0.240967029979405, 51.223885974067166],
          [-0.240907222015869, 51.22387698149548],
          [-0.240823594975976, 51.22385414124532],
          [-0.240716628358865, 51.223804870095954],
          [-0.240487355945104, 51.223545119979974],
          [-0.240444457487708, 51.223505804710705],
          [-0.240357023977776, 51.223432545396975],
          [-0.240308160707302, 51.223399435598694],
          [-0.240203784315434, 51.223357397409],
          [-0.240132458134815, 51.22335002989933],
          [-0.240044736639796, 51.22335950278257],
          [-0.240007077028804, 51.223370627625116],
          [-0.239708483189272, 51.22350193397454],
          [-0.239591449590454, 51.22352895197492],
          [-0.239513815453624, 51.223536777539294],
          [-0.239386359084303, 51.22353665919936],
          [-0.239068442010007, 51.223498602496356],
          [-0.238974934437857, 51.22347201502694],
          [-0.23891145043416, 51.223446778496886],
          [-0.238807692249543, 51.22338856072702],
          [-0.238522268536648, 51.22328714020252],
          [-0.238414011545768, 51.22323425025622],
          [-0.238273820184047, 51.22319257065873],
          [-0.238074636693185, 51.223158096774554],
          [-0.237989958315053, 51.22312534621663],
          [-0.237933160833567, 51.223075029038554],
          [-0.237895519198267, 51.2230106111899],
          [-0.237674252681774, 51.22284180656059],
          [-0.23759955996639, 51.222810105365376],
          [-0.237562586277419, 51.22280325349033],
          [-0.237455067270124, 51.22280613115795],
          [-0.237333578317201, 51.22279980523351],
          [-0.23714805834298, 51.22278262245427],
          [-0.236970038139209, 51.22275655920753],
          [-0.236887640528743, 51.222739130515606],
          [-0.236796459306629, 51.22268919418889],
          [-0.236603402160503, 51.22256937531944],
          [-0.2364163251331, 51.222517994018844],
          [-0.236029726441772, 51.22244112306],
          [-0.235733930680469, 51.222424074796834],
          [-0.235581366785515, 51.22240648691983],
          [-0.235495936062905, 51.2223935080878],
          [-0.235388223012793, 51.22236400565062],
          [-0.235368597156062, 51.22235291802994],
          [-0.235345261312399, 51.222326486151545],
          [-0.235339238264705, 51.22229671801489],
          [-0.235345753315382, 51.22227613202765],
          [-0.235372443673192, 51.22225225293511],
          [-0.235690300405428, 51.22210416100183],
          [-0.235787466374092, 51.22207235090356],
          [-0.235928703442992, 51.22201152756795],
          [-0.236039355350733, 51.221889089864554],
          [-0.236053335349481, 51.22186052251212],
          [-0.236060055997127, 51.22183454370428],
          [-0.23604807776044, 51.22177320989932],
          [-0.236009959145418, 51.22172137461144],
          [-0.235980451876816, 51.221706540927634],
          [-0.23594365097756, 51.221695194572],
          [-0.235792451984895, 51.221679426153756],
          [-0.235694415860502, 51.22165906296822],
          [-0.23561226106418, 51.22163534183013],
          [-0.235550178353986, 51.221611023883284],
          [-0.23549532069425, 51.22158501618846],
          [-0.235410005647532, 51.22153156992869],
          [-0.235316584069571, 51.22146541100681],
          [-0.23528047042047, 51.22143608853404],
          [-0.23514559985716, 51.22129286294058],
          [-0.235098311229432, 51.22125617741434],
          [-0.23495391532926, 51.221174860597436],
          [-0.234877532654091, 51.22111255549823],
          [-0.23484861012677, 51.22108244202061],
          [-0.234832202526142, 51.22102463854006],
          [-0.234834160632729, 51.22097340720056],
          [-0.234846480936595, 51.22091333898356],
          [-0.234857598882895, 51.22088472860546],
          [-0.234988230865091, 51.22072662061867],
          [-0.2350127450036, 51.22068472252162],
          [-0.235035358388756, 51.220617614981585],
          [-0.235154699163036, 51.220380196976556],
          [-0.235209268620594, 51.22033875198482],
          [-0.235247338988272, 51.22031684311876],
          [-0.235350432403052, 51.22027972687436],
          [-0.235741486226759, 51.22020198542383],
          [-0.235829683177474, 51.22017993256462],
          [-0.235902479969432, 51.220148654411815],
          [-0.235961342134275, 51.220107273766715],
          [-0.235989702418695, 51.2200771245045],
          [-0.236003544557498, 51.22005215232876],
          [-0.236010367931273, 51.2200234771252],
          [-0.236005258454289, 51.21989479829505],
          [-0.235991976232681, 51.219867618725814],
          [-0.235949359599715, 51.21982111149068],
          [-0.235910453051088, 51.21978994848343],
          [-0.235595093120925, 51.21961072849029],
          [-0.235559667448364, 51.2195634301878],
          [-0.235555625165504, 51.219519302888635],
          [-0.235605279998159, 51.21938155707406],
          [-0.235646932800772, 51.219340816492924],
          [-0.235656240978526, 51.219322071209895],
          [-0.235658633539596, 51.21929692649166],
          [-0.23564586670772, 51.219256264942885],
          [-0.235629619490643, 51.21923173857702],
          [-0.235316612586404, 51.2191784571777],
          [-0.235176528070566, 51.21917184861572],
          [-0.235086844203648, 51.219157906011034],
          [-0.234855438758868, 51.21914272560106],
          [-0.234804190930241, 51.21913475828687],
          [-0.234716144574162, 51.21911544424292],
          [-0.234635700812921, 51.219084553712115],
          [-0.234596417871709, 51.219063277047425],
          [-0.23455918455055, 51.21902584363458],
          [-0.234524951073547, 51.21898485819937],
          [-0.234532004880352, 51.218875248309075],
          [-0.234617430345471, 51.21866339932634],
          [-0.234643580962125, 51.218616130085174],
          [-0.234934440086942, 51.21853688011148],
          [-0.235049219485202, 51.21849364515898],
          [-0.235092978700495, 51.21847272143553],
          [-0.235199456776574, 51.21838439547986],
          [-0.235214661287012, 51.21836124255946],
          [-0.235221587898625, 51.21832987100841],
          [-0.235211374935707, 51.21829734173166],
          [-0.235181057091738, 51.218266307957414],
          [-0.235137618472109, 51.218241371542675],
          [-0.235052538988177, 51.21821940449977],
          [-0.234494891862769, 51.21823527643505],
          [-0.234303350032571, 51.21792662060002],
          [-0.234174778955032, 51.21773132863156],
          [-0.234147736816512, 51.217689552245595],
          [-0.234038628761958, 51.21758448512529],
          [-0.233913943130265, 51.21728762899245],
          [-0.233834971107545, 51.21714344665302],
          [-0.233826224829645, 51.21711004012954],
          [-0.233820365375368, 51.2170011349253],
          [-0.23380794439036, 51.21695148533128],
          [-0.233740628268993, 51.2168020830652],
          [-0.233935880057463, 51.21667642741586],
          [-0.234092319188532, 51.21655468247702],
          [-0.234095628084367, 51.21654304133441],
          [-0.234085072647822, 51.21651949997071],
          [-0.234039186396864, 51.21648373452689],
          [-0.233818787088375, 51.216405766303055],
          [-0.233796405015386, 51.21639193890171],
          [-0.233779884811896, 51.21637460269529],
          [-0.233764258163592, 51.21633389784549],
          [-0.233828721208429, 51.21603360083304],
          [-0.233872719102834, 51.21600638599904],
          [-0.233983543354453, 51.21595409932578],
          [-0.23415436974582, 51.21590541567599],
          [-0.234294055549031, 51.215847268916555],
          [-0.234332122536217, 51.215825360320814],
          [-0.234346685649668, 51.21578151368148],
          [-0.234253014091042, 51.21568477357038],
          [-0.234214043402165, 51.215655407695124],
          [-0.234111636496168, 51.215599904067595],
          [-0.233940916407919, 51.21553347725047],
          [-0.233881979797385, 51.215502011398094],
          [-0.233810347735963, 51.215428086267295],
          [-0.233779460752858, 51.215374560776226],
          [-0.233761453417695, 51.215321229619626],
          [-0.233759587898766, 51.21529512140517],
          [-0.2338029910703, 51.215208542991626],
          [-0.233899308855256, 51.21512366226048],
          [-0.23396095956697, 51.21508412336114],
          [-0.234337730197763, 51.21489195849236],
          [-0.234761344366538, 51.214710391297324],
          [-0.234798047816131, 51.21468666336331],
          [-0.234824974325851, 51.214656492792884],
          [-0.234840521141699, 51.21462435198611],
          [-0.234844653941894, 51.21459113974248],
          [-0.234836182115948, 51.214550542920385],
          [-0.234825626731228, 51.21452700161667],
          [-0.234784710430253, 51.214511096272616],
          [-0.234668567338954, 51.21447786878111],
          [-0.234180138167068, 51.21436977851423],
          [-0.234113028961554, 51.214327397724716],
          [-0.234047385271364, 51.21428413969304],
          [-0.234028038011317, 51.21426586154893],
          [-0.234002051009486, 51.21423399353576],
          [-0.233959281771342, 51.21415420873962],
          [-0.233832128776185, 51.21403448026992],
          [-0.233784607970251, 51.21400408591324],
          [-0.233728329272442, 51.21397805594836],
          [-0.233328106169938, 51.21381013976364],
          [-0.233273740218682, 51.213771548065935],
          [-0.233252459549109, 51.21372895916037],
          [-0.233255359629858, 51.21361568951107],
          [-0.23302220372696, 51.21342241508193],
          [-0.232914010467912, 51.21336862163309],
          [-0.232872820830657, 51.213359905986394],
          [-0.232792856635548, 51.2133542021797],
          [-0.232712514237681, 51.21335838505065],
          [-0.232628862809018, 51.21337420897204],
          [-0.232581158323864, 51.21338607905281],
          [-0.232391152115319, 51.21344975907401],
          [-0.232320757766834, 51.213455890528216],
          [-0.232270878965843, 51.21344974138738],
          [-0.231660151106635, 51.21324536559679],
          [-0.231567721185883, 51.21322868086904],
          [-0.231526222278261, 51.21322805389138],
          [-0.23144270833489, 51.213240281790114],
          [-0.231234201449169, 51.21330098246657],
          [-0.231154773808729, 51.2133186677871],
          [-0.231035174862388, 51.21333844390493],
          [-0.230898541489539, 51.2133543651942],
          [-0.230798199367498, 51.213357345163466],
          [-0.230506929469766, 51.21333585539776],
          [-0.230416279477878, 51.213384846528584],
          [-0.230260082763748, 51.21350029507721],
          [-0.230025612158518, 51.21364063992692],
          [-0.229957907057366, 51.21365130719203],
          [-0.229714998846627, 51.21367551242958],
          [-0.229379591496755, 51.213684828287455],
          [-0.229329678422765, 51.213679576686346],
          [-0.229073181070724, 51.21361004644701],
          [-0.228651912224278, 51.21354341814573],
          [-0.22862172327264, 51.21354655854501],
          [-0.228493157523858, 51.21357608881921],
          [-0.228376677865481, 51.213626486087406],
          [-0.228354592301521, 51.21364233945211],
          [-0.228339420468034, 51.21366459265024],
          [-0.228309059978872, 51.213746869945474],
          [-0.228276405706433, 51.213776952340886],
          [-0.228242665103572, 51.21379802515082],
          [-0.228191890211174, 51.213815242852235],
          [-0.228115236680239, 51.213872537894076],
          [-0.228032634564265, 51.21389826686862],
          [-0.227940049724304, 51.21392294534304],
          [-0.22760245062818, 51.21395200782607],
          [-0.227322937187485, 51.213922594336694],
          [-0.227240421197924, 51.21390875426895],
          [-0.227183698010536, 51.213894405478186],
          [-0.227099423932199, 51.21385176065397],
          [-0.22705225282305, 51.21381237570087],
          [-0.227028995014541, 51.21378414470367],
          [-0.227008686100605, 51.21371638857729],
          [-0.227254458644257, 51.213617589319696],
          [-0.22728823405174, 51.213595618006465],
          [-0.227310630373164, 51.21357167572675],
          [-0.2273245441205, 51.213544907039456],
          [-0.227324975590367, 51.21349635064795],
          [-0.227122447487571, 51.213363782170156],
          [-0.227018036999792, 51.213323530229005],
          [-0.226954125131314, 51.21330997174802],
          [-0.226846972948532, 51.21330385203615],
          [-0.226651736516639, 51.21331708198016],
          [-0.226556101338935, 51.21330933785842],
          [-0.226255334709659, 51.21327420390251],
          [-0.22593951798391, 51.21322085479622],
          [-0.22591120879906, 51.21321233190897],
          [-0.225886037753353, 51.21319666206975],
          [-0.225854609257475, 51.21315751522678],
          [-0.225797586254256, 51.212927325935034],
          [-0.22565763287998, 51.212768723925564],
          [-0.225070578227397, 51.21232185764212],
          [-0.225188350927969, 51.212275080516974],
          [-0.225260090945171, 51.21223390052421],
          [-0.225337055959301, 51.21216851823384],
          [-0.225843244355381, 51.21155206794028],
          [-0.225775663828394, 51.211522265541774],
          [-0.226214721376182, 51.21097584185618],
          [-0.226394936554788, 51.210794213374854],
          [-0.226458605208372, 51.21073942064214],
          [-0.226540944584652, 51.21068311213589],
          [-0.226710276907774, 51.21059844418338],
          [-0.227789527827708, 51.21023258141038],
          [-0.227866710076312, 51.210198676741605],
          [-0.22797944032564, 51.21013383420867],
          [-0.228632750246944, 51.20982356721123],
          [-0.228784440675891, 51.20978809155107],
          [-0.228839090025751, 51.20978172399719],
          [-0.229060516903758, 51.20983183869598],
          [-0.229358955402562, 51.20992718435477],
          [-0.22946751521872, 51.209971094273065],
          [-0.229535214949652, 51.20996042722962],
          [-0.230012123273514, 51.210106134204054],
          [-0.230300529919408, 51.21016445387948],
          [-0.230397418007164, 51.21017671048055],
          [-0.230823801416256, 51.210071641072034],
          [-0.230947822206978, 51.21004833477638],
          [-0.231206828848558, 51.21001447788149],
          [-0.231385512720273, 51.20994703147561],
          [-0.231492603006383, 51.20991717358822],
          [-0.231548820668429, 51.2099072312106],
          [-0.231680978812425, 51.20989573816061],
          [-0.231741523484802, 51.20988496174731],
          [-0.231927828355082, 51.209842810426345],
          [-0.232264836807784, 51.20975347266671],
          [-0.232427902627985, 51.20971996271732],
          [-0.232458432651046, 51.20970783336206],
          [-0.23248927211284, 51.20968761485012],
          [-0.232513094650678, 51.20966369311792],
          [-0.232522642694884, 51.209638656518806],
          [-0.232520034815598, 51.20959455077714],
          [-0.232506619946651, 51.20957096605582],
          [-0.232461257558673, 51.20952171812357],
          [-0.23246041120901, 51.20950641701302],
          [-0.232834709183765, 51.209452713947925],
          [-0.232859377899157, 51.20944409325055],
          [-0.232939588749483, 51.20940573440967],
          [-0.233298917672314, 51.209181833630325],
          [-0.233552196957566, 51.2090354709339],
          [-0.233564021874872, 51.209025756941564],
          [-0.23227859571884, 51.208233839615474],
          [-0.230724156626865, 51.2072525826495],
          [-0.231586146192032, 51.206912178446316],
          [-0.23196981352588, 51.20680016422913],
          [-0.232252463837405, 51.20670910602472],
          [-0.232528929713658, 51.20666741608257],
          [-0.23268700448143, 51.206651816698574],
          [-0.232785123390424, 51.20663171461798],
          [-0.232861849096408, 51.20660949083774],
          [-0.232951933062879, 51.20657487826693],
          [-0.233095196684314, 51.20653477322187],
          [-0.233649739301695, 51.20640914521961],
          [-0.234086736797638, 51.20632490833741],
          [-0.23428507791469, 51.20630451841456],
          [-0.234461201584146, 51.206303577956746],
          [-0.234869054742876, 51.206270159491794],
          [-0.2347587010463, 51.206085934301946],
          [-0.234677616077485, 51.205997477830806],
          [-0.234501105043374, 51.20582124770905],
          [-0.234358750230392, 51.205687800370896],
          [-0.234023119830712, 51.205404848518256],
          [-0.233717161272911, 51.205132235906994],
          [-0.233396942730934, 51.20493315108684],
          [-0.232671835612776, 51.20431606598011],
          [-0.231722043648719, 51.20467043995531],
          [-0.231602109632897, 51.20473697593866],
          [-0.231556381031069, 51.20477225764616],
          [-0.23152502849815, 51.204805957919525],
          [-0.231399397394773, 51.20498392273109],
          [-0.231068434391425, 51.20547714201019],
          [-0.230691733365067, 51.205743940805064],
          [-0.230521791874724, 51.205882564292104],
          [-0.23031727429003, 51.206101603146934],
          [-0.23016727723662, 51.20628009754838],
          [-0.230212722121783, 51.206364421032475],
          [-0.229975346319195, 51.206618935068704],
          [-0.229892329801581, 51.20669322211415],
          [-0.229712745596093, 51.20682180613602],
          [-0.229549002496377, 51.20694793155296],
          [-0.229447021164453, 51.206994052645015],
          [-0.22938477344884, 51.20701199663353],
          [-0.229265431408929, 51.207025479591266],
          [-0.229005060055827, 51.207020640962654],
          [-0.22870235050873, 51.20699987268331],
          [-0.228631189540472, 51.20698890329182],
          [-0.228425223331708, 51.20698398740525],
          [-0.228339237521924, 51.206986283182246],
          [-0.22828807338781, 51.206976515575406],
          [-0.22822046346571, 51.20694761337584],
          [-0.227974605791356, 51.20671366669848],
          [-0.227817201107354, 51.206599768429626],
          [-0.227598307995865, 51.206484039536804],
          [-0.227205775069964, 51.20630452691465],
          [-0.227093657974201, 51.206241675251256],
          [-0.226717816844371, 51.20600036101237],
          [-0.226598806852385, 51.20589333796288],
          [-0.226502827570542, 51.20578306649396],
          [-0.226248273032328, 51.205179365478166],
          [-0.226228647045837, 51.204907474651975],
          [-0.226235878335578, 51.20460721271488],
          [-0.226196330467346, 51.20418303553953],
          [-0.225935548240057, 51.20407746036963],
          [-0.225122546278649, 51.204037255843645],
          [-0.22498288955645, 51.2040207489138],
          [-0.2247710266657, 51.20398336171391],
          [-0.224486943286766, 51.203888221666425],
          [-0.224049978113108, 51.203860008632304],
          [-0.223697577050959, 51.203866352079345],
          [-0.223368737565452, 51.20389283707369],
          [-0.223051813554337, 51.203870039645935],
          [-0.22302851052582, 51.20332200216739],
          [-0.223011453348055, 51.203244401985515],
          [-0.222959839018288, 51.20313480105308],
          [-0.222943417732828, 51.20307789479199],
          [-0.22293132306631, 51.20302015490292],
          [-0.222937550635913, 51.2029698877327],
          [-0.222965777635546, 51.20286869353603],
          [-0.222987915279538, 51.202814171338325],
          [-0.223112929580459, 51.20269016500526],
          [-0.223169112579051, 51.20260648218485],
          [-0.223189819192167, 51.20255193822382],
          [-0.223201257638318, 51.20244059661838],
          [-0.223353064907064, 51.202029215463064],
          [-0.224743452940677, 51.20216722385033],
          [-0.224768913323715, 51.20213793257992],
          [-0.224803889747337, 51.202084504091694],
          [-0.224824248929707, 51.20203894774219],
          [-0.224882039741772, 51.201801505378334],
          [-0.225116587346968, 51.20128525748336],
          [-0.225076929112473, 51.200901547221044],
          [-0.225057215179324, 51.20081851113155],
          [-0.224998809986305, 51.200662043619204],
          [-0.224594819792435, 51.199962543216735],
          [-0.224468893649408, 51.19970073052304],
          [-0.224374209516619, 51.199557202111535],
          [-0.224258841990714, 51.19943044682439],
          [-0.224197954585521, 51.199338692060955],
          [-0.224160937931545, 51.199258990568715],
          [-0.224143154871267, 51.19920026517618],
          [-0.224119645541721, 51.198955294378386],
          [-0.224134958769903, 51.198594001479485],
          [-0.224153329570985, 51.19837664560814],
          [-0.224144687720774, 51.19822902656189],
          [-0.223831574662397, 51.197325857888394],
          [-0.223810502834329, 51.19724100233006],
          [-0.223733607679619, 51.1967092384335],
          [-0.223707934005722, 51.196632406858875],
          [-0.223664571571887, 51.19619647937383],
          [-0.22360797252504, 51.19599327403358],
          [-0.223585001897218, 51.195957852028386],
          [-0.222912647622265, 51.19583702916143],
          [-0.221619318032022, 51.195934295712526],
          [-0.221404715740042, 51.19593193400588],
          [-0.221385151523555, 51.195956817571705],
          [-0.221357142907084, 51.195977975537005],
          [-0.221317828979705, 51.195995364417634],
          [-0.221087503721922, 51.1960296351791],
          [-0.220989484022878, 51.19608480228051],
          [-0.220974383847398, 51.1961052570463],
          [-0.220973415266967, 51.19613042319993],
          [-0.22098001407955, 51.196144912575534],
          [-0.221066708458522, 51.19623526269836],
          [-0.221068635436807, 51.1962595735461],
          [-0.221059257084225, 51.1962801152907],
          [-0.221029817657894, 51.19630125142946],
          [-0.221002097598971, 51.19635209115551],
          [-0.220998371871562, 51.19637451744876],
          [-0.22100543261732, 51.19641419471889],
          [-0.221022887152284, 51.19644413748596],
          [-0.221067243871726, 51.196481683687296],
          [-0.221304254687801, 51.19660849230066],
          [-0.221319298160868, 51.196626707260144],
          [-0.221324293746479, 51.196645668834854],
          [-0.221320775664623, 51.19666270239125],
          [-0.221232261758385, 51.19676837590148],
          [-0.221224555963674, 51.19678264785897],
          [-0.221223738212638, 51.19684109102961],
          [-0.221235644063553, 51.19686645284841],
          [-0.221268453742855, 51.19690652142833],
          [-0.221303721827385, 51.19699429115483],
          [-0.22124569710669, 51.197088736903986],
          [-0.221231370012728, 51.197126290469754],
          [-0.221219834696021, 51.19716568509709],
          [-0.221205497648732, 51.197277881806336],
          [-0.221323363890371, 51.19730215602631],
          [-0.221393653104917, 51.19726095631477],
          [-0.221450306919489, 51.19723933432678],
          [-0.221513767307344, 51.19722680890988],
          [-0.221561181020181, 51.19722213347891],
          [-0.22166467323381, 51.19724798757162],
          [-0.221685750241312, 51.197258200305335],
          [-0.22170089780989, 51.19727371884447],
          [-0.221705962774809, 51.197290882821086],
          [-0.221699134256403, 51.19731955720704],
          [-0.221759533756593, 51.19753541161792],
          [-0.221718489663405, 51.19759774018295],
          [-0.221678621189113, 51.19762950982535],
          [-0.221602817124786, 51.19766523000868],
          [-0.221490615216307, 51.19767971276919],
          [-0.221268390263764, 51.197652054123694],
          [-0.221195607486254, 51.197646451387726],
          [-0.221084524682905, 51.19766904461828],
          [-0.22108334855641, 51.19769960351287],
          [-0.22109673188206, 51.19776096046997],
          [-0.221147943411692, 51.19784357665629],
          [-0.221225146480988, 51.19792029262491],
          [-0.221244563413696, 51.19797364741071],
          [-0.221204684344913, 51.19808006001873],
          [-0.221184266624508, 51.19816428547633],
          [-0.221186262901009, 51.19818679873443],
          [-0.221199980075504, 51.198202295596346],
          [-0.221229467590692, 51.19821713281847],
          [-0.221259301017081, 51.19822298212308],
          [-0.221433859320555, 51.19822473556707],
          [-0.221449387553526, 51.198230367437056],
          [-0.22146889609221, 51.19824415363981],
          [-0.22147825263862, 51.19826138283823],
          [-0.221477526353382, 51.198280257452296],
          [-0.221468355260138, 51.198295406473],
          [-0.221450704767345, 51.19830772868943],
          [-0.22133487926376, 51.19834194120431],
          [-0.220961951451568, 51.198399225362635],
          [-0.220885014345087, 51.19838996202204],
          [-0.220851304448763, 51.19837326189478],
          [-0.220823524267946, 51.198351255997956],
          [-0.220787114378872, 51.19829314623942],
          [-0.220777342901839, 51.19828670247824],
          [-0.220713384533081, 51.19827493837422],
          [-0.220680344094251, 51.198278033342326],
          [-0.220649887889024, 51.19828836212287],
          [-0.2206264458839, 51.198302394800486],
          [-0.220611517808004, 51.198318355546704],
          [-0.220551460148726, 51.19850270169953],
          [-0.220533718028967, 51.198666107586945],
          [-0.22051964382897, 51.1987342416696],
          [-0.220499108981731, 51.19878429118795],
          [-0.220481008177477, 51.198808297527634],
          [-0.22038763112886, 51.19889141351608],
          [-0.220153253044114, 51.198844682323866],
          [-0.220090424516732, 51.19887790089566],
          [-0.220053380278606, 51.19891061224797],
          [-0.220018885546422, 51.19895145621201],
          [-0.220003403213263, 51.19898179751667],
          [-0.219996988739809, 51.198999686295146],
          [-0.220007878698118, 51.199125756243056],
          [-0.219992396296393, 51.1991560975445],
          [-0.219856596952806, 51.199262849466805],
          [-0.219851751406384, 51.19927716483315],
          [-0.219852004950705, 51.19930774545405],
          [-0.219874247328611, 51.19936204274844],
          [-0.219955534716371, 51.19944421755669],
          [-0.220265296924133, 51.19942914330612],
          [-0.220380433788149, 51.19941290771137],
          [-0.220423142898012, 51.1994189530039],
          [-0.220434275905918, 51.19942721612812],
          [-0.220439513648, 51.19943988619846],
          [-0.220434633655066, 51.199455100381115],
          [-0.220410060603486, 51.19953566524188],
          [-0.220395062828347, 51.19955342353154],
          [-0.220361260069028, 51.19957629178337],
          [-0.220329268539474, 51.19958929508431],
          [-0.220280283272037, 51.19959754338722],
          [-0.220077408283355, 51.199661907023625],
          [-0.219988586061827, 51.19970102544469],
          [-0.219995473296474, 51.1997451966998],
          [-0.220011393962486, 51.199777814223225],
          [-0.220184319421009, 51.20000797108356],
          [-0.220209412175557, 51.20002543967632],
          [-0.220264581693557, 51.20004246630354],
          [-0.220478960741256, 51.20005112189128],
          [-0.220545713444302, 51.20006472723378],
          [-0.220583681581295, 51.20008239149942],
          [-0.220628041362489, 51.20011993788764],
          [-0.220700621377215, 51.20024244902497],
          [-0.220700275351243, 51.20025143692897],
          [-0.22067272546476, 51.20029778255518],
          [-0.22064467923703, 51.20031983908509],
          [-0.220583591054124, 51.20034499052741],
          [-0.220487187991806, 51.20035791389292],
          [-0.220322531973851, 51.200359007569894],
          [-0.220251983232527, 51.200369625921645],
          [-0.220199928268807, 51.20038322341125],
          [-0.220131444522213, 51.200414557370244],
          [-0.22007479754331, 51.20047305079376],
          [-0.220048654204779, 51.2005571889648],
          [-0.22004964609124, 51.200605767172995],
          [-0.220174614890859, 51.20078033651028],
          [-0.220230927251396, 51.20087921839247],
          [-0.220287459150902, 51.20089806436738],
          [-0.220368726711862, 51.20090649462455],
          [-0.220444894853446, 51.20089865958424],
          [-0.220527477542757, 51.200872935680295],
          [-0.220628923753935, 51.20091494727791],
          [-0.220649725327381, 51.200932350545614],
          [-0.220659185882747, 51.2009468834444],
          [-0.220661078148081, 51.20097209308784],
          [-0.220652817739651, 51.20100074565048],
          [-0.220631924084109, 51.20102291093131],
          [-0.220598258746152, 51.201042184086965],
          [-0.220540446056129, 51.20105659352016],
          [-0.220265838308195, 51.201050619495106],
          [-0.220223058494211, 51.20104637170494],
          [-0.220090981139952, 51.20101918232304],
          [-0.219821608880698, 51.201248907939025],
          [-0.219778101849166, 51.20126353458372],
          [-0.219746628314432, 51.20126305585906],
          [-0.219684131368102, 51.201250414109616],
          [-0.219659810917526, 51.201250044167296],
          [-0.219586858642537, 51.20139732176028],
          [-0.219501618962909, 51.201529123994696],
          [-0.219409484994011, 51.20195130067028],
          [-0.219361027252595, 51.20198293886762],
          [-0.219297109490049, 51.20200714729706],
          [-0.219216231806032, 51.20202570174633],
          [-0.219173139476134, 51.202029542674474],
          [-0.219067434922704, 51.20198656571343],
          [-0.218923959028829, 51.201883658953285],
          [-0.218716631297727, 51.2019146778088],
          [-0.21855024175528, 51.20184919316965],
          [-0.218535617946635, 51.20170867711988],
          [-0.218437894091964, 51.20149585011894],
          [-0.218052277990559, 51.20117611860493],
          [-0.217673232646385, 51.20087177489416],
          [-0.217578101776878, 51.200814568805384],
          [-0.217427732975947, 51.20074213245339],
          [-0.216978597856108, 51.20058510650891],
          [-0.216733595815267, 51.20047975179902],
          [-0.216459480836685, 51.20031279953999],
          [-0.216502701622025, 51.200268492194084],
          [-0.215919720031035, 51.19990797612626],
          [-0.214658272660587, 51.19947326034092],
          [-0.215643068727853, 51.19828678802683],
          [-0.215766330130867, 51.198097112285275],
          [-0.215968421104373, 51.19749675061805],
          [-0.2160225038916, 51.197356382050195],
          [-0.216033931326519, 51.19728281220187],
          [-0.216033325203121, 51.19722434735877],
          [-0.215987615270598, 51.196888205503924],
          [-0.215968023435628, 51.19680247180623],
          [-0.21591282742394, 51.19663795490149],
          [-0.21570603358008, 51.19628496874054],
          [-0.215311390116506, 51.19553341888127],
          [-0.215227111292365, 51.19541792067828],
          [-0.214860982897082, 51.195003148622185],
          [-0.214181765412473, 51.194505358930954],
          [-0.213957855984636, 51.19429959648798],
          [-0.212820728544616, 51.19331907244625],
          [-0.213080519461578, 51.19326278408528],
          [-0.21352388054346, 51.193196706295495],
          [-0.213869566700506, 51.193176800381586],
          [-0.214641808419731, 51.193155305921],
          [-0.214874191461019, 51.19317863483695],
          [-0.215067697394181, 51.19313392168799],
          [-0.215319596526864, 51.193059521672154],
          [-0.215474725136077, 51.19300792753629],
          [-0.215640671677874, 51.19297268580855],
          [-0.215819066666013, 51.19291155336553],
          [-0.215830786895294, 51.19290453745552],
          [-0.215495553100261, 51.19235713904537],
          [-0.215560040569246, 51.19228078075676],
          [-0.215624570484325, 51.192240395788424],
          [-0.215769363636113, 51.192159865522726],
          [-0.215851022441576, 51.19212064079994],
          [-0.216428420082279, 51.191992743183235],
          [-0.216620697455917, 51.19194261282598],
          [-0.216802892911227, 51.19189412721431],
          [-0.216909420337044, 51.19184089149214],
          [-0.217327407749836, 51.191801392341155],
          [-0.217638250695659, 51.191719791073844],
          [-0.217878626590474, 51.191647008728864],
          [-0.218001380355875, 51.1916183006345],
          [-0.218065951824971, 51.19161388766567],
          [-0.21814195584135, 51.191572776647256],
          [-0.218408373180031, 51.191307036851924],
          [-0.218588768729455, 51.19119377078581],
          [-0.218779199697009, 51.19104288583132],
          [-0.218936431526426, 51.19093646124598],
          [-0.219104364493956, 51.19092372834843],
          [-0.219243667665508, 51.19094833094531],
          [-0.219364872712302, 51.190996939602805],
          [-0.219497463826088, 51.190972876614126],
          [-0.219794031650462, 51.19089015420368],
          [-0.220029637858951, 51.190866758196904],
          [-0.220110322500687, 51.19085269688538],
          [-0.220181029657969, 51.190837584468824],
          [-0.220370508409004, 51.190785607441455],
          [-0.220487468997233, 51.19075860771134],
          [-0.220533515015597, 51.190752113287],
          [-0.220655862571035, 51.190771060490995],
          [-0.220905552794631, 51.19082791611094],
          [-0.221153687374996, 51.190925216829754],
          [-0.221243198294992, 51.19101650902543],
          [-0.221513021904349, 51.19118248671101],
          [-0.221634843331655, 51.19128955796986],
          [-0.221706211380602, 51.19136888298276],
          [-0.221708427888222, 51.191422875695],
          [-0.221736173635659, 51.19155729553363],
          [-0.221789103258891, 51.1917811303958],
          [-0.221815821116106, 51.19186787077755],
          [-0.223927895686075, 51.19191343076514],
          [-0.224374468943623, 51.191912112896915],
          [-0.226181720985373, 51.191733573989985],
          [-0.226155185206075, 51.1916045695866],
          [-0.227165112433544, 51.19157940266261],
          [-0.227194855896551, 51.191400889302194],
          [-0.227199783598667, 51.19097378879131],
          [-0.227189392107887, 51.19083423738306],
          [-0.227220031334178, 51.190781641834455],
          [-0.227238951973205, 51.19058677681989],
          [-0.227146516332739, 51.189787683121416],
          [-0.227152064945015, 51.189717620499515],
          [-0.227188458726493, 51.1895895695565],
          [-0.227229521847886, 51.18937705359383],
          [-0.227276857238106, 51.18922488681807],
          [-0.227477983249659, 51.18875669136259],
          [-0.227602187083256, 51.18857780984083],
          [-0.227922464842717, 51.18824901349532],
          [-0.228135131792284, 51.18807686679186],
          [-0.228443567961384, 51.18787019680668],
          [-0.228469625516825, 51.187451509837544],
          [-0.229323957751975, 51.187301662830485],
          [-0.22970619142677, 51.18722290972268],
          [-0.230182328902976, 51.18708352269587],
          [-0.230277330843646, 51.18718118616857],
          [-0.230346377933407, 51.187209209756496],
          [-0.232045949825183, 51.186734877733805],
          [-0.232131051389872, 51.18671727769739],
          [-0.232309251289826, 51.1866974865961],
          [-0.232495276310481, 51.18669759835255],
          [-0.233447118020879, 51.18661664280318],
          [-0.233497811530208, 51.18697533554096],
          [-0.233581230054494, 51.18711418991783],
          [-0.233632967969318, 51.187183318788584],
          [-0.233688927947232, 51.18725430998731],
          [-0.233903044265746, 51.18749316199005],
          [-0.233966739535326, 51.18754898141738],
          [-0.234340732845554, 51.18779833888871],
          [-0.234624769529538, 51.18766772656431],
          [-0.234788211288823, 51.18758475698546],
          [-0.234883404060641, 51.18752773728978],
          [-0.234951697305922, 51.187463117461476],
          [-0.235066429170961, 51.18730656862953],
          [-0.235064001311946, 51.18722019777064],
          [-0.235104983089903, 51.187158763179276],
          [-0.235125588784783, 51.18714378562251],
          [-0.235170644802857, 51.18712557958052],
          [-0.235376121486582, 51.18710349771435],
          [-0.235422298905021, 51.18709340232351],
          [-0.235577317440901, 51.187043579718754],
          [-0.235630542796194, 51.187036288469024],
          [-0.235664764304385, 51.18703950242574],
          [-0.235697384195178, 51.18704718879675],
          [-0.235726869432079, 51.1870620224125],
          [-0.235762682724879, 51.18709853498625],
          [-0.235775808976939, 51.187167080817176],
          [-0.235765719238362, 51.18720649853719],
          [-0.235778272499639, 51.18725255285898],
          [-0.235821305508009, 51.187287375634725],
          [-0.235930058830269, 51.187324987844214],
          [-0.236013960196676, 51.18733884312041],
          [-0.236125583755365, 51.18733872720023],
          [-0.236181669764578, 51.18733147881752],
          [-0.23650797771492, 51.18725545879653],
          [-0.236532163070227, 51.18722164934669],
          [-0.236590965378588, 51.18710562466445],
          [-0.236611947522808, 51.18708076007018],
          [-0.236720479256508, 51.18704912099612],
          [-0.236390424709438, 51.18699828176262],
          [-0.236357951182388, 51.186949229324185],
          [-0.236354551783647, 51.186925795908564],
          [-0.236364572385403, 51.186888175734055],
          [-0.236415700395337, 51.18682329639074],
          [-0.236429977172177, 51.18678663967552],
          [-0.236431631558035, 51.18670572630239],
          [-0.236445232105602, 51.18664927447354],
          [-0.236486254960392, 51.18654916953241],
          [-0.236530667887664, 51.186510269059895],
          [-0.236572999448318, 51.18648842417946],
          [-0.236613592383203, 51.186474646912856],
          [-0.23666831560078, 51.18646557915073],
          [-0.236737032044862, 51.18646481606554],
          [-0.236791172717106, 51.18647102781331],
          [-0.236921274613907, 51.186511658771224],
          [-0.237019920959965, 51.18666422993231],
          [-0.236963715459676, 51.18674971724626],
          [-0.236957275255037, 51.18676850580955],
          [-0.236955870498575, 51.18680535653082],
          [-0.23696325237518, 51.18683694375822],
          [-0.236979523687162, 51.18686057109586],
          [-0.237005703480775, 51.18688704566557],
          [-0.237037775327223, 51.1869091124316],
          [-0.237057523753361, 51.186916604488744],
          [-0.237257517700746, 51.186888141545325],
          [-0.237364241545786, 51.186866367110305],
          [-0.237455738699138, 51.18686864469948],
          [-0.237643220802137, 51.18690564256172],
          [-0.237701584188559, 51.18691371610362],
          [-0.237955882307022, 51.18692474033927],
          [-0.238022861104612, 51.18693204414347],
          [-0.238115206552959, 51.186949622322885],
          [-0.238215790795594, 51.18697631761501],
          [-0.238290426446834, 51.18700801802214],
          [-0.238351848198413, 51.1870485125766],
          [-0.238397435313022, 51.18709146664771],
          [-0.238451048329934, 51.18718670172071],
          [-0.238439907315822, 51.187216211349636],
          [-0.238424612646653, 51.1872420611907],
          [-0.238412863015997, 51.18724997812588],
          [-0.238385244337913, 51.18726125340628],
          [-0.238344856623617, 51.18726963849685],
          [-0.238299022013752, 51.18727074705651],
          [-0.238271985315047, 51.18726674273917],
          [-0.238178996439392, 51.18722847079269],
          [-0.238127201432307, 51.18723578473609],
          [-0.237996292798775, 51.18729136962114],
          [-0.238003250994438, 51.18755946992437],
          [-0.238008526649888, 51.18757124044582],
          [-0.238334444853685, 51.187730829672624],
          [-0.238348301857919, 51.187742729370825],
          [-0.238361713810753, 51.1877663134445],
          [-0.238359530425315, 51.18778606547391],
          [-0.238340184529611, 51.18780555911911],
          [-0.238118007027295, 51.187890346722476],
          [-0.238033737649959, 51.187998794118926],
          [-0.238017997314838, 51.18803632828121],
          [-0.238009031368556, 51.18808385690142],
          [-0.238011952311694, 51.18811987343446],
          [-0.238023660034203, 51.18815062639446],
          [-0.238101005156978, 51.188261507285596],
          [-0.238176894035098, 51.1883354943312],
          [-0.238522955871618, 51.188605102429065],
          [-0.238534664066615, 51.18863585533365],
          [-0.238531084702464, 51.18865468703554],
          [-0.238516097672946, 51.18867244770088],
          [-0.238494062145494, 51.1886874043195],
          [-0.238463650582864, 51.188696838962585],
          [-0.238443558786448, 51.18869833513027],
          [-0.238275996855539, 51.18862656539569],
          [-0.237929759114161, 51.18854940703079],
          [-0.237852870782485, 51.188689441444595],
          [-0.237827102076324, 51.188802366919475],
          [-0.237808681774233, 51.18894777834454],
          [-0.237823104905374, 51.18901994064097],
          [-0.237868068910244, 51.18911684431296],
          [-0.238065000776122, 51.18928168612786],
          [-0.238103096128793, 51.18933352059312],
          [-0.238133534543843, 51.18936095829385],
          [-0.238179671610296, 51.18938953165803],
          [-0.238258602010684, 51.18942129665901],
          [-0.238342131449693, 51.18944503701991],
          [-0.238413404872751, 51.189452405178145],
          [-0.238472182548771, 51.189449692742656],
          [-0.238511107726487, 51.189442184871794],
          [-0.238592434754935, 51.18941103378407],
          [-0.238681837202696, 51.18935572273085],
          [-0.238695531066566, 51.189334345325705],
          [-0.23870800745426, 51.189269782555456],
          [-0.238726950479199, 51.189223303381766],
          [-0.238755836778015, 51.18917877248946],
          [-0.238903790680067, 51.18905149815189],
          [-0.239312007042299, 51.18915476685515],
          [-0.239339866196033, 51.18913719976797],
          [-0.239378086098613, 51.189073024280184],
          [-0.239406321549706, 51.18904557039624],
          [-0.239503516830072, 51.18901106019208],
          [-0.239558276828405, 51.18900109227337],
          [-0.239614261781079, 51.188996538635486],
          [-0.239670007249451, 51.18899827655927],
          [-0.239755377432777, 51.18901125184824],
          [-0.239839721453152, 51.18905119102595],
          [-0.239856337144808, 51.18906582996209],
          [-0.239876662090615, 51.18909581300772],
          [-0.239881185873067, 51.189127357003315],
          [-0.239870011079082, 51.1891577655557],
          [-0.239832954859349, 51.189191382057],
          [-0.239822327339094, 51.1892074098311],
          [-0.239815238004548, 51.1892432757095],
          [-0.239824018319871, 51.18927578304656],
          [-0.239837773572688, 51.189290378956905],
          [-0.240052722690248, 51.18928282022045],
          [-0.240129888202965, 51.18928577938459],
          [-0.240178893176418, 51.189276623933075],
          [-0.240363305848608, 51.18920655281526],
          [-0.240605628695258, 51.18923177994897],
          [-0.240762210435746, 51.18921614783434],
          [-0.240926080092064, 51.189197027817876],
          [-0.241402775675634, 51.18911785878663],
          [-0.24146981656909, 51.18919890508052],
          [-0.241598158149869, 51.189511995727926],
          [-0.241603742525765, 51.189515676890714],
          [-0.241659386229432, 51.18952011025934],
          [-0.241773436523164, 51.189493945256785],
          [-0.241788905718722, 51.18942582996154],
          [-0.241816153848781, 51.18938666962892],
          [-0.241858963968434, 51.18935223966239],
          [-0.241891078876028, 51.189335635236795],
          [-0.242199434527513, 51.18935555592196],
          [-0.242282458023942, 51.18935500440815],
          [-0.242336398082807, 51.18936660636239],
          [-0.242375864762294, 51.18938248746134],
          [-0.242658498169887, 51.189514434547426],
          [-0.242729635882466, 51.189525395267594],
          [-0.24278109136583, 51.1895270672706],
          [-0.242834216153734, 51.18952246913526],
          [-0.242900623091627, 51.18950727867407],
          [-0.242938356362001, 51.18949345626361],
          [-0.242996424422383, 51.18943407426859],
          [-0.243210227510446, 51.18930598476429],
          [-0.243220887985661, 51.189289057888146],
          [-0.243227701483473, 51.18926038220678],
          [-0.243210712670754, 51.18921785951115],
          [-0.243109141272551, 51.1891039206263],
          [-0.243019179348608, 51.18902343048753],
          [-0.242997353772721, 51.1889952241189],
          [-0.242985206109549, 51.188900613991336],
          [-0.243006970881797, 51.18885507588894],
          [-0.243057169795022, 51.1888144612671],
          [-0.243092144362405, 51.188797899462024],
          [-0.243112338490551, 51.18879370609887],
          [-0.243218377826029, 51.18882767333981],
          [-0.243264077408869, 51.188830158043274],
          [-0.243403084329001, 51.18882505032814],
          [-0.243424787191215, 51.188705767676375],
          [-0.243423565167935, 51.18866258237542],
          [-0.243407023557547, 51.18857060427774],
          [-0.243410839803604, 51.188545480839934],
          [-0.243435532700467, 51.18849818799906],
          [-0.243533819285389, 51.188397141846764],
          [-0.243596179047985, 51.18830005291978],
          [-0.243689866990769, 51.18820703142641],
          [-0.243741221751605, 51.188173628373114],
          [-0.243792269297257, 51.188148314491535],
          [-0.243870388657007, 51.188126104813264],
          [-0.244094694941793, 51.18813576610944],
          [-0.244196582039676, 51.18812830185078],
          [-0.24431631410897, 51.188103119023275],
          [-0.244342058127088, 51.1881035052821],
          [-0.244387552356244, 51.18811138234633],
          [-0.244431172901326, 51.18813092232858],
          [-0.244450616115502, 51.18814650232424],
          [-0.244508904275374, 51.18830745419604],
          [-0.244522831342722, 51.18831755555547],
          [-0.244556815755919, 51.188327058499574],
          [-0.244591141290176, 51.188327573438805],
          [-0.244631733505101, 51.188313793396425],
          [-0.244815696416786, 51.188179857614735],
          [-0.244910093483387, 51.18814350243129],
          [-0.244966417904139, 51.18812995824119],
          [-0.244992850204222, 51.187999055260505],
          [-0.245005862710421, 51.18792011104723],
          [-0.244984554143551, 51.1877651099439],
          [-0.245015100697151, 51.187110869558396],
          [-0.24506175741557, 51.18701264509202],
          [-0.245115292066237, 51.18692171825171],
          [-0.245129052220886, 51.18686077145862],
          [-0.24512081597184, 51.186776112681024],
          [-0.24513839499854, 51.18661450030289],
          [-0.245117728542183, 51.18655573512409],
          [-0.245089808981605, 51.186499559092034],
          [-0.245009520797716, 51.18639043754528],
          [-0.244875327915892, 51.18630658740993],
          [-0.244669843534507, 51.186027416356985],
          [-0.24456518115679, 51.18584418525369],
          [-0.244521635825686, 51.18574730560547],
          [-0.244479484257924, 51.18568911724702],
          [-0.244388266983723, 51.18560411264269],
          [-0.244248294120447, 51.18544643142323],
          [-0.244278943680993, 51.185392932632084],
          [-0.244188853177511, 51.18527826746852],
          [-0.244168868146496, 51.185239297159676],
          [-0.244115350209082, 51.18510359726086],
          [-0.244067186160707, 51.18486455681046],
          [-0.244017922354477, 51.18476759110131],
          [-0.243735773473615, 51.184435107396205],
          [-0.24364308649271, 51.184464292695935],
          [-0.243454598712083, 51.18430318416147],
          [-0.243416842546995, 51.18424236340604],
          [-0.24334453201488, 51.184111776800066],
          [-0.243263849596506, 51.18393789744635],
          [-0.243213189073648, 51.18387778216692],
          [-0.24319068693955, 51.18382978134595],
          [-0.243072237195346, 51.18306809380477],
          [-0.243138262766589, 51.183025019523456],
          [-0.243069673135108, 51.18283423714945],
          [-0.243052580765519, 51.18283218188026],
          [-0.242527021055359, 51.18295648578322],
          [-0.242396813136206, 51.18299409908065],
          [-0.242150526480734, 51.183074034031684],
          [-0.242033051841222, 51.18311543544044],
          [-0.241856666250882, 51.18320091654767],
          [-0.24162603995619, 51.18328288433736],
          [-0.240911969865059, 51.18343492408558],
          [-0.240817277499594, 51.18344159407755],
          [-0.240768791815418, 51.1834372678529],
          [-0.240693510851063, 51.18342264638888],
          [-0.240336848078818, 51.183394800304605],
          [-0.23997895452135, 51.18339930945495],
          [-0.239088041568124, 51.18346054627157],
          [-0.239120404445453, 51.18373801814393],
          [-0.23912085453928, 51.18406447392861],
          [-0.238599397294422, 51.18415554931155],
          [-0.238243083558734, 51.18423112290003],
          [-0.237888130256262, 51.184308514542],
          [-0.23724080194149, 51.18447323063002],
          [-0.236825716224517, 51.18410095509518],
          [-0.23646248184395, 51.1836449272625],
          [-0.236294677338208, 51.18354257534753],
          [-0.236167361073163, 51.183429142639405],
          [-0.236396190576624, 51.18335705074712],
          [-0.236446046544158, 51.18332542736899],
          [-0.236464201155211, 51.18329962125733],
          [-0.236470042782378, 51.183221470041694],
          [-0.236528513179775, 51.18318907717154],
          [-0.236589110530353, 51.182950776193145],
          [-0.236676887181302, 51.18267511412709],
          [-0.236674198419525, 51.1826705770945],
          [-0.236599331287448, 51.18264516757875],
          [-0.236545195251595, 51.1826389558234],
          [-0.236420301730348, 51.18264966354843],
          [-0.236373350201979, 51.182642660706],
          [-0.235830604910378, 51.182279253863875],
          [-0.235559600509169, 51.182069226988695],
          [-0.235265773090732, 51.181782414504546],
          [-0.235192348525051, 51.18171925511978],
          [-0.235022482666714, 51.18159618619445],
          [-0.234834919409252, 51.18144946824326],
          [-0.234623996966052, 51.18131498802634],
          [-0.234598713683767, 51.181265144920054],
          [-0.234514240781756, 51.18126656831286],
          [-0.234428578030104, 51.18126167857148],
          [-0.234334781325715, 51.18124497509009],
          [-0.234266793283367, 51.18122686239032],
          [-0.234192169989878, 51.1811951599718],
          [-0.233633625064371, 51.181059028534705],
          [-0.231604607470202, 51.180725315284775],
          [-0.231567634148197, 51.18071936065188],
          [-0.229907613635159, 51.18039029408553],
          [-0.228942534368316, 51.180259679491385],
          [-0.228939173636995, 51.1802353473415],
          [-0.228949076506543, 51.18016355270661],
          [-0.228964974480153, 51.18008465436378],
          [-0.229008401020984, 51.17995940875925],
          [-0.229082674393181, 51.17966376178278],
          [-0.229092473665926, 51.17959466349318],
          [-0.229091487154659, 51.17950831512388],
          [-0.229068722743433, 51.17939285930601],
          [-0.229017497404454, 51.179273375447],
          [-0.228982762331004, 51.17920899888427],
          [-0.228685223563596, 51.17898326510092],
          [-0.22830614268319, 51.17860790996274],
          [-0.227736389230572, 51.17813074125125],
          [-0.227619842818499, 51.17807321858913],
          [-0.227223071102514, 51.17793590796911],
          [-0.226473603126755, 51.177556731504716],
          [-0.226350995642785, 51.177508108670345],
          [-0.226180048367616, 51.17745155828669],
          [-0.225771417199445, 51.17728798260738],
          [-0.225671620124394, 51.17724150357019],
          [-0.225432180951812, 51.1771056732684],
          [-0.225402516825138, 51.17705845919339],
          [-0.225302862808689, 51.17685909935621],
          [-0.225133921668447, 51.17667577507723],
          [-0.225077884123657, 51.17660747663074],
          [-0.224973372576718, 51.17646020268573],
          [-0.224544163676568, 51.17601302729582],
          [-0.224412607449076, 51.175899516043565],
          [-0.224345443784481, 51.17582295449333],
          [-0.224171336196304, 51.17543900477363],
          [-0.224065110356611, 51.17526202806602],
          [-0.223984651484809, 51.17515918528637],
          [-0.223888672242538, 51.17505071096638],
          [-0.223761652107682, 51.17493097356945],
          [-0.223510255289016, 51.17484621858885],
          [-0.22339649327814, 51.174828303363874],
          [-0.223284900477066, 51.174828407039435],
          [-0.223194305729533, 51.17484052050962],
          [-0.222625386790473, 51.17482828015454],
          [-0.222245538501514, 51.174884559837],
          [-0.22207254699342, 51.174918802066905],
          [-0.221961381887958, 51.17494499080218],
          [-0.221729539600435, 51.175021504573124],
          [-0.221683025925641, 51.1750405821444],
          [-0.221614097697246, 51.175084499444985],
          [-0.22148897082776, 51.17517612469516],
          [-0.221397039990723, 51.17526016083311],
          [-0.221329484645377, 51.17534276894116],
          [-0.22130205460979, 51.175386417763605],
          [-0.221280784009251, 51.17549311154191],
          [-0.221265483586164, 51.17551895871146],
          [-0.221205664552817, 51.175586396613355],
          [-0.221123028725089, 51.17572633205285],
          [-0.221059831305475, 51.17580720843102],
          [-0.221003333460946, 51.17589987773249],
          [-0.220557683454736, 51.17610443797109],
          [-0.22010814294354, 51.176261273849164],
          [-0.219986295858947, 51.17626751365564],
          [-0.219970636856084, 51.17626547675429],
          [-0.21983608148737, 51.1761186397623],
          [-0.219611459350616, 51.17589578879311],
          [-0.219514162181533, 51.17578459164051],
          [-0.21942698945955, 51.17570772241968],
          [-0.219005070719124, 51.17540722497307],
          [-0.218803770959902, 51.17524768075541],
          [-0.218728177678834, 51.17516739075453],
          [-0.218407572252204, 51.17461393153355],
          [-0.218071073997529, 51.17406472647113],
          [-0.218035447986153, 51.17398684359876],
          [-0.217695382985114, 51.174013140104],
          [-0.217551506549032, 51.17403433052776],
          [-0.216914988847142, 51.17418021297374],
          [-0.21625665653483, 51.174261009409065],
          [-0.216010355446773, 51.174267146990196],
          [-0.215173291476082, 51.17430834074331],
          [-0.214881480293117, 51.17430748662881],
          [-0.214573213245525, 51.174325266174144],
          [-0.21447839764195, 51.174335510439064],
          [-0.214245895115039, 51.17446595942762],
          [-0.213988578786231, 51.174683262184615],
          [-0.213977001765114, 51.17468668271954],
          [-0.213915590734392, 51.17468394677218],
          [-0.213859128392313, 51.17466419946636],
          [-0.213825889548037, 51.17463581353826],
          [-0.213760099166752, 51.17452419431461],
          [-0.213242983839405, 51.17417096480595],
          [-0.213243018553009, 51.17417006602704],
          [-0.213241588791551, 51.17417004419519],
          [-0.212881680704812, 51.174006269576516],
          [-0.212851444988651, 51.17378907426393],
          [-0.212850529839998, 51.17373869896847],
          [-0.212841702105189, 51.17370798762539],
          [-0.212805147487215, 51.17365437006208],
          [-0.212749381278608, 51.17361664661329],
          [-0.212615639052356, 51.173560645174405],
          [-0.211989852429806, 51.17346564997575],
          [-0.211910551266186, 51.173444653352256],
          [-0.211837281778965, 51.17341565506068],
          [-0.211786679729027, 51.1733923989978],
          [-0.211529162173268, 51.173207701873466],
          [-0.211092886480234, 51.1729474271372],
          [-0.211043640688811, 51.17288911835611],
          [-0.210907406550469, 51.17267569740337],
          [-0.210859208649901, 51.1726272969657],
          [-0.210834968374203, 51.17258825595321],
          [-0.21078881209113, 51.17241308390745],
          [-0.210762620898012, 51.17238750270005],
          [-0.210742744050089, 51.17238360150065],
          [-0.210388841934286, 51.172397973897],
          [-0.210311672582297, 51.17239589424633],
          [-0.210149277218024, 51.17237812188343],
          [-0.209821275817436, 51.172314648701104],
          [-0.209701319884103, 51.17230921606521],
          [-0.209602148695403, 51.172321188267716],
          [-0.208821043969097, 51.17232182362769],
          [-0.208606136232834, 51.1723302245486],
          [-0.208198151601853, 51.1723743388908],
          [-0.2076401909258, 51.17248630086047],
          [-0.207427201521678, 51.17251901046427],
          [-0.207129893883631, 51.17254952840368],
          [-0.206877603493482, 51.17256274924429],
          [-0.206828019647786, 51.17262404193885],
          [-0.206770832759095, 51.172660037333756],
          [-0.205224762293572, 51.173130055289015],
          [-0.205085486532606, 51.17318007906371],
          [-0.204835319468964, 51.173322829369916],
          [-0.204455323880983, 51.17349326436187],
          [-0.204353882125987, 51.17352678091586],
          [-0.204228622599733, 51.17358421333397],
          [-0.203298374482093, 51.173962034140175],
          [-0.202856225690931, 51.174148596847026],
          [-0.202728906213823, 51.174185311875085],
          [-0.202589520030895, 51.1742380290853],
          [-0.202338624283029, 51.17406780157611],
          [-0.202266686839458, 51.17400464363358],
          [-0.202092999586583, 51.17383560170973],
          [-0.201928171402304, 51.1736595010997],
          [-0.201911433681313, 51.17364845210888],
          [-0.201877504199881, 51.17363803824217],
          [-0.201853268532846, 51.17363586717353],
          [-0.201648327162109, 51.17364530798503],
          [-0.201519962972025, 51.17367211333771],
          [-0.201367503586937, 51.1736931528276],
          [-0.200920831676938, 51.17373844837117],
          [-0.200684503926146, 51.1737824793801],
          [-0.200593452332602, 51.17380626049469],
          [-0.200456855598083, 51.173860817380515],
          [-0.200310351781763, 51.17394939580425],
          [-0.200240532389467, 51.17401577098071],
          [-0.20021182920102, 51.17405489954545],
          [-0.200152884420303, 51.17417270291823],
          [-0.20007476572437, 51.174231755861264],
          [-0.200000625156541, 51.174262091810064],
          [-0.199825322356707, 51.17428187875397],
          [-0.199748291054789, 51.174276197431055],
          [-0.199510822084124, 51.1742023981427],
          [-0.199432536080655, 51.17419220072293],
          [-0.199380925524858, 51.174195004049245],
          [-0.198896159807918, 51.174299960262935],
          [-0.198829412029532, 51.17432411403177],
          [-0.198787634580901, 51.1743315649995],
          [-0.198501125928837, 51.1743415447805],
          [-0.198408992425729, 51.17435631443128],
          [-0.198358216488726, 51.17437441855275],
          [-0.198286549186413, 51.17441468401172],
          [-0.198152202334326, 51.17455830537937],
          [-0.197929966357046, 51.17453419980631],
          [-0.196922307741982, 51.17535504753984],
          [-0.196924782044343, 51.17536497815079],
          [-0.197112775262625, 51.1756070926661],
          [-0.197412105126562, 51.17592916336888],
          [-0.197644845602637, 51.17616117507923],
          [-0.197807072330692, 51.176183457949946],
          [-0.197906107928976, 51.17621196234128],
          [-0.198077346713302, 51.17637018121815],
          [-0.198114096041051, 51.17641841099692],
          [-0.198199612163106, 51.176610383639805],
          [-0.198316878598887, 51.1769422398204],
          [-0.19855086807121, 51.177289382076495],
          [-0.199069996810304, 51.17788282867265],
          [-0.199187086137279, 51.17803571611383],
          [-0.199369432929026, 51.17842343092355],
          [-0.199537352813507, 51.17874077642253],
          [-0.199635253991473, 51.17898240107938],
          [-0.199569789571969, 51.17901017249485],
          [-0.199904272542236, 51.179385837101215],
          [-0.200109983689172, 51.17957785783293],
          [-0.200372018924457, 51.179793227154896],
          [-0.200555096267704, 51.18001547602948],
          [-0.200660945440814, 51.18001620379937],
          [-0.200692435180244, 51.18005266068861],
          [-0.20073435049882, 51.18011535813665],
          [-0.200752726305086, 51.1801579086868],
          [-0.200759872486132, 51.18019489070157],
          [-0.200758369185035, 51.18023353841192],
          [-0.200737364334111, 51.18033214089984],
          [-0.200690197501251, 51.18047800527753],
          [-0.200649417967113, 51.18057000853937],
          [-0.200623710456346, 51.180605586228],
          [-0.20059256285385, 51.18063388571657],
          [-0.200554405362734, 51.18065848015475],
          [-0.200390094409474, 51.18072610128234],
          [-0.20011772865232, 51.180849617353594],
          [-0.199627016157823, 51.18110557232682],
          [-0.199563507820875, 51.18108301183566],
          [-0.199418933367998, 51.18115812973633],
          [-0.19937247497411, 51.18117540153787],
          [-0.198639016047591, 51.18138175276981],
          [-0.198597407100432, 51.18138470974898],
          [-0.198550463356614, 51.18137769207994],
          [-0.197956129397459, 51.18109784846064],
          [-0.197905351426579, 51.18107908032564],
          [-0.197822034789217, 51.18105081800852],
          [-0.197718663919782, 51.18102314619155],
          [-0.197612188112527, 51.18100172172534],
          [-0.197539540848027, 51.180993408557654],
          [-0.197455313906969, 51.18098851431985],
          [-0.197403730632444, 51.18099041795972],
          [-0.197305968604923, 51.18100240229451],
          [-0.197104520825204, 51.180994803229936],
          [-0.196970876357291, 51.18097295973204],
          [-0.196706314295216, 51.180896039384],
          [-0.196438192321065, 51.18083705001603],
          [-0.195918716773082, 51.18076609258528],
          [-0.19530130567973, 51.180711609429544],
          [-0.195038302085127, 51.18070485640993],
          [-0.194883588070683, 51.18070966528902],
          [-0.194624839306711, 51.18070387627299],
          [-0.194519357664061, 51.18076700056407],
          [-0.194147292460751, 51.1807684558853],
          [-0.193375792020022, 51.18073946429252],
          [-0.192835415780131, 51.18072752580783],
          [-0.192630618581189, 51.18073245782267],
          [-0.192246872401017, 51.1808497392838],
          [-0.192130650260189, 51.18089470912605],
          [-0.191916689175647, 51.18098763192632],
          [-0.191775946435252, 51.181037618601685],
          [-0.191732534513507, 51.181123282916424],
          [-0.191604063291161, 51.18118874742671],
          [-0.191447122199472, 51.18128704685594],
          [-0.191398749777333, 51.181280004235816],
          [-0.191327181777094, 51.18128069710014],
          [-0.190557456413048, 51.181462155747646],
          [-0.19044945949334, 51.18140652699342],
          [-0.190395929945518, 51.18138501508217],
          [-0.190329319838782, 51.18136869685963],
          [-0.190216458825532, 51.18136425405342],
          [-0.189876702812114, 51.181417456684414],
          [-0.189819610057973, 51.18141387585239],
          [-0.189769116613728, 51.18138791399184],
          [-0.189711380334181, 51.18132766585559],
          [-0.18974087130263, 51.18126876665986],
          [-0.189752639921913, 51.1812239825455],
          [-0.189750918136652, 51.18115830539592],
          [-0.189736208895445, 51.18113199757804],
          [-0.18971152521936, 51.181104636182596],
          [-0.189658488909673, 51.181070541045536],
          [-0.18931433240046, 51.1809438095225],
          [-0.189112467777091, 51.18083726477249],
          [-0.189067132053384, 51.180825771549095],
          [-0.188974221280514, 51.180823434818286],
          [-0.188717466075478, 51.180803274410394],
          [-0.188683429183916, 51.18079555315836],
          [-0.188618567316636, 51.18077116710256],
          [-0.188241590000548, 51.18056928074253],
          [-0.187904915329165, 51.18050741204363],
          [-0.187861080606174, 51.18049414293994],
          [-0.187778229269984, 51.18045418943675],
          [-0.187742072525481, 51.1804275493165],
          [-0.18771474189189, 51.18039475057378],
          [-0.187698991549783, 51.1803585338232],
          [-0.187696075303568, 51.18032341509393],
          [-0.187712945435641, 51.18025802573382],
          [-0.188010217036626, 51.17982825494903],
          [-0.188795587044216, 51.17953913647709],
          [-0.188843442360316, 51.17952278980004],
          [-0.188918500868442, 51.17950596466829],
          [-0.188990981064765, 51.17948190501855],
          [-0.189056593233938, 51.179450544490926],
          [-0.189118478658876, 51.179404737112854],
          [-0.189235640248719, 51.179262657957125],
          [-0.189330495710048, 51.179178689612876],
          [-0.189769019098749, 51.17886801118139],
          [-0.189784337955583, 51.178842167727225],
          [-0.189806021738561, 51.178763362669606],
          [-0.189792772849074, 51.1783341809058],
          [-0.189757038664723, 51.178296756060774],
          [-0.189696856248398, 51.17826255039721],
          [-0.189619058328078, 51.178239763456325],
          [-0.189544740932588, 51.17823771471654],
          [-0.189504423492811, 51.17824428571537],
          [-0.189462394736659, 51.17825802481218],
          [-0.189216302632276, 51.178404405048546],
          [-0.189141246055755, 51.17842123039495],
          [-0.189085516605465, 51.178419468920076],
          [-0.188662105848041, 51.17830769699447],
          [-0.188613363114586, 51.17827366778854],
          [-0.188571219842369, 51.178217257619515],
          [-0.188574642728509, 51.17820292142443],
          [-0.188591391880515, 51.17817710025551],
          [-0.188612148993425, 51.178158535688056],
          [-0.188658854629623, 51.17813497671684],
          [-0.18879012369256, 51.178034485137594],
          [-0.188771139541307, 51.1779712387982],
          [-0.188749810535465, 51.1779313385641],
          [-0.188690896410964, 51.17786477637905],
          [-0.188307140094809, 51.17776350928608],
          [-0.188162999784365, 51.177681238561405],
          [-0.188135318380083, 51.177657427695976],
          [-0.188107320142461, 51.17764170582545],
          [-0.188064812310325, 51.17763115528686],
          [-0.187780274801934, 51.17762675047795],
          [-0.187726293158737, 51.177616921502775],
          [-0.187548810372341, 51.17754582498754],
          [-0.187494596485234, 51.177505415328014],
          [-0.187481143418468, 51.17748362326529],
          [-0.187474128226881, 51.17740707218682],
          [-0.18764558774533, 51.17726673466597],
          [-0.187653582040275, 51.17724527468991],
          [-0.187659118047255, 51.17717701185667],
          [-0.187417077017819, 51.17703746633399],
          [-0.187270272492135, 51.17673122178014],
          [-0.187262271513904, 51.176679836458334],
          [-0.187269047406315, 51.17665296169905],
          [-0.187352526160789, 51.17649417493335],
          [-0.18735058228943, 51.17647076243036],
          [-0.187338453722756, 51.176451688825985],
          [-0.187320429866788, 51.176437020542295],
          [-0.18713862766923, 51.1763667557992],
          [-0.187087098992083, 51.176330884137585],
          [-0.18706988545592, 51.1762955439317],
          [-0.187069759011464, 51.17626226701607],
          [-0.187031888099678, 51.17616994949934],
          [-0.18694697526896, 51.17607330604758],
          [-0.18648635632744, 51.175853030948296],
          [-0.186431898710111, 51.17581891225796],
          [-0.186244169810058, 51.17575395021251],
          [-0.186233048771386, 51.17574568397985],
          [-0.186253362675615, 51.17570193190428],
          [-0.186311555449015, 51.175640780282194],
          [-0.186348286469336, 51.17561616835541],
          [-0.186601097018469, 51.17548069006048],
          [-0.18661839477431, 51.17529479803654],
          [-0.186595356523999, 51.17526206546887],
          [-0.186568965771413, 51.17524187148887],
          [-0.186494632276355, 51.175203847571645],
          [-0.186352550927071, 51.17514229080754],
          [-0.18627544962695, 51.1751383981634],
          [-0.186176091855715, 51.17515484503442],
          [-0.186067915242138, 51.1752502956717],
          [-0.185988805922452, 51.175297633195896],
          [-0.185874304622739, 51.17533542891325],
          [-0.185767903183913, 51.17534906831425],
          [-0.185735053836888, 51.175347659840625],
          [-0.185695302291531, 51.17533984910431],
          [-0.185626406540392, 51.1753091034985],
          [-0.185496342744189, 51.17519647046316],
          [-0.185405733997073, 51.17513571041846],
          [-0.185268598033959, 51.175094014093574],
          [-0.185124686039284, 51.175079192274545],
          [-0.184436020670879, 51.17509279383558],
          [-0.184230057900358, 51.17494570686213],
          [-0.18415593820649, 51.174902288722066],
          [-0.184071387247371, 51.17486950059184],
          [-0.183965460690529, 51.17483458209436],
          [-0.183928428244635, 51.174830410202624],
          [-0.183895402924094, 51.17483349507251],
          [-0.183833006699785, 51.17485590933306],
          [-0.183500283800349, 51.1749496717337],
          [-0.183421541514959, 51.17495114761893],
          [-0.183376001059758, 51.17494504485453],
          [-0.183343504788197, 51.17493464791038],
          [-0.183279147321869, 51.17489767600997],
          [-0.182786620962953, 51.17465260846175],
          [-0.182758802472161, 51.174632391411905],
          [-0.18273043652517, 51.17458968274077],
          [-0.182634074333369, 51.17416550398271],
          [-0.182645368462417, 51.173950740754265],
          [-0.182655199184913, 51.17388254471994],
          [-0.18268718141385, 51.17379670613034],
          [-0.182868643216219, 51.17343799493544],
          [-0.182911249407071, 51.173300160375554],
          [-0.18291070183152, 51.173277668755006],
          [-0.182898998957994, 51.17324780935318],
          [-0.182849541170632, 51.173195780009024],
          [-0.182450548686351, 51.1729737469486],
          [-0.182422731413472, 51.17295352983707],
          [-0.182377775359297, 51.17289617425206],
          [-0.182255986561334, 51.17264606925996],
          [-0.18220713029869, 51.17257876046438],
          [-0.182137111501708, 51.17250392837143],
          [-0.182049725101184, 51.17243422243389],
          [-0.182006605630177, 51.172402975651444],
          [-0.181943259053879, 51.17237681061892],
          [-0.181872058116329, 51.17236851004364],
          [-0.181794361788392, 51.17237989367107],
          [-0.1816201180895, 51.17244553549965],
          [-0.181122482232634, 51.172659037236826],
          [-0.181096500808032, 51.1726649287579],
          [-0.181062153251474, 51.172665294311805],
          [-0.181038060690074, 51.17265952395216],
          [-0.180991269938768, 51.172648904212714],
          [-0.180461814378707, 51.17261639295896],
          [-0.180244205088525, 51.17258423150791],
          [-0.180204562984275, 51.172573722597264],
          [-0.180158125948422, 51.17255411477805],
          [-0.18004640294344, 51.17248492828781],
          [-0.179802502778597, 51.17232105581337],
          [-0.179564429148958, 51.17215457548011],
          [-0.179488924611083, 51.17211023353388],
          [-0.179212161938871, 51.171981821678685],
          [-0.179172909609197, 51.17196142591212],
          [-0.179143735595774, 51.17193938826969],
          [-0.179111510327741, 51.17188582678764],
          [-0.179097966504383, 51.171721039665805],
          [-0.179088827837287, 51.171407932488854],
          [-0.179095566712295, 51.17120029330637],
          [-0.179088332687691, 51.17116600642384],
          [-0.179072485566996, 51.17113248486911],
          [-0.179003974856422, 51.17105587572378],
          [-0.178958565539465, 51.171010203001686],
          [-0.178912590481148, 51.17097891065654],
          [-0.178782147010397, 51.170913028995756],
          [-0.17860996215173, 51.17085369224754],
          [-0.178551050245727, 51.17082399709627],
          [-0.178476008903909, 51.17076797048503],
          [-0.178133820868944, 51.170557598669426],
          [-0.177877843776654, 51.17044659437885],
          [-0.177808713409897, 51.17042213572806],
          [-0.177532432873586, 51.170390854502614],
          [-0.177417781840196, 51.17039626387798],
          [-0.177323534529206, 51.170392098301605],
          [-0.177246619408932, 51.17038370593897],
          [-0.177174240913016, 51.170369088903804],
          [-0.177056823414751, 51.1703357838779],
          [-0.176883072040755, 51.170280017499074],
          [-0.176788493095564, 51.1702479672602],
          [-0.176712817672764, 51.170208117492436],
          [-0.176663547813892, 51.17015159185088],
          [-0.17654272945572, 51.16980526831936],
          [-0.176555015973558, 51.169783875933945],
          [-0.176558052189058, 51.169779426610454],
          [-0.176616249059569, 51.169718279818376],
          [-0.176990951524566, 51.16946601018577],
          [-0.177025141449728, 51.169433267668694],
          [-0.177193040548052, 51.16923803104987],
          [-0.177243083200057, 51.169165965047725],
          [-0.177285907113604, 51.16909558525944],
          [-0.177356891286531, 51.16892761754449],
          [-0.177355306383561, 51.16889521716609],
          [-0.177344931827661, 51.16886807586596],
          [-0.177329950089639, 51.16884895674642],
          [-0.177317508903064, 51.16883797111153],
          [-0.177108648128849, 51.16872949749474],
          [-0.177086837425641, 51.16870217806553],
          [-0.177077857223538, 51.16867595778245],
          [-0.17708792125521, 51.16863834287213],
          [-0.17714859366317, 51.16804213595867],
          [-0.177148942167859, 51.16792432980162],
          [-0.177058231876903, 51.16790313193719],
          [-0.176922166609787, 51.16787133501166],
          [-0.176833806556502, 51.16782679112791],
          [-0.176753169537695, 51.16769513294644],
          [-0.176687429955268, 51.16754841824655],
          [-0.176611570273833, 51.167186607296976],
          [-0.176659412333204, 51.166952630048456],
          [-0.176706370526838, 51.16684993973365],
          [-0.177374791058304, 51.16723806445669],
          [-0.177449350996685, 51.16726980250119],
          [-0.177554248967077, 51.167293918938384],
          [-0.177616934488924, 51.16730029088571],
          [-0.177715675916175, 51.167299130218495],
          [-0.177806123422957, 51.16729064574796],
          [-0.177862546039476, 51.16727443693304],
          [-0.17806388568918, 51.16717414891507],
          [-0.178198554900636, 51.1672050232649],
          [-0.178298159498614, 51.16721826470052],
          [-0.178389647150691, 51.16721968854372],
          [-0.178480023635119, 51.16721300109573],
          [-0.178998639146863, 51.16711944751097],
          [-0.179157368891067, 51.167084145430984],
          [-0.179270142500727, 51.167053524204896],
          [-0.179393346795585, 51.16701227327967],
          [-0.179574791279513, 51.166944948448595],
          [-0.180153762497008, 51.166771389738514],
          [-0.18052540021677, 51.16663237687842],
          [-0.180770409767943, 51.16654895123359],
          [-0.181080309958193, 51.1664521443884],
          [-0.181727991159935, 51.16620410292425],
          [-0.182481639387466, 51.16591633477184],
          [-0.183078144910266, 51.165696269500465],
          [-0.185298055699155, 51.16481970087979],
          [-0.185551024083416, 51.16467883396871],
          [-0.185782710275007, 51.164570012004205],
          [-0.186044181992871, 51.16443107461017],
          [-0.186203457857588, 51.16430853875963],
          [-0.186153281416748, 51.16423851340376],
          [-0.186248484179612, 51.164181533667524],
          [-0.186322703215775, 51.164112537445284],
          [-0.186493738374833, 51.163872372943004],
          [-0.186770567346454, 51.16385238207064],
          [-0.186715260943427, 51.163438738172836],
          [-0.186598056644106, 51.162889237112374],
          [-0.186571561315751, 51.162798894648375],
          [-0.186545030867323, 51.16270945094685],
          [-0.186450864585951, 51.162448088378866],
          [-0.186271973521685, 51.16212245990036],
          [-0.186573586711251, 51.161907702133384],
          [-0.186838632517584, 51.16167708851358],
          [-0.186866247970764, 51.16166582540216],
          [-0.186921091523811, 51.161653185651616],
          [-0.186978406450132, 51.16165047667169],
          [-0.187035298873279, 51.16165855292673],
          [-0.187112716236075, 51.16169032948527],
          [-0.187613423713552, 51.16212526350348],
          [-0.18787292698037, 51.1620726265693],
          [-0.188885085361328, 51.16241295385225],
          [-0.189119342377309, 51.16227448827513],
          [-0.189247870163661, 51.16220633108584],
          [-0.189330856383879, 51.16216894495774],
          [-0.189425136772689, 51.16213533083728],
          [-0.189521959317798, 51.16210984983017],
          [-0.189660198261938, 51.16208590898277],
          [-0.189805056578058, 51.162075560137005],
          [-0.190197101633594, 51.162034861440105],
          [-0.190326166367845, 51.16202606625604],
          [-0.190509476691302, 51.16201990862534],
          [-0.19076819202648, 51.16202391005356],
          [-0.190986533825697, 51.16203627974473],
          [-0.192684724948109, 51.16220641760439],
          [-0.194288239355335, 51.16238406217958],
          [-0.194926533695731, 51.16244697191193],
          [-0.195108030293761, 51.16245067147946],
          [-0.195205473712648, 51.16244587960421],
          [-0.195458376919721, 51.16241560704291],
          [-0.195528907283475, 51.16240410458454],
          [-0.195740953695496, 51.162357912933246],
          [-0.195921903710676, 51.16230224826242],
          [-0.196227503177526, 51.162167567285344],
          [-0.196317042017327, 51.162108693958885],
          [-0.19784196577617, 51.160815604764956],
          [-0.199589025945613, 51.159361344053075],
          [-0.201660759942811, 51.157608987302126],
          [-0.201836291727872, 51.1574345224179],
          [-0.202126066305248, 51.157117024874736],
          [-0.20228928772837, 51.15696485278606],
          [-0.20252289143452, 51.156767897439764],
          [-0.203005184393754, 51.15642727628719],
          [-0.203757525927277, 51.155908241342416],
          [-0.203870539452272, 51.15583353575893],
          [-0.20396417080699, 51.1557792165129],
          [-0.204109811060102, 51.15571130685561],
          [-0.204658415019691, 51.155540766936404],
          [-0.205832752562604, 51.15523863353514],
          [-0.206060096424396, 51.155202551209904],
          [-0.206261192162887, 51.15517955550973],
          [-0.20638887699315, 51.15516892333406],
          [-0.206517781973816, 51.15516370557166],
          [-0.206652264348035, 51.15516217041285],
          [-0.207852366569547, 51.15530197161177],
          [-0.208166755405478, 51.155344559301795],
          [-0.208380403020987, 51.15536671759055],
          [-0.209216969228772, 51.15540381037993],
          [-0.21037988375805, 51.155470172310004],
          [-0.211314825158197, 51.15551505038257],
          [-0.211606520121836, 51.155515913638176],
          [-0.211749787045797, 51.15550911108844],
          [-0.21183438743857, 51.155503210073405],
          [-0.212142283953712, 51.155454857845754],
          [-0.212138928902307, 51.15517152509915],
          [-0.212130348127074, 51.15513452237807],
          [-0.212114725606991, 51.15509471409689],
          [-0.212064727682758, 51.155019307393694],
          [-0.211994825581082, 51.15494089847222],
          [-0.211828840093918, 51.154758499646306],
          [-0.2117437678776, 51.15414746923822],
          [-0.211710424500395, 51.154011164156955],
          [-0.211678411596714, 51.15391444889053],
          [-0.211619517637638, 51.153773256571206],
          [-0.211419664331676, 51.15339429038788],
          [-0.211413421708328, 51.15337081295185],
          [-0.211414359468737, 51.153346546013964],
          [-0.211469791813274, 51.15317023028891],
          [-0.211487967641458, 51.15303291431567],
          [-0.211452500588635, 51.152655562458925],
          [-0.211434755721033, 51.15263370773948],
          [-0.211391703730668, 51.152600674325626],
          [-0.211349629388895, 51.15257934683397],
          [-0.2111886218255, 51.15252742255597],
          [-0.211234179214585, 51.1522736155055],
          [-0.211422948004085, 51.151200032118666],
          [-0.211574907966081, 51.15041276443015],
          [-0.212647103799235, 51.15041836327997],
          [-0.212996067080849, 51.150416501264914],
          [-0.213398286438085, 51.150405559380204],
          [-0.213494378990438, 51.15039803417171],
          [-0.214162176751497, 51.150322798782724],
          [-0.214163605789167, 51.15032282060318],
          [-0.214307341709678, 51.15030343190856],
          [-0.214181490762179, 51.149822179930254],
          [-0.214160932844937, 51.14950261216943],
          [-0.214099532776721, 51.14938926127507],
          [-0.214143859360123, 51.149352167251905],
          [-0.214172722091478, 51.149197027913544],
          [-0.214126320537603, 51.14913966305946],
          [-0.21415727833824, 51.149004340459456],
          [-0.214164594513802, 51.14881469845161],
          [-0.21411419645982, 51.14863856406877],
          [-0.214138613181237, 51.1485615965242],
          [-0.214163037192619, 51.148521500663975],
          [-0.21423388194013, 51.14846412746634],
          [-0.214235310919083, 51.1484641492853],
          [-0.21423534559086, 51.14846325050791],
          [-0.214865786845511, 51.14839193734912],
          [-0.215161576964781, 51.148359580197294],
          [-0.215417909732077, 51.148312231326145],
          [-0.215884119162132, 51.14823570867346],
          [-0.215911174543553, 51.14827569088877],
          [-0.216084758698457, 51.14863176621795],
          [-0.216303665147263, 51.14888781015072],
          [-0.216457054638147, 51.14902594470273],
          [-0.216537651189572, 51.149086527988025],
          [-0.216981791875015, 51.149360393918116],
          [-0.217422643655188, 51.149311357012564],
          [-0.218350993075852, 51.14926435050747],
          [-0.219079381274816, 51.14921159646646],
          [-0.219311847473815, 51.149189956465655],
          [-0.219666008607319, 51.149127002348855],
          [-0.219836992650334, 51.149105324438025],
          [-0.21994077908846, 51.14908352257819],
          [-0.22001884348398, 51.14906132905071],
          [-0.220487457678611, 51.14888500355702],
          [-0.221306165335114, 51.148602488509056],
          [-0.222749875422621, 51.1481289242014],
          [-0.222881153814143, 51.148098544547466],
          [-0.223048964253313, 51.14808490746402],
          [-0.22310044164996, 51.14808479047743],
          [-0.22327126260159, 51.14810447315989],
          [-0.223595949265803, 51.14810131278085],
          [-0.223634772875926, 51.14809560747285],
          [-0.223744650564445, 51.14806400241033],
          [-0.223848260502677, 51.148046690934024],
          [-0.223955502131874, 51.14804652135051],
          [-0.224310748329049, 51.148029434275145],
          [-0.225172090420224, 51.1480137343044],
          [-0.225500095710443, 51.14818508442356],
          [-0.225588088569345, 51.1482394788893],
          [-0.226631413435568, 51.14817616860965],
          [-0.226800255394403, 51.1480609201851],
          [-0.226835152836555, 51.14800839034917],
          [-0.227001322777659, 51.1477015488814],
          [-0.227189614336623, 51.1474516988762],
          [-0.22731350092453, 51.147352854894116],
          [-0.227409892853594, 51.147262587019625],
          [-0.22755588271803, 51.14710922018372],
          [-0.22791185192179, 51.1468115495578],
          [-0.228121690570601, 51.14659619823848],
          [-0.228202877122396, 51.146492209682066],
          [-0.228291411238415, 51.14630829413426],
          [-0.228323222692105, 51.14622424135853],
          [-0.22834248648324, 51.14620654712314],
          [-0.228637023273928, 51.14601945740413],
          [-0.228814009285703, 51.14584047867488],
          [-0.229041211685626, 51.145656864443225],
          [-0.229263987142679, 51.14573847813507],
          [-0.229758962539152, 51.145843098322295],
          [-0.229715648599511, 51.1458541335148],
          [-0.229714219693545, 51.145854111880304],
          [-0.229722503692391, 51.14589920262617],
          [-0.229824732092966, 51.145917837196706],
          [-0.230147857342579, 51.14595510378879],
          [-0.230717112988618, 51.145949330265516],
          [-0.231820334753444, 51.14596332112197],
          [-0.232019489915243, 51.14598971465855],
          [-0.232300745374639, 51.146000262295196],
          [-0.232554246214139, 51.14598880635901],
          [-0.232762936043606, 51.145990162179515],
          [-0.233106526822631, 51.145978268064624],
          [-0.233490538525301, 51.14595619196255],
          [-0.233556097015097, 51.145961678952716],
          [-0.234010365074444, 51.14593436739246],
          [-0.234073820000583, 51.14592003758201],
          [-0.234156056418095, 51.14590059555033],
          [-0.234295277787972, 51.14588651055946],
          [-0.234635471857895, 51.145851178692915],
          [-0.234900265560729, 51.14584348548484],
          [-0.234995419465229, 51.14586021067987],
          [-0.235024970783562, 51.1459101187836],
          [-0.235028332362881, 51.14593445081544],
          [-0.235048635224918, 51.145964434513445],
          [-0.23510252247706, 51.14597603991895],
          [-0.235158592420005, 51.14596789352113],
          [-0.235184082955129, 51.145936802705606],
          [-0.235185511859741, 51.14593682428162],
          [-0.235186128559164, 51.1459206460817],
          [-0.235222296547153, 51.14590950122035],
          [-0.235574354989916, 51.14590042765247],
          [-0.235702511075208, 51.14591405325242],
          [-0.236127658358561, 51.14586291459842],
          [-0.236272858642062, 51.14587949471424],
          [-0.236300478016389, 51.14590509206762],
          [-0.236298629091977, 51.14595362669401],
          [-0.236103899840441, 51.14659908768851],
          [-0.236066788198869, 51.14671004154674],
          [-0.23684773690594, 51.14670204029475],
          [-0.238660134029486, 51.14671587725826],
          [-0.238698016917402, 51.14680997592158],
          [-0.239190329302268, 51.1467598382208],
          [-0.239395835513543, 51.14669458682919],
          [-0.239585889867754, 51.14665967873273],
          [-0.239666695988756, 51.1466402117729],
          [-0.239821436756557, 51.14659397975993],
          [-0.239898297580692, 51.1465654601711],
          [-0.240043787058725, 51.146499303829465],
          [-0.240156342542717, 51.14643445003563],
          [-0.240215577530467, 51.14641825512221],
          [-0.240251266453968, 51.14641969177429],
          [-0.240281034712299, 51.14642643510656],
          [-0.240337235151001, 51.14645246179743],
          [-0.240640787592148, 51.14640307321691],
          [-0.240896126320888, 51.14638083667556],
          [-0.241043037463188, 51.14635247132316],
          [-0.241187807618571, 51.14630518815813],
          [-0.241493777157962, 51.14622975389561],
          [-0.241664540064509, 51.14617566677843],
          [-0.241825743878296, 51.14610974465103],
          [-0.241922816791079, 51.14603836113842],
          [-0.241924996556711, 51.1460186092115],
          [-0.242035671234599, 51.14600318712704],
          [-0.242122357105887, 51.146017081213444],
          [-0.242082855053062, 51.14604076832459],
          [-0.242290162791032, 51.146229143042184],
          [-0.242597263902266, 51.1460485042258],
          [-0.242598692816055, 51.14604852571127],
          [-0.242931382833113, 51.1457963263795],
          [-0.243253487149924, 51.14555925519458],
          [-0.243463084020491, 51.145272829154244],
          [-0.243483231355745, 51.145193993095994],
          [-0.243469324055509, 51.145108350098624],
          [-0.243343499943294, 51.144882532044974],
          [-0.243679270678819, 51.14466185261537],
          [-0.24398611439717, 51.14452527230737],
          [-0.244195077834467, 51.14440610621476],
          [-0.244731870291803, 51.144728026570476],
          [-0.245178241740514, 51.145059378474436],
          [-0.245696541159569, 51.14537921798937],
          [-0.246127278125668, 51.145632991264875],
          [-0.246591938606104, 51.14593493497736],
          [-0.24746796437935, 51.14518996019798],
          [-0.247781093272912, 51.14488709290162],
          [-0.248007772446722, 51.14467735589617],
          [-0.248234448865981, 51.14442984762786],
          [-0.248521166207914, 51.1440690270308],
          [-0.249202290822742, 51.14412869401942],
          [-0.249384505190287, 51.14414940953838],
          [-0.24956090235016, 51.14417273556131],
          [-0.249880018052252, 51.14424046580274],
          [-0.250089585418068, 51.14425619397645],
          [-0.251184786851286, 51.1439893058219],
          [-0.251322147861239, 51.14383488215857],
          [-0.251505869150952, 51.143588523582935],
          [-0.25302858299609, 51.14392604798295],
          [-0.253280817640448, 51.143985574334195],
          [-0.252849079486099, 51.14440179456639],
          [-0.253308377506152, 51.14427825978654],
          [-0.25359176323546, 51.14423213311781],
          [-0.254112204802235, 51.144193143951654],
          [-0.255167854665363, 51.14414055962105],
          [-0.255189696288913, 51.143940341144074],
          [-0.255273770222566, 51.143795909054596],
          [-0.255357883973997, 51.14368834891758],
          [-0.255397641776714, 51.14361969601901],
          [-0.255427566841936, 51.14354639983917],
          [-0.255518669489742, 51.14313947610484],
          [-0.255506257593724, 51.14297561775991],
          [-0.255480322267961, 51.14290508505996],
          [-0.255468059170568, 51.1428131731465],
          [-0.255476111003521, 51.142751241428236],
          [-0.255567028370274, 51.14246302285171],
          [-0.255572357814809, 51.14239745328546],
          [-0.255575149014987, 51.142019787501305],
          [-0.255607497589516, 51.14180623592839],
          [-0.255539444968002, 51.141525536699994],
          [-0.255522667370596, 51.14109811683476],
          [-0.255489434175128, 51.14091775998349],
          [-0.255465105876874, 51.14069077220934],
          [-0.255437635094559, 51.140585143588666],
          [-0.25549620100047, 51.14051047617442],
          [-0.255262219436053, 51.14027046661208],
          [-0.255094002449649, 51.14006830985453],
          [-0.254856607594152, 51.13972932498629],
          [-0.254792262835991, 51.13961595117095],
          [-0.254698682479181, 51.1394059151765],
          [-0.254613448483576, 51.139050316394105],
          [-0.255379041326922, 51.138915160105824],
          [-0.255994731696953, 51.13885060580829],
          [-0.256236649251887, 51.13880385429527],
          [-0.256470095638508, 51.13875427800356],
          [-0.256682483231934, 51.13869449479709],
          [-0.257304400627188, 51.13850232530991],
          [-0.257516168966386, 51.13842094806767],
          [-0.257911865535543, 51.13835220442642],
          [-0.258560979485769, 51.13827284669679],
          [-0.259669408765349, 51.13818144019093],
          [-0.260213592537381, 51.138155368378335],
          [-0.260332983746931, 51.13813556222731],
          [-0.260428222273138, 51.13811179926049],
          [-0.26050352665621, 51.13808594092943],
          [-0.26061287219008, 51.138029113526],
          [-0.260894087294878, 51.13781117022806],
          [-0.26094441731786, 51.13776515531737],
          [-0.261078082770489, 51.13759357845746],
          [-0.261254978691004, 51.137526963828485],
          [-0.261437318829009, 51.13746762434912],
          [-0.261622448350738, 51.137410124684],
          [-0.261930160510991, 51.13732387138927],
          [-0.262237994235835, 51.137196251127875],
          [-0.262572789600915, 51.13703575663097],
          [-0.26285200023616, 51.1368708378215],
          [-0.263085876004029, 51.13673312304786],
          [-0.263281109708059, 51.13659663222398],
          [-0.263754050108558, 51.136296996411815],
          [-0.263902148893415, 51.13619757509661],
          [-0.264059916772252, 51.13603084944031],
          [-0.264336730255448, 51.13585330128677],
          [-0.264671224858824, 51.13566222008254],
          [-0.264601882293467, 51.13560543365437],
          [-0.26479978116488, 51.13543570567828],
          [-0.265126458901412, 51.135186052406716],
          [-0.265307806188077, 51.13488567887229],
          [-0.265368210786168, 51.13487578376703],
          [-0.265523481787223, 51.13469912677506],
          [-0.265821958698749, 51.13420983831466],
          [-0.265868584549709, 51.134109808141936],
          [-0.265778065099213, 51.134084183798976],
          [-0.265928810564183, 51.13391375425087],
          [-0.265988173666309, 51.13385528095541],
          [-0.266113201134202, 51.13376091030143],
          [-0.266165250085031, 51.13378326578793],
          [-0.266411807126088, 51.13361155887453],
          [-0.266414045438917, 51.13351356786716],
          [-0.266528080069642, 51.13340734275159],
          [-0.266650685407689, 51.13330124463963],
          [-0.267189922656274, 51.13290905036302],
          [-0.267607036851437, 51.13272458142978],
          [-0.267776207590454, 51.13263446055833],
          [-0.267912706715269, 51.13257712951206],
          [-0.268008131579637, 51.13254796735703],
          [-0.26810906874865, 51.132524282638386],
          [-0.268248575758092, 51.13250116935153],
          [-0.268587014753624, 51.132394669938954],
          [-0.268803256187631, 51.13230704352826],
          [-0.268884665392783, 51.13234691950157],
          [-0.269264864440827, 51.132232043646624],
          [-0.269842934029229, 51.132100311311206],
          [-0.270332936727823, 51.131953783228525],
          [-0.270735328276695, 51.13181854707386],
          [-0.271042953143952, 51.13173316797626],
          [-0.271361568778936, 51.131659641598155],
          [-0.271617095060196, 51.13159147648277],
          [-0.27183045003813, 51.131466031059496],
          [-0.272353086341584, 51.13124893210133],
          [-0.272634267287617, 51.13114427255215],
          [-0.272643722355731, 51.13108236030771],
          [-0.273245318457821, 51.130855632771386],
          [-0.273308024906539, 51.13089882654374],
          [-0.273460091419055, 51.130845316299094],
          [-0.273938730740138, 51.13073457753581],
          [-0.274172754283868, 51.130667887914825],
          [-0.274399668331963, 51.13060019355209],
          [-0.274807616413844, 51.1304686227759],
          [-0.275070541222981, 51.130393364963325],
          [-0.275317931960998, 51.130389821640435],
          [-0.27529094620118, 51.13030848603939],
          [-0.275652489221278, 51.13027155372244],
          [-0.275804116108995, 51.13022972492108],
          [-0.275875281130198, 51.13019929917957],
          [-0.275928468349798, 51.13019109078196],
          [-0.276021083518279, 51.13019875215164],
          [-0.276069684314519, 51.130198569768574],
          [-0.27617004383781, 51.13019015778692],
          [-0.276341634862015, 51.13014952206914],
          [-0.276446446795054, 51.13013667899905],
          [-0.276563412481411, 51.130142900445314],
          [-0.276966317502244, 51.13022348351893],
          [-0.277089398458983, 51.13021900295092],
          [-0.27720550426858, 51.13020992291237],
          [-0.277368757755102, 51.13016286766019],
          [-0.277743262912634, 51.130084751985024],
          [-0.277764948523764, 51.130116547185736],
          [-0.278088939463989, 51.130128515661056],
          [-0.278432150927599, 51.1300463394966],
          [-0.278545900193753, 51.13002373386371],
          [-0.278894909040654, 51.130016283937444],
          [-0.279087716128837, 51.1300200225236],
          [-0.279184783828436, 51.13002325043181],
          [-0.279309953104294, 51.13003948225908],
          [-0.279396702059078, 51.12997421100194],
          [-0.279685942487819, 51.12999825368009],
          [-0.280068165900821, 51.130020066876625],
          [-0.280591766788945, 51.130083528241656],
          [-0.280754304053281, 51.13013268319773],
          [-0.281044207594336, 51.13017741622999],
          [-0.281626583714984, 51.13019767155808],
          [-0.281841485473237, 51.13018374439761],
          [-0.281962109086651, 51.13016843093782],
          [-0.282026094452031, 51.13013879523773],
          [-0.282069348068112, 51.13012863942253],
          [-0.282116587037845, 51.13012663590082],
          [-0.282162164232407, 51.13013090305522],
          [-0.282336064370488, 51.130182021424616],
          [-0.282597000825924, 51.13023711648364],
          [-0.282865217682756, 51.13025005068701],
          [-0.282904943806985, 51.13029649881901],
          [-0.283069279260161, 51.13033578461874],
          [-0.283703046326942, 51.13039635387778],
          [-0.284043779962913, 51.13045801334535],
          [-0.284401786369185, 51.13055499817639],
          [-0.284641730391551, 51.13063675955029],
          [-0.284822449953414, 51.130619627276495],
          [-0.285303480371484, 51.130597906548346],
          [-0.285358396430644, 51.13054295530154],
          [-0.285611898501851, 51.130567357224876],
          [-0.285830256290716, 51.13053728514134],
          [-0.286245708940027, 51.130511001531374],
          [-0.286389320360419, 51.13049242284532],
          [-0.286390748826667, 51.13049244378483],
          [-0.286722919607748, 51.13039928867253],
          [-0.286981274434921, 51.13029246078616],
          [-0.287110135670183, 51.13024758537184],
          [-0.287175645999187, 51.13021527112394],
          [-0.287291318913174, 51.13014052535424],
          [-0.287813602976657, 51.129853205737206],
          [-0.287746698618543, 51.12980726073403],
          [-0.287980498317197, 51.12959125579977],
          [-0.288040758392233, 51.12954627401971],
          [-0.288170712605131, 51.12947173664084],
          [-0.288380458620818, 51.12932642349639],
          [-0.288540706454249, 51.12916689580824],
          [-0.2888544210872, 51.12879917841839],
          [-0.289014163664801, 51.1284984527159],
          [-0.289143745028127, 51.12831779157265],
          [-0.289252532396722, 51.12819707906252],
          [-0.289316144060891, 51.12813865628677],
          [-0.28955365180989, 51.12801533086428],
          [-0.289676489003433, 51.12790111871716],
          [-0.289895291151351, 51.12774244628511],
          [-0.290240919050134, 51.12759372247488],
          [-0.290465568369292, 51.12750887714551],
          [-0.290749175770528, 51.12737543218914],
          [-0.290826438101788, 51.12733429499861],
          [-0.291040119662016, 51.12719802824095],
          [-0.291363582194652, 51.12703009202285],
          [-0.291486216489224, 51.12695994087221],
          [-0.291598089572815, 51.12691031616973],
          [-0.29190195558439, 51.126808640214136],
          [-0.291979882162347, 51.126788195892544],
          [-0.292097935180294, 51.12676474069775],
          [-0.29220343107826, 51.12673300822406],
          [-0.292875304325252, 51.12657285646801],
          [-0.293132994669259, 51.12648309318425],
          [-0.293481790731139, 51.126325413796565],
          [-0.29359047244778, 51.12628473368934],
          [-0.294167264738372, 51.1261061000079],
          [-0.294293686434361, 51.126088160623134],
          [-0.294824294198786, 51.12607701818934],
          [-0.294911918940973, 51.126064807164305],
          [-0.295015883809259, 51.126035747830535],
          [-0.295413688733087, 51.12602176599384],
          [-0.295764841067861, 51.12591627369858],
          [-0.296041520346668, 51.125815090397616],
          [-0.296109279908531, 51.12579899169163],
          [-0.296235534798644, 51.12578554430795],
          [-0.296826807518524, 51.12567905276941],
          [-0.297089545733734, 51.125646010334634],
          [-0.297405453899859, 51.12556607933518],
          [-0.297589195823424, 51.125504905720284],
          [-0.298257111440058, 51.12533477279005],
          [-0.298499709333794, 51.12526636086221],
          [-0.298781432022821, 51.12518322982765],
          [-0.299901896952942, 51.1248308207997],
          [-0.300037476523189, 51.124796820926115],
          [-0.300346968365897, 51.12473567331844],
          [-0.300526231175843, 51.124718495615355],
          [-0.300715096371834, 51.12471224888684],
          [-0.30172020096138, 51.12466030940276],
          [-0.302160039107188, 51.12462982565614],
          [-0.302566453739189, 51.124575473219],
          [-0.303463701035504, 51.12442482268293],
          [-0.303836735271896, 51.12438437041038],
          [-0.304414765877538, 51.12440444516746],
          [-0.304875117948175, 51.1244380991338],
          [-0.305168247034077, 51.12443335546845],
          [-0.30559358290227, 51.12444761371551],
          [-0.306489205401009, 51.12449746047541],
          [-0.306819782033634, 51.12452383118604],
          [-0.307105162243842, 51.12457472693102],
          [-0.307206981824392, 51.12460407932444],
          [-0.30737456909235, 51.1246325851085],
          [-0.307741840188886, 51.124710744317696],
          [-0.308457702445849, 51.12483081700742],
          [-0.30886705897678, 51.125048073108886],
          [-0.308894361010741, 51.125043971490776],
          [-0.309008689248703, 51.12496558752009],
          [-0.309185019020651, 51.12471543506028],
          [-0.309210794124528, 51.12471400918627],
          [-0.309627965204098, 51.124873820562634],
          [-0.309635467473811, 51.12486403675941],
          [-0.309627243578773, 51.12454107044715],
          [-0.309729013620783, 51.12453264942232],
          [-0.309775903590789, 51.12457919137031],
          [-0.310375130049263, 51.12452759918159],
          [-0.310503100977284, 51.124506066664445],
          [-0.311096540857543, 51.12437794711656],
          [-0.311426221648782, 51.12427209539683],
          [-0.311544913951356, 51.12423064328961],
          [-0.311640818887625, 51.12418706343346],
          [-0.311649086735205, 51.124117037805156],
          [-0.311814060468157, 51.124099635406985],
          [-0.312275455077901, 51.12402625912734],
          [-0.312551507262431, 51.12401945197718],
          [-0.312652882890799, 51.12402181430748],
          [-0.312808206142661, 51.124033947972],
          [-0.313548375184911, 51.124075202287685],
          [-0.313782745474529, 51.124074985359734],
          [-0.314062461279122, 51.124085314046816],
          [-0.314153675612041, 51.12409202501451],
          [-0.314234107091135, 51.12412016348284],
          [-0.314350442168288, 51.12414342375195],
          [-0.314426076242768, 51.12414631271123],
          [-0.314560793439668, 51.124135664628476],
          [-0.314860702060751, 51.124140886704815],
          [-0.31528145034484, 51.12420270606231],
          [-0.315537465024045, 51.12423607127139],
          [-0.31566990443004, 51.124248770691274],
          [-0.315794035508252, 51.12425415594649],
          [-0.315935698207929, 51.12424900207568],
          [-0.316470077090481, 51.124251301804755],
          [-0.316684158349081, 51.1242588805149],
          [-0.316791117376744, 51.12426491677561],
          [-0.317294033396857, 51.124307227887996],
          [-0.317406412060296, 51.124321435192584],
          [-0.317480553085018, 51.12432609925315],
          [-0.317599232522219, 51.12432420980116],
          [-0.318215670951569, 51.12434926516714],
          [-0.318243120541638, 51.1244198045402],
          [-0.31933275384688, 51.1246369092891],
          [-0.319451753815749, 51.12466559801668],
          [-0.320274411917669, 51.12503353491207],
          [-0.320610155152301, 51.1251147960563],
          [-0.32084215781575, 51.12514060946899],
          [-0.321009239420879, 51.12514390749382],
          [-0.321056504476694, 51.125140988863315],
          [-0.321346654691759, 51.125100189325316],
          [-0.321492925591122, 51.125125670181724],
          [-0.321666591077532, 51.12518391837011],
          [-0.321716256983702, 51.12519362396761],
          [-0.321986890711307, 51.125218190851974],
          [-0.323145153822005, 51.12543534457857],
          [-0.32318024120357, 51.12549250278615],
          [-0.323935514484869, 51.12539361574103],
          [-0.324160896902651, 51.12544450767254],
          [-0.324860160622812, 51.125590317474064],
          [-0.324953849300689, 51.12552870932071],
          [-0.325705737417795, 51.12572113100356],
          [-0.325787087492786, 51.12576366264803],
          [-0.32584068269243, 51.125783314823536],
          [-0.325897297029538, 51.12579851376545],
          [-0.325964072243726, 51.125809361691516],
          [-0.326056752657971, 51.1258151846411],
          [-0.326228576492123, 51.12584552157457],
          [-0.32642689038023, 51.12581508594169],
          [-0.326478862957592, 51.12580054178012],
          [-0.326680292921368, 51.12572338749107],
          [-0.3269412901864, 51.12554007006056],
          [-0.327129667605141, 51.125388986674565],
          [-0.327455162485505, 51.125160726775654],
          [-0.327574264781837, 51.12510757350771],
          [-0.327637372534273, 51.12518041881016],
          [-0.327763486569195, 51.12513096275959],
          [-0.327906122902697, 51.125059260645735],
          [-0.327953971363071, 51.12504016042881],
          [-0.328033145689584, 51.12502420588565],
          [-0.328144651288644, 51.12498353345967],
          [-0.328582431017069, 51.12493043780382],
          [-0.328949237563065, 51.12466589363317],
          [-0.32894890944719, 51.12459574466104],
          [-0.328985395317627, 51.12457468311721],
          [-0.329241024585739, 51.1244605288365],
          [-0.329366322419332, 51.12439397304606],
          [-0.32959581646513, 51.12425156683994],
          [-0.329682586658766, 51.12426269827282],
          [-0.329760841155271, 51.12411363522211],
          [-0.329831114021685, 51.12402740811973],
          [-0.330009012661546, 51.1237304865242],
          [-0.330094377175582, 51.12362199264943],
          [-0.330263064421609, 51.12346163055594],
          [-0.330175839045514, 51.12342351446343],
          [-0.330330440033073, 51.12329712400147],
          [-0.330415126109259, 51.123247073775254],
          [-0.330452031264205, 51.12321432708476],
          [-0.3305692656987, 51.12305412932811],
          [-0.330809035019112, 51.12286420550532],
          [-0.330883689573086, 51.1228149110683],
          [-0.330954544823678, 51.12275207308694],
          [-0.331005634662777, 51.122722226533554],
          [-0.331057828957223, 51.12270138857152],
          [-0.331115542000812, 51.12268602505327],
          [-0.331270764957021, 51.12266126152241],
          [-0.331393396785744, 51.122628838496546],
          [-0.331470647925911, 51.12258677503271],
          [-0.331566817972604, 51.12249552076626],
          [-0.331619367750034, 51.12246479550207],
          [-0.331658448329502, 51.122450964476144],
          [-0.331867680364257, 51.122394596407915],
          [-0.331981903363655, 51.12235755641799],
          [-0.332127025247824, 51.12229577703656],
          [-0.332216611767249, 51.12226827758643],
          [-0.33303140150154, 51.122101836453574],
          [-0.333291200657762, 51.12202999958634],
          [-0.333435737914364, 51.12198439741993],
          [-0.33350659436232, 51.121961126505674],
          [-0.333835652113987, 51.12183092266431],
          [-0.334062301976157, 51.12172713689692],
          [-0.334305475677844, 51.12164067246621],
          [-0.33451914711831, 51.12157986661016],
          [-0.335521718377317, 51.121197556072005],
          [-0.335799454371929, 51.121103486624285],
          [-0.3362499299115, 51.12097410411603],
          [-0.336513486368679, 51.1209167018771],
          [-0.336851244403811, 51.12086215284211],
          [-0.337366573618102, 51.12075706964816],
          [-0.337679211788224, 51.120725542476166],
          [-0.338098074657667, 51.1206406676712],
          [-0.338200572830058, 51.12061154849122],
          [-0.338429590336309, 51.12056084541028],
          [-0.338504694560619, 51.1205385310355],
          [-0.338865535512797, 51.12039797283862],
          [-0.338922985452134, 51.12038979598064],
          [-0.339030325489229, 51.120385025504895],
          [-0.339123029208402, 51.12038993919866],
          [-0.339326069114, 51.12042609597591],
          [-0.339362664938138, 51.120361867174545],
          [-0.340658245978039, 51.12021478812512],
          [-0.341148444055442, 51.12013271302601],
          [-0.341583970577296, 51.12002108352836],
          [-0.341859436270841, 51.119989917313696],
          [-0.341911268962737, 51.119978961490446],
          [-0.342051107972711, 51.119904504826316],
          [-0.342437567847075, 51.1196464925065],
          [-0.342786712138654, 51.11943291434434],
          [-0.3428699133224, 51.119463769654196],
          [-0.342992579130491, 51.11938996780195],
          [-0.343060892023639, 51.11935766213831],
          [-0.343383678452393, 51.11924173072624],
          [-0.343642242897234, 51.11916355810487],
          [-0.343763093053734, 51.11910052113323],
          [-0.344321553554019, 51.11898702512353],
          [-0.344329449844771, 51.11892598557444],
          [-0.344403842224657, 51.1189234415694],
          [-0.344663268941351, 51.118901034514934],
          [-0.345610438692494, 51.118865875479756],
          [-0.345630128235318, 51.11891471536057],
          [-0.345822334952835, 51.118894052695424],
          [-0.34598514436425, 51.11889635535793],
          [-0.346155913242539, 51.11891585675397],
          [-0.346337337726545, 51.118957091393376],
          [-0.346488561803782, 51.118963725964676],
          [-0.346620304848796, 51.11895569638429],
          [-0.34670063427466, 51.118946939858745],
          [-0.346707387890545, 51.11887779042849],
          [-0.346766102484223, 51.11887412400583],
          [-0.347043948149418, 51.11881600065149],
          [-0.347234918073783, 51.11878992247326],
          [-0.347829541528632, 51.1187839355712],
          [-0.348045000058026, 51.118792374823066],
          [-0.348117931885652, 51.11879070710696],
          [-0.34852547530974, 51.118661570000235],
          [-0.34876130592462, 51.11857946785836],
          [-0.348806705310373, 51.1186286702032],
          [-0.349132444329028, 51.11854963521208],
          [-0.349253304953921, 51.11852616120798],
          [-0.349592107532727, 51.118481482133525],
          [-0.349963000671391, 51.11841836985301],
          [-0.350196183480155, 51.118370400265015],
          [-0.350315423008227, 51.11835229799958],
          [-0.350389185972189, 51.11832725918614],
          [-0.350495423661189, 51.118273001958585],
          [-0.350637469596883, 51.118296588118646],
          [-0.350732834946483, 51.118306925842305],
          [-0.350879773257176, 51.1183134942908],
          [-0.351333388586614, 51.118294709730655],
          [-0.351475413760806, 51.11827872605232],
          [-0.351562594296917, 51.11827815626682],
          [-0.351792046760901, 51.11829487896753],
          [-0.351980562514405, 51.118297535182414],
          [-0.352430621504709, 51.11829847964227],
          [-0.352703717712006, 51.11829333317076],
          [-0.352804892735334, 51.11830105298215],
          [-0.352885882000618, 51.11831388416715],
          [-0.353173177452187, 51.118391670720165],
          [-0.353490967177012, 51.11849596506146],
          [-0.353775997739478, 51.118637567425964],
          [-0.353963380544316, 51.11875261503103],
          [-0.354006472400239, 51.11878649494519],
          [-0.354124601895888, 51.118920351988805],
          [-0.354329076400257, 51.11911747434952],
          [-0.354379086310355, 51.11915774644047],
          [-0.354493579696581, 51.11923309846094],
          [-0.354528230958084, 51.11926326229767],
          [-0.355084293581011, 51.11982054589991],
          [-0.355326316724333, 51.120046971542436],
          [-0.356740065558112, 51.12059561976647],
          [-0.356981977182883, 51.1205837301303],
          [-0.357148340575562, 51.12064721807242],
          [-0.357313180604774, 51.12071338223172],
          [-0.357329968831984, 51.12072351011306],
          [-0.357345169518995, 51.12073811211607],
          [-0.357349008111661, 51.1207507559922],
          [-0.357342721645948, 51.12076685481608],
          [-0.357305613868344, 51.12080590218195],
          [-0.357385429853271, 51.120851987221265],
          [-0.357494097416403, 51.120890383782964],
          [-0.357559726966577, 51.12093357164638],
          [-0.357701695631255, 51.12091937786565],
          [-0.357774875445345, 51.1209914486845],
          [-0.357876880280702, 51.12101626209191],
          [-0.358033572341655, 51.121030152388144],
          [-0.35818782696394, 51.12099184982128],
          [-0.358189255200798, 51.12099186986772],
          [-0.358232771093991, 51.12097359568705],
          [-0.35828711259705, 51.120932092057885],
          [-0.358396486406637, 51.120910245694716],
          [-0.358449936095643, 51.12089390941175],
          [-0.358547156138275, 51.120852108111414],
          [-0.358604699368041, 51.12084122490253],
          [-0.358805575175626, 51.120817964252865],
          [-0.359109788620872, 51.12082223213747],
          [-0.359226971340175, 51.120781609593266],
          [-0.359299751423602, 51.12074396126863],
          [-0.359453116851751, 51.12069035675466],
          [-0.359585026704866, 51.1206373504358],
          [-0.359664314651305, 51.12057731106907],
          [-0.359666029246057, 51.12056924156324],
          [-0.359548233357983, 51.12038503510417],
          [-0.35957045585895, 51.12032239691983],
          [-0.359529593454669, 51.12014466502606],
          [-0.359486376546154, 51.1200334470636],
          [-0.359467559044844, 51.11999990966256],
          [-0.359394950928163, 51.119911660815866],
          [-0.359239511359174, 51.11978178231774],
          [-0.359239765968522, 51.119774591621145],
          [-0.35928331607241, 51.1197149504953],
          [-0.359327275880933, 51.119684092172164],
          [-0.359383739345087, 51.11966330132533],
          [-0.359416842456261, 51.11965657134934],
          [-0.359556455728056, 51.11966842152841],
          [-0.359596508889411, 51.11966718467182],
          [-0.35973431579276, 51.11964933295155],
          [-0.35978852364035, 51.11965189165017],
          [-0.359914774218873, 51.1196779425589],
          [-0.359977360428118, 51.11968601434467],
          [-0.360099425268522, 51.11966884076232],
          [-0.360168646726756, 51.11965092625074],
          [-0.360230949797387, 51.119626619729395],
          [-0.36025865804351, 51.11961082105386],
          [-0.360306147505181, 51.1194801913901],
          [-0.360464118909684, 51.11929625404882],
          [-0.360463647684709, 51.11922880118806],
          [-0.360452129714533, 51.11919086984116],
          [-0.360407194072401, 51.1191281894264],
          [-0.36035987625837, 51.119092454104326],
          [-0.360074367501914, 51.1190848545021],
          [-0.360008038321569, 51.1190614424643],
          [-0.360018484203176, 51.11900853119388],
          [-0.360297048502441, 51.11892970237497],
          [-0.36069004839331, 51.1189684842979],
          [-0.361229263513702, 51.11899402565504],
          [-0.361399216675193, 51.11899640658787],
          [-0.361433838450203, 51.11906793496786],
          [-0.361420442446556, 51.11912350287673],
          [-0.361411771776282, 51.119247482508854],
          [-0.361459851311965, 51.1193021130165],
          [-0.36159499077387, 51.119278826048145],
          [-0.361632632099668, 51.119264964748375],
          [-0.361670527632279, 51.11924391273105],
          [-0.361692681316573, 51.11922353950444],
          [-0.361711217761456, 51.11918423066263],
          [-0.361736902252131, 51.11898315094296],
          [-0.361750550271518, 51.11896086001063],
          [-0.361772767336108, 51.11893868909021],
          [-0.361803394555494, 51.118921132367994],
          [-0.361845351830351, 51.11890643216359],
          [-0.36187270958517, 51.11890052031776],
          [-0.362062720458508, 51.11890138261943],
          [-0.362138604376536, 51.11889704949443],
          [-0.362330331856907, 51.118808906358616],
          [-0.36239494782786, 51.118840386637515],
          [-0.362448996093253, 51.11884743828968],
          [-0.362594385057843, 51.1188170994],
          [-0.362677250869219, 51.1188173600776],
          [-0.362901536838973, 51.11885916852699],
          [-0.362955267674356, 51.11887520833297],
          [-0.363059681958177, 51.11895310866236],
          [-0.363090752610064, 51.11896343558795],
          [-0.36314762573775, 51.11897142572976],
          [-0.363193390945306, 51.118970267577296],
          [-0.363226461286838, 51.11896443535313],
          [-0.363356679859821, 51.11891859542422],
          [-0.363434341067831, 51.11890439421236],
          [-0.363476329569145, 51.11888879457981],
          [-0.363594900274247, 51.11880861866756],
          [-0.363629874730666, 51.118789323722645],
          [-0.363704647483992, 51.11881644894482],
          [-0.363728958127237, 51.118856357475444],
          [-0.363783133569178, 51.11890028089207],
          [-0.364192958267191, 51.11906968239291],
          [-0.364243992081153, 51.11908118746942],
          [-0.364280521995066, 51.11909878468309],
          [-0.364316671208038, 51.11912716795656],
          [-0.36433546015668, 51.119161603443466],
          [-0.364338983263637, 51.119183235498475],
          [-0.36429969424213, 51.11936524052534],
          [-0.364324418132581, 51.119393464024505],
          [-0.364372977162118, 51.1194346107699],
          [-0.364430486152992, 51.11946509124411],
          [-0.364501197945154, 51.11948586418031],
          [-0.364545249931793, 51.11949277508657],
          [-0.364659314499291, 51.11945929780795],
          [-0.364882521418924, 51.119288856589705],
          [-0.364988585946311, 51.11919861234537],
          [-0.365021211180747, 51.11916489562495],
          [-0.365042347463538, 51.1191328168759],
          [-0.365062499514553, 51.11908813440665],
          [-0.365063450902451, 51.11906116921963],
          [-0.365054278164867, 51.11903765965601],
          [-0.365036504636569, 51.119014929157245],
          [-0.365014256301661, 51.11899753180534],
          [-0.364984740226108, 51.11898362999268],
          [-0.364943735300999, 51.118971366144265],
          [-0.364883878621014, 51.11896693230372],
          [-0.364799266262268, 51.118935173876054],
          [-0.364813166548967, 51.11890569185955],
          [-0.364832240332583, 51.11889156997216],
          [-0.36490650457754, 51.11885214037766],
          [-0.365107431153858, 51.1187866033843],
          [-0.365152465613493, 51.11876565002971],
          [-0.365209432771661, 51.11873047490482],
          [-0.365290614035144, 51.11865696899314],
          [-0.365446185158451, 51.118540437717115],
          [-0.365465575645419, 51.118517327324994],
          [-0.365475190885197, 51.1184877853527],
          [-0.365473634432252, 51.11845089300591],
          [-0.365465762945506, 51.11843099878784],
          [-0.365361757918084, 51.11834141566313],
          [-0.365338620631044, 51.118308718137556],
          [-0.365322719290194, 51.11827342388191],
          [-0.36529834150355, 51.11815437785106],
          [-0.365276282414018, 51.11809111975961],
          [-0.365180243695693, 51.11797826643731],
          [-0.365602048678872, 51.11780790154199],
          [-0.365776660939018, 51.117759082111775],
          [-0.365872346528979, 51.11776041892824],
          [-0.365984122026508, 51.11775118904168],
          [-0.36605609963838, 51.11773600742335],
          [-0.366161653348394, 51.11770061125222],
          [-0.366585582327819, 51.11759142374254],
          [-0.367339785575031, 51.117435586024534],
          [-0.367540357652963, 51.11742039978405],
          [-0.367885807831593, 51.11742971689025],
          [-0.368125101406784, 51.117451041241345],
          [-0.368310858462242, 51.11749140232587],
          [-0.368457197807652, 51.117515026148325],
          [-0.368656726758876, 51.1175294994178],
          [-0.368931174814657, 51.11744519657193],
          [-0.369066369287737, 51.11742010298241],
          [-0.369106610340295, 51.11741346973434],
          [-0.369238442258641, 51.11740271758966],
          [-0.369314291931009, 51.11739927849674],
          [-0.369843974600238, 51.117411157142094],
          [-0.370141217987462, 51.11740990310152],
          [-0.370438581996468, 51.11736458514309],
          [-0.371580500086514, 51.117234802424754],
          [-0.371802233539551, 51.117186629632094],
          [-0.371982084101665, 51.11719183051639],
          [-0.372078913273282, 51.11720127154731],
          [-0.372230997860463, 51.11722407131162],
          [-0.372720092307682, 51.117089688381384],
          [-0.372836844283607, 51.117060736761644],
          [-0.372931795415891, 51.11704227320356],
          [-0.373941955223481, 51.116880059191104],
          [-0.374188341153088, 51.116821433149696],
          [-0.374786076991733, 51.116766788993125],
          [-0.375098227954703, 51.11674774381363],
          [-0.375646176928052, 51.11672747573466],
          [-0.375955439569573, 51.1167092874451],
          [-0.376201140126599, 51.11671089957884],
          [-0.376500542702943, 51.11672944356326],
          [-0.377461676591879, 51.116865080534176],
          [-0.37795669680297, 51.116969067738154],
          [-0.378454814306772, 51.11702543381055],
          [-0.379352089105277, 51.1171080116419],
          [-0.379457991490969, 51.11710318373508],
          [-0.379511115539648, 51.11709582608848],
          [-0.379622056563384, 51.11706948505806],
          [-0.379728115964337, 51.11706016267116],
          [-0.379782322393455, 51.117062711995985],
          [-0.379941614123055, 51.11708380296942],
          [-0.380320651179328, 51.11711333203904],
          [-0.380603737199464, 51.11710825825413],
          [-0.380732347585231, 51.117148707633646],
          [-0.380937199991319, 51.11713355731102],
          [-0.381028475482581, 51.11713841764772],
          [-0.381151578297897, 51.117132027680235],
          [-0.381223550536938, 51.11711683653927],
          [-0.381358031578783, 51.11707103539233],
          [-0.381570259650364, 51.11700832406866],
          [-0.381655084805017, 51.116993310475834],
          [-0.381705195187657, 51.116990406552944],
          [-0.381822145595051, 51.11699652071976],
          [-0.382663068431641, 51.11701534388355],
          [-0.383101051348193, 51.116993520502675],
          [-0.383112111925282, 51.116881263139504],
          [-0.383618416971799, 51.11596559659585],
          [-0.383712069064444, 51.11582030759077],
          [-0.384045171596362, 51.115404944654635],
          [-0.384148786426509, 51.11526069219747],
          [-0.384339978701515, 51.11502232531009],
          [-0.384482081935019, 51.11479856800602],
          [-0.38449378847599, 51.11479063613121],
          [-0.384536661954538, 51.114790328909564],
          [-0.384555414856215, 51.114785192179916],
          [-0.384600499587261, 51.11476243341827],
          [-0.384631240918639, 51.11474127514368],
          [-0.38485294216228, 51.1148162788579],
          [-0.385322001760428, 51.11492707092628],
          [-0.385477004514961, 51.114948095243754],
          [-0.385699408808461, 51.114961955960204],
          [-0.386335310134281, 51.114959038835785],
          [-0.386565825138484, 51.11494513204398],
          [-0.386858466853675, 51.11491139804688],
          [-0.387479273713873, 51.11480844626191],
          [-0.387976138361997, 51.114736157442174],
          [-0.388297214205405, 51.114706408803386],
          [-0.388537661444655, 51.114694433532954],
          [-0.388907813064203, 51.11469143842234],
          [-0.390345225944135, 51.11473011097775],
          [-0.390377790692808, 51.114738652599186],
          [-0.390532303996467, 51.11489725356553],
          [-0.390859190125496, 51.11535858558291],
          [-0.391042216103518, 51.115642578181024],
          [-0.391102150776021, 51.11572703568415],
          [-0.391107793590192, 51.115770278803666],
          [-0.391111017031517, 51.11580089870734],
          [-0.391100420228708, 51.115859206261426],
          [-0.391223580777284, 51.115851007982],
          [-0.39123214942801, 51.11585112582111],
          [-0.391297117814693, 51.115914069689495],
          [-0.391323035179898, 51.11594949807243],
          [-0.391364873231365, 51.11602021735447],
          [-0.391385383260873, 51.116087945496616],
          [-0.391381552948168, 51.11615713749519],
          [-0.391346109793209, 51.11627265741211],
          [-0.391337166683099, 51.11628332580912],
          [-0.391228802424139, 51.11635917380084],
          [-0.391225353362977, 51.116376212714734],
          [-0.391497886232228, 51.11651035615758],
          [-0.391525020682676, 51.11651072925285],
          [-0.391997047180046, 51.11612513188187],
          [-0.392011390724845, 51.116123530481005],
          [-0.392063389097055, 51.1161485258166],
          [-0.392087916576483, 51.1161416686977],
          [-0.392825944940129, 51.115460263175876],
          [-0.392828925809521, 51.11545670700349],
          [-0.393188376323453, 51.11518556543514],
          [-0.394411827432077, 51.114472147408534],
          [-0.394935709584112, 51.11415559531401],
          [-0.395235519053463, 51.11403830554737],
          [-0.395501025893153, 51.11388007686194],
          [-0.395725565269868, 51.113543228022536],
          [-0.396065230973882, 51.11293457573349],
          [-0.396068273635625, 51.11292922176267],
          [-0.396173867041691, 51.11272653260997],
          [-0.396504359588115, 51.11217620654682],
          [-0.396533199405185, 51.11216850833006],
          [-0.397160244680119, 51.11221397225221],
          [-0.398094465342904, 51.112341877119306],
          [-0.398110608277514, 51.11232950823647],
          [-0.398116756917241, 51.11223426859523],
          [-0.398136221741862, 51.11220845597506],
          [-0.398770163785436, 51.1118475304598],
          [-0.398843022560887, 51.11180626150568],
          [-0.3988850241425, 51.111789750046015],
          [-0.399339900125832, 51.11169075917841],
          [-0.399651324213469, 51.111608689036885],
          [-0.399661971767053, 51.11158994979003],
          [-0.399429484748462, 51.11091680425966],
          [-0.399263497326121, 51.1103866546808],
          [-0.399204205916688, 51.11020059128974],
          [-0.399161864149828, 51.110102889427864],
          [-0.399374998904616, 51.110053647622436],
          [-0.400923176929719, 51.10969352579868],
          [-0.400876332798891, 51.10964342494398],
          [-0.400815238960891, 51.10955086302595],
          [-0.400720742066435, 51.10939129755712],
          [-0.400555432640986, 51.10900684264052],
          [-0.400449200939584, 51.10873200868256],
          [-0.400409062508557, 51.1086532224477],
          [-0.400360263815534, 51.10857701561109],
          [-0.400308330340026, 51.10850885940535],
          [-0.400218557539029, 51.10841950224485],
          [-0.400406851237755, 51.10838610598851],
          [-0.400454405653146, 51.10837416633343],
          [-0.400626773864062, 51.10830548003062],
          [-0.401701539349852, 51.10783545799794],
          [-0.401759211908327, 51.10782005899024],
          [-0.401931547666439, 51.10779363664339],
          [-0.403121020281568, 51.10776671599441],
          [-0.403606677069061, 51.10772658263006],
          [-0.40385055953267, 51.10769663749292],
          [-0.403987921360303, 51.10806361956011],
          [-0.404014865354865, 51.10806938287855],
          [-0.404308070697986, 51.10801762775553],
          [-0.404328525060379, 51.10800441758828],
          [-0.404306195772368, 51.1079060914432],
          [-0.404347673552733, 51.10769712499904],
          [-0.404362195040867, 51.10764876196523],
          [-0.404381345111695, 51.107631936874995],
          [-0.404831792692468, 51.10753556274511],
          [-0.405127298245334, 51.107541390864334],
          [-0.405277904028088, 51.10752366009656],
          [-0.405531532119628, 51.1075010385602],
          [-0.406141340015896, 51.10742301862579],
          [-0.406404399495311, 51.107375343863666],
          [-0.406847584614633, 51.10732382702847],
          [-0.40713536309466, 51.10734663114959],
          [-0.407229786986844, 51.10734252126722],
          [-0.407254067834072, 51.107384218782705],
          [-0.407695137204555, 51.10747745403116],
          [-0.408104046540024, 51.10755046577471],
          [-0.408164920007916, 51.10756658197353],
          [-0.408210549958853, 51.107569001498035],
          [-0.408301060980595, 51.107554046139924],
          [-0.408606368727279, 51.10752402764063],
          [-0.408687880393156, 51.1075215394673],
          [-0.408926210289209, 51.10752837868447],
          [-0.40925843100135, 51.10750501951994],
          [-0.409411983453828, 51.107484625657676],
          [-0.409481958012846, 51.1075269440527],
          [-0.409683668928858, 51.10743526225291],
          [-0.410746408215838, 51.10697938278696],
          [-0.410852643960948, 51.106922372930086],
          [-0.410952551862337, 51.10688326261666],
          [-0.411042064175115, 51.10685570164436],
          [-0.411147128638228, 51.10683284825635],
          [-0.411179054127572, 51.10677662725401],
          [-0.411323697488578, 51.106766001947825],
          [-0.41142876161429, 51.10674314830185],
          [-0.411645043275815, 51.1067263012519],
          [-0.411761221943648, 51.106712591034494],
          [-0.412009654798659, 51.10667459713273],
          [-0.412286385993017, 51.10660281416839],
          [-0.412777039706173, 51.1064161278385],
          [-0.412878858953235, 51.10644628639248],
          [-0.412973896013696, 51.106424194583724],
          [-0.413262446853656, 51.1063408790283],
          [-0.413631829253885, 51.106274846080446],
          [-0.413952831529482, 51.10624502646188],
          [-0.414112365914027, 51.10621661401048],
          [-0.414632911277352, 51.10615802295131],
          [-0.414676237853988, 51.10614422168801],
          [-0.414912354036515, 51.10604850074443],
          [-0.415025906072438, 51.10598619055059],
          [-0.415878117683736, 51.10579449772825],
          [-0.416026518395719, 51.105799205252055],
          [-0.416107566109412, 51.10581019482624],
          [-0.41616607587379, 51.10581188636933],
          [-0.416233428901704, 51.10580560409716],
          [-0.416298110511803, 51.10579388993509],
          [-0.416380478544832, 51.10576622814224],
          [-0.417724687102014, 51.105431001950876],
          [-0.418003828487675, 51.1053718279678],
          [-0.419179953866035, 51.10514762405287],
          [-0.419203723328163, 51.105204600033524],
          [-0.419237334196436, 51.1052662054417],
          [-0.419240072557025, 51.105353472664575],
          [-0.419301938630672, 51.10550808587421],
          [-0.419220111947151, 51.10556183591717],
          [-0.419256344255706, 51.10579793715773],
          [-0.419217767901284, 51.10588194806427],
          [-0.419645701929426, 51.10657028574005],
          [-0.41979763540656, 51.106764784866975],
          [-0.419752330475521, 51.106794748196606],
          [-0.419778338411656, 51.10699563915399],
          [-0.419760150232088, 51.107068235081655],
          [-0.419712405981571, 51.10712784167921],
          [-0.419515220210309, 51.10729693937133],
          [-0.419507376075108, 51.10731751680139],
          [-0.419500119926387, 51.1074046489143],
          [-0.419569446924952, 51.107717636103374],
          [-0.419572645610079, 51.107791420307514],
          [-0.419571713888611, 51.10786065228844],
          [-0.419564562092206, 51.10790282180071],
          [-0.419546618352664, 51.10796822674326],
          [-0.419521994823309, 51.10802005220136],
          [-0.419328621212077, 51.10832858946421],
          [-0.419076698013039, 51.10884586708996],
          [-0.418918451342101, 51.109213332269924],
          [-0.418375378396541, 51.10913584442148],
          [-0.418203704669859, 51.10910114824452],
          [-0.418204331707841, 51.10904090486314],
          [-0.417386685773975, 51.1089300247139],
          [-0.417287058543616, 51.10912831722131],
          [-0.417645761458502, 51.10925007682009],
          [-0.417786021419061, 51.1092843482744],
          [-0.418002700911894, 51.10938170356065],
          [-0.418042376140129, 51.10939123296482],
          [-0.418089375067502, 51.109395465712225],
          [-0.41813668073053, 51.10939070977396],
          [-0.418207354620193, 51.109370982070494],
          [-0.418286460274527, 51.109774030889945],
          [-0.418260682502944, 51.109817747009295],
          [-0.418262587588243, 51.10984565050206],
          [-0.418397329165955, 51.110041717740906],
          [-0.418447941639265, 51.11014941674762],
          [-0.418508588520386, 51.110423618487204],
          [-0.418557965693556, 51.11069317137028],
          [-0.41857909989309, 51.1108274500916],
          [-0.418585078488862, 51.110945336789754],
          [-0.418552049714585, 51.11124345149963],
          [-0.418422589548523, 51.111813643491125],
          [-0.418438577299203, 51.111889399335965],
          [-0.418524711767956, 51.11208660752266],
          [-0.418583693385488, 51.11215844837387],
          [-0.418643244549107, 51.112255476766656],
          [-0.418594253464494, 51.1123933035428],
          [-0.418496021232382, 51.11259251475541],
          [-0.418442833551926, 51.11264395372767],
          [-0.418502130055442, 51.11287407232928],
          [-0.418503698006611, 51.11291186333597],
          [-0.418490157544253, 51.11297373060155],
          [-0.418467674802996, 51.113255800761245],
          [-0.418480316255017, 51.11334589982124],
          [-0.418523424060965, 51.11346428861342],
          [-0.418611931052341, 51.11375955038647],
          [-0.418637193431676, 51.11381474814201],
          [-0.418637609455842, 51.11384443003617],
          [-0.418629610448489, 51.113869501730235],
          [-0.4182987193222, 51.114355134686804],
          [-0.418296057357176, 51.11460060233132],
          [-0.41827066857534, 51.114842165442546],
          [-0.418290985000042, 51.115628411537905],
          [-0.418308142751885, 51.11575364361211],
          [-0.418291594808781, 51.11590359964497],
          [-0.418310303480714, 51.11602525556862],
          [-0.418385680843402, 51.11624480024161],
          [-0.418419949548621, 51.116454796077726],
          [-0.418366811841725, 51.11671396944861],
          [-0.418357625959837, 51.117024996235486],
          [-0.41834357613421, 51.11705987814309],
          [-0.418154072016952, 51.117379257563655],
          [-0.418144551794804, 51.11740700653295],
          [-0.418098596177664, 51.11762311179236],
          [-0.418081926279749, 51.11786029655214],
          [-0.417985470534929, 51.11788147406971],
          [-0.417894946914779, 51.11806370304432],
          [-0.417860995880593, 51.11817925107782],
          [-0.417857527928695, 51.11828082292056],
          [-0.417832379311178, 51.118515195085486],
          [-0.41783170847054, 51.11870223644242],
          [-0.417836257252502, 51.11882010376773],
          [-0.417894237875794, 51.119088873713224],
          [-0.417906681027043, 51.119226631985356],
          [-0.417839131038812, 51.119489207584685],
          [-0.417838198169237, 51.11964207269938],
          [-0.417858686808811, 51.1197115944524],
          [-0.417946012718658, 51.11983237994399],
          [-0.417980644803721, 51.11986432317843],
          [-0.418023999880756, 51.11989188797556],
          [-0.418050707003899, 51.11990483911022],
          [-0.418152528416058, 51.11993589241695],
          [-0.418106893584734, 51.12018437602361],
          [-0.418106313135307, 51.12028508761376],
          [-0.417995942956894, 51.121006616544406],
          [-0.417852187863712, 51.121408449118135],
          [-0.417947975829979, 51.12140704690336],
          [-0.417880391926612, 51.121670521241214],
          [-0.417725301042253, 51.122153135505066],
          [-0.417666268446764, 51.12237535845663],
          [-0.417610565339116, 51.12245823795874],
          [-0.417580541297359, 51.1225423641236],
          [-0.417503846897532, 51.12286326885818],
          [-0.417452550738386, 51.122942610776626],
          [-0.417323218433728, 51.123089242078166],
          [-0.417277420165109, 51.123174953267785],
          [-0.417264488724537, 51.123218843014925],
          [-0.417197207646685, 51.12372422730053],
          [-0.417188178418066, 51.12390486041565],
          [-0.417154728100431, 51.124047393281444],
          [-0.417050105240139, 51.12434903477997],
          [-0.417042671798107, 51.12439929385909],
          [-0.417054376390887, 51.12455862482427],
          [-0.417036929043945, 51.12465101453538],
          [-0.417009497963552, 51.12470100296466],
          [-0.417005028489343, 51.1247063381545],
          [-0.41699162006048, 51.12472234372282],
          [-0.416954174558227, 51.12473082972326],
          [-0.416909740625279, 51.12473472472472],
          [-0.416734109035359, 51.1247305488852],
          [-0.416485199046439, 51.12473797064513],
          [-0.415745532901703, 51.12480439313062],
          [-0.415440867491241, 51.12485422288177],
          [-0.415278197513147, 51.124888889477766],
          [-0.414248565450858, 51.12516000627466],
          [-0.413304842067143, 51.12542598441501],
          [-0.41330164658465, 51.125435833139804],
          [-0.413315031717818, 51.125545726811914],
          [-0.41323676103477, 51.12632883751509],
          [-0.413274595868658, 51.12647593349067],
          [-0.413363399427019, 51.126762210040646],
          [-0.413453589388284, 51.127008037706545],
          [-0.413494454695894, 51.127108412131754],
          [-0.41355494937204, 51.127219844154126],
          [-0.41375081919352, 51.12767663723667],
          [-0.413829326012703, 51.12788813349168],
          [-0.413808631793943, 51.12794990317802],
          [-0.413720681888261, 51.12813935779256],
          [-0.413821435342053, 51.128285508306405],
          [-0.414597850188053, 51.12923488351025],
          [-0.414782259869277, 51.12944241886942],
          [-0.414945687184331, 51.129678446543494],
          [-0.415038922137275, 51.1297939185811],
          [-0.415475526211, 51.130609186204246],
          [-0.415531176608326, 51.13069537170187],
          [-0.415705702400669, 51.13094144071665],
          [-0.415820706628185, 51.131130947938644],
          [-0.415932037020629, 51.13146968573039],
          [-0.415874124292835, 51.13149138336095],
          [-0.415791587034289, 51.131522639507054],
          [-0.415668419565406, 51.13152996395535],
          [-0.415561903313686, 51.13155190232165],
          [-0.415504543843248, 51.13155742022777],
          [-0.415398796293184, 51.13155688686562],
          [-0.415108956928793, 51.13158983017073],
          [-0.415108492159774, 51.13168694608069],
          [-0.415262834117298, 51.13193813789292],
          [-0.415297056348904, 51.13202403314632],
          [-0.415308037824381, 51.13207903799384],
          [-0.415310030861176, 51.13218787783422],
          [-0.415428760463917, 51.13218499004312],
          [-0.415471403928525, 51.13219186272583],
          [-0.415530729630264, 51.13221245058498],
          [-0.415918500077138, 51.1322833505269],
          [-0.416043819681786, 51.13229673839887],
          [-0.416123269539212, 51.13231400137355],
          [-0.416236299581622, 51.132352402443374],
          [-0.416324674238022, 51.132401260920545],
          [-0.416198859491282, 51.13256952113081],
          [-0.416135014187793, 51.13268106650922],
          [-0.416112738389464, 51.13274731153931],
          [-0.416103915624387, 51.13300528529799],
          [-0.416122240507385, 51.1330963606915],
          [-0.416152886184663, 51.13316152382136],
          [-0.416193684725321, 51.13330596102633],
          [-0.416220655011676, 51.13360398775565],
          [-0.416248858066802, 51.13369879400251],
          [-0.416249241593172, 51.13372937469763],
          [-0.416161320909016, 51.133917932051105],
          [-0.41615629398709, 51.13410671247389],
          [-0.416218201674372, 51.13421906133636],
          [-0.416293336733968, 51.13432079792748],
          [-0.416319328526467, 51.13439668926174],
          [-0.41628960130438, 51.13447182613255],
          [-0.416284423787775, 51.13449783510135],
          [-0.416288033616363, 51.134517668107],
          [-0.416308785202278, 51.13470499901199],
          [-0.416133249002285, 51.13498949186927],
          [-0.416110418699857, 51.13507191631614],
          [-0.416097956537581, 51.13522732271531],
          [-0.416086326096356, 51.13527482696814],
          [-0.416068566583189, 51.13529257203096],
          [-0.41595443120011, 51.13557879539068],
          [-0.415926108810774, 51.13594711592513],
          [-0.415945141624377, 51.136017517402145],
          [-0.415996127627593, 51.13615669676669],
          [-0.416011641132701, 51.136288201488895],
          [-0.416000455175106, 51.13636448865075],
          [-0.415876038521059, 51.136658666171925],
          [-0.415856095155856, 51.13674023037763],
          [-0.41591992412954, 51.136921849774374],
          [-0.415896321546623, 51.137110378525755],
          [-0.415902143203182, 51.137149126331934],
          [-0.415894076833856, 51.13717599542861],
          [-0.415876070506201, 51.137200931344424],
          [-0.41585548335401, 51.1372177387998],
          [-0.415750827646872, 51.13726847943551],
          [-0.415753867311352, 51.13734675780504],
          [-0.415733817000092, 51.13738965157644],
          [-0.415708801221064, 51.137535895069874],
          [-0.415718828521782, 51.137702397338515],
          [-0.415713955321906, 51.137803050475505],
          [-0.41575713362293, 51.138086907904466],
          [-0.415750448446339, 51.13815696104153],
          [-0.415757360614953, 51.13820561567719],
          [-0.41588348670166, 51.138530164731286],
          [-0.415901075123675, 51.1386428126808],
          [-0.415902038277443, 51.13882358058598],
          [-0.415950011365744, 51.139134481156674],
          [-0.415848249403774, 51.13939299426295],
          [-0.415826906614417, 51.139473640205246],
          [-0.415794501992571, 51.13954334498707],
          [-0.415753616422315, 51.13961023705679],
          [-0.415684936618953, 51.13969563747552],
          [-0.415601459085808, 51.13983749191053],
          [-0.415497716974359, 51.139944899215635],
          [-0.415343041185668, 51.14007859473],
          [-0.415332085449841, 51.14010632391379],
          [-0.415323956672838, 51.14013499067414],
          [-0.415304615976111, 51.140449475862596],
          [-0.415219231875576, 51.140563426583796],
          [-0.415200823868557, 51.14060004756149],
          [-0.41507429791193, 51.1409553464448],
          [-0.415161566268422, 51.14099519784628],
          [-0.415079492566165, 51.141262969799584],
          [-0.415081334969714, 51.1412926709268],
          [-0.415141136039238, 51.14159204138617],
          [-0.415151931076557, 51.14173607206703],
          [-0.415062736273278, 51.1417942158262],
          [-0.415009902597668, 51.14200123303518],
          [-0.414959947732824, 51.142082390370206],
          [-0.414935036414579, 51.14218367116036],
          [-0.414877444298882, 51.142279113437596],
          [-0.414861616301614, 51.14232386283873],
          [-0.414845018931972, 51.14239108375911],
          [-0.414836595086476, 51.14247010605669],
          [-0.414830528484065, 51.142730814431346],
          [-0.41484216728982, 51.142891942897215],
          [-0.414871965140203, 51.143107274113284],
          [-0.414893932041133, 51.143217283691634],
          [-0.414970626684005, 51.14339907782522],
          [-0.414990382213689, 51.14349017258131],
          [-0.414969274444896, 51.14373089299277],
          [-0.414988780046239, 51.143912811406395],
          [-0.414976636496993, 51.144016963066086],
          [-0.414955307418103, 51.14405534298034],
          [-0.414891029636148, 51.14413720548725],
          [-0.414818006291604, 51.144265711876],
          [-0.414814378893097, 51.144288144658546],
          [-0.414820415928683, 51.144320600468355],
          [-0.414841987294914, 51.14435866246378],
          [-0.414923757301781, 51.14447577738626],
          [-0.415017096314545, 51.144630818673406],
          [-0.415108370579686, 51.14492971631653],
          [-0.41511468114683, 51.14503771512805],
          [-0.415109224774599, 51.145071813743236],
          [-0.415032401942097, 51.14526951313463],
          [-0.415008948922023, 51.14536991441904],
          [-0.41500972390157, 51.14555607535956],
          [-0.414923649595953, 51.14606569856854],
          [-0.414818002455691, 51.1473556290961],
          [-0.41478764857694, 51.14744874256526],
          [-0.414786069975367, 51.14795411493993],
          [-0.414770683925579, 51.14802764714699],
          [-0.414771972302945, 51.148073527740635],
          [-0.414809472292811, 51.14827277618935],
          [-0.414788514736591, 51.14850900203804],
          [-0.41475631305131, 51.1486560470627],
          [-0.414739734769147, 51.14888963440777],
          [-0.414670950488211, 51.14918636285604],
          [-0.414637463206633, 51.14949615953214],
          [-0.414670183581939, 51.14970973162969],
          [-0.414611978481686, 51.14986451764498],
          [-0.414561247704515, 51.15017677838147],
          [-0.414615660377387, 51.15050844974872],
          [-0.414643715945024, 51.150607750513295],
          [-0.414671925530162, 51.15070255700405],
          [-0.414725940112459, 51.15075364861323],
          [-0.414771823695438, 51.15083340688711],
          [-0.414894774294513, 51.15125143862579],
          [-0.414928407006533, 51.15139667807503],
          [-0.414948424926618, 51.15152194891418],
          [-0.415004218129024, 51.151980437189145],
          [-0.41495861462137, 51.15210122169592],
          [-0.414817546395774, 51.15217035295959],
          [-0.41483956079641, 51.152320830625904],
          [-0.41504437033096, 51.15268691402315],
          [-0.414982648460167, 51.152735537936664],
          [-0.415253805604166, 51.153126800436304],
          [-0.415301192964616, 51.153329779818534],
          [-0.415411557957002, 51.153614547277584],
          [-0.415448438910146, 51.15370677315999],
          [-0.415536367741278, 51.15397864666785],
          [-0.415662944095881, 51.15441651054434],
          [-0.415775036927023, 51.15465094148319],
          [-0.415841722616322, 51.154666233053526],
          [-0.415969690761466, 51.154980015161534],
          [-0.415964074554167, 51.15518587353048],
          [-0.415894244189424, 51.15542953120296],
          [-0.4155945853535, 51.155911981517725],
          [-0.415534866838881, 51.156110812080385],
          [-0.415540529509762, 51.15632131956011],
          [-0.415493404671484, 51.15636114868391],
          [-0.41568566951167, 51.156593068477605],
          [-0.416000337853815, 51.15692556595397],
          [-0.416216185513676, 51.157137120815285],
          [-0.416339062411566, 51.15734921517405],
          [-0.416203929390084, 51.157369867519584],
          [-0.416159509007206, 51.157414229907346],
          [-0.415637865188644, 51.157488100593326],
          [-0.415600984492409, 51.15768813974623],
          [-0.415523895034815, 51.15789302990572],
          [-0.415389087251437, 51.15815469184206],
          [-0.415211715994328, 51.15844815093001],
          [-0.415140310432335, 51.15865401710437],
          [-0.415160309857135, 51.1589051861734],
          [-0.415183682579269, 51.15901611371607],
          [-0.415330659037639, 51.15956846143099],
          [-0.415270172731028, 51.15962249781408],
          [-0.415378088622469, 51.159979173490385],
          [-0.415414350604811, 51.160256641486676],
          [-0.415416893824683, 51.160432933883875],
          [-0.415437633824997, 51.16066253000339],
          [-0.415550191629365, 51.16075847852412],
          [-0.415732259033527, 51.16082928935789],
          [-0.415748270968032, 51.1609464119755],
          [-0.415758380233406, 51.16106885029928],
          [-0.415766670237798, 51.16132795379113],
          [-0.415743500295477, 51.161461631983634],
          [-0.415661428673984, 51.16156123926029],
          [-0.415685904828638, 51.16180707283479],
          [-0.41576123621242, 51.16228021241006],
          [-0.415752498102558, 51.162451855578986],
          [-0.415779088702282, 51.16288656544588],
          [-0.415806028416934, 51.16306049031398],
          [-0.415691839605258, 51.16322081334688],
          [-0.415808036252029, 51.16358659324211],
          [-0.415923256138396, 51.16381387146296],
          [-0.416040021918426, 51.16382894166927],
          [-0.41607951078309, 51.16388702992617],
          [-0.416091646772803, 51.164117408550545],
          [-0.416172874667067, 51.1645438651962],
          [-0.416108709353609, 51.16457986670582],
          [-0.416178000156907, 51.164811918398286],
          [-0.416260743086183, 51.165027065938844],
          [-0.416363283960203, 51.16533240886034],
          [-0.416395420179083, 51.16560532402854],
          [-0.416442627505329, 51.166231857981835],
          [-0.416477749447556, 51.16641758389649],
          [-0.416496191193222, 51.166630961514116],
          [-0.416519755207057, 51.16673649555195],
          [-0.416623960747951, 51.16707693234971],
          [-0.416611735405196, 51.16722514712634],
          [-0.416605323277387, 51.16728711030316],
          [-0.41651178441053, 51.167596094046026],
          [-0.416364960846859, 51.16787378107182],
          [-0.416186255902934, 51.16845589043458],
          [-0.416191093488325, 51.16860703407815],
          [-0.416213505049404, 51.168704459154554],
          [-0.416265049071897, 51.16882835757515],
          [-0.416602596683344, 51.169372491395926],
          [-0.416591203575469, 51.169412804548685],
          [-0.416602653990598, 51.16953795868431],
          [-0.416736647652066, 51.16980236029847],
          [-0.416877223449396, 51.1700416711251],
          [-0.41713095327189, 51.17040211627015],
          [-0.41729582479647, 51.1706003886446],
          [-0.417462204122192, 51.170838249233036],
          [-0.417531511110801, 51.17098666769754],
          [-0.417593254020776, 51.17118894025378],
          [-0.417641806478588, 51.17127502799972],
          [-0.41787708386463, 51.17163162469907],
          [-0.418001049973714, 51.1716458909062],
          [-0.418274030791453, 51.17198770892222],
          [-0.418442064903782, 51.17221929544352],
          [-0.418490297801386, 51.17235663709391],
          [-0.418502939080684, 51.17257263370314],
          [-0.418515594003529, 51.17266273215257],
          [-0.418579681832513, 51.17296395590212],
          [-0.418565094202583, 51.173181382969894],
          [-0.417558694121588, 51.17341147812601],
          [-0.417033273255523, 51.17350688742472],
          [-0.416865496801515, 51.17356037222186],
          [-0.416784160523722, 51.17359614180411],
          [-0.416725702623705, 51.17363222094366],
          [-0.416677130889762, 51.173672030943074],
          [-0.416620363177302, 51.17374230531331],
          [-0.416494703315484, 51.17415337131132],
          [-0.416313458581855, 51.174098760171496],
          [-0.415984549518331, 51.17401157427077],
          [-0.41590891782918, 51.17400605388424],
          [-0.415760237213953, 51.17400314140347],
          [-0.415647088989268, 51.17400700483949],
          [-0.415578175799886, 51.17401416505711],
          [-0.415490365687374, 51.174030062046924],
          [-0.415390715778276, 51.17405748917265],
          [-0.415155834562561, 51.17414873141723],
          [-0.414287982014952, 51.17450927152195],
          [-0.413808112045312, 51.17481931104944],
          [-0.413709087743001, 51.17487012636501],
          [-0.413614723073591, 51.174910213489824],
          [-0.413455856527004, 51.17495392223757],
          [-0.413266116856215, 51.17498012585522],
          [-0.413067242078076, 51.17502239219318],
          [-0.412973246718398, 51.175051692524],
          [-0.412519841302565, 51.17521550411722],
          [-0.412335675960498, 51.17528764485648],
          [-0.412228686558192, 51.1753203653582],
          [-0.412097511204459, 51.175349160410335],
          [-0.411900495923843, 51.175378860176174],
          [-0.411138428006114, 51.175532181362335],
          [-0.410912935365065, 51.175557895861715],
          [-0.410786944212097, 51.17556068094381],
          [-0.410669780085022, 51.175556391514625],
          [-0.410542946273654, 51.17554207845339],
          [-0.410366681671274, 51.17550910831961],
          [-0.409947487072315, 51.17550970687465],
          [-0.409212511244468, 51.1754574498738],
          [-0.408831462117335, 51.17547205219919],
          [-0.408563726751475, 51.17551966930004],
          [-0.408443833417858, 51.17555311026589],
          [-0.408336951290621, 51.17570723270208],
          [-0.408252012361747, 51.17605500005687],
          [-0.408200513051412, 51.176345668011194],
          [-0.408164190259275, 51.17690183173731],
          [-0.408081085979729, 51.17727930029596],
          [-0.408054556226414, 51.17763415716679],
          [-0.408066694989595, 51.177738639476864],
          [-0.40808604005077, 51.17780005412619],
          [-0.408131595979637, 51.17788970326273],
          [-0.408317536254483, 51.1781404359076],
          [-0.408642856266697, 51.17866464839791],
          [-0.408522583014366, 51.17870887595219],
          [-0.408694339825583, 51.179080818565154],
          [-0.408858789152945, 51.179623525748276],
          [-0.408940144538096, 51.17979549638036],
          [-0.409056505879018, 51.18015589361406],
          [-0.409101075691835, 51.180274306057264],
          [-0.409220966801955, 51.18053223257695],
          [-0.409438987703269, 51.18084904733925],
          [-0.409583665477223, 51.18113518827588],
          [-0.409895169316457, 51.181396617944436],
          [-0.409743093931024, 51.18149167375842],
          [-0.409870892049073, 51.18176949130542],
          [-0.409900954691441, 51.18193536834656],
          [-0.409903025536944, 51.18204151212751],
          [-0.409897474254061, 51.18211967447762],
          [-0.409789201894677, 51.18256334895915],
          [-0.409698950980949, 51.18277435347879],
          [-0.40952134091103, 51.18302913461061],
          [-0.409358883536112, 51.18317620729075],
          [-0.40927804611826, 51.183363058758516],
          [-0.409272823322848, 51.18355633398936],
          [-0.409289091380617, 51.183790369228525],
          [-0.409307006971006, 51.18455860412473],
          [-0.409312742111499, 51.18464141654861],
          [-0.409325783165402, 51.1847198318635],
          [-0.409423361132005, 51.1849612682169],
          [-0.409892592914515, 51.18641999524924],
          [-0.410007657379216, 51.18669404294792],
          [-0.410117829128005, 51.18690237607213],
          [-0.410450416736099, 51.18792488760981],
          [-0.410487776116716, 51.18800363308711],
          [-0.410550046936978, 51.18810699770023],
          [-0.410589826337921, 51.18815699883973],
          [-0.410683719755898, 51.18825629649808],
          [-0.410932580080826, 51.188468311037056],
          [-0.411093496803482, 51.18878254874888],
          [-0.411136146575626, 51.18887395583683],
          [-0.411201584556757, 51.18909337100791],
          [-0.411241841282694, 51.18933762423247],
          [-0.41131658215312, 51.189577849208206],
          [-0.411363356186707, 51.189757442237074],
          [-0.411366040261939, 51.18980424156362],
          [-0.411341741020935, 51.18988664598609],
          [-0.411087463093418, 51.19028967073923],
          [-0.4110599931889, 51.19038102491367],
          [-0.411059965191576, 51.19054829177163],
          [-0.410978333150167, 51.190674881875964],
          [-0.410852862758836, 51.19099422309947],
          [-0.410725239235518, 51.19112648342039],
          [-0.410381867518393, 51.191414986544295],
          [-0.41020817361517, 51.19163834765356],
          [-0.410065066757503, 51.191804569802386],
          [-0.410010137053487, 51.191903644208246],
          [-0.409938497176052, 51.192114003021864],
          [-0.409926844434779, 51.19216150684983],
          [-0.409911159015172, 51.19240949732609],
          [-0.409869577045439, 51.19253663130322],
          [-0.409878286277375, 51.19269952094819],
          [-0.409960028845467, 51.19294433899815],
          [-0.410020916046897, 51.19308815325149],
          [-0.410140532820796, 51.193313701400164],
          [-0.410237360194237, 51.19341124080042],
          [-0.41038216709357, 51.1934869496795],
          [-0.4105308113509, 51.193617567101846],
          [-0.41123140916695, 51.194136977814416],
          [-0.411634133572056, 51.19441223136823],
          [-0.411706688986761, 51.19442490691857],
          [-0.411887748418145, 51.19444535002663],
          [-0.411973086077278, 51.19446089674486],
          [-0.412180059998474, 51.19451856187878],
          [-0.412329967474411, 51.194570955967805],
          [-0.412545752214719, 51.194663812212724],
          [-0.413033827316936, 51.19495460716455],
          [-0.413155218723881, 51.195003915580436],
          [-0.413285779886878, 51.19503626173374],
          [-0.413384364196787, 51.19504119556052],
          [-0.413515511762955, 51.19505646293833],
          [-0.413597866546294, 51.19507556515952],
          [-0.413687034825203, 51.1951046518476],
          [-0.413764542896768, 51.19513987542584],
          [-0.413833221022564, 51.1951821735674],
          [-0.4138848251668, 51.19522154238534],
          [-0.413919447805976, 51.195255285293705],
          [-0.413975540654032, 51.19533068640894],
          [-0.414305547586564, 51.19559864979448],
          [-0.415036118928705, 51.196581575651656],
          [-0.415161186618355, 51.1967325511195],
          [-0.415356724398336, 51.19687368924605],
          [-0.41544528906754, 51.197045752978184],
          [-0.415670343628434, 51.19728621175477],
          [-0.415824736058342, 51.19741689984674],
          [-0.416341327426371, 51.19783756352598],
          [-0.416615446096537, 51.1981083607337],
          [-0.416823559067461, 51.19834229288758],
          [-0.417001966898765, 51.198649564316206],
          [-0.41737151429871, 51.199101507600155],
          [-0.417522501599157, 51.19924833437877],
          [-0.417719424484091, 51.19947491917657],
          [-0.41783603034139, 51.19974807999466],
          [-0.41789447131943, 51.20000606581494],
          [-0.417980019553229, 51.200224849435926],
          [-0.417970203560075, 51.2005952226198],
          [-0.418010867513617, 51.20087095425557],
          [-0.418224296053872, 51.201117545908495],
          [-0.41829154433235, 51.20128572225496],
          [-0.418443867565406, 51.201393896742566],
          [-0.418635100800789, 51.201578136924525],
          [-0.418952628154577, 51.201794658781644],
          [-0.419158705694869, 51.20183791052588],
          [-0.419523594818785, 51.20179967299658],
          [-0.419789080103624, 51.201989410395065],
          [-0.420210250422425, 51.20227297608881],
          [-0.421149752863804, 51.2029295436953],
          [-0.421395845160071, 51.2030587634939],
          [-0.421599985033038, 51.20320090627279],
          [-0.421835891603043, 51.203293116999355],
          [-0.422287564430595, 51.20343859617685],
          [-0.42228167666994, 51.20348527970528],
          [-0.422335392320068, 51.20354715530511],
          [-0.422948638745299, 51.20378204062555],
          [-0.423302297538587, 51.2039055114515],
          [-0.423657450283224, 51.20402720274249],
          [-0.42400344712254, 51.204123589633426],
          [-0.424330222267552, 51.204279968879774],
          [-0.425076232755581, 51.20461015597344],
          [-0.425783391474127, 51.204862477061056],
          [-0.426041909665786, 51.20492170973001],
          [-0.426319144484443, 51.205019862777945],
          [-0.42667608050753, 51.20513167660667],
          [-0.426774252257201, 51.2051914498557],
          [-0.426775683125053, 51.20519146908956],
          [-0.427626569544007, 51.205553625064574],
          [-0.428033489387112, 51.20575333689439],
          [-0.428123549520748, 51.20571497791951],
          [-0.42858709139286, 51.20597570036127],
          [-0.429191726697555, 51.206423567421446],
          [-0.429461135056423, 51.20666819133772],
          [-0.429999632873607, 51.2070827922883],
          [-0.43029425606335, 51.20734393957047],
          [-0.430441870060057, 51.20750779051858],
          [-0.430541775414914, 51.20768539008696],
          [-0.430656113092577, 51.20785958593759],
          [-0.430836588273622, 51.2079411427673],
          [-0.43098680401108, 51.20798632227776],
          [-0.431659254345748, 51.20808256560843],
          [-0.432234648754473, 51.20812804437812],
          [-0.432641859722473, 51.208193750316624],
          [-0.432648310981823, 51.20825678662629],
          [-0.433424404538369, 51.20842095468438],
          [-0.433852321248916, 51.208551681989334],
          [-0.433892694279149, 51.20850096300985],
          [-0.434062309428383, 51.20852301671899],
          [-0.434562204497063, 51.20859984806347],
          [-0.43554260966849, 51.208649827889055],
          [-0.436392069252834, 51.20871963310558],
          [-0.436867341619865, 51.20876285234626],
          [-0.437755197911135, 51.20926391758935],
          [-0.438436939624572, 51.209679492001044],
          [-0.438357005859111, 51.20992662790495],
          [-0.438323512588079, 51.210282297509636],
          [-0.438386661778047, 51.21065904082164],
          [-0.438386432863054, 51.21083529743096],
          [-0.43832402091066, 51.21128410667284],
          [-0.438306379282863, 51.21150959154633],
          [-0.438305296056913, 51.21166875034193],
          [-0.437983143316123, 51.21196571155823],
          [-0.437661864999135, 51.21219433800601],
          [-0.436954387101339, 51.21275054188236],
          [-0.436776206102455, 51.21289654413439],
          [-0.436395666159042, 51.21398768829207],
          [-0.436300765751724, 51.21429577416063],
          [-0.436218648666036, 51.21447992956537],
          [-0.436136501994235, 51.21470725014245],
          [-0.436035839163819, 51.2148893590647],
          [-0.435657177753272, 51.215712539328536],
          [-0.435620459538592, 51.21595125807814],
          [-0.435538914197539, 51.216076067923794],
          [-0.435439251303588, 51.21627077968009],
          [-0.43539031855163, 51.21640501817309],
          [-0.435255180179981, 51.21671706174267],
          [-0.435135629185878, 51.21686474462718],
          [-0.435033952884115, 51.21703424918455],
          [-0.434954505145506, 51.21713930243678],
          [-0.43480544466721, 51.217270403385506],
          [-0.434640701477584, 51.21744176227736],
          [-0.434485793336071, 51.2176609145558],
          [-0.434392274857114, 51.21767405231723],
          [-0.434340932698298, 51.21775250262896],
          [-0.434231152427556, 51.217992042436556],
          [-0.434192995248362, 51.21827300804913],
          [-0.43416242068761, 51.218372419625176],
          [-0.434095881365055, 51.2184767457819],
          [-0.434005710996476, 51.21847553948318],
          [-0.433975775778366, 51.21851380822442],
          [-0.433931588343598, 51.218592354076925],
          [-0.433917336151537, 51.21863263119424],
          [-0.433911031969436, 51.21869189962003],
          [-0.433907407578325, 51.21875659960479],
          [-0.433916511802922, 51.2189104990394],
          [-0.433901893288238, 51.21904609539381],
          [-0.433860963784838, 51.21911299410913],
          [-0.433815253298049, 51.219151951026674],
          [-0.4338065132075, 51.219156330506415],
          [-0.433705773564708, 51.219213436050815],
          [-0.433677815616506, 51.219362343147026],
          [-0.433698279291389, 51.219434559716525],
          [-0.433615411615266, 51.21972481896061],
          [-0.433468039625353, 51.220143711844266],
          [-0.433066600692888, 51.22117161637524],
          [-0.432873874838995, 51.22149187939412],
          [-0.432680051762743, 51.22175996892731],
          [-0.432602287351379, 51.222110547778],
          [-0.43257950063392, 51.22227571093308],
          [-0.432632674011605, 51.22231239427586],
          [-0.43235727556771, 51.22283208979695],
          [-0.432236994963924, 51.22308497632778],
          [-0.432179185282583, 51.22318492188377],
          [-0.432121558344336, 51.22327947415506],
          [-0.431897358060701, 51.223556148363926],
          [-0.431848715245332, 51.22363913015862],
          [-0.431805736987458, 51.223723986386055],
          [-0.431735495345181, 51.22389480861061],
          [-0.431598122571002, 51.224144767646074],
          [-0.431540704173561, 51.224275293782775],
          [-0.431519837345748, 51.224341561202806],
          [-0.431492021433491, 51.224485973206065],
          [-0.431542760695077, 51.22451003443155],
          [-0.4313664856125, 51.2248511989017],
          [-0.431310333160113, 51.22515530366163],
          [-0.431144243757923, 51.22566027289191],
          [-0.430612624000036, 51.227101881032084],
          [-0.430486670573954, 51.22718382507903],
          [-0.43021204091088, 51.22734201240403],
          [-0.429158101364322, 51.22792679252326],
          [-0.428415755236155, 51.22836107120415],
          [-0.427832015744437, 51.22867967020229],
          [-0.427414133367439, 51.228922257444374],
          [-0.42698490877538, 51.22920335964056],
          [-0.426544593541288, 51.22947351987364],
          [-0.426112149956678, 51.229806733576574],
          [-0.425933416985197, 51.229923934107745],
          [-0.425899723582933, 51.22994596294806],
          [-0.425766587192152, 51.23007007125784],
          [-0.425717128390036, 51.230176419954844],
          [-0.42569000195996, 51.230257889243795],
          [-0.42567631178971, 51.23032335225994],
          [-0.425676692821255, 51.23039619871529],
          [-0.425688526994253, 51.23046919919561],
          [-0.425734650770536, 51.23058672530957],
          [-0.425807644009875, 51.23084040334763],
          [-0.42589049796071, 51.231140976252846],
          [-0.425891868341333, 51.23114279323091],
          [-0.425994000776476, 51.23146610716351],
          [-0.426071068979416, 51.2317684006673],
          [-0.426254022182201, 51.23207391616255],
          [-0.426325069837918, 51.23217469083893],
          [-0.426396117801961, 51.232275465474515],
          [-0.426636619164368, 51.23257366042676],
          [-0.427269563535852, 51.233251226418986],
          [-0.427489678017054, 51.23347540510255],
          [-0.427819848600095, 51.23374872305602],
          [-0.428129684538688, 51.23394622709803],
          [-0.428726435577876, 51.23425729087478],
          [-0.429156546030567, 51.23445640524036],
          [-0.42965366722536, 51.23474904132054],
          [-0.430011886020688, 51.23499844629959],
          [-0.430162177617937, 51.235128157531115],
          [-0.430475548093707, 51.23547497963067],
          [-0.430683655573668, 51.23567380952164],
          [-0.431771516874826, 51.236835850770596],
          [-0.432025451855971, 51.23707755765186],
          [-0.432250446930708, 51.23732786906948],
          [-0.432461708926156, 51.23751864463634],
          [-0.432595749024961, 51.23762115714779],
          [-0.432762262128659, 51.23777985871434],
          [-0.432995616962639, 51.23795294377813],
          [-0.433334930890462, 51.23816971194849],
          [-0.433655206268886, 51.238398814112784],
          [-0.43399753953938, 51.23869565538514],
          [-0.433998971444534, 51.2386956745402],
          [-0.434063525912066, 51.238777471976384],
          [-0.434337193591945, 51.23907159517474],
          [-0.434434102646173, 51.23921317663996],
          [-0.434454665373704, 51.23928269506994],
          [-0.434506451134749, 51.239529786319046],
          [-0.434572376238005, 51.239697931269],
          [-0.434648415760459, 51.239905779100035],
          [-0.434385904525254, 51.240169350328465],
          [-0.434102459894133, 51.240416454161306],
          [-0.433812977342581, 51.24071473462099],
          [-0.433618353830169, 51.24066626806558],
          [-0.432887584986462, 51.24079677294938],
          [-0.432599084319188, 51.24085495974196],
          [-0.432350623626124, 51.24083094964113],
          [-0.432067341313261, 51.24077769613838],
          [-0.431423915016836, 51.240614402769154],
          [-0.430534222306257, 51.240489170614865],
          [-0.43036586268674, 51.24046892799026],
          [-0.429828578252467, 51.24042844978769],
          [-0.429502428748389, 51.24041418275376],
          [-0.429339185805702, 51.2404119925965],
          [-0.429059128282136, 51.240432514813044],
          [-0.428932381680913, 51.240452396208276],
          [-0.428806913900513, 51.24047679095446],
          [-0.428533641454089, 51.2405504596073],
          [-0.428330075022516, 51.24063855247737],
          [-0.427421934644128, 51.24097077477924],
          [-0.427128793284021, 51.24103877762851],
          [-0.426846870049452, 51.24107185917227],
          [-0.426157805631679, 51.241112955912435],
          [-0.425792980008754, 51.24114042398044],
          [-0.425550730749643, 51.24114436017544],
          [-0.425549298773838, 51.24114434091583],
          [-0.425419203693044, 51.241136296253195],
          [-0.42515295821789, 51.24108775150481],
          [-0.424907558683004, 51.24101610575836],
          [-0.42476735849222, 51.240968356761535],
          [-0.424628651940777, 51.24091882916851],
          [-0.424382865743092, 51.24081660212254],
          [-0.423940443750615, 51.24059931925724],
          [-0.423697708961895, 51.240491736269114],
          [-0.423586027874096, 51.24044796693811],
          [-0.423159924817369, 51.24029834573247],
          [-0.422688266774944, 51.24018228123182],
          [-0.422345362819601, 51.24007154718344],
          [-0.42222831813475, 51.24014281014726],
          [-0.421892741892906, 51.23998541177689],
          [-0.421647889248228, 51.23985621364321],
          [-0.421401114055473, 51.2397413773065],
          [-0.421118863114029, 51.23957480389221],
          [-0.420846514611096, 51.239411960438574],
          [-0.420291061548981, 51.23910770883609],
          [-0.419412652861307, 51.238696578319015],
          [-0.419255375231982, 51.238645894355635],
          [-0.419107489843979, 51.238739219369585],
          [-0.418627561040285, 51.238489036402875],
          [-0.41819576850316, 51.238172057060666],
          [-0.418012722367713, 51.23803739156626],
          [-0.417671622268818, 51.23774951297189],
          [-0.417533474155919, 51.23764243154395],
          [-0.417399437302482, 51.23754080112151],
          [-0.417274899934268, 51.23745458648389],
          [-0.417147437671193, 51.23737013069254],
          [-0.41682882158292, 51.23717877496237],
          [-0.416664780656227, 51.2370749393692],
          [-0.416407089842754, 51.236903291086044],
          [-0.416316148921353, 51.23684001152602],
          [-0.416221344635888, 51.2367640899158],
          [-0.416148493585887, 51.23671634247418],
          [-0.415944148738837, 51.23661825538907],
          [-0.415839458636945, 51.23657996882023],
          [-0.415604120984023, 51.236508439663446],
          [-0.41507136667722, 51.23642119312562],
          [-0.414886032796702, 51.236395302781304],
          [-0.414723175939222, 51.23638230624752],
          [-0.414593528921874, 51.23636166588302],
          [-0.414478323727787, 51.23633762392213],
          [-0.413445880998676, 51.23603497140132],
          [-0.413224497162818, 51.23597441774614],
          [-0.413003083011106, 51.23591476252502],
          [-0.412460339767268, 51.23578510319506],
          [-0.411814245371818, 51.23557850092238],
          [-0.411729513441011, 51.23554317923561],
          [-0.411650632547858, 51.23550433981725],
          [-0.41126484341287, 51.235267993384014],
          [-0.411077573218565, 51.23517372655762],
          [-0.410973517658334, 51.23515882512864],
          [-0.410934735855154, 51.23516189574169],
          [-0.410572124614254, 51.23516776399559],
          [-0.410038791114646, 51.23518120434342],
          [-0.409288663687974, 51.235167416318],
          [-0.408961226929573, 51.2351917428591],
          [-0.408678019981832, 51.235221166081686],
          [-0.408119358536696, 51.235304396057074],
          [-0.407294259488456, 51.23538759560629],
          [-0.40636355085424, 51.23550082591513],
          [-0.405243435042756, 51.23558179284428],
          [-0.40470717233308, 51.23563833371314],
          [-0.403817539276139, 51.23576469325293],
          [-0.403290361185906, 51.23580696325725],
          [-0.402950778266605, 51.2358508911367],
          [-0.40261110136753, 51.235897514543865],
          [-0.402015879204879, 51.2360017988299],
          [-0.401513471782528, 51.236155907877574],
          [-0.400967638033468, 51.236364277037914],
          [-0.399600046212493, 51.23684737852808],
          [-0.398993157320077, 51.23703961624954],
          [-0.398726238322761, 51.237135783917495],
          [-0.397956944016539, 51.23742561310337],
          [-0.397353957476297, 51.237670053092806],
          [-0.396963878458442, 51.237888629154895],
          [-0.397001944253496, 51.23819490052349],
          [-0.397051135683827, 51.23838711755308],
          [-0.397117510015121, 51.23857956983041],
          [-0.3971516563411, 51.238874996270035],
          [-0.39719803883307, 51.23914810859667],
          [-0.397219606702021, 51.23947573630389],
          [-0.397320060090626, 51.240048144756116],
          [-0.397339469515319, 51.24019049431012],
          [-0.397354645704913, 51.24033098737429],
          [-0.397341072233743, 51.240639249340376],
          [-0.397342683592988, 51.24100527211236],
          [-0.397336291361494, 51.24110680150202],
          [-0.397266509415122, 51.24130098655733],
          [-0.397129830433939, 51.24148256518219],
          [-0.39705255750497, 51.24156244093513],
          [-0.396971175787362, 51.24163686478542],
          [-0.396797393060511, 51.24177297170242],
          [-0.396661059417158, 51.241903296421235],
          [-0.396573058631565, 51.24212690724012],
          [-0.396562337216627, 51.242229276492296],
          [-0.396560754280303, 51.24243968234496],
          [-0.396568492300782, 51.24254680062249],
          [-0.396601402434288, 51.24275408185739],
          [-0.396678288841181, 51.24305638798579],
          [-0.396710210219023, 51.243209699862575],
          [-0.396758394987354, 51.24351341135154],
          [-0.396774751993303, 51.24366111446378],
          [-0.396337820343195, 51.24370099218273],
          [-0.395985571306611, 51.24369526695251],
          [-0.395890494459966, 51.243710150905315],
          [-0.395801051911881, 51.24372780977879],
          [-0.395731370466467, 51.24379519884392],
          [-0.395728594203965, 51.243833829094655],
          [-0.395732884346943, 51.24387525397226],
          [-0.395763908409096, 51.243971900235145],
          [-0.395814639114399, 51.24428463958039],
          [-0.395834146449075, 51.24458885766765],
          [-0.395764767307299, 51.24514185267053],
          [-0.395692227648616, 51.245579698672046],
          [-0.395609644020725, 51.246347436234075],
          [-0.395537669761416, 51.24672773701124],
          [-0.395493423948272, 51.24696993138953],
          [-0.3955131550173, 51.24722649156798],
          [-0.395577345830202, 51.24768779360411],
          [-0.395632600310404, 51.24795293395936],
          [-0.39571469150245, 51.24822923320975],
          [-0.395721878477325, 51.24847572951226],
          [-0.395909163123848, 51.249270545820075],
          [-0.39594396967489, 51.249505730129925],
          [-0.395964886141792, 51.2497695004753],
          [-0.395940050645621, 51.25056590631502],
          [-0.39588498110226, 51.25070723579022],
          [-0.395825595773684, 51.250766672854],
          [-0.395759111566212, 51.25082421406926],
          [-0.395574550080619, 51.25093948853432],
          [-0.395357751710269, 51.25111637018967],
          [-0.39520195168405, 51.25126980749074],
          [-0.395155667282245, 51.25136449519027],
          [-0.395077107786833, 51.25156305526149],
          [-0.394971963001875, 51.251907831151016],
          [-0.394864897979791, 51.252184236368024],
          [-0.394821683537771, 51.25251996932714],
          [-0.394665116424772, 51.25327140724125],
          [-0.394636095908973, 51.25344636611857],
          [-0.394611528677971, 51.253616889727176],
          [-0.394588159571193, 51.253876457079585],
          [-0.394505734334224, 51.2540623739347],
          [-0.394422259327363, 51.2541961189087],
          [-0.394405587937959, 51.25426333518149],
          [-0.394396047003222, 51.25433154851903],
          [-0.394519921092861, 51.25464259495204],
          [-0.394459928338455, 51.255089606467195],
          [-0.394348750882438, 51.25531919283046],
          [-0.394213464170179, 51.255253489224906],
          [-0.394142752662355, 51.25522644050058],
          [-0.394069051213479, 51.25520294777753],
          [-0.393855539529673, 51.25516135000874],
          [-0.393281895611061, 51.25517326162319],
          [-0.392711774333753, 51.255166334213996],
          [-0.392418762009865, 51.25514432532237],
          [-0.392177043332041, 51.25508974740461],
          [-0.391956385567451, 51.255253080573674],
          [-0.391862748878151, 51.255390281145225],
          [-0.391753191019854, 51.25581952418812],
          [-0.391538154963835, 51.256273396504554],
          [-0.391570244418352, 51.25646268316051],
          [-0.391344956259395, 51.25642991165004],
          [-0.391073684671219, 51.25635963781224],
          [-0.390376245752677, 51.25614052089995],
          [-0.390061043426504, 51.25605615165833],
          [-0.389274434918963, 51.25592842611754],
          [-0.389279480572885, 51.2560301125291],
          [-0.389338216451859, 51.256112753859554],
          [-0.389602504308354, 51.25662897122634],
          [-0.389891781125348, 51.257004347047534],
          [-0.389986891969253, 51.25719450092659],
          [-0.390062596894109, 51.25740686946054],
          [-0.390085866507334, 51.25760233003181],
          [-0.390042968549715, 51.257886807089854],
          [-0.390071006582728, 51.25806884425568],
          [-0.390139331084914, 51.25828740606523],
          [-0.390177762310908, 51.258500161139956],
          [-0.390148324631218, 51.258645437231486],
          [-0.390086107580284, 51.25907263373984],
          [-0.39009347352075, 51.25923100723773],
          [-0.390160596917486, 51.25940189312552],
          [-0.390227520565075, 51.259619538456214],
          [-0.390324830143833, 51.25986997543761],
          [-0.390479096911276, 51.26013108749869],
          [-0.390597446037209, 51.260435769927454],
          [-0.390666073733318, 51.260809911985035],
          [-0.390694456435127, 51.26110526390575],
          [-0.390748751416222, 51.26139737493983],
          [-0.39078352447227, 51.26167392991694],
          [-0.390720227790028, 51.262173055755305],
          [-0.390673436565487, 51.26244579157235],
          [-0.390637920536165, 51.262600877575565],
          [-0.390597949421446, 51.26276039868052],
          [-0.39048625701765, 51.26312666577725],
          [-0.390424622796136, 51.26345495231625],
          [-0.390267176557416, 51.263817892233654],
          [-0.390137509061029, 51.26428822745362],
          [-0.390074638476135, 51.26456973456206],
          [-0.389950461729416, 51.264677738020005],
          [-0.389747939076387, 51.26473070728983],
          [-0.389026740914733, 51.26481880527261],
          [-0.388858519903586, 51.26483357631256],
          [-0.388516328880766, 51.26482257123533],
          [-0.388220724763627, 51.26483199061719],
          [-0.387674938909584, 51.26490450988817],
          [-0.38718726010645, 51.264913978806824],
          [-0.387246333853667, 51.265028101107255],
          [-0.387142693670426, 51.26508152887316],
          [-0.387245826901854, 51.265493018350696],
          [-0.387273396587706, 51.265565340025006],
          [-0.387387734679758, 51.26573867633887],
          [-0.387505819902446, 51.26588688450311],
          [-0.387672146479654, 51.2660492460898],
          [-0.387733725009118, 51.266132827330395],
          [-0.387891240048944, 51.26638319598409],
          [-0.387960045973315, 51.26646507808308],
          [-0.388034677428221, 51.26654434253947],
          [-0.388116630065037, 51.266619211390605],
          [-0.388205778111303, 51.26669327998107],
          [-0.388420760452341, 51.266858108922875],
          [-0.388537419041748, 51.26700629635574],
          [-0.388575052308653, 51.267077856954934],
          [-0.388604120603902, 51.267148400369415],
          [-0.388615807223902, 51.26722410013936],
          [-0.388629357616239, 51.267410436030424],
          [-0.388631221455779, 51.267521072178134],
          [-0.388616165892778, 51.26774658227812],
          [-0.388647525048757, 51.267956544365035],
          [-0.388854803791166, 51.268464788272695],
          [-0.388976732102743, 51.26870837048758],
          [-0.389028336337156, 51.268831381643835],
          [-0.389139186433037, 51.26914585369863],
          [-0.38921478536498, 51.269238619684074],
          [-0.389493812972333, 51.26954011768937],
          [-0.389707298209416, 51.26966625471246],
          [-0.389878848759703, 51.26972077210326],
          [-0.390039270307532, 51.26980661069963],
          [-0.390144384132761, 51.26995733534836],
          [-0.390251315625547, 51.27017912735296],
          [-0.390374072371775, 51.27039933829414],
          [-0.390459701454671, 51.27061544154754],
          [-0.390487799910878, 51.27104208259076],
          [-0.390394571513541, 51.27124853252363],
          [-0.390228975264715, 51.27147467053945],
          [-0.392111825570149, 51.27125324629138],
          [-0.39268036327024, 51.271804213363126],
          [-0.392920906929957, 51.272059311613376],
          [-0.393431946183895, 51.27253304747596],
          [-0.393360168412042, 51.27270022610188],
          [-0.393191530039635, 51.27305492218693],
          [-0.392852759466261, 51.27372472519634],
          [-0.392992909701374, 51.27385794262583],
          [-0.393215015562207, 51.274148757843484],
          [-0.39355566726059, 51.27453472347961],
          [-0.393408856694689, 51.274633427194644],
          [-0.393328725212801, 51.27467009688664],
          [-0.392513292980693, 51.27503030208854],
          [-0.392048110563678, 51.275213660038986],
          [-0.392488309307473, 51.27578714500923],
          [-0.392946123530056, 51.276349179593694],
          [-0.39261543669787, 51.27645794796798],
          [-0.392932622426223, 51.27653064695264],
          [-0.393090740408789, 51.27660116188914],
          [-0.393217039912362, 51.27672069980897],
          [-0.393351229720051, 51.27694286272094],
          [-0.393474379050171, 51.27694725048206],
          [-0.393729652379725, 51.27694535750136],
          [-0.393857477131167, 51.276939017759005],
          [-0.394190363876396, 51.2768905271833],
          [-0.394305510245467, 51.27687771815938],
          [-0.394481651457531, 51.27688373091025],
          [-0.394665670447047, 51.27691053463883],
          [-0.394810655480727, 51.27645299534004],
          [-0.394963340778333, 51.27676173994476],
          [-0.395309399682535, 51.2774049657616],
          [-0.395602511800661, 51.277839733441894],
          [-0.395640195855065, 51.27791039294207],
          [-0.395778341145166, 51.27822523201294],
          [-0.395847045948374, 51.27835207125051],
          [-0.395972724138024, 51.278530949437716],
          [-0.396041742993634, 51.278648800152],
          [-0.396051461744813, 51.278657926001735],
          [-0.397214917229546, 51.278804253792416],
          [-0.397295556956904, 51.279165065747435],
          [-0.397376461894168, 51.27964188707544],
          [-0.397380786782643, 51.27968241342449],
          [-0.397403838657533, 51.27992643111783],
          [-0.397441867731068, 51.2802345019658],
          [-0.397446838047341, 51.28033888530161],
          [-0.397438556316608, 51.28074164481573],
          [-0.397444254190658, 51.28098992126284],
          [-0.397434871443925, 51.281465506509605],
          [-0.397447575274599, 51.28196567432],
          [-0.397434572796307, 51.28225685968949],
          [-0.397401217295935, 51.28259722627419],
          [-0.397384373722361, 51.283163535488306],
          [-0.397365430117434, 51.28337820157444],
          [-0.397278423223823, 51.28390038533487],
          [-0.397214177685994, 51.284716042383835],
          [-0.397079402212007, 51.28541562728073],
          [-0.397049589499199, 51.28577762458948],
          [-0.396890945252106, 51.285844696238534],
          [-0.396470805713504, 51.28592617198196],
          [-0.396365444442752, 51.28598677850925],
          [-0.396191518456376, 51.28612198436924],
          [-0.396046164588016, 51.286260279204114],
          [-0.395891113463296, 51.286429915424996],
          [-0.395713910459112, 51.28657676618899],
          [-0.395651672993071, 51.286634365885966],
          [-0.395595106188438, 51.28669384179453],
          [-0.395509449080067, 51.28684734229575],
          [-0.395427958378552, 51.28704586329111],
          [-0.395386977711251, 51.28723414818731],
          [-0.39530118559247, 51.287432610140606],
          [-0.39508063587433, 51.28787652394149],
          [-0.39500957448752, 51.28810486347479],
          [-0.394966405480614, 51.288314700670014],
          [-0.394890164938186, 51.28856814865906],
          [-0.394794594545858, 51.28917024795025],
          [-0.39473794967264, 51.289437453501584],
          [-0.394716291524694, 51.28989398515882],
          [-0.394690933715192, 51.29000424756541],
          [-0.39462340631833, 51.29029558409212],
          [-0.394541403769434, 51.29050848571298],
          [-0.394506902523822, 51.29067527663618],
          [-0.39452352436394, 51.2910621901078],
          [-0.394595210278274, 51.29130957263349],
          [-0.394590051283002, 51.29153971467322],
          [-0.394553865013078, 51.2917136766329],
          [-0.394560473538972, 51.291853153877376],
          [-0.394644703641002, 51.29202876684209],
          [-0.394700782369369, 51.292106872786064],
          [-0.394763997625064, 51.29218597580694],
          [-0.394944895570323, 51.29238629481159],
          [-0.395077963270143, 51.292559879149564],
          [-0.395088990543088, 51.29290175243747],
          [-0.39517497999622, 51.29302703011143],
          [-0.395238032818135, 51.2931519933681],
          [-0.395257405346214, 51.29321340914438],
          [-0.395290776385468, 51.293408108530315],
          [-0.395388000834505, 51.29362256760073],
          [-0.39548145028497, 51.29386305364004],
          [-0.395554508859843, 51.29398905308],
          [-0.39568479406471, 51.29407806728655],
          [-0.395710184840996, 51.29429603815818],
          [-0.395763581476282, 51.294410077571605],
          [-0.396043890952392, 51.294721467469145],
          [-0.396085656016914, 51.29488121007984],
          [-0.396105244613605, 51.29514226623387],
          [-0.396111669993073, 51.29582220110078],
          [-0.396004726574197, 51.295886382774036],
          [-0.395839872694751, 51.295965957828315],
          [-0.39576767341521, 51.296062089660104],
          [-0.395828279318603, 51.29613396216603],
          [-0.39595872766248, 51.29621848190594],
          [-0.396068541284249, 51.29631890567529],
          [-0.396108850049244, 51.29643816121492],
          [-0.396046286385289, 51.29650474934561],
          [-0.39600522027757, 51.29661299826289],
          [-0.395973358702435, 51.29666292082399],
          [-0.395899912872913, 51.29675364004492],
          [-0.395858359945002, 51.2967935378598],
          [-0.395721502184361, 51.29681054751088],
          [-0.395654761734328, 51.29687348113445],
          [-0.395655122335303, 51.2969454275278],
          [-0.39565580399014, 51.296967019303025],
          [-0.395578847157658, 51.296993842178445],
          [-0.395362360314401, 51.29699087567552],
          [-0.395302348776894, 51.29706649106526],
          [-0.395284564254657, 51.297165166835676],
          [-0.395341833303402, 51.297250482870396],
          [-0.395462655371488, 51.29732318073537],
          [-0.395484795340175, 51.29742869848471],
          [-0.39537888152834, 51.29746321784868],
          [-0.395210542839872, 51.29747799696415],
          [-0.395152254385174, 51.29750417614359],
          [-0.395010269813766, 51.297585862008255],
          [-0.394861218685614, 51.29762338669534],
          [-0.394823822847143, 51.29774967086779],
          [-0.394742309438376, 51.2979481909387],
          [-0.394650588380436, 51.29806923395114],
          [-0.394519130212509, 51.298178041579476],
          [-0.394381246571792, 51.29830654485123],
          [-0.394219270998885, 51.2984266241663],
          [-0.394106283375032, 51.29858154729677],
          [-0.394079024078041, 51.29866390610643],
          [-0.394077527604754, 51.29866568411884],
          [-0.394058745179947, 51.298751756252415],
          [-0.394068506775423, 51.29900638297409],
          [-0.394067224531618, 51.29916643508683],
          [-0.394048938340698, 51.299402691763895],
          [-0.394070771456892, 51.29947583190153],
          [-0.394162079079561, 51.29969560621768],
          [-0.394148404099459, 51.29979973375265],
          [-0.394127560166188, 51.29990376296865],
          [-0.394066852603071, 51.29999915205959],
          [-0.394003402700404, 51.300090906435535],
          [-0.393869217069261, 51.300236545900276],
          [-0.393766762255913, 51.30037722486636],
          [-0.393871739252593, 51.30065743798361],
          [-0.393954149502753, 51.300803350602024],
          [-0.393971126037076, 51.300851244691444],
          [-0.393758297379843, 51.30098951068988],
          [-0.39364437908291, 51.30108866611678],
          [-0.393533389002068, 51.30106286323141],
          [-0.393488228863337, 51.301041560483256],
          [-0.393323957028996, 51.3009394877937],
          [-0.393216798056811, 51.30092722620194],
          [-0.393154014168873, 51.30095873836279],
          [-0.393091073225801, 51.30099474468083],
          [-0.393010905697739, 51.301113247310255],
          [-0.392893521277597, 51.301229440573536],
          [-0.39278441459474, 51.30139610640725],
          [-0.3927586159622, 51.301477585793286],
          [-0.392738458342423, 51.30156184040791],
          [-0.392741608123001, 51.30167699007752],
          [-0.392773622191168, 51.30203354000893],
          [-0.392766735140199, 51.302148551909426],
          [-0.392752710198286, 51.302262566568864],
          [-0.392670705889516, 51.302720967423056],
          [-0.392589906013947, 51.30285744648254],
          [-0.392572677968564, 51.30293994273719],
          [-0.392561059727886, 51.303026113069414],
          [-0.392596663205445, 51.30336202906704],
          [-0.392614277158057, 51.30347378017493],
          [-0.392719755490221, 51.30373961296263],
          [-0.3927770379167, 51.303783564063146],
          [-0.392869853933097, 51.303836995487266],
          [-0.39296016868165, 51.30392096764367],
          [-0.393066947716033, 51.304108581542735],
          [-0.39311928059713, 51.304253182625],
          [-0.39312272428746, 51.30431887648334],
          [-0.393117595878037, 51.30438355344901],
          [-0.393067252005034, 51.304510558770815],
          [-0.392960430041578, 51.30461160952034],
          [-0.392852822535418, 51.30473513111034],
          [-0.392791686292639, 51.304883570653494],
          [-0.392757291977125, 51.30504676548756],
          [-0.392766480985406, 51.305194371641946],
          [-0.392854568554439, 51.30534216132592],
          [-0.392912575094255, 51.30548863886291],
          [-0.392930284518965, 51.30572089314357],
          [-0.392999177287944, 51.30596643952933],
          [-0.392957560668991, 51.30608996748202],
          [-0.392896369919131, 51.30644523803445],
          [-0.392934553330781, 51.306584249335955],
          [-0.392939974994233, 51.30671651617152],
          [-0.392823380901952, 51.30697390540999],
          [-0.392789969252273, 51.307067870048904],
          [-0.39270929628712, 51.307405787017466],
          [-0.392637029164812, 51.307544181754395],
          [-0.392457681225714, 51.307667617641464],
          [-0.392243235739671, 51.307768989004096],
          [-0.392114265325887, 51.3078877203555],
          [-0.391981928972146, 51.30822582682207],
          [-0.392001425540877, 51.30840684743697],
          [-0.392116889205422, 51.308551416353126],
          [-0.392277280511265, 51.30868311288001],
          [-0.392427320189914, 51.30882365976412],
          [-0.392671128923415, 51.30911387255921],
          [-0.392777636850814, 51.309186376394216],
          [-0.392935656556721, 51.30922181772717],
          [-0.393122828935283, 51.309244169811656],
          [-0.39324868256469, 51.309378988085705],
          [-0.393311175186052, 51.30943829780129],
          [-0.393505006780176, 51.30951649519134],
          [-0.393762180018275, 51.309629733129206],
          [-0.393998973029499, 51.30971031739253],
          [-0.394154431769734, 51.309778095527086],
          [-0.394308394131427, 51.30984765146498],
          [-0.394824457304554, 51.310107419466505],
          [-0.395054891057158, 51.31020589968663],
          [-0.395146924507354, 51.31019996667811],
          [-0.395472411281584, 51.31016485847944],
          [-0.395727775421176, 51.31016565882452],
          [-0.395977168274997, 51.31025540421262],
          [-0.396122749833047, 51.31031854803345],
          [-0.396265369563121, 51.31038434890813],
          [-0.39637930748532, 51.31044975689648],
          [-0.396584050471249, 51.31058565142907],
          [-0.396679032516446, 51.31065979225878],
          [-0.396777784634278, 51.31074927213451],
          [-0.397019333926024, 51.31098189112086],
          [-0.397198204181724, 51.311119228919054],
          [-0.39730742917795, 51.31123762812668],
          [-0.397319358970976, 51.31130703483665],
          [-0.397323992816179, 51.31137993877392],
          [-0.397251431760569, 51.31165052414212],
          [-0.39725642153695, 51.31183674043675],
          [-0.397339752619864, 51.3118747505882],
          [-0.397593272635686, 51.31196994434099],
          [-0.397591926109403, 51.312008594340774],
          [-0.397582005920572, 51.312046227779334],
          [-0.397533701408597, 51.312114810371405],
          [-0.39730739035032, 51.3122681861483],
          [-0.397218107346977, 51.312400955027435],
          [-0.397106221548784, 51.31252352260982],
          [-0.396926681619084, 51.312816923938406]
        ]
      ]
    ]
  }
}
