{
  "type": "Feature",
  "properties": { "name": "Reigate & Banstead", "level": 2 },
  "geometry": {
    "type": "MultiPolygon",
    "coordinates": [
      [
        [
          [-0.233890458602267, 51.327315403187185],
          [-0.233810007068969, 51.327354656715116],
          [-0.233746163389843, 51.327372578111955],
          [-0.233671050543056, 51.327384933720332],
          [-0.233152589385789, 51.32750480563169],
          [-0.232543681157342, 51.327625107953523],
          [-0.23192175540006, 51.327747908314691],
          [-0.230944476448075, 51.327929183537407],
          [-0.230714379940176, 51.327977863574823],
          [-0.230414560637033, 51.328047970991072],
          [-0.229832963973719, 51.328166873693867],
          [-0.229684237409681, 51.328189803988685],
          [-0.229581692892999, 51.328206238455095],
          [-0.228402085429077, 51.328459971362044],
          [-0.228035750802266, 51.328542555079622],
          [-0.225987833676694, 51.328979157504584],
          [-0.225455059134795, 51.3290969800656],
          [-0.224736389541111, 51.329233563421063],
          [-0.224350976676584, 51.329326637682769],
          [-0.223319931767806, 51.329523221030449],
          [-0.223004207077104, 51.329595766008083],
          [-0.222011144829504, 51.329774928965115],
          [-0.221318015041277, 51.329844433359135],
          [-0.220942648621888, 51.329863008804494],
          [-0.220938344851804, 51.32986294338501],
          [-0.220694395041011, 51.329861033528026],
          [-0.220641062716593, 51.329829647155975],
          [-0.220039552835771, 51.329831292189404],
          [-0.219335526191766, 51.329848460814276],
          [-0.218748536085739, 51.329845823712361],
          [-0.217305695398155, 51.329851734172728],
          [-0.216816291770405, 51.329849674751785],
          [-0.2160836706262, 51.329826820203799],
          [-0.215898614299116, 51.329860870097207],
          [-0.214344722981158, 51.330249944251072],
          [-0.214264843099251, 51.330273905450575],
          [-0.214095358848008, 51.330350456328311],
          [-0.214007231526262, 51.330475910365571],
          [-0.213291483230115, 51.331422721679878],
          [-0.212702750588437, 51.332240173032119],
          [-0.212645823689156, 51.332301354172429],
          [-0.212452267173656, 51.332553794278454],
          [-0.211906157153757, 51.333308043486305],
          [-0.212247551570778, 51.334053366637434],
          [-0.213030953585217, 51.335541046236848],
          [-0.211876547383423, 51.336062084326358],
          [-0.211481603032605, 51.33625029444358],
          [-0.211004522682355, 51.336446240689781],
          [-0.21042889231996, 51.336702728578437],
          [-0.209610527242169, 51.337035536909916],
          [-0.206874714926811, 51.3381986925448],
          [-0.206873280086922, 51.338198670564324],
          [-0.20672436623248, 51.338262036633239],
          [-0.204247228109281, 51.339304993860317],
          [-0.203478993119945, 51.339638528960926],
          [-0.202931428750186, 51.339836058788201],
          [-0.20258541923539, 51.3399827244383],
          [-0.202298420765347, 51.340088928509083],
          [-0.202082792802213, 51.340132379270472],
          [-0.202046498402166, 51.340142613150704],
          [-0.201878186428819, 51.340187689583864],
          [-0.201708616268551, 51.339861343853542],
          [-0.201700182800209, 51.339856717890527],
          [-0.201690314445995, 51.339852069882546],
          [-0.201681845809092, 51.339848342657803],
          [-0.201671942286243, 51.339844593387866],
          [-0.201662038765032, 51.339840844117099],
          [-0.201657804448608, 51.339838980503778],
          [-0.201646430869965, 51.339836107926509],
          [-0.201636492179714, 51.33983325739316],
          [-0.201626553490718, 51.339830406858972],
          [-0.201615144742815, 51.339828433018226],
          [-0.20160517088263, 51.339826481221785],
          [-0.20159372696285, 51.339825406118486],
          [-0.201582283043635, 51.339824331014086],
          [-0.201570839124984, 51.339823255908534],
          [-0.201560794924237, 51.339823101588877],
          [-0.201550750727869, 51.339822947269539],
          [-0.201539236471562, 51.339823669643074],
          [-0.201530591985357, 51.339824436107357],
          [-0.201520477438426, 51.339826079264434],
          [-0.201510362890796, 51.339827722420644],
          [-0.201500248342467, 51.339829365575973],
          [-0.201490098617623, 51.339831907469922],
          [-0.201481418953164, 51.339833572670017],
          [-0.201472668935767, 51.339837035348431],
          [-0.201462519207773, 51.339839577239935],
          [-0.20145376918785, 51.339843039916907],
          [-0.201443584280791, 51.339846480546207],
          [-0.201436233967214, 51.339850864008291],
          [-0.201427448766151, 51.339855225422689],
          [-0.201418663563437, 51.339859586836418],
          [-0.201411313245424, 51.339863970296882],
          [-0.201403927748478, 51.339869252496285],
          [-0.201397977136511, 51.339874556742785],
          [-0.201390591636342, 51.339879838941322],
          [-0.201384641021469, 51.339885143187104],
          [-0.201380090114343, 51.339891368219789],
          [-0.201374104318608, 51.339897571204432],
          [-0.201369588587057, 51.339902897497254],
          [-0.201366472563828, 51.339909144577263],
          [-0.201361886473413, 51.339916268348588],
          [-0.201358770448203, 51.33992251542837],
          [-0.201358700091231, 51.339924312907186],
          [-0.201199470252052, 51.339884096362027],
          [-0.200623549273937, 51.340548805436093],
          [-0.200067454112035, 51.341220111507994],
          [-0.199557577896001, 51.341884032329595],
          [-0.199326340040979, 51.341885871141159],
          [-0.199120931230799, 51.341888106868367],
          [-0.198751624955852, 51.34215220863242],
          [-0.198557761430241, 51.342299405055371],
          [-0.198445372449557, 51.342455948603536],
          [-0.198360272453722, 51.342648883230595],
          [-0.198030787193981, 51.343032300383996],
          [-0.197834968378976, 51.343265796313069],
          [-0.19769936777653, 51.34342827673126],
          [-0.197652626595729, 51.343485110947007],
          [-0.197557751115539, 51.343451276047787],
          [-0.1974652767646, 51.343466039134221],
          [-0.19744504578885, 51.343469324720566],
          [-0.197331437344042, 51.343583582274682],
          [-0.197319498941979, 51.343595089057594],
          [-0.197108318096802, 51.343561261206418],
          [-0.196541351685471, 51.343446412616892],
          [-0.196564640444853, 51.343401807440578],
          [-0.19669050476336, 51.343158243184114],
          [-0.196267289544814, 51.343039312730163],
          [-0.196094597983942, 51.343268665732026],
          [-0.196047678552288, 51.343329992962737],
          [-0.194415087536733, 51.342892052765762],
          [-0.19322950831461, 51.342625558319895],
          [-0.19127959435227, 51.342116129173078],
          [-0.190896793757647, 51.341992407899589],
          [-0.19017057921686, 51.341729383470501],
          [-0.189474046125556, 51.34147850422336],
          [-0.188729300234541, 51.341212486275836],
          [-0.188348090737277, 51.341085184070593],
          [-0.188338152638385, 51.3410823324174],
          [-0.187874429394815, 51.340935765950334],
          [-0.187357865838582, 51.340782084425385],
          [-0.187436061287889, 51.34069246787007],
          [-0.18744814314089, 51.340677367170819],
          [-0.187228959877183, 51.340592138428875],
          [-0.185910026277692, 51.339887352305595],
          [-0.184893059157096, 51.339353600973972],
          [-0.184607960426895, 51.339192704545425],
          [-0.183529630787866, 51.338613923907907],
          [-0.182367646943768, 51.338045524700092],
          [-0.182305652531798, 51.338015784943551],
          [-0.181996286068414, 51.337851807262503],
          [-0.181764840467275, 51.337714219109294],
          [-0.181615738133176, 51.337636363111798],
          [-0.18082141576088, 51.337138407662039],
          [-0.179716020054644, 51.336411687845199],
          [-0.179370462882607, 51.336183291084183],
          [-0.178842792682656, 51.335913390657652],
          [-0.178503679341671, 51.335739947792312],
          [-0.176265390241291, 51.334513542433541],
          [-0.176093958717794, 51.334420043447246],
          [-0.175911513998684, 51.33431468187527],
          [-0.175594693002031, 51.334122692808734],
          [-0.175019965316552, 51.333809774471469],
          [-0.174869014159454, 51.33370670016145],
          [-0.17477592544302, 51.333484023127674],
          [-0.174666425841347, 51.333168463154692],
          [-0.174139307412504, 51.333211500602161],
          [-0.173883173231429, 51.332286630875053],
          [-0.173719843618321, 51.331772385826334],
          [-0.173482417941997, 51.331244393952183],
          [-0.173198434537191, 51.330659918624356],
          [-0.173060053157283, 51.330385273162634],
          [-0.172947430904934, 51.330148799887972],
          [-0.172863806645606, 51.330013499868258],
          [-0.172783435601128, 51.330013144301191],
          [-0.172645432273112, 51.330018183815319],
          [-0.172478416392651, 51.330030863728346],
          [-0.171861454542069, 51.330059897015929],
          [-0.171471765575687, 51.330113162110784],
          [-0.170162597287152, 51.330186225685864],
          [-0.169961262425664, 51.330231639253071],
          [-0.169894664661231, 51.330245885776819],
          [-0.169991388039815, 51.329943437360043],
          [-0.170066032842174, 51.329474274463479],
          [-0.16958231076965, 51.329509875482636],
          [-0.168386235493876, 51.329590982784168],
          [-0.165434427039385, 51.329964768004082],
          [-0.163076948408872, 51.330264166619749],
          [-0.162290692872946, 51.32888940771744],
          [-0.162333907843876, 51.328885589058359],
          [-0.163103384365714, 51.328811323118117],
          [-0.163535317738416, 51.328742553433763],
          [-0.16397087264296, 51.328583010259045],
          [-0.163973921541035, 51.328506618089428],
          [-0.163982351543818, 51.328187500990076],
          [-0.164197346424686, 51.32815939453797],
          [-0.164362313111148, 51.328126007441782],
          [-0.164359192891932, 51.327988366638436],
          [-0.164342767682776, 51.327716522631945],
          [-0.164267923799079, 51.327541786347474],
          [-0.163747400793403, 51.326557896121265],
          [-0.163567383668575, 51.326213343103348],
          [-0.164187165504697, 51.326040499043764],
          [-0.164152344889209, 51.32601387393624],
          [-0.163450777461602, 51.32546690045065],
          [-0.162881652733719, 51.325018226053075],
          [-0.162195354022514, 51.324484976524801],
          [-0.160600244293741, 51.323241409916953],
          [-0.159024940056249, 51.323980165439366],
          [-0.158931647180331, 51.323872583523915],
          [-0.158634723451609, 51.323975832252238],
          [-0.15654336999509, 51.321508573276091],
          [-0.156484468559911, 51.321438401346235],
          [-0.1564405881588, 51.321387350786836],
          [-0.158498708605094, 51.320739852307241],
          [-0.158689113019823, 51.320679894340365],
          [-0.161879946839809, 51.319625665669214],
          [-0.161863096803611, 51.319580436862104],
          [-0.161773217955975, 51.319351506617956],
          [-0.161769202505541, 51.319344249307029],
          [-0.161446155093142, 51.318521726652342],
          [-0.161362804916361, 51.318309085735933],
          [-0.161380158677761, 51.318305760879049],
          [-0.161231525855258, 51.317967094222276],
          [-0.161182369166559, 51.317976215013388],
          [-0.161091637119204, 51.31773288220797],
          [-0.161174068653924, 51.317681117726998],
          [-0.161197198992386, 51.317605041076582],
          [-0.16117752007936, 51.317522896893443],
          [-0.161088211984644, 51.317459444374499],
          [-0.160919388877371, 51.317267044685124],
          [-0.160481678173033, 51.316872580577169],
          [-0.160250526204299, 51.316947189698453],
          [-0.159917618813607, 51.317054373445664],
          [-0.159581236982173, 51.317104846489158],
          [-0.159562662881697, 51.316707968625344],
          [-0.159485640209677, 51.316409094426945],
          [-0.159314339511488, 51.315955860258875],
          [-0.159167682246766, 51.315783590955263],
          [-0.158965132281851, 51.315609544071265],
          [-0.158541041788318, 51.315198200707869],
          [-0.158358929177796, 51.315051452642045],
          [-0.158304945517399, 51.314966071132098],
          [-0.157879652268155, 51.314513339359969],
          [-0.157745339983522, 51.314319679538244],
          [-0.15764336902041, 51.314106743706645],
          [-0.157581430731434, 51.314005049641523],
          [-0.157494255382573, 51.313888570136115],
          [-0.157415864512469, 51.313767732254995],
          [-0.1571698335148, 51.313389759670038],
          [-0.157272531516216, 51.313225905611951],
          [-0.157607624545609, 51.312669119234045],
          [-0.157821930963902, 51.312118526656313],
          [-0.158215115244755, 51.311292864776654],
          [-0.158266106637367, 51.311165967156548],
          [-0.158332192185509, 51.31102042164904],
          [-0.158330726158474, 51.310985326350419],
          [-0.15806504894466, 51.310991043123963],
          [-0.157638489793261, 51.310929481429682],
          [-0.157337764464016, 51.310842918144708],
          [-0.157015356026558, 51.310724538022292],
          [-0.156617392252395, 51.31052223409651],
          [-0.156466155424554, 51.310464998550735],
          [-0.156228307008107, 51.310420788823563],
          [-0.155800813877696, 51.310418558861763],
          [-0.155613550025492, 51.310365251735377],
          [-0.15535073785609, 51.310406979002934],
          [-0.154315486323764, 51.310317837076006],
          [-0.154345396489784, 51.310251760844622],
          [-0.155048913220289, 51.30927362154366],
          [-0.155571821097423, 51.308469803496983],
          [-0.156165737290853, 51.307648225270142],
          [-0.156396817673808, 51.307359598782973],
          [-0.156478523288707, 51.307289842019991],
          [-0.157163206330982, 51.306708893574502],
          [-0.157062052138534, 51.306691115896768],
          [-0.156883939106649, 51.306660437177214],
          [-0.156738708226891, 51.306561031819669],
          [-0.156572144490146, 51.306492765007363],
          [-0.156415935794714, 51.306452538157721],
          [-0.155763654464955, 51.306439575876894],
          [-0.155140122029337, 51.306425264036513],
          [-0.154509341375066, 51.306448604046359],
          [-0.155023498212116, 51.305791241144767],
          [-0.157702744038278, 51.304592410507851],
          [-0.1576449719492, 51.304530351886321],
          [-0.157735171197629, 51.304427455342775],
          [-0.157009294870621, 51.303709214368865],
          [-0.156963282439082, 51.303640146137852],
          [-0.156684139902206, 51.303588992230793],
          [-0.155379668117273, 51.301378736925876],
          [-0.155317860193872, 51.301274347424815],
          [-0.153360684158116, 51.301677854308274],
          [-0.152663819599145, 51.301454636904886],
          [-0.152605976206005, 51.301430343456623],
          [-0.152497854657957, 51.301371983787625],
          [-0.151342118265106, 51.300858249137683],
          [-0.151048750501758, 51.300733117897451],
          [-0.1510233775448, 51.30072192625822],
          [-0.150244892731009, 51.300388602205992],
          [-0.150055893860322, 51.300308282670755],
          [-0.149993681335444, 51.300285718375889],
          [-0.149814791169952, 51.300203759493328],
          [-0.149496416036985, 51.300700521215575],
          [-0.148451914146137, 51.30070380647981],
          [-0.148064426721618, 51.300600561567755],
          [-0.146557231307397, 51.300053362976421],
          [-0.145649400166554, 51.299833969382924],
          [-0.145625245894533, 51.299828191590564],
          [-0.144852215970012, 51.300712521876413],
          [-0.144423007033115, 51.300541158363984],
          [-0.143559107613775, 51.301260387262914],
          [-0.142833217332302, 51.299980013863205],
          [-0.1427688126042, 51.299976295335995],
          [-0.142459383830319, 51.299930024698178],
          [-0.142366851189774, 51.299912371135221],
          [-0.142129250121469, 51.299863641185809],
          [-0.141697276260234, 51.299761469753925],
          [-0.141368234665798, 51.299668123452285],
          [-0.141213277392598, 51.29963329205588],
          [-0.140962323745572, 51.299560067732891],
          [-0.140855056414239, 51.299552071053803],
          [-0.140774555512961, 51.299556189388589],
          [-0.140698137414737, 51.299565768029737],
          [-0.140660463452241, 51.299575062138089],
          [-0.140560214895919, 51.299641815402467],
          [-0.140460911079302, 51.299685202738537],
          [-0.140279979014857, 51.299760567276543],
          [-0.139984299042717, 51.299870980012464],
          [-0.139702917733552, 51.299982518310735],
          [-0.138967853560904, 51.300280193454896],
          [-0.138788168800423, 51.300360071978226],
          [-0.138689153025872, 51.30039626837938],
          [-0.138525040892048, 51.3004458188881],
          [-0.138021910760013, 51.30061318360945],
          [-0.13790021320117, 51.300642724653684],
          [-0.137826080263928, 51.30066672647861],
          [-0.137531688942104, 51.300780752966539],
          [-0.137442112235144, 51.300796415567795],
          [-0.137376163979819, 51.300795367337216],
          [-0.137313627773492, 51.300780884088311],
          [-0.136795210579079, 51.300014557224678],
          [-0.136644963045183, 51.299792747291164],
          [-0.136643565835563, 51.299791825807283],
          [-0.136608942700801, 51.299513402073316],
          [-0.136512694337324, 51.299091914243945],
          [-0.136328038928283, 51.298267947392809],
          [-0.136272771694403, 51.298215810141677],
          [-0.136178082578599, 51.298216102501549],
          [-0.135981330826886, 51.298257036682934],
          [-0.13592271261774, 51.298287578466315],
          [-0.135754207630957, 51.298374824258573],
          [-0.13555981052645, 51.298322271484118],
          [-0.134522592621917, 51.298394791327979],
          [-0.134486680448368, 51.298396018224771],
          [-0.134453963501862, 51.298389202565787],
          [-0.134431463828454, 51.298378053202342],
          [-0.134408405511649, 51.298345312522898],
          [-0.134409608520551, 51.298315655847233],
          [-0.13389118885119, 51.297799315980193],
          [-0.133293719061938, 51.297180996393756],
          [-0.133148158379802, 51.297056377266877],
          [-0.133037462681521, 51.296991665074984],
          [-0.132950918383153, 51.296932733153874],
          [-0.13288418831046, 51.2968804117274],
          [-0.132772559768031, 51.296768023184356],
          [-0.132307122814181, 51.296325360387328],
          [-0.132124238482505, 51.296130901325441],
          [-0.131933760272105, 51.295982183595235],
          [-0.131390238258233, 51.295696543345265],
          [-0.131261934400152, 51.295606369036641],
          [-0.131109544080151, 51.295473544797851],
          [-0.131083512604513, 51.295443453762488],
          [-0.131050257969429, 51.295344003794462],
          [-0.131077922625539, 51.295298582274455],
          [-0.131230553179666, 51.295107673515531],
          [-0.13132819254706, 51.295034591205656],
          [-0.131376107948292, 51.29498499620049],
          [-0.131421557836232, 51.294925469903291],
          [-0.131449659957844, 51.294869264051528],
          [-0.131463171810075, 51.294819120432706],
          [-0.131465398393448, 51.294764300520853],
          [-0.131458951166546, 51.294711140840192],
          [-0.131452769371513, 51.29468676200284],
          [-0.131330563909283, 51.294446506987001],
          [-0.131167310223386, 51.294228078908425],
          [-0.1308314570129, 51.293738915244454],
          [-0.130631091713318, 51.293268998086489],
          [-0.130531116255625, 51.293117225088757],
          [-0.130188747941095, 51.292682810715263],
          [-0.130129229575721, 51.292629703302623],
          [-0.130094453510911, 51.292603069524645],
          [-0.129490346022992, 51.29222112976931],
          [-0.128610842081408, 51.291558719413061],
          [-0.128228787799716, 51.291254961436316],
          [-0.128111059120406, 51.291187434615956],
          [-0.127954845137135, 51.291078826016061],
          [-0.127256948243786, 51.290466067189584],
          [-0.127057877117891, 51.290283032691683],
          [-0.126278291286826, 51.289528676186031],
          [-0.126248298329695, 51.289490427469666],
          [-0.126212532097021, 51.289417914415914],
          [-0.12615589920456, 51.289048310794833],
          [-0.126109440029786, 51.288605130239098],
          [-0.126056755309778, 51.288384867312985],
          [-0.125920661245862, 51.288310749278146],
          [-0.125762955468666, 51.288203911839233],
          [-0.125447977569163, 51.287874238157514],
          [-0.124750638777604, 51.287249779677857],
          [-0.124613004585999, 51.287143261743196],
          [-0.124510724760446, 51.287049000080223],
          [-0.124459823516596, 51.286996027810709],
          [-0.124351956139083, 51.286863008146298],
          [-0.124293114467183, 51.286758650564913],
          [-0.124517210668708, 51.286749648831496],
          [-0.127336572862003, 51.286437745204843],
          [-0.127273278724766, 51.286336915208665],
          [-0.126746874753925, 51.28556502421447],
          [-0.126683864631535, 51.285351790435868],
          [-0.126677969828727, 51.285215008149081],
          [-0.126684537686717, 51.285124287596261],
          [-0.126691882902637, 51.285084837481342],
          [-0.126797697834789, 51.28491656893916],
          [-0.129316676222967, 51.284864200784462],
          [-0.129598894132258, 51.284836334132443],
          [-0.12982011387693, 51.284827276675905],
          [-0.130165573444609, 51.2847959220706],
          [-0.130283312433716, 51.284792405920236],
          [-0.131056709823846, 51.284817338009091],
          [-0.130963840233375, 51.284597335928964],
          [-0.13042435323955, 51.283511410838081],
          [-0.130374360856855, 51.283259718249731],
          [-0.130361117232854, 51.282844946212421],
          [-0.130265930876038, 51.28208264927818],
          [-0.130227032127522, 51.281628799090321],
          [-0.130253001518099, 51.281237134535736],
          [-0.130247605204631, 51.281087770509345],
          [-0.130294074992048, 51.280685642113831],
          [-0.130378570916563, 51.280441492132688],
          [-0.130424591026425, 51.279838820668353],
          [-0.130466525576195, 51.279548128651967],
          [-0.130479480297234, 51.279476394369723],
          [-0.130572124178685, 51.279208094384799],
          [-0.130625925041784, 51.279083955705175],
          [-0.130924496977762, 51.278441252639091],
          [-0.131040419917744, 51.278129260282221],
          [-0.131217547061981, 51.277793065561326],
          [-0.131403715598325, 51.277481295153287],
          [-0.131434703088837, 51.277389165664275],
          [-0.131485113312331, 51.277242491141585],
          [-0.131494603018563, 51.276832578582606],
          [-0.131429040508433, 51.276611212508385],
          [-0.13126675108907, 51.276123918641957],
          [-0.130900878803154, 51.275318626031044],
          [-0.130761312954408, 51.275083482347092],
          [-0.130678789502921, 51.27492658802803],
          [-0.130543509465848, 51.27490374367045],
          [-0.130436940112658, 51.274809414979281],
          [-0.130371082290041, 51.274595232329204],
          [-0.130248751850496, 51.274359463819259],
          [-0.130155625461216, 51.273969484619414],
          [-0.130077294449867, 51.273674166647908],
          [-0.130074400982873, 51.273568903995162],
          [-0.130086655524473, 51.273231867690427],
          [-0.130060536341365, 51.27309835604045],
          [-0.130003325123982, 51.272918483947215],
          [-0.129998360561945, 51.272899519610498],
          [-0.12999899857778, 51.272672010494013],
          [-0.129986477512702, 51.272556701810821],
          [-0.129977898999449, 51.272485521135209],
          [-0.130116782636632, 51.272137019088888],
          [-0.130195353910259, 51.271967410350719],
          [-0.130376814426588, 51.271629480641025],
          [-0.130687654258961, 51.271282826394163],
          [-0.130775239061274, 51.271173613539816],
          [-0.131299816409051, 51.270505730571173],
          [-0.131422272198205, 51.270314340118198],
          [-0.131494578234569, 51.270228264272873],
          [-0.131700773129831, 51.269986951712163],
          [-0.131935228873697, 51.269791054352467],
          [-0.132022771005003, 51.269682739433058],
          [-0.132075480427579, 51.269549587654993],
          [-0.132031436119396, 51.269433776041161],
          [-0.132000045307097, 51.269253417964883],
          [-0.132029868379167, 51.269119001501124],
          [-0.132036743525287, 51.269020189999942],
          [-0.13193155942822, 51.268856639270659],
          [-0.13180183910149, 51.268697193001366],
          [-0.130804674127182, 51.26758773321464],
          [-0.130381409442974, 51.267102546382255],
          [-0.129850895408387, 51.266540092101764],
          [-0.129673768429765, 51.26652466969157],
          [-0.129837432698877, 51.265988601192809],
          [-0.129808739736966, 51.265847850407624],
          [-0.129897817097273, 51.265736861147531],
          [-0.130093812874155, 51.265605098434833],
          [-0.129758761156364, 51.265277789401303],
          [-0.128634953614833, 51.264147370457351],
          [-0.128465756870579, 51.264219305873006],
          [-0.128218283480587, 51.264277398095864],
          [-0.128026886418161, 51.26429591841385],
          [-0.127915772573397, 51.264278851777263],
          [-0.127763463165013, 51.264323177921995],
          [-0.127583078766534, 51.264317592463037],
          [-0.127227702867853, 51.264279527794102],
          [-0.126927082350785, 51.264199172081049],
          [-0.126825058644125, 51.264099513550157],
          [-0.12681833442602, 51.264088614154787],
          [-0.126925310151148, 51.263854708397105],
          [-0.127041496745942, 51.263288205740047],
          [-0.126989907980696, 51.262899777439635],
          [-0.127045374230333, 51.262769366543921],
          [-0.127025808091984, 51.262510052213159],
          [-0.12680209126184, 51.261736660788252],
          [-0.127608184119814, 51.261652442956013],
          [-0.128438260484721, 51.260906712082623],
          [-0.129624703295789, 51.259890587502198],
          [-0.129744039189373, 51.259316039020213],
          [-0.1297689297531, 51.259161755949819],
          [-0.129858978343069, 51.259026500983836],
          [-0.129912671442357, 51.258904154258637],
          [-0.130034791055859, 51.258684876922409],
          [-0.130512208634713, 51.257938888658558],
          [-0.130651280145062, 51.257690204505558],
          [-0.130776851835052, 51.257491665727493],
          [-0.130973395125074, 51.257133284797654],
          [-0.131040858906377, 51.257024647279309],
          [-0.131212453571225, 51.256857420058616],
          [-0.131395140927079, 51.256699362930135],
          [-0.131522636577273, 51.256559309221345],
          [-0.131565057983563, 51.256361239737956],
          [-0.131562800175671, 51.256098605479842],
          [-0.13161071900762, 51.255764828163734],
          [-0.131612163006449, 51.255587687377485],
          [-0.131670216364078, 51.255463610924572],
          [-0.131779671371479, 51.255308879803614],
          [-0.131815476151091, 51.255203333340212],
          [-0.131816919298131, 51.255026192534174],
          [-0.131780056932507, 51.25483944669007],
          [-0.131787569661215, 51.254795500569202],
          [-0.131820994495628, 51.254607179653085],
          [-0.131828482349388, 51.254493087028678],
          [-0.131831746395493, 51.254377128308136],
          [-0.131792857366644, 51.254169665957768],
          [-0.132180531635742, 51.254257695761545],
          [-0.132396149732665, 51.254312400078128],
          [-0.132581497407481, 51.254336044110914],
          [-0.132803559712276, 51.254337791352683],
          [-0.132891859352472, 51.254386864554661],
          [-0.132967110647756, 51.254404253559734],
          [-0.133093798471185, 51.254390088567774],
          [-0.133252457918038, 51.25443578817849],
          [-0.133477871634843, 51.254460969653955],
          [-0.133776559666845, 51.254516997244743],
          [-0.134142525422999, 51.254574996831131],
          [-0.134491014872992, 51.25463991093735],
          [-0.134750679519376, 51.254633261218935],
          [-0.13487826916667, 51.254667671317343],
          [-0.135135678947152, 51.254716740250075],
          [-0.135175750526803, 51.254647232946624],
          [-0.135158840061763, 51.254604695920499],
          [-0.135170028284701, 51.254576096397145],
          [-0.135195211311846, 51.254555813714568],
          [-0.135224291146126, 51.254545485527444],
          [-0.13528447937215, 51.254545545550201],
          [-0.135349560600825, 51.254566367612654],
          [-0.135412395218529, 51.254571865595985],
          [-0.135449886471474, 51.25456616795001],
          [-0.135830351120269, 51.254442730507812],
          [-0.135933541101471, 51.254442576069053],
          [-0.136070304428842, 51.254462741206233],
          [-0.136196030540013, 51.254436865645658],
          [-0.136248554097342, 51.254378348051986],
          [-0.136283543915595, 51.254363617212448],
          [-0.136322684988312, 51.254352549722888],
          [-0.136424987331779, 51.25433889109339],
          [-0.136522214538402, 51.25430896399547],
          [-0.136603957823354, 51.254307568053903],
          [-0.136695730537653, 51.25423528646607],
          [-0.136729852781597, 51.254171079742633],
          [-0.136768578057743, 51.254134824862362],
          [-0.136815496937457, 51.254108592844645],
          [-0.136859115730528, 51.254093099948669],
          [-0.136898111214639, 51.254085627182157],
          [-0.137227095707123, 51.254065685135188],
          [-0.137368138464559, 51.254050843892877],
          [-0.137513949481871, 51.254024387388739],
          [-0.137656912799737, 51.254032958376669],
          [-0.137740126591503, 51.253959640432001],
          [-0.137714149197268, 51.253928650464488],
          [-0.137715129031296, 51.25390438475128],
          [-0.13773028539665, 51.25388394192904],
          [-0.137755104036311, 51.253872645983144],
          [-0.137782496691121, 51.253868585465817],
          [-0.137932185001963, 51.253888054857917],
          [-0.138041411914806, 51.253844827882403],
          [-0.138117282515684, 51.253775889345626],
          [-0.138166992042861, 51.253751499820851],
          [-0.138220780331932, 51.253732571029609],
          [-0.138333033377387, 51.253720867712637],
          [-0.138508628077464, 51.253702078375873],
          [-0.138510060241772, 51.253702101163263],
          [-0.138575341919713, 51.253682455775319],
          [-0.138589029396124, 51.253662888781626],
          [-0.138603750025683, 51.253653230608641],
          [-0.138639880544444, 51.253645711683617],
          [-0.138656957682154, 51.253648681303552],
          [-0.138693395957725, 51.253669045795959],
          [-0.138795169782997, 51.253703939314313],
          [-0.138814277988025, 51.253656579994932],
          [-0.138835597652734, 51.253625443390789],
          [-0.138871238900879, 51.253594534612652],
          [-0.138908022129471, 51.253570838451388],
          [-0.138972088888499, 51.253545777672095],
          [-0.13915431786549, 51.253504610215749],
          [-0.139175437951915, 51.253442893918226],
          [-0.139274329295392, 51.253442668178437],
          [-0.13940315087485, 51.253375470287729],
          [-0.139447674520417, 51.253337508138415],
          [-0.139540746517291, 51.253374960546594],
          [-0.139591053208719, 51.253371263995],
          [-0.139716593209026, 51.253349878264714],
          [-0.139781312952727, 51.253450730483578],
          [-0.140011690511604, 51.253423816880655],
          [-0.140109004699724, 51.253427162591144],
          [-0.140130668269032, 51.253423010449026],
          [-0.140145352261477, 51.253414250809989],
          [-0.140192684666692, 51.253342159350026],
          [-0.140210305411785, 51.253331647773116],
          [-0.140248121264199, 51.253317859994176],
          [-0.140292771708225, 51.253312274612938],
          [-0.140318550474779, 51.253312684388781],
          [-0.140475671527425, 51.253361046519409],
          [-0.140535602866541, 51.253296349636138],
          [-0.140560601686669, 51.253280559428909],
          [-0.140631465601564, 51.253264598856049],
          [-0.14071598174578, 51.253301015036122],
          [-0.140781136221884, 51.253320036623727],
          [-0.140946179338229, 51.253349638559413],
          [-0.140955917037543, 51.253428033032698],
          [-0.141058614532548, 51.253404484275208],
          [-0.141201194977906, 51.253386964946991],
          [-0.141285800888421, 51.253385611229625],
          [-0.141427403330131, 51.253392357384726],
          [-0.141538258873178, 51.253379729496103],
          [-0.141700438398793, 51.253409284872326],
          [-0.141708356055613, 51.253319479914005],
          [-0.141720102988168, 51.253312472042388],
          [-0.141753332236922, 51.253305805385665],
          [-0.141796296877703, 51.25330648780605],
          [-0.141837358645535, 51.253318830981364],
          [-0.141897384370868, 51.253358454549513],
          [-0.14193014293144, 51.253363471360302],
          [-0.141960399254818, 51.253359455350328],
          [-0.141983856855465, 51.253346338287088],
          [-0.141995820990951, 51.253333937994576],
          [-0.142027795014598, 51.253251709522758],
          [-0.142581526793093, 51.253202047146637],
          [-0.142634247475805, 51.253245151583528],
          [-0.142800175614719, 51.253217209294753],
          [-0.142892836691337, 51.253300517151288],
          [-0.142949254407402, 51.253322996066423],
          [-0.142968342871954, 51.253311608069673],
          [-0.142995496771797, 51.253277865416244],
          [-0.143009905992895, 51.253240323236184],
          [-0.143006420934461, 51.25318451088301],
          [-0.143063985144096, 51.253036139606245],
          [-0.143152296269454, 51.252907141755514],
          [-0.143559441783018, 51.252511612862371],
          [-0.143950161415788, 51.252167981798856],
          [-0.144050706456089, 51.252055364902631],
          [-0.14406598235752, 51.251996252976198],
          [-0.144152219990213, 51.251847436740967],
          [-0.144199710981365, 51.251806821968799],
          [-0.144259403826848, 51.251783487561724],
          [-0.144678041657087, 51.25170739114224],
          [-0.145342738107514, 51.251570444188161],
          [-0.145471292793026, 51.251509530627601],
          [-0.145545065985567, 51.251456741646471],
          [-0.14566271848251, 51.251346193186855],
          [-0.145682383571443, 51.251320424986027],
          [-0.145738238605771, 51.251214292772652],
          [-0.145754655097337, 51.251162393171228],
          [-0.145752910954379, 51.251134487014205],
          [-0.145742502013513, 51.251108242136077],
          [-0.145707110366816, 51.251061816530253],
          [-0.14545667008186, 51.250875287455031],
          [-0.145169747777352, 51.250598248710965],
          [-0.145056234763457, 51.250463351474366],
          [-0.144898008036719, 51.250228821282001],
          [-0.14473507218204, 51.249862017989628],
          [-0.14466129793172, 51.249736743587306],
          [-0.144590510556695, 51.249572846284153],
          [-0.144567987326408, 51.249491551394691],
          [-0.144496539558717, 51.249094722902996],
          [-0.144473928203858, 51.248873134610157],
          [-0.144474100855292, 51.248797595512897],
          [-0.144450111705609, 51.248254033218558],
          [-0.144394687551264, 51.247993254184699],
          [-0.144372982771915, 51.247927260441941],
          [-0.143854696733676, 51.247240060786623],
          [-0.143646925210589, 51.246955280583947],
          [-0.143588135719756, 51.24688510095686],
          [-0.143512452281226, 51.24680745873453],
          [-0.143363132997218, 51.246636918394174],
          [-0.143277607563622, 51.246554623267748],
          [-0.143197159098541, 51.246488596204706],
          [-0.143085606048928, 51.246412182964519],
          [-0.142899818978069, 51.246222177653813],
          [-0.142810448745555, 51.246093057103977],
          [-0.142778832086819, 51.246024207735928],
          [-0.142749660511012, 51.245930216545837],
          [-0.142733970577103, 51.245786078124766],
          [-0.142879618617339, 51.245229020658016],
          [-0.142915120987536, 51.245165733373611],
          [-0.142947925200644, 51.245133879037503],
          [-0.143021473754755, 51.245086483931154],
          [-0.143089086412503, 51.244937372715249],
          [-0.143102748117174, 51.244882731766573],
          [-0.143109286494019, 51.244827078436259],
          [-0.143106778266721, 51.244747000179103],
          [-0.142994186597124, 51.244340524123928],
          [-0.142980693832972, 51.24424858047162],
          [-0.142981953929331, 51.244146079311982],
          [-0.143003260178426, 51.244043896374947],
          [-0.143075926483173, 51.243875979901155],
          [-0.143223750990841, 51.243656197167084],
          [-0.143256915574866, 51.243615355382872],
          [-0.143351173099454, 51.243516128888537],
          [-0.143474609665026, 51.243403875784672],
          [-0.143533908733222, 51.243354455605498],
          [-0.143716303158268, 51.243236842743919],
          [-0.143994217126083, 51.242988546832017],
          [-0.144343564527197, 51.242495872258743],
          [-0.144571501659892, 51.242243184967371],
          [-0.144673129498771, 51.242138678515687],
          [-0.144726915306881, 51.242083774476463],
          [-0.144827964308208, 51.241993647660102],
          [-0.144969789974936, 51.241887080553411],
          [-0.145097513770332, 51.241774893819525],
          [-0.145225236945393, 51.241662706941334],
          [-0.145288262604014, 51.241591761615737],
          [-0.145337548159167, 51.24150620948069],
          [-0.145364118752237, 51.241379828325762],
          [-0.145307827753522, 51.240855538533573],
          [-0.145300925449159, 51.240742116272244],
          [-0.145305956531703, 51.240688237555261],
          [-0.145328543279559, 51.240589671783077],
          [-0.145480116384129, 51.240240445448563],
          [-0.14551887214093, 51.240167316612343],
          [-0.145576168270469, 51.240096280308201],
          [-0.145994657092526, 51.239628978636162],
          [-0.14601156171949, 51.239600468711117],
          [-0.146022992165003, 51.239565576863214],
          [-0.146023907605007, 51.239507136344272],
          [-0.145632337731752, 51.238484711080275],
          [-0.145553406547133, 51.238309893219657],
          [-0.145249570838007, 51.237707035667832],
          [-0.145251055473937, 51.237563169839895],
          [-0.145265520228122, 51.237452784248212],
          [-0.145289970433055, 51.237343456296465],
          [-0.145307597047736, 51.237296971744023],
          [-0.145410643848476, 51.237192487228512],
          [-0.145508564518448, 51.23710860545016],
          [-0.145562415602588, 51.237051903478871],
          [-0.145622896038728, 51.236972823869458],
          [-0.146094205197068, 51.236545029597814],
          [-0.14621114414418, 51.236415583951953],
          [-0.147132770690993, 51.23508302299463],
          [-0.147605561569518, 51.234617475397528],
          [-0.147709920520944, 51.234515707644505],
          [-0.148017520787763, 51.234204021973454],
          [-0.148030404913875, 51.234204225978502],
          [-0.14829193864552, 51.234255130786785],
          [-0.148503476072324, 51.234302545662466],
          [-0.148717660779114, 51.234355397900615],
          [-0.149054807164494, 51.234449765228433],
          [-0.149277500536101, 51.23454052201474],
          [-0.149514795435848, 51.234767304890319],
          [-0.14962028094517, 51.234851710057931],
          [-0.149708525381816, 51.234901668683079],
          [-0.149750139957872, 51.234935601381181],
          [-0.149784380431073, 51.234974813263612],
          [-0.149814073954866, 51.235020248365615],
          [-0.149847836515166, 51.235107115987034],
          [-0.149888951805348, 51.235403638632839],
          [-0.150075775915081, 51.235817577247118],
          [-0.15022646433098, 51.235917984961269],
          [-0.150266576508038, 51.235953692311412],
          [-0.150322355310425, 51.236027418318194],
          [-0.150421317720679, 51.236024486701893],
          [-0.15066484751132, 51.235988767819549],
          [-0.150724921738716, 51.235919571633097],
          [-0.150813412157304, 51.235856220513604],
          [-0.150844916729715, 51.235820746279323],
          [-0.150876574147155, 51.235745704919267],
          [-0.151400876471565, 51.234959004604455],
          [-0.151446659918535, 51.234924655196018],
          [-0.151474256203913, 51.23491519895137],
          [-0.151504463677104, 51.234912079120235],
          [-0.151537354345634, 51.234913498223371],
          [-0.151567129846444, 51.234921163239306],
          [-0.151786462852159, 51.235024451795859],
          [-0.151892608745015, 51.235056705187631],
          [-0.151960893454641, 51.235068575616381],
          [-0.15202660291471, 51.235073210864456],
          [-0.152091132702263, 51.235071532288742],
          [-0.152153051194785, 51.235063517277851],
          [-0.152215257543376, 51.235048312321226],
          [-0.152247220435976, 51.235037126179868],
          [-0.15271902349837, 51.234594923594067],
          [-0.152976010326575, 51.234330088439364],
          [-0.153044063851556, 51.234240332844152],
          [-0.153080759381812, 51.234182457207183],
          [-0.153152078257618, 51.234046888419101],
          [-0.153232503443026, 51.233826928377795],
          [-0.153295404772949, 51.233722702245387],
          [-0.153334674933396, 51.233672061566722],
          [-0.153472951323019, 51.233545643144446],
          [-0.153613047366701, 51.233445333233121],
          [-0.153640217408771, 51.233410689027259],
          [-0.153660301593498, 51.233374134361462],
          [-0.153637717548343, 51.233186721698878],
          [-0.15359818041604, 51.233136635686101],
          [-0.153580936709483, 51.233102189784212],
          [-0.153574684548934, 51.233043636031901],
          [-0.15367296056402, 51.232842842688072],
          [-0.1537835147329, 51.232621558932856],
          [-0.153861512748368, 51.23253375830641],
          [-0.153901421921262, 51.232502912314956],
          [-0.154026443838871, 51.232421249511191],
          [-0.154064796280876, 51.232286059076749],
          [-0.154170758968912, 51.232107869324885],
          [-0.15421464474334, 51.232049207399548],
          [-0.154322954054589, 51.231955589566844],
          [-0.154352590346572, 51.231930876503419],
          [-0.154373745421522, 51.231903331697232],
          [-0.154401488956119, 51.23185430742042],
          [-0.154562293987897, 51.231343338949152],
          [-0.154624080726466, 51.231231000731718],
          [-0.154888780636636, 51.230879949067386],
          [-0.154912192660269, 51.230831755656354],
          [-0.154960812795391, 51.230690431700822],
          [-0.154959063537036, 51.230662525533532],
          [-0.154872040589843, 51.230367078915314],
          [-0.154548477101469, 51.230040921556949],
          [-0.15447373638237, 51.229939919126188],
          [-0.154448659129007, 51.229886464255095],
          [-0.154235526187092, 51.22919872723692],
          [-0.154221116356483, 51.229129253057756],
          [-0.154211312592714, 51.228908767598149],
          [-0.154227148117781, 51.228799301731328],
          [-0.154156776116704, 51.22869656937889],
          [-0.153992297866138, 51.228547386484031],
          [-0.153890298670015, 51.228411779719409],
          [-0.153810927443737, 51.228211779707266],
          [-0.153755759357387, 51.227943814110468],
          [-0.153753327939533, 51.227932984022303],
          [-0.153355804651807, 51.227129021716038],
          [-0.153167239557107, 51.227045106939784],
          [-0.153105590602122, 51.227010859153737],
          [-0.152932310793061, 51.226902903962213],
          [-0.15283259842848, 51.226817693658496],
          [-0.152681840090014, 51.226827003981299],
          [-0.152591773490286, 51.226822883670849],
          [-0.152442281400863, 51.226764765452259],
          [-0.152720083454694, 51.226515547443718],
          [-0.15279571367473, 51.226415119760084],
          [-0.152901509277153, 51.226312470424055],
          [-0.152193196610658, 51.225723926836949],
          [-0.152135270596475, 51.225525163623558],
          [-0.152073295389116, 51.225356013766756],
          [-0.152035349349133, 51.225266382694599],
          [-0.151977905035909, 51.225162953930337],
          [-0.151956703054362, 51.225084379066971],
          [-0.151935817154767, 51.225033687779437],
          [-0.151801251671523, 51.224817526125136],
          [-0.151507040674246, 51.224546681470684],
          [-0.151383480086687, 51.224413429237025],
          [-0.151319944898979, 51.224354869110968],
          [-0.151246283040948, 51.224298846791555],
          [-0.151097024707792, 51.224199361752767],
          [-0.151046128019045, 51.224111324059479],
          [-0.151003990551845, 51.224054900663162],
          [-0.150922857848704, 51.223970881409507],
          [-0.150844092593442, 51.223863517476786],
          [-0.150667541349089, 51.223444345335942],
          [-0.150496620125933, 51.223277967965323],
          [-0.150279666791487, 51.223045212622957],
          [-0.150101169334383, 51.222853534110193],
          [-0.149558406958195, 51.222067043833647],
          [-0.149361202615062, 51.221877765989142],
          [-0.149223100904501, 51.221714603869984],
          [-0.149110463281372, 51.221595011504078],
          [-0.148754442952843, 51.221259329119306],
          [-0.148372126246242, 51.220936718850574],
          [-0.147638125421658, 51.220206544975028],
          [-0.147520203599787, 51.220076075502455],
          [-0.147444195560962, 51.22000742306696],
          [-0.147408825098567, 51.219960997850698],
          [-0.147365383964129, 51.219865881957531],
          [-0.147207101755093, 51.219634949160515],
          [-0.147051909395951, 51.21925567870985],
          [-0.14674741557223, 51.218778714881218],
          [-0.146409531546969, 51.218134848199185],
          [-0.146216481452436, 51.217700118256204],
          [-0.146171890245632, 51.217633761567313],
          [-0.146125182600874, 51.217584458229346],
          [-0.146032368793407, 51.217506545201488],
          [-0.145969715601901, 51.217426412375012],
          [-0.145406992502908, 51.216498391236108],
          [-0.14537155448649, 51.216453762837567],
          [-0.145331643016608, 51.216413560038376],
          [-0.1451314240963, 51.216264695486117],
          [-0.144733674558356, 51.216256586754191],
          [-0.144585420682773, 51.215384598772111],
          [-0.144551130206308, 51.215240164572243],
          [-0.144532183501795, 51.215105866278691],
          [-0.144523253709359, 51.214971726928745],
          [-0.144526060565468, 51.214830579308796],
          [-0.144486337846741, 51.214286763826848],
          [-0.144495851051523, 51.213907404603503],
          [-0.144481404930954, 51.213696736060832],
          [-0.144516233758572, 51.213542606850808],
          [-0.144522421033849, 51.213352949921742],
          [-0.144536350071381, 51.213220072575218],
          [-0.144565526865497, 51.213064055026727],
          [-0.144729773159005, 51.212539663492457],
          [-0.145246444610374, 51.211403933335269],
          [-0.145502445156463, 51.21073350855729],
          [-0.144095566852458, 51.210720180231291],
          [-0.143854535548541, 51.210732541988499],
          [-0.143745249881411, 51.210744296839373],
          [-0.142907788744496, 51.210883882512285],
          [-0.142795098775935, 51.21090907211476],
          [-0.142705374503455, 51.210932827767209],
          [-0.142263927177169, 51.211086792213159],
          [-0.142065891390484, 51.211098034748758],
          [-0.141239949416296, 51.211128974558271],
          [-0.140891404577491, 51.211180090208934],
          [-0.140584646749574, 51.211295720604717],
          [-0.140217679758099, 51.211342044731296],
          [-0.140216248901084, 51.211342021973358],
          [-0.139649342208244, 51.211411244183019],
          [-0.139117263985688, 51.211504400089929],
          [-0.138671361442519, 51.211590831558361],
          [-0.138537494320694, 51.211608485446504],
          [-0.138283362052081, 51.211626023053128],
          [-0.137552315809093, 51.211717802410028],
          [-0.13741254324702, 51.211739857519717],
          [-0.137197568034387, 51.21178049934479],
          [-0.136165609358518, 51.212055432447364],
          [-0.13596347325003, 51.212097175972353],
          [-0.135910567074127, 51.212095433245032],
          [-0.13588796321746, 51.212087878383102],
          [-0.135868475025201, 51.21207407799033],
          [-0.135853823556015, 51.212046864994825],
          [-0.135871360508821, 51.211967105637143],
          [-0.135866224832919, 51.211810543140679],
          [-0.135832633252276, 51.211685002970896],
          [-0.135808066084296, 51.211477769091886],
          [-0.135783910493541, 51.211366768360655],
          [-0.135786864800149, 51.211329044273299],
          [-0.135798367939838, 51.211292355793248],
          [-0.135840499270611, 51.211241766583285],
          [-0.135915015931073, 51.211169210796321],
          [-0.135919183341754, 51.211136901928079],
          [-0.135919400960578, 51.211131509513194],
          [-0.135829809186348, 51.210974499888849],
          [-0.1356976114579, 51.210950808693603],
          [-0.135645069349958, 51.210620822007407],
          [-0.135654565197947, 51.210527444743747],
          [-0.135672698377664, 51.210468379129075],
          [-0.135745968410454, 51.210320261179795],
          [-0.135764411605633, 51.2102180334129],
          [-0.135795840864222, 51.210113314736645],
          [-0.135841469285347, 51.210011520365676],
          [-0.13603990102487, 51.209600099871111],
          [-0.136219307275731, 51.209305286623177],
          [-0.136325303311451, 51.209091140665016],
          [-0.136385982001224, 51.20893562709076],
          [-0.136455116782079, 51.20881891876649],
          [-0.136567121436857, 51.208668719660679],
          [-0.136639245159083, 51.208513388346411],
          [-0.136649171153082, 51.208480271895489],
          [-0.1366795315729, 51.208295496955792],
          [-0.136668634273001, 51.20813974191482],
          [-0.13658333281952, 51.208124892827151],
          [-0.136580203330037, 51.20802501905569],
          [-0.136600183339679, 51.207920117679365],
          [-0.136684964880439, 51.207770383935397],
          [-0.136705812157638, 51.207714958654137],
          [-0.136730030748959, 51.20757595084919],
          [-0.136747218889974, 51.207540252168393],
          [-0.136772882662428, 51.207507386487514],
          [-0.136804051836209, 51.207480004414798],
          [-0.137004104794211, 51.20734739554721],
          [-0.137046303675801, 51.207295008343074],
          [-0.137060069141211, 51.207237671538806],
          [-0.137054510258768, 51.207198013136122],
          [-0.137171765586097, 51.206846450680402],
          [-0.137227982574172, 51.206730435415203],
          [-0.137308811209027, 51.206607617686466],
          [-0.137320764204969, 51.206595217700631],
          [-0.137749686558351, 51.206609244345394],
          [-0.13781139073221, 51.206321547146601],
          [-0.137795817730187, 51.206139637605048],
          [-0.137790567915546, 51.205914725372331],
          [-0.137811161226316, 51.205652453511568],
          [-0.13783017752837, 51.205535845481116],
          [-0.137843200726959, 51.205248272230214],
          [-0.137939113709059, 51.204502469270096],
          [-0.138028303325581, 51.204243088370831],
          [-0.138040599698227, 51.204186627361636],
          [-0.13790389391939, 51.203991097613937],
          [-0.13785932763002, 51.203924737869052],
          [-0.137602165063199, 51.20345030027503],
          [-0.137533116838875, 51.203352074405416],
          [-0.137503002647955, 51.203282347458718],
          [-0.137485764981028, 51.203141779742396],
          [-0.137397830992811, 51.202979401574424],
          [-0.137386875955555, 51.202931563361808],
          [-0.137392708175581, 51.202857912443442],
          [-0.137385015215548, 51.202658141959979],
          [-0.137377030121494, 51.202607653111215],
          [-0.137283360315713, 51.202268018386896],
          [-0.13728323543992, 51.202164595161655],
          [-0.137136074595456, 51.2009859462785],
          [-0.137072825533374, 51.200886013828779],
          [-0.137059969683857, 51.200849836375625],
          [-0.137024068081109, 51.200568677937518],
          [-0.13703072705207, 51.200013008454519],
          [-0.137047263124972, 51.199851395563115],
          [-0.137067871488829, 51.199766289175159],
          [-0.137125275505343, 51.199620615756281],
          [-0.137266192045725, 51.199391737396937],
          [-0.137366294177576, 51.199110048474552],
          [-0.137457772023647, 51.199113304397628],
          [-0.137524339891267, 51.198669204698703],
          [-0.137571311613345, 51.198498184066885],
          [-0.137584512495877, 51.198419254762939],
          [-0.137619771655801, 51.197935086438036],
          [-0.137707177612859, 51.19736451524777],
          [-0.137600982870583, 51.1973358443297],
          [-0.137694868301775, 51.196959628054458],
          [-0.137765902428625, 51.196511102620349],
          [-0.137758026538835, 51.196457917668354],
          [-0.137732515164584, 51.196416142903828],
          [-0.137734253639102, 51.196373003534426],
          [-0.137746602188614, 51.196350717373242],
          [-0.13781804943419, 51.196282608169234],
          [-0.137828822668363, 51.196263894163963],
          [-0.137823717433129, 51.196106432944319],
          [-0.137815986398023, 51.196049653044895],
          [-0.137776225942094, 51.195970779478117],
          [-0.137890457265268, 51.195799930557669],
          [-0.137927429733089, 51.19573486947408],
          [-0.138016836738914, 51.195505169665658],
          [-0.138060344990896, 51.195455500954559],
          [-0.138153281895556, 51.195386834430607],
          [-0.138192716063535, 51.195331704909293],
          [-0.138212957951568, 51.195255585548175],
          [-0.138251396055787, 51.195189648377237],
          [-0.13830033549782, 51.195147260565086],
          [-0.138548669888324, 51.19488052093952],
          [-0.138600378422022, 51.19480490246422],
          [-0.138663147812379, 51.194632334132493],
          [-0.138824008864681, 51.194298551387725],
          [-0.138949306420503, 51.193852687379085],
          [-0.138969890919669, 51.193803552741194],
          [-0.139028169989336, 51.193742427665903],
          [-0.139144074440539, 51.193565308853245],
          [-0.139247901374947, 51.193368212797495],
          [-0.139173217530272, 51.193339145481204],
          [-0.13922251394704, 51.193216723970622],
          [-0.139334668135362, 51.193026055547897],
          [-0.139366332266334, 51.192986090291093],
          [-0.139466394207865, 51.192882462794124],
          [-0.139646640265384, 51.192742339838432],
          [-0.139941415395786, 51.192601340688121],
          [-0.140114780492663, 51.192489885591804],
          [-0.140183341167522, 51.192457701527154],
          [-0.140348501346248, 51.192301149842322],
          [-0.140422489467401, 51.192205200648701],
          [-0.14050286970727, 51.192128238962241],
          [-0.140638358709655, 51.192033268058033],
          [-0.140753859793105, 51.191937079845005],
          [-0.140836488916494, 51.191946487525797],
          [-0.141003184695313, 51.191787261989113],
          [-0.141004651094842, 51.191786385992557],
          [-0.1411979371988, 51.191570926319244],
          [-0.141454037899348, 51.191537226308881],
          [-0.141555362744534, 51.191473187127812],
          [-0.141606195398686, 51.191419137083521],
          [-0.141599090461255, 51.191311106810964],
          [-0.141677844251828, 51.190847414555371],
          [-0.14166978424185, 51.190798723645187],
          [-0.141613546045513, 51.190702502829026],
          [-0.141601902901762, 51.190671741191764],
          [-0.141870234875828, 51.190618449746836],
          [-0.141917865409288, 51.190608414916369],
          [-0.142717678238235, 51.190434964500476],
          [-0.142955539932469, 51.19039197827211],
          [-0.143237593800622, 51.189712081240074],
          [-0.143243581347156, 51.189669908661322],
          [-0.143206900418419, 51.189478672067345],
          [-0.143241539724116, 51.18922201891619],
          [-0.143243950821993, 51.189090757659621],
          [-0.143148346516357, 51.188264570409572],
          [-0.143283421155793, 51.188179482023322],
          [-0.143293349570619, 51.187932328844532],
          [-0.143508334991236, 51.186534613778989],
          [-0.142824084054782, 51.186504862858015],
          [-0.142354180165872, 51.186447037363237],
          [-0.141958626479353, 51.186426363884948],
          [-0.141847188811884, 51.186421895206301],
          [-0.141629910171523, 51.186451716888051],
          [-0.141524156658272, 51.186448237547253],
          [-0.141491445547658, 51.186443221098138],
          [-0.141223923270632, 51.186334648753977],
          [-0.141222493196404, 51.186334626021839],
          [-0.140871409209851, 51.186168967250488],
          [-0.140797567682556, 51.186119230405978],
          [-0.140690979421028, 51.186065375592904],
          [-0.14057240858824, 51.186024819823785],
          [-0.140360883908384, 51.185982785724235],
          [-0.140324244676558, 51.185968713368226],
          [-0.141095186258291, 51.185337064075078],
          [-0.141269042559543, 51.185177052199059],
          [-0.141270508736862, 51.185176176192037],
          [-0.141667019223104, 51.184852430526583],
          [-0.141597050682429, 51.184777575000894],
          [-0.141475833724379, 51.184660536589561],
          [-0.14140954153553, 51.184601027691699],
          [-0.141298046533706, 51.184491338118754],
          [-0.141296652655701, 51.184490416651464],
          [-0.140509490552392, 51.183782734390491],
          [-0.140337683570548, 51.183607334776049],
          [-0.14000766972045, 51.18330981044079],
          [-0.139952223079766, 51.18322978923652],
          [-0.139876695572001, 51.182973183799248],
          [-0.13985991427933, 51.182927951359453],
          [-0.139834191576589, 51.182891569791565],
          [-0.139418840058088, 51.182545922277704],
          [-0.139181464303093, 51.182400054362276],
          [-0.138684183736966, 51.182205983347146],
          [-0.138664526441424, 51.182196677373618],
          [-0.138581716091561, 51.182156688965016],
          [-0.138249064162134, 51.181960739906962],
          [-0.138186871053415, 51.181941763579268],
          [-0.137946715056157, 51.181794050349374],
          [-0.137873625947138, 51.181761410718813],
          [-0.137738054700153, 51.181716984359113],
          [-0.137622756114278, 51.181666585525484],
          [-0.137223756379699, 51.181483965966827],
          [-0.136754894497071, 51.181259763083887],
          [-0.136720161084346, 51.181234029016274],
          [-0.136695618200017, 51.181203960757159],
          [-0.136534552815095, 51.180975667666623],
          [-0.136494788520362, 51.180932766488077],
          [-0.136485612524153, 51.180911936149336],
          [-0.136483875867529, 51.180884029877241],
          [-0.136490754822707, 51.180855361582957],
          [-0.13650299105313, 51.180835771750729],
          [-0.136519444499936, 51.180818047735457],
          [-0.136617928337256, 51.18075306806314],
          [-0.136627087334382, 51.180738825043349],
          [-0.136631178843759, 51.180708313705537],
          [-0.136626691000448, 51.18067766566859],
          [-0.136614872575323, 51.180651397377673],
          [-0.13659854712945, 51.180630453130334],
          [-0.136398729964414, 51.180476185103586],
          [-0.136276810687776, 51.180448162228693],
          [-0.136224013704223, 51.180444622892551],
          [-0.13618573297568, 51.180435919024319],
          [-0.13613795039578, 51.180414473372636],
          [-0.136114294663906, 51.180397908781408],
          [-0.136063708274745, 51.180339546719516],
          [-0.136067510219998, 51.180316225265663],
          [-0.136093557558219, 51.180273473547842],
          [-0.136130681492613, 51.180239891454853],
          [-0.136291627508223, 51.18015162616193],
          [-0.136321529362898, 51.180119727531242],
          [-0.13633555765287, 51.180091173173757],
          [-0.136336970708078, 51.180056122612953],
          [-0.136236453184921, 51.179852176057302],
          [-0.136155190753391, 51.179738467267462],
          [-0.136134381320724, 51.179615829497713],
          [-0.136102907825771, 51.179580254807924],
          [-0.135978315785545, 51.179476647037198],
          [-0.135909053550023, 51.179384712785904],
          [-0.135884821875623, 51.179311482461706],
          [-0.135882525547884, 51.179261983825164],
          [-0.135892030374064, 51.179203680194668],
          [-0.135908104549947, 51.179159870228922],
          [-0.13599210907323, 51.179028111320449],
          [-0.136111134242306, 51.17891489668331],
          [-0.136265542265635, 51.178811238883512],
          [-0.136359462032069, 51.178717408708621],
          [-0.136364331194914, 51.178703097341234],
          [-0.136301276435958, 51.178634644291151],
          [-0.1362692432084, 51.17857747729019],
          [-0.136254114303989, 51.178526874840458],
          [-0.136254967082368, 51.178470231905763],
          [-0.13627029920097, 51.178409323163535],
          [-0.136296743733296, 51.178356685292151],
          [-0.136388491178751, 51.178245733567799],
          [-0.136413541888387, 51.178192174145394],
          [-0.136421417893913, 51.178103267956025],
          [-0.136374746311401, 51.177947842934316],
          [-0.136366819605058, 51.177931529042368],
          [-0.135796974117511, 51.177658050073099],
          [-0.135628262018778, 51.177584315239002],
          [-0.135517736900578, 51.177522299523922],
          [-0.135130889035122, 51.177358752497476],
          [-0.135119388758399, 51.176899021801319],
          [-0.135100914934335, 51.17682498382009],
          [-0.135021332902618, 51.176598887354331],
          [-0.134977574595467, 51.17654872752874],
          [-0.134935987044408, 51.176515689191667],
          [-0.134909510520789, 51.176498180085055],
          [-0.134245159724819, 51.176333803395188],
          [-0.134013039368519, 51.17627164563428],
          [-0.133785390255259, 51.176205062191592],
          [-0.133134191367375, 51.175998621389219],
          [-0.133056891266267, 51.176035158696742],
          [-0.132786207585707, 51.175971483665101],
          [-0.132206739315625, 51.175901978494039],
          [-0.132199068632816, 51.175879373250822],
          [-0.13219607280379, 51.175811877135693],
          [-0.132199231571281, 51.175733687571018],
          [-0.132214735780481, 51.17563321237504],
          [-0.132207037670899, 51.175540460471041],
          [-0.131208837979088, 51.175424693419259],
          [-0.1303621077845, 51.175278064408857],
          [-0.130192481321907, 51.175262762659102],
          [-0.13009023298612, 51.175244041227131],
          [-0.129998210793716, 51.175220087314827],
          [-0.129865672438317, 51.175172103445433],
          [-0.129547152186917, 51.175088770354073],
          [-0.129100167061335, 51.174962912672179],
          [-0.128979798087446, 51.174791017313694],
          [-0.129013120075185, 51.174674639688192],
          [-0.128872751452793, 51.173512281142436],
          [-0.12880967165648, 51.17284398203762],
          [-0.128746593431189, 51.172175682851382],
          [-0.12874887682234, 51.171977870549938],
          [-0.128736864178959, 51.171779829538885],
          [-0.128611242627142, 51.170960344319695],
          [-0.128603312207506, 51.170802837660318],
          [-0.128611361641454, 51.170639291466038],
          [-0.128552453585649, 51.170044802333301],
          [-0.128479560940388, 51.169619160246256],
          [-0.128313253891939, 51.168532826679602],
          [-0.12815599124185, 51.167753303321383],
          [-0.12814128742252, 51.167374457027137],
          [-0.128131561478436, 51.167332033645145],
          [-0.128011293320692, 51.167052220612256],
          [-0.127979330614614, 51.166923106900171],
          [-0.127976315741541, 51.166891582592839],
          [-0.127936275436121, 51.166467363967698],
          [-0.127874524097267, 51.166120138988639],
          [-0.127873193579753, 51.165835034521372],
          [-0.127892701197739, 51.165741817878576],
          [-0.127888173861556, 51.165676994663109],
          [-0.127857579341385, 51.165584774751615],
          [-0.127832910513041, 51.165452180452895],
          [-0.127838550286639, 51.16531287672867],
          [-0.12782229678709, 51.165255060351065],
          [-0.127722696987839, 51.165065509077927],
          [-0.127719427661591, 51.165040275896011],
          [-0.127738290543222, 51.164998309966869],
          [-0.127779768900283, 51.164963001233843],
          [-0.127809619815616, 51.164896929630999],
          [-0.127827739569634, 51.164449360194979],
          [-0.127864113170268, 51.164257488699079],
          [-0.127897866893444, 51.164130326024768],
          [-0.127958102424751, 51.163949628190508],
          [-0.128012489871312, 51.163701388002202],
          [-0.128111757772694, 51.163404403611572],
          [-0.128138108822871, 51.163283417595409],
          [-0.128191516656351, 51.162953323820041],
          [-0.12825391695985, 51.162789747445224],
          [-0.128656047067045, 51.162607325103757],
          [-0.129121511470613, 51.162450195919192],
          [-0.129218195787164, 51.162464332716908],
          [-0.129265326781188, 51.162465985816034],
          [-0.129372997891583, 51.162456016650943],
          [-0.129489935490995, 51.162429108553916],
          [-0.13004722245191, 51.162229377462509],
          [-0.130692988663501, 51.162069728321562],
          [-0.131194645646888, 51.161901478087728],
          [-0.131393922316217, 51.161854299939911],
          [-0.131789203138427, 51.161734709480264],
          [-0.132125654277602, 51.161690620196794],
          [-0.132655103641194, 51.161577665786297],
          [-0.133106730399908, 51.161514727995268],
          [-0.13315000810109, 51.161505526221632],
          [-0.133187677470827, 51.161493536974767],
          [-0.133256036610603, 51.161429877109185],
          [-0.133431432105591, 51.161336449179501],
          [-0.133936032753533, 51.161236582165699],
          [-0.134584558575928, 51.161078754055616],
          [-0.135722696472293, 51.16076684879895],
          [-0.135796676030112, 51.160741048253641],
          [-0.135861536511571, 51.160728592103851],
          [-0.135975986658198, 51.160727717931707],
          [-0.136388847379134, 51.160703719202559],
          [-0.137100190086475, 51.160654795244874],
          [-0.137820179388191, 51.160604205951032],
          [-0.13955324208263, 51.160469904228144],
          [-0.14035916271089, 51.160416169265254],
          [-0.140377342018701, 51.160355304616203],
          [-0.140462665356693, 51.160047295447121],
          [-0.142274133552906, 51.160167807283784],
          [-0.142275598911004, 51.160166931235928],
          [-0.142830764066064, 51.160160457887677],
          [-0.143283225105146, 51.160182928665037],
          [-0.143505648152126, 51.160199948546548],
          [-0.143679296191278, 51.160220690617123],
          [-0.143844188473681, 51.16024579009666],
          [-0.14403708907109, 51.160285722822401],
          [-0.146232700728177, 51.160278268938974],
          [-0.14685390136827, 51.160265628366169],
          [-0.147904107232587, 51.160218408806692],
          [-0.149928546750445, 51.160128135742227],
          [-0.15063858312604, 51.160075511208177],
          [-0.15066012985134, 51.160073153879779],
          [-0.151086776144041, 51.160025938696393],
          [-0.15109538763068, 51.160025175482495],
          [-0.153143472435157, 51.159843479907984],
          [-0.153292113841479, 51.1598458256017],
          [-0.153377581421309, 51.15985436883696],
          [-0.153503994776353, 51.159876148568991],
          [-0.153886441285696, 51.160004489990349],
          [-0.15399123719513, 51.160030424782121],
          [-0.154140734613026, 51.160047172037721],
          [-0.154441200256319, 51.160043817015676],
          [-0.154514307273098, 51.160039573998198],
          [-0.154593489900263, 51.160026433532984],
          [-0.154749104093542, 51.159997411099532],
          [-0.154795413829788, 51.159983752158283],
          [-0.154887392794669, 51.1599366390599],
          [-0.154936243169741, 51.159895141168541],
          [-0.155243913316509, 51.159711134132351],
          [-0.155391954229236, 51.159656810459076],
          [-0.155464240641333, 51.159637265449007],
          [-0.15548728769004, 51.159633132100588],
          [-0.156422623418495, 51.159596609292706],
          [-0.157010900312098, 51.159584291485615],
          [-0.158313188417869, 51.159598497943989],
          [-0.159480984642647, 51.159650144934574],
          [-0.15985319480925, 51.159676682596448],
          [-0.160292829589072, 51.159733956651003],
          [-0.160449617797732, 51.159747213172942],
          [-0.160892791404078, 51.15982342636454],
          [-0.162427420648434, 51.160073263172514],
          [-0.16281979153875, 51.160168456458635],
          [-0.163071416343316, 51.160242553515303],
          [-0.163682220554123, 51.16038344053451],
          [-0.164165930219056, 51.160519632711726],
          [-0.164327084214644, 51.160567126786383],
          [-0.164500353125224, 51.160633696423503],
          [-0.164509823125547, 51.160647334787988],
          [-0.165196969889049, 51.16088294082828],
          [-0.165880766460595, 51.161131080874121],
          [-0.166935144755711, 51.161591866408024],
          [-0.167368647973023, 51.161804600750436],
          [-0.168550853497324, 51.162360902497525],
          [-0.169067205845525, 51.162612697625846],
          [-0.169431115478701, 51.162813542832396],
          [-0.169627425191858, 51.162948813388859],
          [-0.173040342167175, 51.164822363421102],
          [-0.174782834520182, 51.165791137864481],
          [-0.176118828350313, 51.166551204880157],
          [-0.176444773982328, 51.166737046759998],
          [-0.176611078793525, 51.166799892030774],
          [-0.176706370526838, 51.166849939733652],
          [-0.176659412333204, 51.166952630048456],
          [-0.176611570273833, 51.167186607296976],
          [-0.176687429955268, 51.167548418246547],
          [-0.176753169537695, 51.167695132946442],
          [-0.176833806556502, 51.167826791127908],
          [-0.176922166609787, 51.167871335011661],
          [-0.177058231876903, 51.167903131937187],
          [-0.177148942167859, 51.167924329801622],
          [-0.17714859366317, 51.168042135958672],
          [-0.17708792125521, 51.168638342872129],
          [-0.177077857223538, 51.168675957782447],
          [-0.177086837425641, 51.16870217806553],
          [-0.177108648128849, 51.168729497494738],
          [-0.177317508903064, 51.168837971111529],
          [-0.177329950089639, 51.168848956746423],
          [-0.177344931827661, 51.168868075865959],
          [-0.177355306383561, 51.168895217166089],
          [-0.177356891286531, 51.16892761754449],
          [-0.177285907113604, 51.169095585259441],
          [-0.177243083200057, 51.169165965047725],
          [-0.177193040548052, 51.169238031049872],
          [-0.177025141449728, 51.169433267668694],
          [-0.176990951524566, 51.169466010185772],
          [-0.176616249059569, 51.169718279818376],
          [-0.176558052189058, 51.169779426610454],
          [-0.176555015973558, 51.169783875933945],
          [-0.17654272945572, 51.169805268319358],
          [-0.176663547813892, 51.170151591850882],
          [-0.176712817672764, 51.170208117492436],
          [-0.176788493095564, 51.170247967260202],
          [-0.176883072040755, 51.170280017499074],
          [-0.177056823414751, 51.170335783877903],
          [-0.177174240913016, 51.170369088903804],
          [-0.177246619408932, 51.170383705938967],
          [-0.177323534529206, 51.170392098301605],
          [-0.177417781840196, 51.170396263877983],
          [-0.177532432873586, 51.170390854502614],
          [-0.177808713409897, 51.17042213572806],
          [-0.177877843776654, 51.170446594378852],
          [-0.178133820868944, 51.170557598669426],
          [-0.178476008903909, 51.170767970485031],
          [-0.178551050245727, 51.170823997096271],
          [-0.17860996215173, 51.17085369224754],
          [-0.178782147010397, 51.170913028995756],
          [-0.178912590481148, 51.170978910656537],
          [-0.178958565539465, 51.171010203001686],
          [-0.179003974856422, 51.171055875723781],
          [-0.179072485566996, 51.171132484869112],
          [-0.179088332687691, 51.171166006423839],
          [-0.179095566712295, 51.17120029330637],
          [-0.179088827837287, 51.171407932488854],
          [-0.179097966504383, 51.171721039665805],
          [-0.179111510327741, 51.171885826787637],
          [-0.179143735595774, 51.171939388269692],
          [-0.179172909609197, 51.171961425912123],
          [-0.179212161938871, 51.171981821678685],
          [-0.179488924611083, 51.172110233533878],
          [-0.179564429148958, 51.172154575480107],
          [-0.179802502778597, 51.17232105581337],
          [-0.18004640294344, 51.172484928287808],
          [-0.180158125948422, 51.172554114778052],
          [-0.180204562984275, 51.172573722597264],
          [-0.180244205088525, 51.172584231507912],
          [-0.180461814378707, 51.172616392958957],
          [-0.180991269938768, 51.172648904212714],
          [-0.181038060690074, 51.172659523952163],
          [-0.181062153251474, 51.172665294311805],
          [-0.181096500808032, 51.172664928757897],
          [-0.181122482232634, 51.172659037236826],
          [-0.1816201180895, 51.172445535499648],
          [-0.181794361788392, 51.172379893671071],
          [-0.181872058116329, 51.17236851004364],
          [-0.181943259053879, 51.172376810618921],
          [-0.182006605630177, 51.172402975651444],
          [-0.182049725101184, 51.172434222433893],
          [-0.182137111501708, 51.172503928371427],
          [-0.18220713029869, 51.172578760464383],
          [-0.182255986561334, 51.172646069259962],
          [-0.182377775359297, 51.17289617425206],
          [-0.182422731413472, 51.172953529837073],
          [-0.182450548686351, 51.1729737469486],
          [-0.182849541170632, 51.173195780009024],
          [-0.182898998957994, 51.173247809353178],
          [-0.18291070183152, 51.173277668755006],
          [-0.182911249407071, 51.173300160375554],
          [-0.182868643216219, 51.173437994935441],
          [-0.18268718141385, 51.173796706130339],
          [-0.182655199184913, 51.173882544719937],
          [-0.182645368462417, 51.173950740754265],
          [-0.182634074333369, 51.174165503982707],
          [-0.18273043652517, 51.174589682740773],
          [-0.182758802472161, 51.174632391411905],
          [-0.182786620962953, 51.174652608461749],
          [-0.183279147321869, 51.174897676009969],
          [-0.183343504788197, 51.174934647910383],
          [-0.183376001059758, 51.174945044854532],
          [-0.183421541514959, 51.174951147618927],
          [-0.183500283800349, 51.1749496717337],
          [-0.183833006699785, 51.174855909333061],
          [-0.183895402924094, 51.174833495072512],
          [-0.183928428244635, 51.174830410202624],
          [-0.183965460690529, 51.174834582094363],
          [-0.184071387247371, 51.174869500591839],
          [-0.18415593820649, 51.174902288722066],
          [-0.184230057900358, 51.174945706862133],
          [-0.184436020670879, 51.175092793835582],
          [-0.185124686039284, 51.175079192274545],
          [-0.185268598033959, 51.175094014093574],
          [-0.185405733997073, 51.175135710418459],
          [-0.185496342744189, 51.175196470463163],
          [-0.185626406540392, 51.175309103498499],
          [-0.185695302291531, 51.175339849104311],
          [-0.185735053836888, 51.175347659840625],
          [-0.185767903183913, 51.175349068314247],
          [-0.185874304622739, 51.17533542891325],
          [-0.185988805922452, 51.175297633195896],
          [-0.186067915242138, 51.175250295671702],
          [-0.186176091855715, 51.17515484503442],
          [-0.18627544962695, 51.175138398163398],
          [-0.186352550927071, 51.175142290807543],
          [-0.186494632276355, 51.175203847571645],
          [-0.186568965771413, 51.175241871488872],
          [-0.186595356523999, 51.175262065468871],
          [-0.18661839477431, 51.175294798036539],
          [-0.186601097018469, 51.175480690060482],
          [-0.186348286469336, 51.175616168355411],
          [-0.186311555449015, 51.175640780282194],
          [-0.186253362675615, 51.175701931904278],
          [-0.186233048771386, 51.175745683979848],
          [-0.186244169810058, 51.17575395021251],
          [-0.186431898710111, 51.175818912257959],
          [-0.18648635632744, 51.175853030948296],
          [-0.18694697526896, 51.176073306047577],
          [-0.187031888099678, 51.176169949499339],
          [-0.187069759011464, 51.176262267016071],
          [-0.18706988545592, 51.176295543931701],
          [-0.187087098992083, 51.176330884137585],
          [-0.18713862766923, 51.176366755799201],
          [-0.187320429866788, 51.176437020542295],
          [-0.187338453722756, 51.176451688825985],
          [-0.18735058228943, 51.176470762430363],
          [-0.187352526160789, 51.176494174933353],
          [-0.187269047406315, 51.176652961699048],
          [-0.187262271513904, 51.176679836458334],
          [-0.187270272492135, 51.176731221780138],
          [-0.187417077017819, 51.177037466333992],
          [-0.187659118047255, 51.177177011856671],
          [-0.187653582040275, 51.177245274689909],
          [-0.18764558774533, 51.17726673466597],
          [-0.187474128226881, 51.177407072186817],
          [-0.187481143418468, 51.177483623265289],
          [-0.187494596485234, 51.177505415328014],
          [-0.187548810372341, 51.17754582498754],
          [-0.187726293158737, 51.177616921502775],
          [-0.187780274801934, 51.177626750477948],
          [-0.188064812310325, 51.177631155286861],
          [-0.188107320142461, 51.177641705825451],
          [-0.188135318380083, 51.177657427695976],
          [-0.188162999784365, 51.177681238561405],
          [-0.188307140094809, 51.177763509286081],
          [-0.188690896410964, 51.177864776379053],
          [-0.188749810535465, 51.1779313385641],
          [-0.188771139541307, 51.1779712387982],
          [-0.18879012369256, 51.178034485137594],
          [-0.188658854629623, 51.178134976716841],
          [-0.188612148993425, 51.178158535688056],
          [-0.188591391880515, 51.17817710025551],
          [-0.188574642728509, 51.178202921424429],
          [-0.188571219842369, 51.178217257619515],
          [-0.188613363114586, 51.178273667788538],
          [-0.188662105848041, 51.178307696994473],
          [-0.189085516605465, 51.178419468920076],
          [-0.189141246055755, 51.178421230394953],
          [-0.189216302632276, 51.178404405048546],
          [-0.189462394736659, 51.17825802481218],
          [-0.189504423492811, 51.178244285715373],
          [-0.189544740932588, 51.178237714716538],
          [-0.189619058328078, 51.178239763456325],
          [-0.189696856248398, 51.178262550397207],
          [-0.189757038664723, 51.178296756060774],
          [-0.189792772849074, 51.1783341809058],
          [-0.189806021738561, 51.178763362669606],
          [-0.189784337955583, 51.178842167727225],
          [-0.189769019098749, 51.178868011181393],
          [-0.189330495710048, 51.179178689612876],
          [-0.189235640248719, 51.179262657957125],
          [-0.189118478658876, 51.179404737112854],
          [-0.189056593233938, 51.179450544490926],
          [-0.188990981064765, 51.179481905018548],
          [-0.188918500868442, 51.179505964668287],
          [-0.188843442360316, 51.179522789800039],
          [-0.188795587044216, 51.179539136477089],
          [-0.188010217036626, 51.17982825494903],
          [-0.187712945435641, 51.180258025733821],
          [-0.187696075303568, 51.18032341509393],
          [-0.187698991549783, 51.180358533823203],
          [-0.18771474189189, 51.180394750573782],
          [-0.187742072525481, 51.180427549316498],
          [-0.187778229269984, 51.180454189436752],
          [-0.187861080606174, 51.180494142939942],
          [-0.187904915329165, 51.180507412043632],
          [-0.188241590000548, 51.180569280742532],
          [-0.188618567316636, 51.180771167102563],
          [-0.188683429183916, 51.180795553158362],
          [-0.188717466075478, 51.180803274410394],
          [-0.188974221280514, 51.180823434818286],
          [-0.189067132053384, 51.180825771549095],
          [-0.189112467777091, 51.180837264772492],
          [-0.18931433240046, 51.180943809522503],
          [-0.189658488909673, 51.181070541045536],
          [-0.18971152521936, 51.181104636182596],
          [-0.189736208895445, 51.181131997578042],
          [-0.189750918136652, 51.181158305395918],
          [-0.189752639921913, 51.181223982545497],
          [-0.18974087130263, 51.181268766659862],
          [-0.189711380334181, 51.181327665855591],
          [-0.189769116613728, 51.181387913991841],
          [-0.189819610057973, 51.181413875852392],
          [-0.189876702812114, 51.181417456684414],
          [-0.190216458825532, 51.18136425405342],
          [-0.190329319838782, 51.181368696859629],
          [-0.190395929945518, 51.181385015082171],
          [-0.19044945949334, 51.18140652699342],
          [-0.190557456413048, 51.181462155747646],
          [-0.191327181777094, 51.181280697100142],
          [-0.191398749777333, 51.181280004235816],
          [-0.191447122199472, 51.181287046855942],
          [-0.191604063291161, 51.18118874742671],
          [-0.191732534513507, 51.181123282916424],
          [-0.191775946435252, 51.181037618601685],
          [-0.191916689175647, 51.180987631926321],
          [-0.192130650260189, 51.180894709126051],
          [-0.192246872401017, 51.180849739283801],
          [-0.192630618581189, 51.180732457822671],
          [-0.192835415780131, 51.180727525807832],
          [-0.193375792020022, 51.180739464292522],
          [-0.194147292460751, 51.1807684558853],
          [-0.194519357664061, 51.180767000564067],
          [-0.194624839306711, 51.180703876272993],
          [-0.194883588070683, 51.180709665289022],
          [-0.195038302085127, 51.180704856409932],
          [-0.19530130567973, 51.180711609429544],
          [-0.195918716773082, 51.18076609258528],
          [-0.196438192321065, 51.180837050016031],
          [-0.196706314295216, 51.180896039384002],
          [-0.196970876357291, 51.180972959732038],
          [-0.197104520825204, 51.180994803229936],
          [-0.197305968604923, 51.18100240229451],
          [-0.197403730632444, 51.18099041795972],
          [-0.197455313906969, 51.18098851431985],
          [-0.197539540848027, 51.180993408557654],
          [-0.197612188112527, 51.181001721725337],
          [-0.197718663919782, 51.181023146191549],
          [-0.197822034789217, 51.181050818008522],
          [-0.197905351426579, 51.181079080325638],
          [-0.197956129397459, 51.181097848460638],
          [-0.198550463356614, 51.181377692079941],
          [-0.198597407100432, 51.181384709748983],
          [-0.198639016047591, 51.181381752769809],
          [-0.19937247497411, 51.181175401537871],
          [-0.199418933367998, 51.181158129736332],
          [-0.199563507820875, 51.181083011835661],
          [-0.199627016157823, 51.181105572326821],
          [-0.20011772865232, 51.180849617353594],
          [-0.200390094409474, 51.180726101282339],
          [-0.200554405362734, 51.180658480154747],
          [-0.20059256285385, 51.180633885716567],
          [-0.200623710456346, 51.180605586227998],
          [-0.200649417967113, 51.18057000853937],
          [-0.200690197501251, 51.180478005277529],
          [-0.200737364334111, 51.180332140899843],
          [-0.200758369185035, 51.180233538411919],
          [-0.200759872486132, 51.180194890701571],
          [-0.200752726305086, 51.180157908686802],
          [-0.20073435049882, 51.180115358136653],
          [-0.200692435180244, 51.180052660688609],
          [-0.200660945440814, 51.180016203799369],
          [-0.200555096267704, 51.180015476029482],
          [-0.200372018924457, 51.179793227154896],
          [-0.200109983689172, 51.179577857832932],
          [-0.199904272542236, 51.179385837101215],
          [-0.199569789571969, 51.179010172494849],
          [-0.199635253991473, 51.178982401079381],
          [-0.199537352813507, 51.178740776422529],
          [-0.199369432929026, 51.178423430923552],
          [-0.199187086137279, 51.178035716113833],
          [-0.199069996810304, 51.177882828672651],
          [-0.19855086807121, 51.177289382076495],
          [-0.198316878598887, 51.176942239820399],
          [-0.198199612163106, 51.176610383639805],
          [-0.198114096041051, 51.176418410996916],
          [-0.198077346713302, 51.176370181218147],
          [-0.197906107928976, 51.176211962341277],
          [-0.197807072330692, 51.176183457949946],
          [-0.197644845602637, 51.17616117507923],
          [-0.197412105126562, 51.175929163368878],
          [-0.197112775262625, 51.175607092666098],
          [-0.196924782044343, 51.175364978150789],
          [-0.196922307741982, 51.175355047539838],
          [-0.197929966357046, 51.17453419980631],
          [-0.198152202334326, 51.174558305379371],
          [-0.198286549186413, 51.174414684011722],
          [-0.198358216488726, 51.174374418552752],
          [-0.198408992425729, 51.174356314431279],
          [-0.198501125928837, 51.174341544780503],
          [-0.198787634580901, 51.174331564999498],
          [-0.198829412029532, 51.174324114031769],
          [-0.198896159807918, 51.174299960262935],
          [-0.199380925524858, 51.174195004049245],
          [-0.199432536080655, 51.174192200722928],
          [-0.199510822084124, 51.174202398142697],
          [-0.199748291054789, 51.174276197431055],
          [-0.199825322356707, 51.174281878753973],
          [-0.200000625156541, 51.174262091810064],
          [-0.20007476572437, 51.174231755861264],
          [-0.200152884420303, 51.174172702918227],
          [-0.20021182920102, 51.174054899545453],
          [-0.200240532389467, 51.174015770980709],
          [-0.200310351781763, 51.17394939580425],
          [-0.200456855598083, 51.173860817380515],
          [-0.200593452332602, 51.173806260494693],
          [-0.200684503926146, 51.173782479380101],
          [-0.200920831676938, 51.173738448371168],
          [-0.201367503586937, 51.173693152827603],
          [-0.201519962972025, 51.173672113337709],
          [-0.201648327162109, 51.173645307985034],
          [-0.201853268532846, 51.17363586717353],
          [-0.201877504199881, 51.173638038242167],
          [-0.201911433681313, 51.173648452108878],
          [-0.201928171402304, 51.173659501099699],
          [-0.202092999586583, 51.173835601709733],
          [-0.202266686839458, 51.17400464363358],
          [-0.202338624283029, 51.174067801576108],
          [-0.202589520030895, 51.174238029085302],
          [-0.202728906213823, 51.174185311875085],
          [-0.202856225690931, 51.174148596847026],
          [-0.203298374482093, 51.173962034140175],
          [-0.204228622599733, 51.173584213333967],
          [-0.204353882125987, 51.173526780915857],
          [-0.204455323880983, 51.173493264361873],
          [-0.204835319468964, 51.173322829369916],
          [-0.205085486532606, 51.173180079063712],
          [-0.205224762293572, 51.173130055289015],
          [-0.206770832759095, 51.172660037333756],
          [-0.206828019647786, 51.172624041938853],
          [-0.206877603493482, 51.172562749244292],
          [-0.207129893883631, 51.172549528403678],
          [-0.207427201521678, 51.172519010464271],
          [-0.2076401909258, 51.17248630086047],
          [-0.208198151601853, 51.172374338890798],
          [-0.208606136232834, 51.172330224548602],
          [-0.208821043969097, 51.172321823627691],
          [-0.209602148695403, 51.172321188267716],
          [-0.209701319884103, 51.172309216065209],
          [-0.209821275817436, 51.172314648701104],
          [-0.210149277218024, 51.172378121883433],
          [-0.210311672582297, 51.172395894246328],
          [-0.210388841934286, 51.172397973896999],
          [-0.210742744050089, 51.172383601500648],
          [-0.210762620898012, 51.172387502700047],
          [-0.21078881209113, 51.17241308390745],
          [-0.210834968374203, 51.172588255953208],
          [-0.210859208649901, 51.1726272969657],
          [-0.210907406550469, 51.172675697403371],
          [-0.211043640688811, 51.17288911835611],
          [-0.211092886480234, 51.172947427137203],
          [-0.211529162173268, 51.173207701873466],
          [-0.211786679729027, 51.173392398997798],
          [-0.211837281778965, 51.17341565506068],
          [-0.211910551266186, 51.173444653352256],
          [-0.211989852429806, 51.173465649975753],
          [-0.212615639052356, 51.173560645174405],
          [-0.212749381278608, 51.17361664661329],
          [-0.212805147487215, 51.173654370062081],
          [-0.212841702105189, 51.173707987625392],
          [-0.212850529839998, 51.173738698968471],
          [-0.212851444988651, 51.173789074263929],
          [-0.212881680704812, 51.174006269576516],
          [-0.213241588791551, 51.174170044195193],
          [-0.213243018553009, 51.174170066027038],
          [-0.213242983839405, 51.174170964805953],
          [-0.213760099166752, 51.174524194314607],
          [-0.213825889548037, 51.174635813538259],
          [-0.213859128392313, 51.174664199466363],
          [-0.213915590734392, 51.174683946772177],
          [-0.213977001765114, 51.174686682719539],
          [-0.213988578786231, 51.174683262184615],
          [-0.214245895115039, 51.174465959427621],
          [-0.21447839764195, 51.174335510439064],
          [-0.214573213245525, 51.174325266174144],
          [-0.214881480293117, 51.174307486628813],
          [-0.215173291476082, 51.174308340743309],
          [-0.216010355446773, 51.174267146990196],
          [-0.21625665653483, 51.174261009409065],
          [-0.216914988847142, 51.174180212973738],
          [-0.217551506549032, 51.174034330527761],
          [-0.217695382985114, 51.174013140104002],
          [-0.218035447986153, 51.173986843598762],
          [-0.218071073997529, 51.17406472647113],
          [-0.218407572252204, 51.17461393153355],
          [-0.218728177678834, 51.175167390754531],
          [-0.218803770959902, 51.175247680755412],
          [-0.219005070719124, 51.175407224973071],
          [-0.21942698945955, 51.175707722419681],
          [-0.219514162181533, 51.175784591640507],
          [-0.219611459350616, 51.175895788793113],
          [-0.21983608148737, 51.176118639762301],
          [-0.219970636856084, 51.176265476754288],
          [-0.219986295858947, 51.176267513655638],
          [-0.22010814294354, 51.176261273849164],
          [-0.220557683454736, 51.176104437971091],
          [-0.221003333460946, 51.17589987773249],
          [-0.221059831305475, 51.175807208431017],
          [-0.221123028725089, 51.175726332052847],
          [-0.221205664552817, 51.175586396613355],
          [-0.221265483586164, 51.175518958711457],
          [-0.221280784009251, 51.175493111541911],
          [-0.22130205460979, 51.175386417763605],
          [-0.221329484645377, 51.175342768941157],
          [-0.221397039990723, 51.175260160833112],
          [-0.22148897082776, 51.175176124695163],
          [-0.221614097697246, 51.175084499444985],
          [-0.221683025925641, 51.175040582144398],
          [-0.221729539600435, 51.175021504573124],
          [-0.221961381887958, 51.174944990802182],
          [-0.22207254699342, 51.174918802066905],
          [-0.222245538501514, 51.174884559836997],
          [-0.222625386790473, 51.174828280154543],
          [-0.223194305729533, 51.174840520509619],
          [-0.223284900477066, 51.174828407039435],
          [-0.22339649327814, 51.174828303363874],
          [-0.223510255289016, 51.174846218588847],
          [-0.223761652107682, 51.174930973569452],
          [-0.223888672242538, 51.175050710966381],
          [-0.223984651484809, 51.175159185286368],
          [-0.224065110356611, 51.175262028066022],
          [-0.224171336196304, 51.175439004773629],
          [-0.224345443784481, 51.175822954493327],
          [-0.224412607449076, 51.175899516043565],
          [-0.224544163676568, 51.176013027295816],
          [-0.224973372576718, 51.176460202685732],
          [-0.225077884123657, 51.176607476630743],
          [-0.225133921668447, 51.176675775077229],
          [-0.225302862808689, 51.176859099356207],
          [-0.225402516825138, 51.17705845919339],
          [-0.225432180951812, 51.1771056732684],
          [-0.225671620124394, 51.177241503570187],
          [-0.225771417199445, 51.177287982607382],
          [-0.226180048367616, 51.177451558286691],
          [-0.226350995642785, 51.177508108670345],
          [-0.226473603126755, 51.177556731504716],
          [-0.227223071102514, 51.177935907969108],
          [-0.227619842818499, 51.178073218589127],
          [-0.227736389230572, 51.178130741251252],
          [-0.22830614268319, 51.178607909962743],
          [-0.228685223563596, 51.178983265100918],
          [-0.228982762331004, 51.17920899888427],
          [-0.229017497404454, 51.179273375447004],
          [-0.229068722743433, 51.179392859306013],
          [-0.229091487154659, 51.179508315123883],
          [-0.229092473665926, 51.179594663493177],
          [-0.229082674393181, 51.179663761782777],
          [-0.229008401020984, 51.179959408759252],
          [-0.228964974480153, 51.180084654363782],
          [-0.228949076506543, 51.18016355270661],
          [-0.228939173636995, 51.180235347341501],
          [-0.228942534368316, 51.180259679491385],
          [-0.229907613635159, 51.180390294085527],
          [-0.231567634148197, 51.180719360651878],
          [-0.231604607470202, 51.180725315284775],
          [-0.233633625064371, 51.181059028534705],
          [-0.234192169989878, 51.1811951599718],
          [-0.234266793283367, 51.181226862390318],
          [-0.234334781325715, 51.181244975090088],
          [-0.234428578030104, 51.181261678571481],
          [-0.234514240781756, 51.181266568312857],
          [-0.234598713683767, 51.181265144920054],
          [-0.234623996966052, 51.181314988026337],
          [-0.234834919409252, 51.181449468243258],
          [-0.235022482666714, 51.181596186194447],
          [-0.235192348525051, 51.181719255119781],
          [-0.235265773090732, 51.181782414504546],
          [-0.235559600509169, 51.182069226988695],
          [-0.235830604910378, 51.182279253863875],
          [-0.236373350201979, 51.182642660706001],
          [-0.236420301730348, 51.182649663548432],
          [-0.236545195251595, 51.1826389558234],
          [-0.236599331287448, 51.182645167578748],
          [-0.236674198419525, 51.182670577094498],
          [-0.236676887181302, 51.182675114127093],
          [-0.236589110530353, 51.182950776193145],
          [-0.236528513179775, 51.183189077171541],
          [-0.236470042782378, 51.183221470041694],
          [-0.236464201155211, 51.183299621257333],
          [-0.236446046544158, 51.183325427368992],
          [-0.236396190576624, 51.183357050747119],
          [-0.236167361073163, 51.183429142639405],
          [-0.236294677338208, 51.183542575347531],
          [-0.23646248184395, 51.183644927262499],
          [-0.236825716224517, 51.184100955095182],
          [-0.23724080194149, 51.184473230630019],
          [-0.237888130256262, 51.184308514542003],
          [-0.238243083558734, 51.18423112290003],
          [-0.238599397294422, 51.184155549311548],
          [-0.23912085453928, 51.184064473928608],
          [-0.239120404445453, 51.183738018143927],
          [-0.239088041568124, 51.183460546271569],
          [-0.23997895452135, 51.183399309454948],
          [-0.240336848078818, 51.183394800304605],
          [-0.240693510851063, 51.183422646388877],
          [-0.240768791815418, 51.183437267852902],
          [-0.240817277499594, 51.18344159407755],
          [-0.240911969865059, 51.183434924085581],
          [-0.24162603995619, 51.183282884337359],
          [-0.241856666250882, 51.183200916547669],
          [-0.242033051841222, 51.183115435440442],
          [-0.242150526480734, 51.183074034031684],
          [-0.242396813136206, 51.182994099080652],
          [-0.242527021055359, 51.182956485783222],
          [-0.243052580765519, 51.182832181880258],
          [-0.243069673135108, 51.18283423714945],
          [-0.243138262766589, 51.183025019523456],
          [-0.243072237195346, 51.183068093804771],
          [-0.24319068693955, 51.183829781345949],
          [-0.243213189073648, 51.183877782166917],
          [-0.243263849596506, 51.183937897446349],
          [-0.24334453201488, 51.184111776800066],
          [-0.243416842546995, 51.184242363406042],
          [-0.243454598712083, 51.184303184161472],
          [-0.24364308649271, 51.184464292695935],
          [-0.243735773473615, 51.184435107396205],
          [-0.244017922354477, 51.184767591101313],
          [-0.244067186160707, 51.18486455681046],
          [-0.244115350209082, 51.185103597260863],
          [-0.244168868146496, 51.185239297159676],
          [-0.244188853177511, 51.185278267468519],
          [-0.244278943680993, 51.185392932632084],
          [-0.244248294120447, 51.18544643142323],
          [-0.244388266983723, 51.185604112642693],
          [-0.244479484257924, 51.185689117247023],
          [-0.244521635825686, 51.185747305605467],
          [-0.24456518115679, 51.185844185253693],
          [-0.244669843534507, 51.186027416356985],
          [-0.244875327915892, 51.186306587409931],
          [-0.245009520797716, 51.186390437545278],
          [-0.245089808981605, 51.186499559092034],
          [-0.245117728542183, 51.186555735124088],
          [-0.24513839499854, 51.186614500302888],
          [-0.24512081597184, 51.186776112681024],
          [-0.245129052220886, 51.186860771458619],
          [-0.245115292066237, 51.18692171825171],
          [-0.24506175741557, 51.187012645092018],
          [-0.245015100697151, 51.187110869558396],
          [-0.244984554143551, 51.187765109943903],
          [-0.245005862710421, 51.187920111047227],
          [-0.244992850204222, 51.187999055260505],
          [-0.244966417904139, 51.188129958241191],
          [-0.244910093483387, 51.188143502431288],
          [-0.244815696416786, 51.188179857614735],
          [-0.244631733505101, 51.188313793396425],
          [-0.244591141290176, 51.188327573438805],
          [-0.244556815755919, 51.188327058499574],
          [-0.244522831342722, 51.188317555555471],
          [-0.244508904275374, 51.188307454196043],
          [-0.244450616115502, 51.188146502324237],
          [-0.244431172901326, 51.188130922328583],
          [-0.244387552356244, 51.188111382346328],
          [-0.244342058127088, 51.188103505282101],
          [-0.24431631410897, 51.188103119023275],
          [-0.244196582039676, 51.188128301850782],
          [-0.244094694941793, 51.18813576610944],
          [-0.243870388657007, 51.188126104813264],
          [-0.243792269297257, 51.188148314491535],
          [-0.243741221751605, 51.188173628373114],
          [-0.243689866990769, 51.188207031426408],
          [-0.243596179047985, 51.188300052919779],
          [-0.243533819285389, 51.188397141846764],
          [-0.243435532700467, 51.188498187999059],
          [-0.243410839803604, 51.188545480839934],
          [-0.243407023557547, 51.188570604277743],
          [-0.243423565167935, 51.188662582375422],
          [-0.243424787191215, 51.188705767676375],
          [-0.243403084329001, 51.188825050328141],
          [-0.243264077408869, 51.188830158043274],
          [-0.243218377826029, 51.188827673339809],
          [-0.243112338490551, 51.18879370609887],
          [-0.243092144362405, 51.188797899462024],
          [-0.243057169795022, 51.1888144612671],
          [-0.243006970881797, 51.188855075888938],
          [-0.242985206109549, 51.188900613991336],
          [-0.242997353772721, 51.188995224118898],
          [-0.243019179348608, 51.189023430487531],
          [-0.243109141272551, 51.189103920626302],
          [-0.243210712670754, 51.189217859511153],
          [-0.243227701483473, 51.189260382206783],
          [-0.243220887985661, 51.189289057888146],
          [-0.243210227510446, 51.189305984764289],
          [-0.242996424422383, 51.18943407426859],
          [-0.242938356362001, 51.189493456263612],
          [-0.242900623091627, 51.189507278674071],
          [-0.242834216153734, 51.189522469135262],
          [-0.24278109136583, 51.189527067270603],
          [-0.242729635882466, 51.189525395267594],
          [-0.242658498169887, 51.189514434547426],
          [-0.242375864762294, 51.189382487461337],
          [-0.242336398082807, 51.189366606362391],
          [-0.242282458023942, 51.189355004408149],
          [-0.242199434527513, 51.189355555921964],
          [-0.241891078876028, 51.189335635236795],
          [-0.241858963968434, 51.189352239662391],
          [-0.241816153848781, 51.189386669628917],
          [-0.241788905718722, 51.189425829961543],
          [-0.241773436523164, 51.189493945256785],
          [-0.241659386229432, 51.189520110259338],
          [-0.241603742525765, 51.189515676890714],
          [-0.241598158149869, 51.189511995727926],
          [-0.24146981656909, 51.189198905080517],
          [-0.241402775675634, 51.189117858786631],
          [-0.240926080092064, 51.189197027817876],
          [-0.240762210435746, 51.189216147834337],
          [-0.240605628695258, 51.189231779948969],
          [-0.240363305848608, 51.189206552815257],
          [-0.240178893176418, 51.189276623933075],
          [-0.240129888202965, 51.189285779384591],
          [-0.240052722690248, 51.189282820220448],
          [-0.239837773572688, 51.189290378956905],
          [-0.239824018319871, 51.189275783046561],
          [-0.239815238004548, 51.189243275709501],
          [-0.239822327339094, 51.189207409831099],
          [-0.239832954859349, 51.189191382056997],
          [-0.239870011079082, 51.189157765555699],
          [-0.239881185873067, 51.189127357003315],
          [-0.239876662090615, 51.189095813007718],
          [-0.239856337144808, 51.18906582996209],
          [-0.239839721453152, 51.189051191025953],
          [-0.239755377432777, 51.189011251848243],
          [-0.239670007249451, 51.188998276559268],
          [-0.239614261781079, 51.188996538635486],
          [-0.239558276828405, 51.189001092273372],
          [-0.239503516830072, 51.18901106019208],
          [-0.239406321549706, 51.189045570396239],
          [-0.239378086098613, 51.189073024280184],
          [-0.239339866196033, 51.18913719976797],
          [-0.239312007042299, 51.189154766855147],
          [-0.238903790680067, 51.18905149815189],
          [-0.238755836778015, 51.189178772489463],
          [-0.238726950479199, 51.189223303381766],
          [-0.23870800745426, 51.189269782555456],
          [-0.238695531066566, 51.189334345325705],
          [-0.238681837202696, 51.189355722730852],
          [-0.238592434754935, 51.189411033784069],
          [-0.238511107726487, 51.189442184871794],
          [-0.238472182548771, 51.189449692742656],
          [-0.238413404872751, 51.189452405178145],
          [-0.238342131449693, 51.189445037019908],
          [-0.238258602010684, 51.189421296659013],
          [-0.238179671610296, 51.18938953165803],
          [-0.238133534543843, 51.189360958293847],
          [-0.238103096128793, 51.189333520593117],
          [-0.238065000776122, 51.189281686127863],
          [-0.237868068910244, 51.189116844312963],
          [-0.237823104905374, 51.189019940640968],
          [-0.237808681774233, 51.188947778344541],
          [-0.237827102076324, 51.188802366919475],
          [-0.237852870782485, 51.188689441444595],
          [-0.237929759114161, 51.188549407030791],
          [-0.238275996855539, 51.188626565395687],
          [-0.238443558786448, 51.188698335130269],
          [-0.238463650582864, 51.188696838962585],
          [-0.238494062145494, 51.188687404319502],
          [-0.238516097672946, 51.188672447700881],
          [-0.238531084702464, 51.188654687035537],
          [-0.238534664066615, 51.188635855333651],
          [-0.238522955871618, 51.188605102429065],
          [-0.238176894035098, 51.188335494331199],
          [-0.238101005156978, 51.188261507285596],
          [-0.238023660034203, 51.18815062639446],
          [-0.238011952311694, 51.188119873434459],
          [-0.238009031368556, 51.188083856901422],
          [-0.238017997314838, 51.188036328281207],
          [-0.238033737649959, 51.187998794118926],
          [-0.238118007027295, 51.187890346722476],
          [-0.238340184529611, 51.187805559119113],
          [-0.238359530425315, 51.187786065473908],
          [-0.238361713810753, 51.187766313444499],
          [-0.238348301857919, 51.187742729370825],
          [-0.238334444853685, 51.187730829672624],
          [-0.238008526649888, 51.18757124044582],
          [-0.238003250994438, 51.187559469924373],
          [-0.237996292798775, 51.187291369621143],
          [-0.238127201432307, 51.187235784736089],
          [-0.238178996439392, 51.187228470792689],
          [-0.238271985315047, 51.187266742739169],
          [-0.238299022013752, 51.187270747056509],
          [-0.238344856623617, 51.187269638496851],
          [-0.238385244337913, 51.187261253406277],
          [-0.238412863015997, 51.187249978125877],
          [-0.238424612646653, 51.187242061190702],
          [-0.238439907315822, 51.187216211349636],
          [-0.238451048329934, 51.187186701720712],
          [-0.238397435313022, 51.187091466647708],
          [-0.238351848198413, 51.187048512576602],
          [-0.238290426446834, 51.187008018022141],
          [-0.238215790795594, 51.186976317615013],
          [-0.238115206552959, 51.186949622322885],
          [-0.238022861104612, 51.186932044143468],
          [-0.237955882307022, 51.186924740339272],
          [-0.237701584188559, 51.186913716103618],
          [-0.237643220802137, 51.186905642561719],
          [-0.237455738699138, 51.18686864469948],
          [-0.237364241545786, 51.186866367110305],
          [-0.237257517700746, 51.186888141545325],
          [-0.237057523753361, 51.186916604488744],
          [-0.237037775327223, 51.1869091124316],
          [-0.237005703480775, 51.186887045665571],
          [-0.236979523687162, 51.186860571095863],
          [-0.23696325237518, 51.186836943758223],
          [-0.236955870498575, 51.186805356530819],
          [-0.236957275255037, 51.186768505809553],
          [-0.236963715459676, 51.186749717246258],
          [-0.237019920959965, 51.186664229932312],
          [-0.236921274613907, 51.186511658771224],
          [-0.236791172717106, 51.186471027813312],
          [-0.236737032044862, 51.186464816065538],
          [-0.23666831560078, 51.186465579150727],
          [-0.236613592383203, 51.186474646912856],
          [-0.236572999448318, 51.186488424179458],
          [-0.236530667887664, 51.186510269059895],
          [-0.236486254960392, 51.186549169532412],
          [-0.236445232105602, 51.186649274473538],
          [-0.236431631558035, 51.186705726302392],
          [-0.236429977172177, 51.186786639675518],
          [-0.236415700395337, 51.186823296390742],
          [-0.236364572385403, 51.186888175734055],
          [-0.236354551783647, 51.186925795908564],
          [-0.236357951182388, 51.186949229324185],
          [-0.236390424709438, 51.186998281762619],
          [-0.236720479256508, 51.187049120996122],
          [-0.236611947522808, 51.187080760070181],
          [-0.236590965378588, 51.187105624664447],
          [-0.236532163070227, 51.187221649346689],
          [-0.23650797771492, 51.187255458796528],
          [-0.236181669764578, 51.187331478817519],
          [-0.236125583755365, 51.187338727200228],
          [-0.236013960196676, 51.187338843120408],
          [-0.235930058830269, 51.187324987844214],
          [-0.235821305508009, 51.187287375634725],
          [-0.235778272499639, 51.187252552858979],
          [-0.235765719238362, 51.187206498537194],
          [-0.235775808976939, 51.187167080817176],
          [-0.235762682724879, 51.187098534986248],
          [-0.235726869432079, 51.187062022412498],
          [-0.235697384195178, 51.187047188796747],
          [-0.235664764304385, 51.187039502425741],
          [-0.235630542796194, 51.187036288469024],
          [-0.235577317440901, 51.187043579718754],
          [-0.235422298905021, 51.187093402323512],
          [-0.235376121486582, 51.187103497714347],
          [-0.235170644802857, 51.187125579580517],
          [-0.235125588784783, 51.18714378562251],
          [-0.235104983089903, 51.187158763179276],
          [-0.235064001311946, 51.187220197770642],
          [-0.235066429170961, 51.187306568629531],
          [-0.234951697305922, 51.187463117461476],
          [-0.234883404060641, 51.187527737289777],
          [-0.234788211288823, 51.187584756985459],
          [-0.234624769529538, 51.187667726564307],
          [-0.234340732845554, 51.187798338888712],
          [-0.233966739535326, 51.187548981417379],
          [-0.233903044265746, 51.187493161990048],
          [-0.233688927947232, 51.18725430998731],
          [-0.233632967969318, 51.187183318788584],
          [-0.233581230054494, 51.187114189917828],
          [-0.233497811530208, 51.186975335540957],
          [-0.233447118020879, 51.18661664280318],
          [-0.232495276310481, 51.186697598352552],
          [-0.232309251289826, 51.186697486596103],
          [-0.232131051389872, 51.18671727769739],
          [-0.232045949825183, 51.186734877733805],
          [-0.230346377933407, 51.187209209756496],
          [-0.230277330843646, 51.187181186168573],
          [-0.230182328902976, 51.187083522695872],
          [-0.22970619142677, 51.187222909722678],
          [-0.229323957751975, 51.187301662830485],
          [-0.228469625516825, 51.187451509837544],
          [-0.228443567961384, 51.187870196806678],
          [-0.228135131792284, 51.18807686679186],
          [-0.227922464842717, 51.188249013495323],
          [-0.227602187083256, 51.18857780984083],
          [-0.227477983249659, 51.188756691362592],
          [-0.227276857238106, 51.189224886818067],
          [-0.227229521847886, 51.18937705359383],
          [-0.227188458726493, 51.189589569556503],
          [-0.227152064945015, 51.189717620499515],
          [-0.227146516332739, 51.189787683121416],
          [-0.227238951973205, 51.190586776819892],
          [-0.227220031334178, 51.190781641834455],
          [-0.227189392107887, 51.190834237383058],
          [-0.227199783598667, 51.190973788791311],
          [-0.227194855896551, 51.191400889302194],
          [-0.227165112433544, 51.191579402662612],
          [-0.226155185206075, 51.191604569586602],
          [-0.226181720985373, 51.191733573989985],
          [-0.224374468943623, 51.191912112896915],
          [-0.223927895686075, 51.19191343076514],
          [-0.221815821116106, 51.19186787077755],
          [-0.221789103258891, 51.191781130395803],
          [-0.221736173635659, 51.191557295533627],
          [-0.221708427888222, 51.191422875694997],
          [-0.221706211380602, 51.191368882982758],
          [-0.221634843331655, 51.19128955796986],
          [-0.221513021904349, 51.191182486711007],
          [-0.221243198294992, 51.191016509025431],
          [-0.221153687374996, 51.190925216829754],
          [-0.220905552794631, 51.190827916110941],
          [-0.220655862571035, 51.190771060490995],
          [-0.220533515015597, 51.190752113286997],
          [-0.220487468997233, 51.190758607711338],
          [-0.220370508409004, 51.190785607441455],
          [-0.220181029657969, 51.190837584468824],
          [-0.220110322500687, 51.190852696885379],
          [-0.220029637858951, 51.190866758196904],
          [-0.219794031650462, 51.190890154203679],
          [-0.219497463826088, 51.190972876614126],
          [-0.219364872712302, 51.190996939602805],
          [-0.219243667665508, 51.190948330945311],
          [-0.219104364493956, 51.19092372834843],
          [-0.218936431526426, 51.190936461245983],
          [-0.218779199697009, 51.191042885831322],
          [-0.218588768729455, 51.191193770785809],
          [-0.218408373180031, 51.191307036851924],
          [-0.21814195584135, 51.191572776647256],
          [-0.218065951824971, 51.191613887665667],
          [-0.218001380355875, 51.191618300634502],
          [-0.217878626590474, 51.191647008728864],
          [-0.217638250695659, 51.191719791073844],
          [-0.217327407749836, 51.191801392341155],
          [-0.216909420337044, 51.191840891492141],
          [-0.216802892911227, 51.191894127214312],
          [-0.216620697455917, 51.191942612825983],
          [-0.216428420082279, 51.191992743183235],
          [-0.215851022441576, 51.192120640799942],
          [-0.215769363636113, 51.192159865522726],
          [-0.215624570484325, 51.192240395788424],
          [-0.215560040569246, 51.192280780756761],
          [-0.215495553100261, 51.19235713904537],
          [-0.215830786895294, 51.192904537455519],
          [-0.215819066666013, 51.192911553365533],
          [-0.215640671677874, 51.192972685808549],
          [-0.215474725136077, 51.193007927536293],
          [-0.215319596526864, 51.193059521672154],
          [-0.215067697394181, 51.193133921687988],
          [-0.214874191461019, 51.193178634836947],
          [-0.214641808419731, 51.193155305921003],
          [-0.213869566700506, 51.193176800381586],
          [-0.21352388054346, 51.193196706295495],
          [-0.213080519461578, 51.193262784085277],
          [-0.212820728544616, 51.193319072446251],
          [-0.213957855984636, 51.19429959648798],
          [-0.214181765412473, 51.194505358930954],
          [-0.214860982897082, 51.195003148622185],
          [-0.215227111292365, 51.195417920678281],
          [-0.215311390116506, 51.195533418881269],
          [-0.21570603358008, 51.196284968740542],
          [-0.21591282742394, 51.19663795490149],
          [-0.215968023435628, 51.19680247180623],
          [-0.215987615270598, 51.196888205503924],
          [-0.216033325203121, 51.19722434735877],
          [-0.216033931326519, 51.19728281220187],
          [-0.2160225038916, 51.197356382050195],
          [-0.215968421104373, 51.19749675061805],
          [-0.215766330130867, 51.198097112285275],
          [-0.215643068727853, 51.198286788026827],
          [-0.214658272660587, 51.199473260340923],
          [-0.215919720031035, 51.199907976126262],
          [-0.216502701622025, 51.200268492194084],
          [-0.216459480836685, 51.200312799539986],
          [-0.216733595815267, 51.200479751799023],
          [-0.216978597856108, 51.20058510650891],
          [-0.217427732975947, 51.200742132453392],
          [-0.217578101776878, 51.200814568805384],
          [-0.217673232646385, 51.200871774894161],
          [-0.218052277990559, 51.201176118604927],
          [-0.218437894091964, 51.201495850118938],
          [-0.218535617946635, 51.201708677119882],
          [-0.21855024175528, 51.20184919316965],
          [-0.218716631297727, 51.201914677808801],
          [-0.218923959028829, 51.201883658953285],
          [-0.219067434922704, 51.201986565713433],
          [-0.219173139476134, 51.202029542674474],
          [-0.219216231806032, 51.202025701746329],
          [-0.219297109490049, 51.20200714729706],
          [-0.219361027252595, 51.201982938867623],
          [-0.219409484994011, 51.201951300670281],
          [-0.219501618962909, 51.201529123994696],
          [-0.219586858642537, 51.201397321760282],
          [-0.219659810917526, 51.201250044167296],
          [-0.219684131368102, 51.201250414109616],
          [-0.219746628314432, 51.201263055859059],
          [-0.219778101849166, 51.201263534583717],
          [-0.219821608880698, 51.201248907939025],
          [-0.220090981139952, 51.201019182323037],
          [-0.220223058494211, 51.20104637170494],
          [-0.220265838308195, 51.201050619495106],
          [-0.220540446056129, 51.201056593520157],
          [-0.220598258746152, 51.201042184086965],
          [-0.220631924084109, 51.201022910931307],
          [-0.220652817739651, 51.201000745650482],
          [-0.220661078148081, 51.200972093087842],
          [-0.220659185882747, 51.200946883444402],
          [-0.220649725327381, 51.200932350545614],
          [-0.220628923753935, 51.200914947277909],
          [-0.220527477542757, 51.200872935680295],
          [-0.220444894853446, 51.20089865958424],
          [-0.220368726711862, 51.200906494624547],
          [-0.220287459150902, 51.200898064367379],
          [-0.220230927251396, 51.200879218392473],
          [-0.220174614890859, 51.200780336510277],
          [-0.22004964609124, 51.200605767172995],
          [-0.220048654204779, 51.200557188964801],
          [-0.22007479754331, 51.200473050793761],
          [-0.220131444522213, 51.200414557370244],
          [-0.220199928268807, 51.200383223411251],
          [-0.220251983232527, 51.200369625921645],
          [-0.220322531973851, 51.200359007569894],
          [-0.220487187991806, 51.200357913892923],
          [-0.220583591054124, 51.200344990527412],
          [-0.22064467923703, 51.20031983908509],
          [-0.22067272546476, 51.200297782555182],
          [-0.220700275351243, 51.200251436928973],
          [-0.220700621377215, 51.200242449024969],
          [-0.220628041362489, 51.200119937887642],
          [-0.220583681581295, 51.200082391499421],
          [-0.220545713444302, 51.20006472723378],
          [-0.220478960741256, 51.200051121891278],
          [-0.220264581693557, 51.200042466303543],
          [-0.220209412175557, 51.200025439676317],
          [-0.220184319421009, 51.200007971083558],
          [-0.220011393962486, 51.199777814223225],
          [-0.219995473296474, 51.199745196699801],
          [-0.219988586061827, 51.199701025444689],
          [-0.220077408283355, 51.199661907023625],
          [-0.220280283272037, 51.19959754338722],
          [-0.220329268539474, 51.199589295084309],
          [-0.220361260069028, 51.199576291783373],
          [-0.220395062828347, 51.19955342353154],
          [-0.220410060603486, 51.199535665241882],
          [-0.220434633655066, 51.199455100381115],
          [-0.220439513648, 51.199439886198462],
          [-0.220434275905918, 51.199427216128122],
          [-0.220423142898012, 51.199418953003899],
          [-0.220380433788149, 51.19941290771137],
          [-0.220265296924133, 51.199429143306119],
          [-0.219955534716371, 51.199444217556689],
          [-0.219874247328611, 51.19936204274844],
          [-0.219852004950705, 51.19930774545405],
          [-0.219851751406384, 51.199277164833148],
          [-0.219856596952806, 51.199262849466805],
          [-0.219992396296393, 51.199156097544503],
          [-0.220007878698118, 51.199125756243056],
          [-0.219996988739809, 51.198999686295146],
          [-0.220003403213263, 51.198981797516673],
          [-0.220018885546422, 51.198951456212008],
          [-0.220053380278606, 51.198910612247971],
          [-0.220090424516732, 51.19887790089566],
          [-0.220153253044114, 51.198844682323866],
          [-0.22038763112886, 51.19889141351608],
          [-0.220481008177477, 51.198808297527634],
          [-0.220499108981731, 51.198784291187948],
          [-0.22051964382897, 51.198734241669598],
          [-0.220533718028967, 51.198666107586945],
          [-0.220551460148726, 51.198502701699532],
          [-0.220611517808004, 51.198318355546704],
          [-0.2206264458839, 51.198302394800486],
          [-0.220649887889024, 51.198288362122867],
          [-0.220680344094251, 51.198278033342326],
          [-0.220713384533081, 51.198274938374219],
          [-0.220777342901839, 51.198286702478242],
          [-0.220787114378872, 51.198293146239422],
          [-0.220823524267946, 51.198351255997956],
          [-0.220851304448763, 51.19837326189478],
          [-0.220885014345087, 51.198389962022041],
          [-0.220961951451568, 51.198399225362635],
          [-0.22133487926376, 51.198341941204312],
          [-0.221450704767345, 51.198307728689429],
          [-0.221468355260138, 51.198295406473001],
          [-0.221477526353382, 51.198280257452296],
          [-0.22147825263862, 51.198261382838233],
          [-0.22146889609221, 51.198244153639813],
          [-0.221449387553526, 51.198230367437056],
          [-0.221433859320555, 51.198224735567067],
          [-0.221259301017081, 51.198222982123077],
          [-0.221229467590692, 51.198217132818471],
          [-0.221199980075504, 51.198202295596346],
          [-0.221186262901009, 51.198186798734433],
          [-0.221184266624508, 51.198164285476331],
          [-0.221204684344913, 51.198080060018732],
          [-0.221244563413696, 51.197973647410713],
          [-0.221225146480988, 51.197920292624907],
          [-0.221147943411692, 51.19784357665629],
          [-0.22109673188206, 51.197760960469971],
          [-0.22108334855641, 51.197699603512874],
          [-0.221084524682905, 51.19766904461828],
          [-0.221195607486254, 51.197646451387726],
          [-0.221268390263764, 51.197652054123694],
          [-0.221490615216307, 51.197679712769187],
          [-0.221602817124786, 51.197665230008681],
          [-0.221678621189113, 51.197629509825347],
          [-0.221718489663405, 51.19759774018295],
          [-0.221759533756593, 51.19753541161792],
          [-0.221699134256403, 51.197319557207038],
          [-0.221705962774809, 51.197290882821086],
          [-0.22170089780989, 51.197273718844471],
          [-0.221685750241312, 51.197258200305335],
          [-0.22166467323381, 51.197247987571622],
          [-0.221561181020181, 51.19722213347891],
          [-0.221513767307344, 51.197226808909882],
          [-0.221450306919489, 51.197239334326781],
          [-0.221393653104917, 51.197260956314771],
          [-0.221323363890371, 51.197302156026311],
          [-0.221205497648732, 51.197277881806336],
          [-0.221219834696021, 51.19716568509709],
          [-0.221231370012728, 51.197126290469754],
          [-0.22124569710669, 51.197088736903986],
          [-0.221303721827385, 51.19699429115483],
          [-0.221268453742855, 51.196906521428332],
          [-0.221235644063553, 51.196866452848411],
          [-0.221223738212638, 51.196841091029611],
          [-0.221224555963674, 51.196782647858967],
          [-0.221232261758385, 51.196768375901478],
          [-0.221320775664623, 51.196662702391251],
          [-0.221324293746479, 51.196645668834854],
          [-0.221319298160868, 51.196626707260144],
          [-0.221304254687801, 51.196608492300662],
          [-0.221067243871726, 51.196481683687296],
          [-0.221022887152284, 51.196444137485962],
          [-0.22100543261732, 51.196414194718891],
          [-0.220998371871562, 51.19637451744876],
          [-0.221002097598971, 51.196352091155511],
          [-0.221029817657894, 51.19630125142946],
          [-0.221059257084225, 51.196280115290698],
          [-0.221068635436807, 51.196259573546101],
          [-0.221066708458522, 51.196235262698359],
          [-0.22098001407955, 51.196144912575534],
          [-0.220973415266967, 51.196130423199932],
          [-0.220974383847398, 51.196105257046298],
          [-0.220989484022878, 51.19608480228051],
          [-0.221087503721922, 51.196029635179102],
          [-0.221317828979705, 51.195995364417634],
          [-0.221357142907084, 51.195977975537005],
          [-0.221385151523555, 51.195956817571705],
          [-0.221404715740042, 51.195931934005877],
          [-0.221619318032022, 51.195934295712526],
          [-0.222912647622265, 51.195837029161432],
          [-0.223585001897218, 51.195957852028386],
          [-0.22360797252504, 51.195993274033583],
          [-0.223664571571887, 51.196196479373832],
          [-0.223707934005722, 51.196632406858875],
          [-0.223733607679619, 51.196709238433499],
          [-0.223810502834329, 51.19724100233006],
          [-0.223831574662397, 51.197325857888394],
          [-0.224144687720774, 51.19822902656189],
          [-0.224153329570985, 51.198376645608143],
          [-0.224134958769903, 51.198594001479485],
          [-0.224119645541721, 51.198955294378386],
          [-0.224143154871267, 51.199200265176181],
          [-0.224160937931545, 51.199258990568715],
          [-0.224197954585521, 51.199338692060955],
          [-0.224258841990714, 51.199430446824387],
          [-0.224374209516619, 51.199557202111535],
          [-0.224468893649408, 51.199700730523041],
          [-0.224594819792435, 51.199962543216735],
          [-0.224998809986305, 51.200662043619204],
          [-0.225057215179324, 51.200818511131551],
          [-0.225076929112473, 51.200901547221044],
          [-0.225116587346968, 51.201285257483363],
          [-0.224882039741772, 51.201801505378334],
          [-0.224824248929707, 51.202038947742189],
          [-0.224803889747337, 51.202084504091694],
          [-0.224768913323715, 51.202137932579923],
          [-0.224743452940677, 51.202167223850331],
          [-0.223353064907064, 51.202029215463064],
          [-0.223201257638318, 51.202440596618381],
          [-0.223189819192167, 51.20255193822382],
          [-0.223169112579051, 51.202606482184848],
          [-0.223112929580459, 51.202690165005258],
          [-0.222987915279538, 51.202814171338325],
          [-0.222965777635546, 51.202868693536033],
          [-0.222937550635913, 51.202969887732699],
          [-0.22293132306631, 51.203020154902923],
          [-0.222943417732828, 51.203077894791988],
          [-0.222959839018288, 51.203134801053082],
          [-0.223011453348055, 51.203244401985515],
          [-0.22302851052582, 51.20332200216739],
          [-0.223051813554337, 51.203870039645935],
          [-0.223368737565452, 51.203892837073688],
          [-0.223697577050959, 51.203866352079345],
          [-0.224049978113108, 51.203860008632304],
          [-0.224486943286766, 51.203888221666425],
          [-0.2247710266657, 51.20398336171391],
          [-0.22498288955645, 51.204020748913798],
          [-0.225122546278649, 51.204037255843645],
          [-0.225935548240057, 51.204077460369632],
          [-0.226196330467346, 51.204183035539529],
          [-0.226235878335578, 51.204607212714883],
          [-0.226228647045837, 51.204907474651975],
          [-0.226248273032328, 51.205179365478166],
          [-0.226502827570542, 51.205783066493957],
          [-0.226598806852385, 51.205893337962877],
          [-0.226717816844371, 51.206000361012372],
          [-0.227093657974201, 51.206241675251256],
          [-0.227205775069964, 51.20630452691465],
          [-0.227598307995865, 51.206484039536804],
          [-0.227817201107354, 51.206599768429626],
          [-0.227974605791356, 51.206713666698477],
          [-0.22822046346571, 51.206947613375839],
          [-0.22828807338781, 51.206976515575406],
          [-0.228339237521924, 51.206986283182246],
          [-0.228425223331708, 51.206983987405252],
          [-0.228631189540472, 51.206988903291823],
          [-0.22870235050873, 51.206999872683312],
          [-0.229005060055827, 51.207020640962654],
          [-0.229265431408929, 51.207025479591266],
          [-0.22938477344884, 51.207011996633533],
          [-0.229447021164453, 51.206994052645015],
          [-0.229549002496377, 51.206947931552961],
          [-0.229712745596093, 51.20682180613602],
          [-0.229892329801581, 51.206693222114147],
          [-0.229975346319195, 51.206618935068704],
          [-0.230212722121783, 51.206364421032475],
          [-0.23016727723662, 51.20628009754838],
          [-0.23031727429003, 51.206101603146934],
          [-0.230521791874724, 51.205882564292104],
          [-0.230691733365067, 51.205743940805064],
          [-0.231068434391425, 51.205477142010189],
          [-0.231399397394773, 51.204983922731088],
          [-0.23152502849815, 51.204805957919525],
          [-0.231556381031069, 51.204772257646162],
          [-0.231602109632897, 51.204736975938658],
          [-0.231722043648719, 51.204670439955308],
          [-0.232671835612776, 51.204316065980109],
          [-0.233396942730934, 51.204933151086841],
          [-0.233717161272911, 51.205132235906994],
          [-0.234023119830712, 51.205404848518256],
          [-0.234358750230392, 51.205687800370896],
          [-0.234501105043374, 51.205821247709054],
          [-0.234677616077485, 51.205997477830806],
          [-0.2347587010463, 51.206085934301946],
          [-0.234869054742876, 51.206270159491794],
          [-0.234461201584146, 51.206303577956746],
          [-0.23428507791469, 51.206304518414562],
          [-0.234086736797638, 51.206324908337407],
          [-0.233649739301695, 51.20640914521961],
          [-0.233095196684314, 51.206534773221868],
          [-0.232951933062879, 51.206574878266927],
          [-0.232861849096408, 51.206609490837742],
          [-0.232785123390424, 51.206631714617977],
          [-0.23268700448143, 51.206651816698574],
          [-0.232528929713658, 51.206667416082567],
          [-0.232252463837405, 51.206709106024718],
          [-0.23196981352588, 51.206800164229129],
          [-0.231586146192032, 51.206912178446316],
          [-0.230724156626865, 51.207252582649502],
          [-0.23227859571884, 51.208233839615474],
          [-0.233564021874872, 51.209025756941564],
          [-0.233552196957566, 51.209035470933898],
          [-0.233298917672314, 51.209181833630325],
          [-0.232939588749483, 51.209405734409671],
          [-0.232859377899157, 51.209444093250553],
          [-0.232834709183765, 51.209452713947925],
          [-0.23246041120901, 51.209506417013017],
          [-0.232461257558673, 51.209521718123568],
          [-0.232506619946651, 51.209570966055821],
          [-0.232520034815598, 51.20959455077714],
          [-0.232522642694884, 51.209638656518806],
          [-0.232513094650678, 51.209663693117918],
          [-0.23248927211284, 51.209687614850118],
          [-0.232458432651046, 51.20970783336206],
          [-0.232427902627985, 51.209719962717323],
          [-0.232264836807784, 51.209753472666712],
          [-0.231927828355082, 51.209842810426345],
          [-0.231741523484802, 51.209884961747314],
          [-0.231680978812425, 51.209895738160611],
          [-0.231548820668429, 51.2099072312106],
          [-0.231492603006383, 51.209917173588217],
          [-0.231385512720273, 51.209947031475608],
          [-0.231206828848558, 51.210014477881487],
          [-0.230947822206978, 51.210048334776381],
          [-0.230823801416256, 51.210071641072034],
          [-0.230397418007164, 51.210176710480553],
          [-0.230300529919408, 51.210164453879479],
          [-0.230012123273514, 51.210106134204054],
          [-0.229535214949652, 51.209960427229618],
          [-0.22946751521872, 51.209971094273065],
          [-0.229358955402562, 51.209927184354768],
          [-0.229060516903758, 51.209831838695983],
          [-0.228839090025751, 51.209781723997189],
          [-0.228784440675891, 51.209788091551069],
          [-0.228632750246944, 51.209823567211231],
          [-0.22797944032564, 51.210133834208669],
          [-0.227866710076312, 51.210198676741605],
          [-0.227789527827708, 51.210232581410381],
          [-0.226710276907774, 51.210598444183383],
          [-0.226540944584652, 51.210683112135889],
          [-0.226458605208372, 51.210739420642142],
          [-0.226394936554788, 51.210794213374854],
          [-0.226214721376182, 51.210975841856182],
          [-0.225775663828394, 51.211522265541774],
          [-0.225843244355381, 51.211552067940282],
          [-0.225337055959301, 51.212168518233838],
          [-0.225260090945171, 51.212233900524211],
          [-0.225188350927969, 51.212275080516974],
          [-0.225070578227397, 51.212321857642117],
          [-0.22565763287998, 51.212768723925564],
          [-0.225797586254256, 51.212927325935034],
          [-0.225854609257475, 51.213157515226783],
          [-0.225886037753353, 51.213196662069748],
          [-0.22591120879906, 51.21321233190897],
          [-0.22593951798391, 51.213220854796219],
          [-0.226255334709659, 51.213274203902508],
          [-0.226556101338935, 51.213309337858419],
          [-0.226651736516639, 51.213317081980158],
          [-0.226846972948532, 51.213303852036148],
          [-0.226954125131314, 51.213309971748018],
          [-0.227018036999792, 51.213323530229005],
          [-0.227122447487571, 51.213363782170156],
          [-0.227324975590367, 51.213496350647951],
          [-0.2273245441205, 51.213544907039456],
          [-0.227310630373164, 51.213571675726747],
          [-0.22728823405174, 51.213595618006465],
          [-0.227254458644257, 51.213617589319696],
          [-0.227008686100605, 51.213716388577289],
          [-0.227028995014541, 51.213784144703673],
          [-0.22705225282305, 51.213812375700869],
          [-0.227099423932199, 51.213851760653966],
          [-0.227183698010536, 51.213894405478186],
          [-0.227240421197924, 51.21390875426895],
          [-0.227322937187485, 51.213922594336694],
          [-0.22760245062818, 51.213952007826073],
          [-0.227940049724304, 51.213922945343043],
          [-0.228032634564265, 51.213898266868618],
          [-0.228115236680239, 51.213872537894076],
          [-0.228191890211174, 51.213815242852235],
          [-0.228242665103572, 51.213798025150822],
          [-0.228276405706433, 51.213776952340886],
          [-0.228309059978872, 51.213746869945474],
          [-0.228339420468034, 51.21366459265024],
          [-0.228354592301521, 51.213642339452107],
          [-0.228376677865481, 51.213626486087406],
          [-0.228493157523858, 51.21357608881921],
          [-0.22862172327264, 51.213546558545012],
          [-0.228651912224278, 51.213543418145733],
          [-0.229073181070724, 51.213610046447009],
          [-0.229329678422765, 51.213679576686346],
          [-0.229379591496755, 51.213684828287455],
          [-0.229714998846627, 51.213675512429582],
          [-0.229957907057366, 51.213651307192031],
          [-0.230025612158518, 51.213640639926922],
          [-0.230260082763748, 51.21350029507721],
          [-0.230416279477878, 51.213384846528584],
          [-0.230506929469766, 51.213335855397759],
          [-0.230798199367498, 51.213357345163466],
          [-0.230898541489539, 51.213354365194199],
          [-0.231035174862388, 51.213338443904931],
          [-0.231154773808729, 51.2133186677871],
          [-0.231234201449169, 51.213300982466571],
          [-0.23144270833489, 51.213240281790114],
          [-0.231526222278261, 51.213228053891378],
          [-0.231567721185883, 51.213228680869037],
          [-0.231660151106635, 51.213245365596791],
          [-0.232270878965843, 51.213449741387379],
          [-0.232320757766834, 51.213455890528216],
          [-0.232391152115319, 51.21344975907401],
          [-0.232581158323864, 51.21338607905281],
          [-0.232628862809018, 51.213374208972041],
          [-0.232712514237681, 51.213358385050647],
          [-0.232792856635548, 51.213354202179701],
          [-0.232872820830657, 51.213359905986394],
          [-0.232914010467912, 51.213368621633087],
          [-0.23302220372696, 51.213422415081929],
          [-0.233255359629858, 51.213615689511073],
          [-0.233252459549109, 51.21372895916037],
          [-0.233273740218682, 51.213771548065935],
          [-0.233328106169938, 51.213810139763638],
          [-0.233728329272442, 51.21397805594836],
          [-0.233784607970251, 51.214004085913238],
          [-0.233832128776185, 51.214034480269923],
          [-0.233959281771342, 51.214154208739622],
          [-0.234002051009486, 51.214233993535757],
          [-0.234028038011317, 51.214265861548931],
          [-0.234047385271364, 51.214284139693042],
          [-0.234113028961554, 51.214327397724716],
          [-0.234180138167068, 51.214369778514232],
          [-0.234668567338954, 51.21447786878111],
          [-0.234784710430253, 51.214511096272616],
          [-0.234825626731228, 51.214527001616673],
          [-0.234836182115948, 51.214550542920385],
          [-0.234844653941894, 51.214591139742481],
          [-0.234840521141699, 51.21462435198611],
          [-0.234824974325851, 51.214656492792884],
          [-0.234798047816131, 51.21468666336331],
          [-0.234761344366538, 51.214710391297324],
          [-0.234337730197763, 51.214891958492359],
          [-0.23396095956697, 51.215084123361137],
          [-0.233899308855256, 51.215123662260481],
          [-0.2338029910703, 51.215208542991626],
          [-0.233759587898766, 51.21529512140517],
          [-0.233761453417695, 51.215321229619626],
          [-0.233779460752858, 51.215374560776226],
          [-0.233810347735963, 51.215428086267295],
          [-0.233881979797385, 51.215502011398094],
          [-0.233940916407919, 51.215533477250467],
          [-0.234111636496168, 51.215599904067595],
          [-0.234214043402165, 51.215655407695124],
          [-0.234253014091042, 51.215684773570381],
          [-0.234346685649668, 51.215781513681478],
          [-0.234332122536217, 51.215825360320814],
          [-0.234294055549031, 51.215847268916555],
          [-0.23415436974582, 51.215905415675991],
          [-0.233983543354453, 51.215954099325778],
          [-0.233872719102834, 51.216006385999037],
          [-0.233828721208429, 51.216033600833043],
          [-0.233764258163592, 51.216333897845487],
          [-0.233779884811896, 51.216374602695289],
          [-0.233796405015386, 51.216391938901708],
          [-0.233818787088375, 51.216405766303055],
          [-0.234039186396864, 51.216483734526889],
          [-0.234085072647822, 51.216519499970708],
          [-0.234095628084367, 51.216543041334411],
          [-0.234092319188532, 51.216554682477017],
          [-0.233935880057463, 51.216676427415862],
          [-0.233740628268993, 51.216802083065197],
          [-0.23380794439036, 51.216951485331279],
          [-0.233820365375368, 51.217001134925297],
          [-0.233826224829645, 51.21711004012954],
          [-0.233834971107545, 51.217143446653019],
          [-0.233913943130265, 51.217287628992452],
          [-0.234038628761958, 51.217584485125293],
          [-0.234147736816512, 51.217689552245595],
          [-0.234174778955032, 51.217731328631558],
          [-0.234303350032571, 51.217926620600018],
          [-0.234494891862769, 51.218235276435053],
          [-0.235052538988177, 51.21821940449977],
          [-0.235137618472109, 51.218241371542675],
          [-0.235181057091738, 51.218266307957414],
          [-0.235211374935707, 51.218297341731663],
          [-0.235221587898625, 51.218329871008407],
          [-0.235214661287012, 51.21836124255946],
          [-0.235199456776574, 51.218384395479859],
          [-0.235092978700495, 51.218472721435532],
          [-0.235049219485202, 51.218493645158979],
          [-0.234934440086942, 51.218536880111479],
          [-0.234643580962125, 51.218616130085174],
          [-0.234617430345471, 51.218663399326338],
          [-0.234532004880352, 51.218875248309075],
          [-0.234524951073547, 51.21898485819937],
          [-0.23455918455055, 51.219025843634583],
          [-0.234596417871709, 51.219063277047425],
          [-0.234635700812921, 51.219084553712115],
          [-0.234716144574162, 51.219115444242917],
          [-0.234804190930241, 51.21913475828687],
          [-0.234855438758868, 51.21914272560106],
          [-0.235086844203648, 51.219157906011034],
          [-0.235176528070566, 51.219171848615723],
          [-0.235316612586404, 51.219178457177698],
          [-0.235629619490643, 51.219231738577022],
          [-0.23564586670772, 51.219256264942885],
          [-0.235658633539596, 51.219296926491658],
          [-0.235656240978526, 51.219322071209895],
          [-0.235646932800772, 51.219340816492924],
          [-0.235605279998159, 51.219381557074058],
          [-0.235555625165504, 51.219519302888635],
          [-0.235559667448364, 51.219563430187797],
          [-0.235595093120925, 51.219610728490288],
          [-0.235910453051088, 51.219789948483431],
          [-0.235949359599715, 51.219821111490681],
          [-0.235991976232681, 51.219867618725814],
          [-0.236005258454289, 51.219894798295051],
          [-0.236010367931273, 51.220023477125203],
          [-0.236003544557498, 51.220052152328762],
          [-0.235989702418695, 51.220077124504499],
          [-0.235961342134275, 51.220107273766715],
          [-0.235902479969432, 51.220148654411815],
          [-0.235829683177474, 51.220179932564619],
          [-0.235741486226759, 51.220201985423827],
          [-0.235350432403052, 51.220279726874359],
          [-0.235247338988272, 51.220316843118759],
          [-0.235209268620594, 51.220338751984819],
          [-0.235154699163036, 51.220380196976556],
          [-0.235035358388756, 51.220617614981585],
          [-0.2350127450036, 51.220684722521618],
          [-0.234988230865091, 51.22072662061867],
          [-0.234857598882895, 51.220884728605462],
          [-0.234846480936595, 51.220913338983557],
          [-0.234834160632729, 51.22097340720056],
          [-0.234832202526142, 51.221024638540058],
          [-0.23484861012677, 51.221082442020609],
          [-0.234877532654091, 51.22111255549823],
          [-0.23495391532926, 51.221174860597436],
          [-0.235098311229432, 51.22125617741434],
          [-0.23514559985716, 51.221292862940579],
          [-0.23528047042047, 51.221436088534041],
          [-0.235316584069571, 51.221465411006811],
          [-0.235410005647532, 51.221531569928693],
          [-0.23549532069425, 51.221585016188463],
          [-0.235550178353986, 51.221611023883284],
          [-0.23561226106418, 51.22163534183013],
          [-0.235694415860502, 51.221659062968222],
          [-0.235792451984895, 51.221679426153756],
          [-0.23594365097756, 51.221695194572],
          [-0.235980451876816, 51.221706540927634],
          [-0.236009959145418, 51.221721374611441],
          [-0.23604807776044, 51.221773209899318],
          [-0.236060055997127, 51.221834543704283],
          [-0.236053335349481, 51.221860522512117],
          [-0.236039355350733, 51.221889089864554],
          [-0.235928703442992, 51.22201152756795],
          [-0.235787466374092, 51.222072350903559],
          [-0.235690300405428, 51.22210416100183],
          [-0.235372443673192, 51.222252252935107],
          [-0.235345753315382, 51.222276132027652],
          [-0.235339238264705, 51.222296718014888],
          [-0.235345261312399, 51.222326486151545],
          [-0.235368597156062, 51.222352918029941],
          [-0.235388223012793, 51.222364005650618],
          [-0.235495936062905, 51.222393508087798],
          [-0.235581366785515, 51.22240648691983],
          [-0.235733930680469, 51.222424074796834],
          [-0.236029726441772, 51.222441123060001],
          [-0.2364163251331, 51.222517994018844],
          [-0.236603402160503, 51.222569375319438],
          [-0.236796459306629, 51.222689194188888],
          [-0.236887640528743, 51.222739130515606],
          [-0.236970038139209, 51.222756559207532],
          [-0.23714805834298, 51.222782622454268],
          [-0.237333578317201, 51.222799805233507],
          [-0.237455067270124, 51.222806131157952],
          [-0.237562586277419, 51.222803253490333],
          [-0.23759955996639, 51.222810105365376],
          [-0.237674252681774, 51.222841806560588],
          [-0.237895519198267, 51.223010611189899],
          [-0.237933160833567, 51.223075029038554],
          [-0.237989958315053, 51.223125346216626],
          [-0.238074636693185, 51.223158096774554],
          [-0.238273820184047, 51.223192570658732],
          [-0.238414011545768, 51.223234250256219],
          [-0.238522268536648, 51.223287140202522],
          [-0.238807692249543, 51.223388560727017],
          [-0.23891145043416, 51.223446778496886],
          [-0.238974934437857, 51.223472015026942],
          [-0.239068442010007, 51.223498602496356],
          [-0.239386359084303, 51.223536659199361],
          [-0.239513815453624, 51.223536777539294],
          [-0.239591449590454, 51.22352895197492],
          [-0.239708483189272, 51.223501933974539],
          [-0.240007077028804, 51.223370627625116],
          [-0.240044736639796, 51.223359502782571],
          [-0.240132458134815, 51.223350029899329],
          [-0.240203784315434, 51.223357397409004],
          [-0.240308160707302, 51.223399435598694],
          [-0.240357023977776, 51.223432545396975],
          [-0.240444457487708, 51.223505804710705],
          [-0.240487355945104, 51.223545119979974],
          [-0.240716628358865, 51.223804870095954],
          [-0.240823594975976, 51.223854141245319],
          [-0.240907222015869, 51.223876981495479],
          [-0.240967029979405, 51.223885974067166],
          [-0.241034165828068, 51.223890580158972],
          [-0.241088693542964, 51.223887802261579],
          [-0.241139235348725, 51.223876870635415],
          [-0.241195913266357, 51.223855239434108],
          [-0.241226621716726, 51.223838613893527],
          [-0.24144741449352, 51.223681853462409],
          [-0.241533095103887, 51.22365076536741],
          [-0.241589224965196, 51.223643514743529],
          [-0.241633596163513, 51.223644181273137],
          [-0.24201340012165, 51.223711938433269],
          [-0.242069626909769, 51.22373976221936],
          [-0.242108033377939, 51.223746634178511],
          [-0.242148179117899, 51.223745438431997],
          [-0.242177113691019, 51.223737779129202],
          [-0.242210787018753, 51.223718499917624],
          [-0.242287274501389, 51.223627918603192],
          [-0.242311207615428, 51.223563527483087],
          [-0.24231967528513, 51.223453938513238],
          [-0.242324277149365, 51.223445913801044],
          [-0.242353656233047, 51.223426570068014],
          [-0.242404607752454, 51.223404852300526],
          [-0.242463668247711, 51.223395846636947],
          [-0.242522249830461, 51.223399424127415],
          [-0.242566176144186, 51.223411774686362],
          [-0.242606829377594, 51.223434867838463],
          [-0.242684886641275, 51.223566439999146],
          [-0.242771332269588, 51.223665762781856],
          [-0.242832190366758, 51.223722433719281],
          [-0.24285372366735, 51.223758729452804],
          [-0.242892554647345, 51.223905000938991],
          [-0.242915006423565, 51.223954800131409],
          [-0.242967511412725, 51.22404282153957],
          [-0.243016875364753, 51.224175761390669],
          [-0.243015917825493, 51.224200927762261],
          [-0.243003509500523, 51.224225922261375],
          [-0.242976753475291, 51.224251600714268],
          [-0.242938615022483, 51.224275309683911],
          [-0.24289628508087, 51.224296257787628],
          [-0.242556902302335, 51.224408073549085],
          [-0.24253382425141, 51.224449994741981],
          [-0.242542538499122, 51.224522070557335],
          [-0.242580187814027, 51.224586486974864],
          [-0.24290140252318, 51.224763976970259],
          [-0.24332577980892, 51.224676817859439],
          [-0.243368960017304, 51.224671170667477],
          [-0.24346227207405, 51.224665376423573],
          [-0.243635330139395, 51.224671570408219],
          [-0.243834627035811, 51.224703338528776],
          [-0.244031608345135, 51.224720682578649],
          [-0.24425343959257, 51.224687138232454],
          [-0.244322691799772, 51.224673787930165],
          [-0.244348900575298, 51.224662489959144],
          [-0.24437238330197, 51.224647553848762],
          [-0.24439222119017, 51.224615476139405],
          [-0.244423342898578, 51.224550293108798],
          [-0.244431695672257, 51.224518942455767],
          [-0.244197421248127, 51.224277110980331],
          [-0.244177454707797, 51.224237241755318],
          [-0.244181547716092, 51.224204927910797],
          [-0.244201522237676, 51.224169255032585],
          [-0.244241262181674, 51.224141073114161],
          [-0.244290645592746, 51.22412292825625],
          [-0.244319545889502, 51.224116167222412],
          [-0.244715690628271, 51.224093330124731],
          [-0.244728367748617, 51.224098916091286],
          [-0.244800884579559, 51.224150364935625],
          [-0.244821534879712, 51.224172258062438],
          [-0.244850055882643, 51.224213154752782],
          [-0.244869852185471, 51.224257517868523],
          [-0.244877449595839, 51.224283711832882],
          [-0.244870890492233, 51.224456281408898],
          [-0.244879987614459, 51.224480699234221],
          [-0.24492115195147, 51.224528080657358],
          [-0.244992682378881, 51.224567823529199],
          [-0.245013981983302, 51.224572639425212],
          [-0.245415008019635, 51.224496813717295],
          [-0.245522328667353, 51.224461550510419],
          [-0.245585379555627, 51.224422925780281],
          [-0.245702759083449, 51.224311371645364],
          [-0.245739430675878, 51.224288539109985],
          [-0.245838401492736, 51.224246855297721],
          [-0.246101433590058, 51.224184247570413],
          [-0.246195700186614, 51.224153284717183],
          [-0.246303941070745, 51.224093753160929],
          [-0.246354006302174, 51.224057631410183],
          [-0.246435665593053, 51.223981513893193],
          [-0.246459932312605, 51.2239459049351],
          [-0.246489143611153, 51.223855512008711],
          [-0.246444038463645, 51.223572452347057],
          [-0.246449870471699, 51.223494299562731],
          [-0.246486952714741, 51.223422910094364],
          [-0.246547889548322, 51.223364468314983],
          [-0.246578356887636, 51.22335413295098],
          [-0.246806856873465, 51.223371045160341],
          [-0.246889088900098, 51.223392960919377],
          [-0.246925689179607, 51.223409696676654],
          [-0.246974454901044, 51.223445500163166],
          [-0.247072897919574, 51.223719465923942],
          [-0.247110211770091, 51.223792868961219],
          [-0.247191247517889, 51.223921784710761],
          [-0.247485137039222, 51.224291305648457],
          [-0.247549239691417, 51.224338130240213],
          [-0.24760294900179, 51.224356920537126],
          [-0.247698508759291, 51.224367344180067],
          [-0.248073729529156, 51.2243297934927],
          [-0.248521302001528, 51.224234868923745],
          [-0.248670572081352, 51.224188539448427],
          [-0.24871378531659, 51.224181991469948],
          [-0.248804199034274, 51.224177048920815],
          [-0.248907085890418, 51.224183084632031],
          [-0.249001043849814, 51.224197979808267],
          [-0.249088833422091, 51.224224473696736],
          [-0.24913248969201, 51.224244012230578],
          [-0.249155459547432, 51.224280328263916],
          [-0.249182825806012, 51.224351783205478],
          [-0.24918725625806, 51.224386023315731],
          [-0.249162275774343, 51.224478278789789],
          [-0.249042041057118, 51.224778649101346],
          [-0.249031135205752, 51.224877410253036],
          [-0.249039212152922, 51.22492879183212],
          [-0.249061330224537, 51.224987577928644],
          [-0.249091695761874, 51.22513102267397],
          [-0.249094353915851, 51.225325313737464],
          [-0.249100897388801, 51.225341599219689],
          [-0.249129286570026, 51.225386090112835],
          [-0.249174579846083, 51.225438028323452],
          [-0.249202457906106, 51.225458230141001],
          [-0.249341507460179, 51.225492684977219],
          [-0.249440034991322, 51.225500453632222],
          [-0.249497495128523, 51.225495917038231],
          [-0.249565417940368, 51.225479845819983],
          [-0.249857761977691, 51.225437452811128],
          [-0.249898693190902, 51.225453353060317],
          [-0.249957619361249, 51.225485709929544],
          [-0.250007616616482, 51.225526926399247],
          [-0.250172572737695, 51.225747024820762],
          [-0.250244010255091, 51.22590277356786],
          [-0.250254748137859, 51.225997361370254],
          [-0.250247387670838, 51.226040418115566],
          [-0.250148557352469, 51.226267364953905],
          [-0.250038753032233, 51.226557099198871],
          [-0.250043186561492, 51.226704651918908],
          [-0.250049492119014, 51.226727228868974],
          [-0.250070759972851, 51.22677071355907],
          [-0.250199898931384, 51.226915633830011],
          [-0.25022784645966, 51.226934037721016],
          [-0.250267415814141, 51.226948118778154],
          [-0.25034583838149, 51.22695738469119],
          [-0.250541399426393, 51.226936925430586],
          [-0.250612494578191, 51.226950578195975],
          [-0.250644736611452, 51.226969046160825],
          [-0.250728002337613, 51.227077307993611],
          [-0.25073577508005, 51.227136778421844],
          [-0.250729095874869, 51.227161859219677],
          [-0.250686972303797, 51.227215188203694],
          [-0.250526381252917, 51.227333295533725],
          [-0.250473725192735, 51.227362185744546],
          [-0.250371582304927, 51.227411919698433],
          [-0.250291524085601, 51.227445796123654],
          [-0.250208841271312, 51.227473338113697],
          [-0.250039419436101, 51.227522066136139],
          [-0.249572254909091, 51.227641884108664],
          [-0.249497205680729, 51.227656949442512],
          [-0.24946370281663, 51.227671736691931],
          [-0.249428393623113, 51.227696389304569],
          [-0.249405967543819, 51.227721234561486],
          [-0.24934911850583, 51.227822905500638],
          [-0.249339746050193, 51.227881220337132],
          [-0.249348607632719, 51.227911929316505],
          [-0.249386916651691, 51.227959266194013],
          [-0.249578631935841, 51.228040372711696],
          [-0.249624541619761, 51.228076132154683],
          [-0.249669633212741, 51.228095691811596],
          [-0.249719257769138, 51.228109024071152],
          [-0.24976782566126, 51.22811244812916],
          [-0.249843932260911, 51.22810729080156],
          [-0.249983841956617, 51.228119274760431],
          [-0.250050167411432, 51.228145446839214],
          [-0.250090521987971, 51.228176626514681],
          [-0.250210668061429, 51.228369974844476],
          [-0.250268781581352, 51.228461673477227],
          [-0.250217114432652, 51.228577811176208],
          [-0.250168820147116, 51.228642738755475],
          [-0.250111186575298, 51.228689540571622],
          [-0.250009312859237, 51.228732083819054],
          [-0.248920422518297, 51.229005378588397],
          [-0.248850210518732, 51.229043897895998],
          [-0.248817694754879, 51.229070390741853],
          [-0.248782895165067, 51.229119332106954],
          [-0.248863773126555, 51.229403823808148],
          [-0.248972600720816, 51.229706719619351],
          [-0.249022090139976, 51.229799189182572],
          [-0.249226150829832, 51.230121495158485],
          [-0.249379973895888, 51.230446646741271],
          [-0.249589662973077, 51.230658421342916],
          [-0.249645255339213, 51.230703318559911],
          [-0.249905459733945, 51.230867285199515],
          [-0.24992468385715, 51.230889155939501],
          [-0.249934705352739, 51.230927076639077],
          [-0.249913813368883, 51.231062559697016],
          [-0.249903145043106, 51.231079487055084],
          [-0.249801368936572, 51.231194875524473],
          [-0.249741550916659, 51.231299200192858],
          [-0.249632070469632, 51.231391091364117],
          [-0.249540654830365, 51.231497641448435],
          [-0.249465463477114, 51.231629614652135],
          [-0.249433219293554, 51.23176222997769],
          [-0.249419210297181, 51.231791697643615],
          [-0.249361776536079, 51.231870877187546],
          [-0.249342484185021, 51.231888574851865],
          [-0.249243397634594, 51.231932957830274],
          [-0.249010388214795, 51.232071563744896],
          [-0.248963315501197, 51.232141904992289],
          [-0.248936762340534, 51.232199962821738],
          [-0.248909084049132, 51.23228768095391],
          [-0.248643553516777, 51.232452778985753],
          [-0.248420393225283, 51.232444944029858],
          [-0.248263836440399, 51.232456091336836],
          [-0.248065593400021, 51.232433340287265],
          [-0.247935520762018, 51.232463768910627],
          [-0.247861586550211, 51.232524714689099],
          [-0.247792525712504, 51.23260821604547],
          [-0.247767811798621, 51.232655509470582],
          [-0.247660906465468, 51.232981257380125],
          [-0.247541390703754, 51.233224080162877],
          [-0.24752046072205, 51.233247148876742],
          [-0.247371769467961, 51.233390610972585],
          [-0.247283516620687, 51.233451342072897],
          [-0.247198809373492, 51.233494140039483],
          [-0.247147917045537, 51.233514062204996],
          [-0.246936679032958, 51.233569354523688],
          [-0.246874265107411, 51.233590902675239],
          [-0.246801249321472, 51.23362758027136],
          [-0.24684057216865, 51.233874579319625],
          [-0.246853898284534, 51.233900858255517],
          [-0.246874348523877, 51.233928143149569],
          [-0.246906252009538, 51.233955599527434],
          [-0.247116697517775, 51.234072060781422],
          [-0.247153408403561, 51.234086099716315],
          [-0.247174234497874, 51.234103497995648],
          [-0.247183504907008, 51.234123421147039],
          [-0.247181526924869, 51.234137780168112],
          [-0.247145869571341, 51.234171419359626],
          [-0.247098724733607, 51.234205785850762],
          [-0.24706525017684, 51.234219673327999],
          [-0.246988689159909, 51.234236512870666],
          [-0.246823945636732, 51.234236744080043],
          [-0.246795073338558, 51.234242606786381],
          [-0.246716670675312, 51.234270210052046],
          [-0.246621529092826, 51.234323641999374],
          [-0.246482546175372, 51.234437568995915],
          [-0.246473443781572, 51.234450922020365],
          [-0.246463726510817, 51.234480453049393],
          [-0.246464642753993, 51.234531726281752],
          [-0.246514673916071, 51.234647584631006],
          [-0.24650308088503, 51.234688778336341],
          [-0.246482354244787, 51.234706453724009],
          [-0.246463332543691, 51.234716960324995],
          [-0.246366522054854, 51.234738891946122],
          [-0.246335739438639, 51.2347573159877],
          [-0.246258863392053, 51.234857784287783],
          [-0.246216251395671, 51.234885923303722],
          [-0.246178686035882, 51.234894353524261],
          [-0.246139962311887, 51.234895572064175],
          [-0.246118657927811, 51.234890756493655],
          [-0.246014661153362, 51.234837939137684],
          [-0.245966325753377, 51.234828222157702],
          [-0.245934138469639, 51.234921266102347],
          [-0.245905022944843, 51.234971190149459],
          [-0.245843077573512, 51.235055694651429],
          [-0.245811747774146, 51.235088498998309],
          [-0.245653612884433, 51.235103216246948],
          [-0.245551849200561, 51.235217699844249],
          [-0.24548594572282, 51.235330922132732],
          [-0.245485159594135, 51.235351594018354],
          [-0.245494497870286, 51.235369719743723],
          [-0.245531957391177, 51.235401756190839],
          [-0.245669867618015, 51.235504543024746],
          [-0.245605703302705, 51.235609697827414],
          [-0.245578292106531, 51.235652453017536],
          [-0.245543308380618, 51.235743656381075],
          [-0.245505738369683, 51.235789856494826],
          [-0.245476523141141, 51.235804706648764],
          [-0.245370948760915, 51.23583100260614],
          [-0.24533869912944, 51.235850303703678],
          [-0.245311561010085, 51.235885868609117],
          [-0.245219820804695, 51.235962731977985],
          [-0.245130366690583, 51.236017147295726],
          [-0.244994511950144, 51.236123925179399],
          [-0.244951077439639, 51.236173634383213],
          [-0.244904809249643, 51.236260171980163],
          [-0.244857045148906, 51.236310715543674],
          [-0.244098089202101, 51.236604195924635],
          [-0.243700057059633, 51.236673766710645],
          [-0.243350337547762, 51.236678412789452],
          [-0.242858693174765, 51.236760964935755],
          [-0.242784687933114, 51.23674816357164],
          [-0.242734645654179, 51.236745613984318],
          [-0.242658421313048, 51.236753462914308],
          [-0.24254932923698, 51.236796790095461],
          [-0.242501671049405, 51.236806866257943],
          [-0.242399572575164, 51.236817024528335],
          [-0.242105669840941, 51.236935815328749],
          [-0.242002886028804, 51.236963948779021],
          [-0.241962489014769, 51.236971435871951],
          [-0.241690012766984, 51.236979035320459],
          [-0.241424668074029, 51.236949870325738],
          [-0.241225484793487, 51.236951375115275],
          [-0.240985333449184, 51.23708805703474],
          [-0.240580450370311, 51.237111650568266],
          [-0.240088170131641, 51.237097957503359],
          [-0.23973351771517, 51.237194246365156],
          [-0.239532549966609, 51.237242484599648],
          [-0.239028899436818, 51.237301458732126],
          [-0.238948652831701, 51.237302050443091],
          [-0.238875839452136, 51.237295559568274],
          [-0.23866800501581, 51.237260958251426],
          [-0.238265909236651, 51.237173972884804],
          [-0.238096365231044, 51.23711206860267],
          [-0.238044258795967, 51.237051031999492],
          [-0.237995452251336, 51.237016124483638],
          [-0.237934779936924, 51.236991829882236],
          [-0.237879422698703, 51.236978406735119],
          [-0.237773577008153, 51.236974115927538],
          [-0.23770325014923, 51.236977553943447],
          [-0.237644239859862, 51.236984759411634],
          [-0.237521546319793, 51.237008992130107],
          [-0.237268519393112, 51.237069932258223],
          [-0.237013338816258, 51.237149724549504],
          [-0.236893301927386, 51.237179392369789],
          [-0.2367099589347, 51.237216200382839],
          [-0.236381780562894, 51.237331762990742],
          [-0.236233336942707, 51.237392477504542],
          [-0.236111557924082, 51.23743021192341],
          [-0.235017269606915, 51.237687107180427],
          [-0.234194170941824, 51.237895022721034],
          [-0.233736709572963, 51.238019418992494],
          [-0.233531099963958, 51.23815121085994],
          [-0.233411010184883, 51.238219543733223],
          [-0.232841016359569, 51.238514003486998],
          [-0.232421299089124, 51.238774757690898],
          [-0.232164108324081, 51.238981309135625],
          [-0.23200932635193, 51.239094980745634],
          [-0.23143893768004, 51.239473961551788],
          [-0.231038594501754, 51.239752090251116],
          [-0.230691226685274, 51.240105659543794],
          [-0.230636578283923, 51.240185770116142],
          [-0.230617224500448, 51.240242133123303],
          [-0.230607514314305, 51.240308534089657],
          [-0.230616211156851, 51.240380608983301],
          [-0.230639329849035, 51.240450203935666],
          [-0.230670055961733, 51.240508223028421],
          [-0.230811935790248, 51.240693822776507],
          [-0.230974552032459, 51.240861749768435],
          [-0.230912261360483, 51.240954335105798],
          [-0.231010188088596, 51.241165349957569],
          [-0.23112905793389, 51.241353299481638],
          [-0.231295111668563, 51.241543760207477],
          [-0.23140637622615, 51.241743285327324],
          [-0.231587735287606, 51.241945667571166],
          [-0.23169366457943, 51.242022807976667],
          [-0.231801516412273, 51.242236669181942],
          [-0.230740178570755, 51.243610018242997],
          [-0.230440717515134, 51.243946318727403],
          [-0.230283239374562, 51.244166959256503],
          [-0.230240471180416, 51.244273326714477],
          [-0.230127485888585, 51.244641221440368],
          [-0.229992604969749, 51.245019576436192],
          [-0.229929580536579, 51.245056393389454],
          [-0.229888932934157, 51.245070167386288],
          [-0.229842867951133, 51.245075765996646],
          [-0.229679311386403, 51.245081387004589],
          [-0.229253202096931, 51.245058757490639],
          [-0.229258127950417, 51.245601994717987],
          [-0.229234833832482, 51.245760814341978],
          [-0.229238765557125, 51.245882276054409],
          [-0.229215436686949, 51.246041994422868],
          [-0.229472537854222, 51.246510807408484],
          [-0.229575090099299, 51.246676026006305],
          [-0.229675555817332, 51.246783659308711],
          [-0.229713478488484, 51.246840886939438],
          [-0.229735752367269, 51.246895180178193],
          [-0.229764168186663, 51.247013414820998],
          [-0.229761700361042, 51.247114995660112],
          [-0.229747724589122, 51.247180431520825],
          [-0.229690130998231, 51.247336934151583],
          [-0.229604172000413, 51.247485813755169],
          [-0.229526011727741, 51.247580854666055],
          [-0.229091392362799, 51.247480758718446],
          [-0.228397209482161, 51.247423497219231],
          [-0.228312718328713, 51.24742221905268],
          [-0.227966315260824, 51.247450251316607],
          [-0.227723707061959, 51.247536507773155],
          [-0.227631122495106, 51.247559387104154],
          [-0.227524424597705, 51.247576657102563],
          [-0.227419538820406, 51.247584062390999],
          [-0.227300643477282, 51.247583162038126],
          [-0.227172069368466, 51.247573122282176],
          [-0.227009679013031, 51.247548182007669],
          [-0.226543776767686, 51.247553717538167],
          [-0.226490932030484, 51.247735470509092],
          [-0.226496519302266, 51.247999942538215],
          [-0.226516369593881, 51.248117149134544],
          [-0.226516931579592, 51.248214279547931],
          [-0.226499789957608, 51.248324631023976],
          [-0.22633838688495, 51.248869846378334],
          [-0.226566289629031, 51.249203332158771],
          [-0.22726369136926, 51.24921478957738],
          [-0.227456146788637, 51.249203314054355],
          [-0.227560725209431, 51.249203997486561],
          [-0.227650706112172, 51.249211654132303],
          [-0.227740445168959, 51.249225601981827],
          [-0.22830265518164, 51.249361805275413],
          [-0.229573783116268, 51.24962023433708],
          [-0.230923193238479, 51.249930191083656],
          [-0.23154080815047, 51.250042035558884],
          [-0.23150532410096, 51.25033196539966],
          [-0.231395621000897, 51.250427430531687],
          [-0.231517873125213, 51.250490427168735],
          [-0.231545002538427, 51.250679683635894],
          [-0.231518018347574, 51.250785390000125],
          [-0.231485374358452, 51.250889212362324],
          [-0.231410384542769, 51.250901569093621],
          [-0.231080159200108, 51.250918164746658],
          [-0.230433442852324, 51.250817569547536],
          [-0.230302391585146, 51.250834474189546],
          [-0.230200897878846, 51.250865314363907],
          [-0.22983491876921, 51.250991976498327],
          [-0.229595849580405, 51.251060304765808],
          [-0.229419640535156, 51.2510963098132],
          [-0.229383698233399, 51.251099363558019],
          [-0.229354142411594, 51.25101078824688],
          [-0.228882251054899, 51.251059408318078],
          [-0.22860992941764, 51.251135325226201],
          [-0.22790736042975, 51.251369299452378],
          [-0.227813723751934, 51.252164637001336],
          [-0.227809615129088, 51.252196948598751],
          [-0.22795609737338, 51.252822359581756],
          [-0.227555150910494, 51.253000643830568],
          [-0.227289384128282, 51.253166584304822],
          [-0.227373090364085, 51.253449322954054],
          [-0.22598004159442, 51.253787043153459],
          [-0.226300410483265, 51.254622821566002],
          [-0.22672899004638, 51.255663472057229],
          [-0.226744208369606, 51.255901110006384],
          [-0.227006837675485, 51.256152384646256],
          [-0.227344558475925, 51.256351737911665],
          [-0.227842988654874, 51.256397048244594],
          [-0.228160220545671, 51.256458500704007],
          [-0.228206969049052, 51.256472696799115],
          [-0.228271819511522, 51.256500655696762],
          [-0.228332096597599, 51.256535739555162],
          [-0.22835572056183, 51.2565549814937],
          [-0.22836086243227, 51.256570346847198],
          [-0.228357875047155, 51.256610768830349],
          [-0.228402358614544, 51.256721152501221],
          [-0.228426965816039, 51.25675209980276],
          [-0.228473972173294, 51.256796874865195],
          [-0.2285424291982, 51.256842873534808],
          [-0.228614269327014, 51.256875434263449],
          [-0.228714756441916, 51.256908428077935],
          [-0.228892313978273, 51.256949781137706],
          [-0.22916752710328, 51.257097824647623],
          [-0.229339476248928, 51.257173264471469],
          [-0.229523506427046, 51.257232699749409],
          [-0.23013061640627, 51.257396547391899],
          [-0.230623106924913, 51.257559560013412],
          [-0.230926959053212, 51.257671161636573],
          [-0.231281740315911, 51.25783748743882],
          [-0.231724140751504, 51.257998839700363],
          [-0.232011966269468, 51.258117390607183],
          [-0.232666055221191, 51.258290026879216],
          [-0.233235603281472, 51.258462283785974],
          [-0.23377245154925, 51.258627749980455],
          [-0.234214793591882, 51.258716250875914],
          [-0.234916650984933, 51.258877004461645],
          [-0.235472650594939, 51.259029265698217],
          [-0.236104822334061, 51.259251015811124],
          [-0.236529515942852, 51.259426473673756],
          [-0.237205244269981, 51.259671355295488],
          [-0.237340626815653, 51.259729147519266],
          [-0.237521870778365, 51.259824499692002],
          [-0.237621924276766, 51.25986917017169],
          [-0.237708203514225, 51.259899245035641],
          [-0.238031949052637, 51.25997875534609],
          [-0.238101657993595, 51.259992393826664],
          [-0.238232824956553, 51.2600105538815],
          [-0.238404513078971, 51.260018532119716],
          [-0.238642770667548, 51.260047295170892],
          [-0.2387499985717, 51.260054303410385],
          [-0.238841194668829, 51.260068264590785],
          [-0.238932115993982, 51.260089415695084],
          [-0.239014202202842, 51.26011672873895],
          [-0.239091819385264, 51.260148470857708],
          [-0.239190064833949, 51.260203004722051],
          [-0.239421347665286, 51.26030180404733],
          [-0.239702836467536, 51.260399559022531],
          [-0.240098580673572, 51.260508022984737],
          [-0.240398934617745, 51.260599764901158],
          [-0.240686646705266, 51.260647252113159],
          [-0.240647585066945, 51.260544149023957],
          [-0.24062935851226, 51.260458444971285],
          [-0.240623758660838, 51.260342355570749],
          [-0.240699424133625, 51.26012497069285],
          [-0.240781281357036, 51.259970627374329],
          [-0.24082082435956, 51.259910970561663],
          [-0.240846068252704, 51.259887968844545],
          [-0.24088113337771, 51.259870510239146],
          [-0.24091295611434, 51.259862894844332],
          [-0.24094743785533, 51.25986071497411],
          [-0.241130414037945, 51.259873355088956],
          [-0.241282622705283, 51.259903518189937],
          [-0.24140607960992, 51.25993594714874],
          [-0.241550543260124, 51.259981281114079],
          [-0.242068398071923, 51.260044810030955],
          [-0.242402015768516, 51.260091183565507],
          [-0.242613231105739, 51.260115036342903],
          [-0.242877516243094, 51.260137886459425],
          [-0.243162233094278, 51.260151150559338],
          [-0.243486037760905, 51.260154209042753],
          [-0.24394569912358, 51.260090060375383],
          [-0.243747163741792, 51.259507956284885],
          [-0.244696946728493, 51.259482627957738],
          [-0.245015770311935, 51.259465823731816],
          [-0.246024017510313, 51.259373016568162],
          [-0.247158493561532, 51.259202055475967],
          [-0.247636830664976, 51.259136373353854],
          [-0.247804220206985, 51.25914427348512],
          [-0.248068115094808, 51.259328074520781],
          [-0.24812865057693, 51.25935685729673],
          [-0.248180967392366, 51.259375625186557],
          [-0.24822356471229, 51.259386154282446],
          [-0.248496306758326, 51.259412715272731],
          [-0.248598349297021, 51.259443017827479],
          [-0.248696775498241, 51.259493050045926],
          [-0.248729992644901, 51.259524121781958],
          [-0.248764879067475, 51.259586692747028],
          [-0.24887933395696, 51.260233177192255],
          [-0.24908577797875, 51.260269536630929],
          [-0.249336867967572, 51.260300268243583],
          [-0.250486863115021, 51.260551262028834],
          [-0.250664387281111, 51.260594380761333],
          [-0.250865548055364, 51.260618967685396],
          [-0.251093380788685, 51.260620571684704],
          [-0.251472033277455, 51.260651405034281],
          [-0.251563882703664, 51.260648279998009],
          [-0.251791647430948, 51.260613911065043],
          [-0.252734116218417, 51.260517366434513],
          [-0.253347832495454, 51.260548103492184],
          [-0.253491853830512, 51.260265184477952],
          [-0.25422202213307, 51.259340835907217],
          [-0.254426505304769, 51.259088492719457],
          [-0.254569914480055, 51.259010595585671],
          [-0.25522841747471, 51.258917891760703],
          [-0.25543099994753, 51.258866953810106],
          [-0.255869514233069, 51.258717013036566],
          [-0.25604116010898, 51.258650325710335],
          [-0.256479632399032, 51.258463512121018],
          [-0.256824968761948, 51.258351748243804],
          [-0.256929734811831, 51.258310142829778],
          [-0.257010013640682, 51.258271769944827],
          [-0.257220802705446, 51.258155304555103],
          [-0.257684771970863, 51.25793829082874],
          [-0.257932839377683, 51.2578592486555],
          [-0.258407253468895, 51.257744903758187],
          [-0.258526923851681, 51.257726000207434],
          [-0.258792970404275, 51.257702078788249],
          [-0.258904289857813, 51.257714525001767],
          [-0.258975196571533, 51.257734463724994],
          [-0.259041466551858, 51.257763326136967],
          [-0.259090479892813, 51.257793730520213],
          [-0.259123601049434, 51.257827495710963],
          [-0.259164467731746, 51.257883857675886],
          [-0.25922525859333, 51.257981882016381],
          [-0.260361637792852, 51.257834202068871],
          [-0.260522575871838, 51.257823103603897],
          [-0.260641634927396, 51.257820375597881],
          [-0.260834771805723, 51.257829538765563],
          [-0.260938053305994, 51.258396710724917],
          [-0.260946855633483, 51.25858119092932],
          [-0.260957271062566, 51.258646991995498],
          [-0.261076646882975, 51.259015664823465],
          [-0.261139799225101, 51.259127212048256],
          [-0.261198409296271, 51.259207217537373],
          [-0.261264249647771, 51.259285531811912],
          [-0.261334658916213, 51.259356719761954],
          [-0.261422257834054, 51.259428162854036],
          [-0.261522952604834, 51.25949440469261],
          [-0.261732454803288, 51.259601829113691],
          [-0.262000383767175, 51.259718213620303],
          [-0.262936856618358, 51.260083719770016],
          [-0.263015719725083, 51.260120860036309],
          [-0.263175531954914, 51.260215854424402],
          [-0.263341389194208, 51.260340613955016],
          [-0.263481056030962, 51.260475776080654],
          [-0.263551538243404, 51.260545165227633],
          [-0.263685340828785, 51.26068383721087],
          [-0.263892414759695, 51.260855968751336],
          [-0.26402801424481, 51.260947005966365],
          [-0.264122264696969, 51.260994265468227],
          [-0.264245504075856, 51.261032961900874],
          [-0.264406191979438, 51.261066817598312],
          [-0.264468612762359, 51.261083929391852],
          [-0.264644009052764, 51.261145879915823],
          [-0.265186365452959, 51.26120697167628],
          [-0.265506683855433, 51.26126477269321],
          [-0.265595747829372, 51.261297565962934],
          [-0.265670283762709, 51.261335539606648],
          [-0.265744312290677, 51.261386994650287],
          [-0.265846258535368, 51.261496415938709],
          [-0.265942001519449, 51.261618334984149],
          [-0.266117901641248, 51.261971652293923],
          [-0.266463943510237, 51.262564893560217],
          [-0.266473929951704, 51.262756584591386],
          [-0.26643364345425, 51.263065335039386],
          [-0.26640026857607, 51.263228507030398],
          [-0.266301561477417, 51.263566068330078],
          [-0.266256127920991, 51.263783017584728],
          [-0.266058086960622, 51.264436548183717],
          [-0.26594039061405, 51.264935695429713],
          [-0.265897436076506, 51.265239010511927],
          [-0.265775167089525, 51.265745283937619],
          [-0.266153598426076, 51.266544936661511],
          [-0.26634875341786, 51.26699655807824],
          [-0.266402114862427, 51.267140330829946],
          [-0.26644562902021, 51.267317230285549],
          [-0.266457220285944, 51.267618654396756],
          [-0.266472588295004, 51.267781648160486],
          [-0.266482167710074, 51.267869917554108],
          [-0.266518101379084, 51.268019726786868],
          [-0.266838634376359, 51.268377880254128],
          [-0.266871547289398, 51.268569909923897],
          [-0.266874471188734, 51.268644591862298],
          [-0.266839891406348, 51.268992094175324],
          [-0.266837954298184, 51.269119760575769],
          [-0.266829449906405, 51.269193374128484],
          [-0.266769279588635, 51.269420895987217],
          [-0.266749011173411, 51.269616634930202],
          [-0.266715641998699, 51.269703369409768],
          [-0.266687179878237, 51.269773989804335],
          [-0.266622228766657, 51.270204673791909],
          [-0.266506933096242, 51.270449364852084],
          [-0.266452229968427, 51.27060772436014],
          [-0.26637697491665, 51.271045449756087],
          [-0.266435274183498, 51.271362852479839],
          [-0.266386691685209, 51.272006004065602],
          [-0.266308274914844, 51.272489544838002],
          [-0.266125686637561, 51.273150496307828],
          [-0.266209811231946, 51.273353175993343],
          [-0.266398517416129, 51.273710277874301],
          [-0.266680182206598, 51.27392127642284],
          [-0.266821061545964, 51.274063645801306],
          [-0.266900720102405, 51.2741565490821],
          [-0.266978506338556, 51.274261114985308],
          [-0.26705477086811, 51.274406125029302],
          [-0.267005516443914, 51.274648196537633],
          [-0.266918224292635, 51.274796182134054],
          [-0.266897600359525, 51.274848933319774],
          [-0.266875681452207, 51.275012274344647],
          [-0.266713971326833, 51.275461310024177],
          [-0.266856356114884, 51.276135165373574],
          [-0.26688344022592, 51.276329806654687],
          [-0.266897074258156, 51.276500868105153],
          [-0.26689793465321, 51.276630374509232],
          [-0.266887521963682, 51.276716549550244],
          [-0.266846905123487, 51.276881412680865],
          [-0.266657171627525, 51.277427154586086],
          [-0.266449657787398, 51.277645301824137],
          [-0.26623591526813, 51.278143026817794],
          [-0.266180084255561, 51.278331045291694],
          [-0.266175583254015, 51.278564786634675],
          [-0.266167380214424, 51.278630311290406],
          [-0.266179126896225, 51.278661060059271],
          [-0.266201141903513, 51.278685665992946],
          [-0.26624448353848, 51.278715083907592],
          [-0.266301964309566, 51.278787875632524],
          [-0.26634396396412, 51.278891013076411],
          [-0.266331395176651, 51.279072477832763],
          [-0.266315891527187, 51.279141491480352],
          [-0.266317268493376, 51.279181079358864],
          [-0.266346156185103, 51.27925164931245],
          [-0.266387286965818, 51.279301717455233],
          [-0.266380382829265, 51.2794850645681],
          [-0.266388992947906, 51.279522960976635],
          [-0.266433001851968, 51.279610840669989],
          [-0.266473929987907, 51.279666301345742],
          [-0.266520455205431, 51.279725441885354],
          [-0.266709208531558, 51.279929669696749],
          [-0.266820428770214, 51.280098578041418],
          [-0.266874279765632, 51.280229767720058],
          [-0.266933447790269, 51.280448264364964],
          [-0.266965034246575, 51.280523370379726],
          [-0.267093318920491, 51.280696127960205],
          [-0.267132726418647, 51.280792032636278],
          [-0.267166435410026, 51.280886953732995],
          [-0.267151227461006, 51.281024315677648],
          [-0.267236557091759, 51.281309744471478],
          [-0.267265708926989, 51.281449561159341],
          [-0.267519491646176, 51.281907441813573],
          [-0.267751891646192, 51.282285870695368],
          [-0.268334251055444, 51.283120002923276],
          [-0.268529812997525, 51.283410657368066],
          [-0.268873418036379, 51.284111763873391],
          [-0.268901805506989, 51.284195814665551],
          [-0.268930544691872, 51.284308646989714],
          [-0.268944059234384, 51.284406866130453],
          [-0.268940374979211, 51.284504831083503],
          [-0.268931079341276, 51.284561347115378],
          [-0.268899521202932, 51.284675986047738],
          [-0.268898081554387, 51.284943045142867],
          [-0.268956487132259, 51.285182212395391],
          [-0.269016326557362, 51.28542140081624],
          [-0.269144937399771, 51.285776710899569],
          [-0.269340711980062, 51.286138408921637],
          [-0.269480233178635, 51.286546936305207],
          [-0.269812637070759, 51.286860293809006],
          [-0.269964423084448, 51.287019007444393],
          [-0.270132396594423, 51.287204937829664],
          [-0.270246850755485, 51.287364898242885],
          [-0.270264958220056, 51.287417322812274],
          [-0.270274379057021, 51.28751008581856],
          [-0.270190460318861, 51.287949484104239],
          [-0.270145457810418, 51.288421830487295],
          [-0.270139261500878, 51.288815615098848],
          [-0.270160284440873, 51.28890495243288],
          [-0.270192369113558, 51.289005244285349],
          [-0.270215501240443, 51.289076627555481],
          [-0.270290954757584, 51.289244105261282],
          [-0.270394806434639, 51.289419196446012],
          [-0.270492741624848, 51.289560927530616],
          [-0.270570797584838, 51.289659200453748],
          [-0.270700099860083, 51.289805890924491],
          [-0.270995867598729, 51.290255392321512],
          [-0.271611277737098, 51.291321108885178],
          [-0.271618039926469, 51.291331999827925],
          [-0.272234576182556, 51.292330287698498],
          [-0.271834509058703, 51.292595065246012],
          [-0.270307956030827, 51.293752369750649],
          [-0.269974821669478, 51.293991150349818],
          [-0.269848780891002, 51.294100797507824],
          [-0.269775462230275, 51.294181547711702],
          [-0.26964821783337, 51.294361320004107],
          [-0.269557737798046, 51.294555124599555],
          [-0.269356481153889, 51.294795852166303],
          [-0.269315219718131, 51.294901356199944],
          [-0.269269772552544, 51.295041869903336],
          [-0.2692438605667, 51.29512062267947],
          [-0.269210929549693, 51.295233443972919],
          [-0.269188858452624, 51.295362612692948],
          [-0.269163047556493, 51.295438669112059],
          [-0.269118160486989, 51.295526133985028],
          [-0.269048226085335, 51.295631213884924],
          [-0.268834478727851, 51.29589873354891],
          [-0.268337317497589, 51.296455222432769],
          [-0.268006779183682, 51.296890976023732],
          [-0.267924808516908, 51.297048934490526],
          [-0.267776327359078, 51.297258966054933],
          [-0.267704365868368, 51.297341533722999],
          [-0.267583638808695, 51.297462048562629],
          [-0.267455810569231, 51.297580659666707],
          [-0.26729013138822, 51.297713998177905],
          [-0.266835893544991, 51.298005834007846],
          [-0.266379606651145, 51.298313824422188],
          [-0.265374072482585, 51.298959896866556],
          [-0.264875893992949, 51.299313123022984],
          [-0.264705720481936, 51.299413117993247],
          [-0.26461363444702, 51.299458515315663],
          [-0.264479496169365, 51.299515879086655],
          [-0.26439948965837, 51.29954526843386],
          [-0.264204583160031, 51.299578350251807],
          [-0.264078697767155, 51.299607059311349],
          [-0.264041251839362, 51.299611000550279],
          [-0.263936489537517, 51.299612145292322],
          [-0.262332141597098, 51.299437272966138],
          [-0.260771401492828, 51.299285508259956],
          [-0.260454378942151, 51.299247526609754],
          [-0.260342279072861, 51.299253055484407],
          [-0.260254700345519, 51.299330889800324],
          [-0.260121894939007, 51.299428735203435],
          [-0.258819349899029, 51.299429159200052],
          [-0.257722670483957, 51.299372381033599],
          [-0.256935879218186, 51.299352579153521],
          [-0.25613249769525, 51.299316338201443],
          [-0.254203198234844, 51.299389208801777],
          [-0.254069319158488, 51.299401601053297],
          [-0.253997566334099, 51.299402329780342],
          [-0.253770189268017, 51.299383651951551],
          [-0.253524994622459, 51.299418663700322],
          [-0.253391318920168, 51.29935012459606],
          [-0.253283551435218, 51.299203735977031],
          [-0.252433716358179, 51.299408678302953],
          [-0.251600668264083, 51.299624656034794],
          [-0.251341415133107, 51.299501186730069],
          [-0.250634941915796, 51.299067094027265],
          [-0.250139492252987, 51.298780028804515],
          [-0.249894447762579, 51.298660365797595],
          [-0.249437120515902, 51.298577999116667],
          [-0.249181798346046, 51.29854001397424],
          [-0.248796429051372, 51.29845152532441],
          [-0.248241245731023, 51.298339814718943],
          [-0.247492533238199, 51.298149669994892],
          [-0.24712649215118, 51.29804347928976],
          [-0.247170120860823, 51.298291429438251],
          [-0.247173591320876, 51.298388601898722],
          [-0.247175662390823, 51.298484854167619],
          [-0.247133859494097, 51.298678470213737],
          [-0.247107419922665, 51.298845338049809],
          [-0.246978659067807, 51.299175241197091],
          [-0.246816869151478, 51.299656626007938],
          [-0.246850920888015, 51.299779435227627],
          [-0.246878954862904, 51.299984886768577],
          [-0.246819966642452, 51.300554138732807],
          [-0.246817010865114, 51.30097046155781],
          [-0.246759920900873, 51.301339212183429],
          [-0.246659392769964, 51.301567924598572],
          [-0.246378731020663, 51.302231892259059],
          [-0.24605588661421, 51.30276033603603],
          [-0.245800913826587, 51.303201665010732],
          [-0.245461644030178, 51.303671408121716],
          [-0.244878290443386, 51.304446848838587],
          [-0.24430081552316, 51.305255648064076],
          [-0.24367554686782, 51.306113188869368],
          [-0.243318904848971, 51.306660902902323],
          [-0.243251719463425, 51.306804680312055],
          [-0.243220492460526, 51.30690852890303],
          [-0.24320581982572, 51.307029711877817],
          [-0.243203854496118, 51.307118711177246],
          [-0.243213944180474, 51.307192603353784],
          [-0.243254129842945, 51.307342486047546],
          [-0.243471311323863, 51.307779193259002],
          [-0.243803208813693, 51.308405568020262],
          [-0.244028848144982, 51.308771357651914],
          [-0.244108023550242, 51.308952403051286],
          [-0.244129210574771, 51.309036356746148],
          [-0.244136332341335, 51.309112905250274],
          [-0.244129663228882, 51.309174858150072],
          [-0.244120743659858, 51.309220589659574],
          [-0.244027053778901, 51.30941973378313],
          [-0.243872463255422, 51.309560409367108],
          [-0.243700156303506, 51.309676537809331],
          [-0.243288130082841, 51.309795369340144],
          [-0.24302820907973, 51.309913781149369],
          [-0.242779389138913, 51.310004479988791],
          [-0.242738671289144, 51.310093801219601],
          [-0.242857447937316, 51.310289833705667],
          [-0.242222676886218, 51.310192184895186],
          [-0.241881640155848, 51.3101052332592],
          [-0.241721083485352, 51.310026383510575],
          [-0.241211164874028, 51.309853260553474],
          [-0.241029606350037, 51.309798376295895],
          [-0.240737275895964, 51.31057639431593],
          [-0.241273240777116, 51.311344357555313],
          [-0.241438891186342, 51.311552785725624],
          [-0.242302657311508, 51.311478505866219],
          [-0.244071425584311, 51.311339537802198],
          [-0.244103091027012, 51.311449728564256],
          [-0.244160582814214, 51.311860677463017],
          [-0.244220532052085, 51.312282454896817],
          [-0.244360084911116, 51.312648767548708],
          [-0.244366562882967, 51.312892578988915],
          [-0.24436124530691, 51.31303189321293],
          [-0.243922463593024, 51.313813121449137],
          [-0.24363077675356, 51.314387011381193],
          [-0.243005160803149, 51.314949601139872],
          [-0.242737848941514, 51.315147940429604],
          [-0.242259417429952, 51.315576036389665],
          [-0.241219717915384, 51.316158487255969],
          [-0.241082065614574, 51.316830908031676],
          [-0.240997962047142, 51.317078756277283],
          [-0.241115814072943, 51.317336826339464],
          [-0.241413671978952, 51.317879074617281],
          [-0.241634102197327, 51.318344620426068],
          [-0.241936505179762, 51.318768229692395],
          [-0.241954261921876, 51.319392609119873],
          [-0.242008638686419, 51.31965961720622],
          [-0.242084239487899, 51.320009679216639],
          [-0.242349878138842, 51.320419248116558],
          [-0.24294290633562, 51.321275284039295],
          [-0.242484403006337, 51.321368228404744],
          [-0.242280923571199, 51.321547733113903],
          [-0.242147185513288, 51.321704902115506],
          [-0.241972665837224, 51.321877646141282],
          [-0.241546011373528, 51.322301105802609],
          [-0.240934159020619, 51.322650737065722],
          [-0.239842881274662, 51.32345179844404],
          [-0.239060576916777, 51.324054252434422],
          [-0.238684771940539, 51.324348063390438],
          [-0.238334356441416, 51.324465993984113],
          [-0.237922901095673, 51.32482851015623],
          [-0.237194546251841, 51.325445246773292],
          [-0.237063813072971, 51.325523314380803],
          [-0.236546566305681, 51.325874336040805],
          [-0.236566429783361, 51.325917800710521],
          [-0.236097788342838, 51.326236279182453],
          [-0.23541988289423, 51.326621745235158],
          [-0.234881135733835, 51.326859126029944],
          [-0.234314231958759, 51.3271194593326],
          [-0.233890458602267, 51.327315403187185]
        ]
      ]
    ]
  }
}
