{
  "type": "Feature",
  "properties": {
    "name": "Tandridge",
    "level": 2,
    "center": [-0.0482, 51.2321]
  },
  "geometry": {
    "type": "MultiPolygon",
    "coordinates": [
      [
        [
          [-0.093690650939929, 51.13842643197372],
          [-0.094624758445581, 51.138480324053965],
          [-0.09644207025917, 51.13857466668788],
          [-0.097244942168614, 51.13862190515562],
          [-0.097960870722771, 51.13862815384345],
          [-0.098916453545003, 51.1386814613851],
          [-0.100702576799192, 51.138769834616845],
          [-0.101210297368706, 51.13879876264413],
          [-0.102209657436215, 51.13886534437542],
          [-0.103154521963163, 51.13890135600362],
          [-0.103918541215332, 51.13895511294365],
          [-0.104405279160179, 51.138972894978174],
          [-0.106163877893426, 51.13907063094723],
          [-0.106391015804556, 51.13910938215645],
          [-0.10766544069275, 51.13923163151956],
          [-0.107997372641406, 51.1393296317836],
          [-0.109072528683057, 51.13953587669713],
          [-0.109169471310606, 51.139367471503576],
          [-0.109246795040281, 51.13939929852878],
          [-0.110748873595296, 51.13982826634296],
          [-0.111248913063803, 51.13997573733688],
          [-0.111617343683474, 51.140055430760256],
          [-0.111765039047862, 51.14007939896324],
          [-0.111636375552654, 51.1403597096488],
          [-0.111644323727806, 51.14037512648175],
          [-0.113107121457755, 51.140471578725325],
          [-0.113125290429148, 51.14048176438984],
          [-0.113069718220202, 51.14058249151428],
          [-0.113077703561556, 51.140597009520434],
          [-0.11382366791555, 51.140638718874264],
          [-0.114964742712692, 51.14070208023811],
          [-0.114980091534175, 51.140711320836346],
          [-0.114574399631874, 51.14108969261352],
          [-0.114586671467371, 51.14110427960596],
          [-0.114802947332085, 51.14116442299012],
          [-0.11725244910824, 51.14160587421879],
          [-0.117272962412135, 51.14159361387964],
          [-0.11739576402243, 51.14121068009823],
          [-0.117416386818751, 51.14119572352746],
          [-0.11755826209905, 51.14118721503788],
          [-0.117574635446984, 51.14117129072682],
          [-0.117632658740424, 51.1406587109327],
          [-0.117638702355606, 51.14065071428396],
          [-0.11768983802248, 51.14062365818443],
          [-0.117765443200598, 51.140592499214144],
          [-0.117829070819174, 51.140574637308156],
          [-0.117952737494596, 51.140556842116965],
          [-0.118322384617982, 51.140536708974686],
          [-0.1186601596533, 51.14049178034763],
          [-0.118688330294718, 51.1405021260137],
          [-0.11894972222364, 51.140753643922515],
          [-0.118976650795759, 51.14079454653025],
          [-0.118990681436379, 51.14080106743086],
          [-0.119683714330615, 51.140773539684446],
          [-0.120070761930186, 51.14074738553096],
          [-0.120353705705907, 51.14075013416724],
          [-0.120982083444149, 51.14073055292038],
          [-0.121085310513008, 51.140723217960186],
          [-0.122168633581994, 51.140589529015536],
          [-0.122282334783008, 51.140570669956716],
          [-0.122641347253036, 51.14049549378212],
          [-0.122982376421872, 51.14044071234779],
          [-0.123196001425891, 51.14039018094715],
          [-0.123844213770865, 51.14030435267901],
          [-0.124124553091622, 51.14030075515292],
          [-0.12452131143226, 51.14031701018953],
          [-0.124553805642591, 51.14032652444227],
          [-0.125101505072833, 51.14088659002571],
          [-0.125132753248119, 51.140891587527825],
          [-0.125851555493733, 51.140792490436965],
          [-0.126522326735193, 51.14067912976846],
          [-0.126527267696373, 51.14066302109802],
          [-0.126404731098941, 51.140511770734],
          [-0.126420919218284, 51.140500338842294],
          [-0.127560994310006, 51.14034142863468],
          [-0.127574543037711, 51.14032455839384],
          [-0.127546766121906, 51.140163134934944],
          [-0.127410577778304, 51.139678018266046],
          [-0.127391310759597, 51.139553603235285],
          [-0.127402038464745, 51.139535788525365],
          [-0.127692326627335, 51.13949816745651],
          [-0.127907563189861, 51.13947823023287],
          [-0.128616577677328, 51.139443710764475],
          [-0.128798228794749, 51.139441221006074],
          [-0.128993947921658, 51.13944435193885],
          [-0.129270698003689, 51.13945867112192],
          [-0.129400313256318, 51.139505710243526],
          [-0.129983331224424, 51.1395114355594],
          [-0.13102517471448, 51.13948312151897],
          [-0.13115161052119, 51.13964432188657],
          [-0.131208420798236, 51.13983049006729],
          [-0.131258031581669, 51.1401595355041],
          [-0.131311817171748, 51.14038522549125],
          [-0.131371532612746, 51.14049949416862],
          [-0.13144321193605, 51.14067151058867],
          [-0.131536140098924, 51.14084836301174],
          [-0.131686253005617, 51.14141463613345],
          [-0.131720966981629, 51.14147544522737],
          [-0.131743208806914, 51.14149108897226],
          [-0.131938574111892, 51.14150320252673],
          [-0.132114532267418, 51.141535690252454],
          [-0.132289025722763, 51.141569053646805],
          [-0.132578929787344, 51.14164742689723],
          [-0.133080047672227, 51.141699493191716],
          [-0.133101985566903, 51.14168725282963],
          [-0.133121269259514, 51.14163450059037],
          [-0.133664341767794, 51.141709717060415],
          [-0.133732172051213, 51.14176475869532],
          [-0.134081939699117, 51.14184768063817],
          [-0.134523201693321, 51.14189518857408],
          [-0.134991159156406, 51.14191883878364],
          [-0.1354373083592, 51.141916059085354],
          [-0.135886986405067, 51.14186117323349],
          [-0.136175182996147, 51.141875658411934],
          [-0.136597946931695, 51.14192106504603],
          [-0.136968410319927, 51.141987220859214],
          [-0.137232970509296, 51.14205618559304],
          [-0.137571913862308, 51.14215960903151],
          [-0.136777889567399, 51.14441056786585],
          [-0.136722863513497, 51.1447118649841],
          [-0.136490337292245, 51.14562187623008],
          [-0.136331003577711, 51.146382865659554],
          [-0.136236729201674, 51.14698391208265],
          [-0.136188097042814, 51.1477295778],
          [-0.136163849291543, 51.14797650608295],
          [-0.136053946757545, 51.14846848481141],
          [-0.136054835068764, 51.14880124953488],
          [-0.13604976794599, 51.14885602766894],
          [-0.136008266618229, 51.14903433219903],
          [-0.136006641172495, 51.14971329725195],
          [-0.135993585408333, 51.150001772762096],
          [-0.135979100484643, 51.15029022548597],
          [-0.135910745153936, 51.15102838135309],
          [-0.135829027483608, 51.1516368211544],
          [-0.135754798546552, 51.15220131329593],
          [-0.13557697292138, 51.15338468802122],
          [-0.135583920616413, 51.15367348183232],
          [-0.135563044348689, 51.1536947328858],
          [-0.135481930430823, 51.153720419776874],
          [-0.135112888037542, 51.15375860396615],
          [-0.135093802973153, 51.153770890249284],
          [-0.135363294852887, 51.154393021927575],
          [-0.13538170753659, 51.1544328856826],
          [-0.135030407482737, 51.15598131745874],
          [-0.134919976568053, 51.15634378302816],
          [-0.134835351764259, 51.15656276806963],
          [-0.134739039263858, 51.15678786191532],
          [-0.134661020394106, 51.15694939540662],
          [-0.134491414522558, 51.1572542593547],
          [-0.134192261981828, 51.15772163296935],
          [-0.134161342781328, 51.15774362287196],
          [-0.133864118840219, 51.1578441023354],
          [-0.133856211310637, 51.1578628619773],
          [-0.133915062540578, 51.15803467233289],
          [-0.133898616169674, 51.15805239643191],
          [-0.133335451276136, 51.15832849630216],
          [-0.13323997790669, 51.15839082465481],
          [-0.133127476928919, 51.158485256814316],
          [-0.133028432899362, 51.15860058808511],
          [-0.132993347849653, 51.15865488682417],
          [-0.132968158269015, 51.15871204146699],
          [-0.132954474830201, 51.15876758111166],
          [-0.132952261288115, 51.158822404507276],
          [-0.132959798206703, 51.15888367877515],
          [-0.132978297739431, 51.15895681875397],
          [-0.13300786823912, 51.15903912860523],
          [-0.133046122961051, 51.15911887910166],
          [-0.133103842699434, 51.159212430009084],
          [-0.133136061734655, 51.15922913193386],
          [-0.135984424537745, 51.15973770381559],
          [-0.136031516955009, 51.159740252829685],
          [-0.136311160065976, 51.15972132606366],
          [-0.136449832365299, 51.159722635932745],
          [-0.136555342508536, 51.15973061192718],
          [-0.137212646359203, 51.159815723975576],
          [-0.137793859118146, 51.15987264154844],
          [-0.139822994965138, 51.160056910408805],
          [-0.139871697944271, 51.16005498689985],
          [-0.14008745907406, 51.1600242434652],
          [-0.140111792471419, 51.16002373102945],
          [-0.140462665356693, 51.16004729544712],
          [-0.140377342018701, 51.1603553046162],
          [-0.14035916271089, 51.160416169265254],
          [-0.13955324208263, 51.160469904228144],
          [-0.137820179388191, 51.16060420595103],
          [-0.137100190086475, 51.160654795244874],
          [-0.136388847379134, 51.16070371920256],
          [-0.135975986658198, 51.16072771793171],
          [-0.135861536511571, 51.16072859210385],
          [-0.135796676030112, 51.16074104825364],
          [-0.135722696472293, 51.16076684879895],
          [-0.134584558575928, 51.161078754055616],
          [-0.133936032753533, 51.1612365821657],
          [-0.133431432105591, 51.1613364491795],
          [-0.133256036610603, 51.161429877109185],
          [-0.133187677470827, 51.16149353697477],
          [-0.13315000810109, 51.16150552622163],
          [-0.133106730399908, 51.16151472799527],
          [-0.132655103641194, 51.1615776657863],
          [-0.132125654277602, 51.161690620196794],
          [-0.131789203138427, 51.161734709480264],
          [-0.131393922316217, 51.16185429993991],
          [-0.131194645646888, 51.16190147808773],
          [-0.130692988663501, 51.16206972832156],
          [-0.13004722245191, 51.16222937746251],
          [-0.129489935490995, 51.162429108553916],
          [-0.129372997891583, 51.16245601665094],
          [-0.129265326781188, 51.162465985816034],
          [-0.129218195787164, 51.16246433271691],
          [-0.129121511470613, 51.16245019591919],
          [-0.128656047067045, 51.16260732510376],
          [-0.12825391695985, 51.162789747445224],
          [-0.128191516656351, 51.16295332382004],
          [-0.128138108822871, 51.16328341759541],
          [-0.128111757772694, 51.16340440361157],
          [-0.128012489871312, 51.1637013880022],
          [-0.127958102424751, 51.16394962819051],
          [-0.127897866893444, 51.16413032602477],
          [-0.127864113170268, 51.16425748869908],
          [-0.127827739569634, 51.16444936019498],
          [-0.127809619815616, 51.164896929631],
          [-0.127779768900283, 51.16496300123384],
          [-0.127738290543222, 51.16499830996687],
          [-0.127719427661591, 51.16504027589601],
          [-0.127722696987839, 51.16506550907793],
          [-0.12782229678709, 51.165255060351065],
          [-0.127838550286639, 51.16531287672867],
          [-0.127832910513041, 51.165452180452895],
          [-0.127857579341385, 51.165584774751615],
          [-0.127888173861556, 51.16567699466311],
          [-0.127892701197739, 51.165741817878576],
          [-0.127873193579753, 51.16583503452137],
          [-0.127874524097267, 51.16612013898864],
          [-0.127936275436121, 51.1664673639677],
          [-0.127976315741541, 51.16689158259284],
          [-0.127979330614614, 51.16692310690017],
          [-0.128011293320692, 51.167052220612256],
          [-0.128131561478436, 51.167332033645145],
          [-0.12814128742252, 51.16737445702714],
          [-0.12815599124185, 51.16775330332138],
          [-0.128313253891939, 51.1685328266796],
          [-0.128479560940388, 51.169619160246256],
          [-0.128552453585649, 51.1700448023333],
          [-0.128611361641454, 51.17063929146604],
          [-0.128603312207506, 51.17080283766032],
          [-0.128611242627142, 51.170960344319695],
          [-0.128736864178959, 51.171779829538885],
          [-0.12874887682234, 51.17197787054994],
          [-0.128746593431189, 51.17217568285138],
          [-0.12880967165648, 51.17284398203762],
          [-0.128872751452793, 51.173512281142436],
          [-0.129013120075185, 51.17467463968819],
          [-0.128979798087446, 51.174791017313694],
          [-0.129100167061335, 51.17496291267218],
          [-0.129547152186917, 51.17508877035407],
          [-0.129865672438317, 51.17517210344543],
          [-0.129998210793716, 51.17522008731483],
          [-0.13009023298612, 51.17524404122713],
          [-0.130192481321907, 51.1752627626591],
          [-0.1303621077845, 51.17527806440886],
          [-0.131208837979088, 51.17542469341926],
          [-0.132207037670899, 51.17554046047104],
          [-0.132214735780481, 51.17563321237504],
          [-0.132199231571281, 51.17573368757102],
          [-0.13219607280379, 51.17581187713569],
          [-0.132199068632816, 51.17587937325082],
          [-0.132206739315625, 51.17590197849404],
          [-0.132786207585707, 51.1759714836651],
          [-0.133056891266267, 51.17603515869674],
          [-0.133134191367375, 51.17599862138922],
          [-0.133785390255259, 51.17620506219159],
          [-0.134013039368519, 51.17627164563428],
          [-0.134245159724819, 51.17633380339519],
          [-0.134909510520789, 51.176498180085055],
          [-0.134935987044408, 51.17651568919167],
          [-0.134977574595467, 51.17654872752874],
          [-0.135021332902618, 51.17659888735433],
          [-0.135100914934335, 51.17682498382009],
          [-0.135119388758399, 51.17689902180132],
          [-0.135130889035122, 51.177358752497476],
          [-0.135517736900578, 51.17752229952392],
          [-0.135628262018778, 51.177584315239],
          [-0.135796974117511, 51.1776580500731],
          [-0.136366819605058, 51.17793152904237],
          [-0.136374746311401, 51.177947842934316],
          [-0.136421417893913, 51.178103267956025],
          [-0.136413541888387, 51.178192174145394],
          [-0.136388491178751, 51.1782457335678],
          [-0.136296743733296, 51.17835668529215],
          [-0.13627029920097, 51.178409323163535],
          [-0.136254967082368, 51.17847023190576],
          [-0.136254114303989, 51.17852687484046],
          [-0.1362692432084, 51.17857747729019],
          [-0.136301276435958, 51.17863464429115],
          [-0.136364331194914, 51.178703097341234],
          [-0.136359462032069, 51.17871740870862],
          [-0.136265542265635, 51.17881123888351],
          [-0.136111134242306, 51.17891489668331],
          [-0.13599210907323, 51.17902811132045],
          [-0.135908104549947, 51.17915987022892],
          [-0.135892030374064, 51.17920368019467],
          [-0.135882525547884, 51.179261983825164],
          [-0.135884821875623, 51.179311482461706],
          [-0.135909053550023, 51.179384712785904],
          [-0.135978315785545, 51.1794766470372],
          [-0.136102907825771, 51.179580254807924],
          [-0.136134381320724, 51.17961582949771],
          [-0.136155190753391, 51.17973846726746],
          [-0.136236453184921, 51.1798521760573],
          [-0.136336970708078, 51.18005612261295],
          [-0.13633555765287, 51.18009117317376],
          [-0.136321529362898, 51.18011972753124],
          [-0.136291627508223, 51.18015162616193],
          [-0.136130681492613, 51.18023989145485],
          [-0.136093557558219, 51.18027347354784],
          [-0.136067510219998, 51.18031622526566],
          [-0.136063708274745, 51.180339546719516],
          [-0.136114294663906, 51.18039790878141],
          [-0.13613795039578, 51.180414473372636],
          [-0.13618573297568, 51.18043591902432],
          [-0.136224013704223, 51.18044462289255],
          [-0.136276810687776, 51.18044816222869],
          [-0.136398729964414, 51.180476185103586],
          [-0.13659854712945, 51.180630453130334],
          [-0.136614872575323, 51.18065139737767],
          [-0.136626691000448, 51.18067766566859],
          [-0.136631178843759, 51.18070831370554],
          [-0.136627087334382, 51.18073882504335],
          [-0.136617928337256, 51.18075306806314],
          [-0.136519444499936, 51.18081804773546],
          [-0.13650299105313, 51.18083577175073],
          [-0.136490754822707, 51.18085536158296],
          [-0.136483875867529, 51.18088402987724],
          [-0.136485612524153, 51.180911936149336],
          [-0.136494788520362, 51.18093276648808],
          [-0.136534552815095, 51.18097566766662],
          [-0.136695618200017, 51.18120396075716],
          [-0.136720161084346, 51.181234029016274],
          [-0.136754894497071, 51.18125976308389],
          [-0.137223756379699, 51.18148396596683],
          [-0.137622756114278, 51.181666585525484],
          [-0.137738054700153, 51.18171698435911],
          [-0.137873625947138, 51.18176141071881],
          [-0.137946715056157, 51.181794050349374],
          [-0.138186871053415, 51.18194176357927],
          [-0.138249064162134, 51.18196073990696],
          [-0.138581716091561, 51.182156688965016],
          [-0.138664526441424, 51.18219667737362],
          [-0.138684183736966, 51.182205983347146],
          [-0.139181464303093, 51.182400054362276],
          [-0.139418840058088, 51.182545922277704],
          [-0.139834191576589, 51.182891569791565],
          [-0.13985991427933, 51.18292795135945],
          [-0.139876695572001, 51.18297318379925],
          [-0.139952223079766, 51.18322978923652],
          [-0.14000766972045, 51.18330981044079],
          [-0.140337683570548, 51.18360733477605],
          [-0.140509490552392, 51.18378273439049],
          [-0.141296652655701, 51.184490416651464],
          [-0.141298046533706, 51.184491338118754],
          [-0.14140954153553, 51.1846010276917],
          [-0.141475833724379, 51.18466053658956],
          [-0.141597050682429, 51.18477757500089],
          [-0.141667019223104, 51.18485243052658],
          [-0.141270508736862, 51.18517617619204],
          [-0.141269042559543, 51.18517705219906],
          [-0.141095186258291, 51.18533706407508],
          [-0.140324244676558, 51.185968713368226],
          [-0.140360883908384, 51.185982785724235],
          [-0.14057240858824, 51.186024819823785],
          [-0.140690979421028, 51.186065375592904],
          [-0.140797567682556, 51.18611923040598],
          [-0.140871409209851, 51.18616896725049],
          [-0.141222493196404, 51.18633462602184],
          [-0.141223923270632, 51.18633464875398],
          [-0.141491445547658, 51.18644322109814],
          [-0.141524156658272, 51.18644823754725],
          [-0.141629910171523, 51.18645171688805],
          [-0.141847188811884, 51.1864218952063],
          [-0.141958626479353, 51.18642636388495],
          [-0.142354180165872, 51.18644703736324],
          [-0.142824084054782, 51.186504862858015],
          [-0.143508334991236, 51.18653461377899],
          [-0.143293349570619, 51.18793232884453],
          [-0.143283421155793, 51.18817948202332],
          [-0.143148346516357, 51.18826457040957],
          [-0.143243950821993, 51.18909075765962],
          [-0.143241539724116, 51.18922201891619],
          [-0.143206900418419, 51.189478672067345],
          [-0.143243581347156, 51.18966990866132],
          [-0.143237593800622, 51.189712081240074],
          [-0.142955539932469, 51.19039197827211],
          [-0.142717678238235, 51.190434964500476],
          [-0.141917865409288, 51.19060841491637],
          [-0.141870234875828, 51.190618449746836],
          [-0.141601902901762, 51.190671741191764],
          [-0.141613546045513, 51.190702502829026],
          [-0.14166978424185, 51.19079872364519],
          [-0.141677844251828, 51.19084741455537],
          [-0.141599090461255, 51.191311106810964],
          [-0.141606195398686, 51.19141913708352],
          [-0.141555362744534, 51.19147318712781],
          [-0.141454037899348, 51.19153722630888],
          [-0.1411979371988, 51.191570926319244],
          [-0.141004651094842, 51.19178638599256],
          [-0.141003184695313, 51.19178726198911],
          [-0.140836488916494, 51.1919464875258],
          [-0.140753859793105, 51.191937079845005],
          [-0.140638358709655, 51.19203326805803],
          [-0.14050286970727, 51.19212823896224],
          [-0.140422489467401, 51.1922052006487],
          [-0.140348501346248, 51.19230114984232],
          [-0.140183341167522, 51.192457701527154],
          [-0.140114780492663, 51.192489885591804],
          [-0.139941415395786, 51.19260134068812],
          [-0.139646640265384, 51.19274233983843],
          [-0.139466394207865, 51.192882462794124],
          [-0.139366332266334, 51.19298609029109],
          [-0.139334668135362, 51.1930260555479],
          [-0.13922251394704, 51.19321672397062],
          [-0.139173217530272, 51.193339145481204],
          [-0.139247901374947, 51.193368212797495],
          [-0.139144074440539, 51.193565308853245],
          [-0.139028169989336, 51.1937424276659],
          [-0.138969890919669, 51.193803552741194],
          [-0.138949306420503, 51.193852687379085],
          [-0.138824008864681, 51.194298551387725],
          [-0.138663147812379, 51.19463233413249],
          [-0.138600378422022, 51.19480490246422],
          [-0.138548669888324, 51.19488052093952],
          [-0.13830033549782, 51.195147260565086],
          [-0.138251396055787, 51.19518964837724],
          [-0.138212957951568, 51.195255585548175],
          [-0.138192716063535, 51.19533170490929],
          [-0.138153281895556, 51.19538683443061],
          [-0.138060344990896, 51.19545550095456],
          [-0.138016836738914, 51.19550516966566],
          [-0.137927429733089, 51.19573486947408],
          [-0.137890457265268, 51.19579993055767],
          [-0.137776225942094, 51.19597077947812],
          [-0.137815986398023, 51.196049653044895],
          [-0.137823717433129, 51.19610643294432],
          [-0.137828822668363, 51.19626389416396],
          [-0.13781804943419, 51.196282608169234],
          [-0.137746602188614, 51.19635071737324],
          [-0.137734253639102, 51.196373003534426],
          [-0.137732515164584, 51.19641614290383],
          [-0.137758026538835, 51.196457917668354],
          [-0.137765902428625, 51.19651110262035],
          [-0.137694868301775, 51.19695962805446],
          [-0.137600982870583, 51.1973358443297],
          [-0.137707177612859, 51.19736451524777],
          [-0.137619771655801, 51.19793508643804],
          [-0.137584512495877, 51.19841925476294],
          [-0.137571311613345, 51.198498184066885],
          [-0.137524339891267, 51.1986692046987],
          [-0.137457772023647, 51.19911330439763],
          [-0.137366294177576, 51.19911004847455],
          [-0.137266192045725, 51.19939173739694],
          [-0.137125275505343, 51.19962061575628],
          [-0.137067871488829, 51.19976628917516],
          [-0.137047263124972, 51.199851395563115],
          [-0.13703072705207, 51.20001300845452],
          [-0.137024068081109, 51.20056867793752],
          [-0.137059969683857, 51.200849836375625],
          [-0.137072825533374, 51.20088601382878],
          [-0.137136074595456, 51.2009859462785],
          [-0.13728323543992, 51.202164595161655],
          [-0.137283360315713, 51.202268018386896],
          [-0.137377030121494, 51.202607653111215],
          [-0.137385015215548, 51.20265814195998],
          [-0.137392708175581, 51.20285791244344],
          [-0.137386875955555, 51.20293156336181],
          [-0.137397830992811, 51.202979401574424],
          [-0.137485764981028, 51.203141779742396],
          [-0.137503002647955, 51.20328234745872],
          [-0.137533116838875, 51.203352074405416],
          [-0.137602165063199, 51.20345030027503],
          [-0.13785932763002, 51.20392473786905],
          [-0.13790389391939, 51.20399109761394],
          [-0.138040599698227, 51.204186627361636],
          [-0.138028303325581, 51.20424308837083],
          [-0.137939113709059, 51.204502469270096],
          [-0.137843200726959, 51.205248272230214],
          [-0.13783017752837, 51.205535845481116],
          [-0.137811161226316, 51.20565245351157],
          [-0.137790567915546, 51.20591472537233],
          [-0.137795817730187, 51.20613963760505],
          [-0.13781139073221, 51.2063215471466],
          [-0.137749686558351, 51.206609244345394],
          [-0.137320764204969, 51.20659521770063],
          [-0.137308811209027, 51.206607617686466],
          [-0.137227982574172, 51.2067304354152],
          [-0.137171765586097, 51.2068464506804],
          [-0.137054510258768, 51.20719801313612],
          [-0.137060069141211, 51.207237671538806],
          [-0.137046303675801, 51.207295008343074],
          [-0.137004104794211, 51.20734739554721],
          [-0.136804051836209, 51.2074800044148],
          [-0.136772882662428, 51.207507386487514],
          [-0.136747218889974, 51.20754025216839],
          [-0.136730030748959, 51.20757595084919],
          [-0.136705812157638, 51.20771495865414],
          [-0.136684964880439, 51.2077703839354],
          [-0.136600183339679, 51.207920117679365],
          [-0.136580203330037, 51.20802501905569],
          [-0.13658333281952, 51.20812489282715],
          [-0.136668634273001, 51.20813974191482],
          [-0.1366795315729, 51.20829549695579],
          [-0.136649171153082, 51.20848027189549],
          [-0.136639245159083, 51.20851338834641],
          [-0.136567121436857, 51.20866871966068],
          [-0.136455116782079, 51.20881891876649],
          [-0.136385982001224, 51.20893562709076],
          [-0.136325303311451, 51.209091140665016],
          [-0.136219307275731, 51.20930528662318],
          [-0.13603990102487, 51.20960009987111],
          [-0.135841469285347, 51.210011520365676],
          [-0.135795840864222, 51.210113314736645],
          [-0.135764411605633, 51.2102180334129],
          [-0.135745968410454, 51.210320261179795],
          [-0.135672698377664, 51.210468379129075],
          [-0.135654565197947, 51.21052744474375],
          [-0.135645069349958, 51.21062082200741],
          [-0.1356976114579, 51.2109508086936],
          [-0.135829809186348, 51.21097449988885],
          [-0.135919400960578, 51.211131509513194],
          [-0.135919183341754, 51.21113690192808],
          [-0.135915015931073, 51.21116921079632],
          [-0.135840499270611, 51.211241766583285],
          [-0.135798367939838, 51.21129235579325],
          [-0.135786864800149, 51.2113290442733],
          [-0.135783910493541, 51.211366768360655],
          [-0.135808066084296, 51.211477769091886],
          [-0.135832633252276, 51.211685002970896],
          [-0.135866224832919, 51.21181054314068],
          [-0.135871360508821, 51.21196710563714],
          [-0.135853823556015, 51.212046864994825],
          [-0.135868475025201, 51.21207407799033],
          [-0.13588796321746, 51.2120878783831],
          [-0.135910567074127, 51.21209543324503],
          [-0.13596347325003, 51.21209717597235],
          [-0.136165609358518, 51.212055432447364],
          [-0.137197568034387, 51.21178049934479],
          [-0.13741254324702, 51.21173985751972],
          [-0.137552315809093, 51.21171780241003],
          [-0.138283362052081, 51.21162602305313],
          [-0.138537494320694, 51.211608485446504],
          [-0.138671361442519, 51.21159083155836],
          [-0.139117263985688, 51.21150440008993],
          [-0.139649342208244, 51.21141124418302],
          [-0.140216248901084, 51.21134202197336],
          [-0.140217679758099, 51.211342044731296],
          [-0.140584646749574, 51.21129572060472],
          [-0.140891404577491, 51.211180090208934],
          [-0.141239949416296, 51.21112897455827],
          [-0.142065891390484, 51.21109803474876],
          [-0.142263927177169, 51.21108679221316],
          [-0.142705374503455, 51.21093282776721],
          [-0.142795098775935, 51.21090907211476],
          [-0.142907788744496, 51.210883882512285],
          [-0.143745249881411, 51.21074429683937],
          [-0.143854535548541, 51.2107325419885],
          [-0.144095566852458, 51.21072018023129],
          [-0.145502445156463, 51.21073350855729],
          [-0.145246444610374, 51.21140393333527],
          [-0.144729773159005, 51.21253966349246],
          [-0.144565526865497, 51.21306405502673],
          [-0.144536350071381, 51.21322007257522],
          [-0.144522421033849, 51.21335294992174],
          [-0.144516233758572, 51.21354260685081],
          [-0.144481404930954, 51.21369673606083],
          [-0.144495851051523, 51.2139074046035],
          [-0.144486337846741, 51.21428676382685],
          [-0.144526060565468, 51.214830579308796],
          [-0.144523253709359, 51.214971726928745],
          [-0.144532183501795, 51.21510586627869],
          [-0.144551130206308, 51.21524016457224],
          [-0.144585420682773, 51.21538459877211],
          [-0.144733674558356, 51.21625658675419],
          [-0.1451314240963, 51.21626469548612],
          [-0.145331643016608, 51.216413560038376],
          [-0.14537155448649, 51.21645376283757],
          [-0.145406992502908, 51.21649839123611],
          [-0.145969715601901, 51.21742641237501],
          [-0.146032368793407, 51.21750654520149],
          [-0.146125182600874, 51.21758445822935],
          [-0.146171890245632, 51.21763376156731],
          [-0.146216481452436, 51.217700118256204],
          [-0.146409531546969, 51.218134848199185],
          [-0.14674741557223, 51.21877871488122],
          [-0.147051909395951, 51.21925567870985],
          [-0.147207101755093, 51.219634949160515],
          [-0.147365383964129, 51.21986588195753],
          [-0.147408825098567, 51.2199609978507],
          [-0.147444195560962, 51.22000742306696],
          [-0.147520203599787, 51.220076075502455],
          [-0.147638125421658, 51.22020654497503],
          [-0.148372126246242, 51.220936718850574],
          [-0.148754442952843, 51.221259329119306],
          [-0.149110463281372, 51.22159501150408],
          [-0.149223100904501, 51.221714603869984],
          [-0.149361202615062, 51.22187776598914],
          [-0.149558406958195, 51.22206704383365],
          [-0.150101169334383, 51.22285353411019],
          [-0.150279666791487, 51.22304521262296],
          [-0.150496620125933, 51.22327796796532],
          [-0.150667541349089, 51.22344434533594],
          [-0.150844092593442, 51.22386351747679],
          [-0.150922857848704, 51.22397088140951],
          [-0.151003990551845, 51.22405490066316],
          [-0.151046128019045, 51.22411132405948],
          [-0.151097024707792, 51.22419936175277],
          [-0.151246283040948, 51.224298846791555],
          [-0.151319944898979, 51.22435486911097],
          [-0.151383480086687, 51.224413429237025],
          [-0.151507040674246, 51.224546681470684],
          [-0.151801251671523, 51.224817526125136],
          [-0.151935817154767, 51.22503368777944],
          [-0.151956703054362, 51.22508437906697],
          [-0.151977905035909, 51.22516295393034],
          [-0.152035349349133, 51.2252663826946],
          [-0.152073295389116, 51.225356013766756],
          [-0.152135270596475, 51.22552516362356],
          [-0.152193196610658, 51.22572392683695],
          [-0.152901509277153, 51.226312470424055],
          [-0.15279571367473, 51.226415119760084],
          [-0.152720083454694, 51.22651554744372],
          [-0.152442281400863, 51.22676476545226],
          [-0.152591773490286, 51.22682288367085],
          [-0.152681840090014, 51.2268270039813],
          [-0.15283259842848, 51.2268176936585],
          [-0.152932310793061, 51.22690290396221],
          [-0.153105590602122, 51.22701085915374],
          [-0.153167239557107, 51.227045106939784],
          [-0.153355804651807, 51.22712902171604],
          [-0.153753327939533, 51.2279329840223],
          [-0.153755759357387, 51.22794381411047],
          [-0.153810927443737, 51.228211779707266],
          [-0.153890298670015, 51.22841177971941],
          [-0.153992297866138, 51.22854738648403],
          [-0.154156776116704, 51.22869656937889],
          [-0.154227148117781, 51.22879930173133],
          [-0.154211312592714, 51.22890876759815],
          [-0.154221116356483, 51.229129253057756],
          [-0.154235526187092, 51.22919872723692],
          [-0.154448659129007, 51.229886464255095],
          [-0.15447373638237, 51.22993991912619],
          [-0.154548477101469, 51.23004092155695],
          [-0.154872040589843, 51.230367078915314],
          [-0.154959063537036, 51.23066252553353],
          [-0.154960812795391, 51.23069043170082],
          [-0.154912192660269, 51.230831755656354],
          [-0.154888780636636, 51.230879949067386],
          [-0.154624080726466, 51.23123100073172],
          [-0.154562293987897, 51.23134333894915],
          [-0.154401488956119, 51.23185430742042],
          [-0.154373745421522, 51.23190333169723],
          [-0.154352590346572, 51.23193087650342],
          [-0.154322954054589, 51.231955589566844],
          [-0.15421464474334, 51.23204920739955],
          [-0.154170758968912, 51.232107869324885],
          [-0.154064796280876, 51.23228605907675],
          [-0.154026443838871, 51.23242124951119],
          [-0.153901421921262, 51.232502912314956],
          [-0.153861512748368, 51.23253375830641],
          [-0.1537835147329, 51.232621558932856],
          [-0.15367296056402, 51.23284284268807],
          [-0.153574684548934, 51.2330436360319],
          [-0.153580936709483, 51.23310218978421],
          [-0.15359818041604, 51.2331366356861],
          [-0.153637717548343, 51.23318672169888],
          [-0.153660301593498, 51.23337413436146],
          [-0.153640217408771, 51.23341068902726],
          [-0.153613047366701, 51.23344533323312],
          [-0.153472951323019, 51.233545643144446],
          [-0.153334674933396, 51.23367206156672],
          [-0.153295404772949, 51.23372270224539],
          [-0.153232503443026, 51.233826928377795],
          [-0.153152078257618, 51.2340468884191],
          [-0.153080759381812, 51.23418245720718],
          [-0.153044063851556, 51.23424033284415],
          [-0.152976010326575, 51.234330088439364],
          [-0.15271902349837, 51.23459492359407],
          [-0.152247220435976, 51.23503712617987],
          [-0.152215257543376, 51.235048312321226],
          [-0.152153051194785, 51.23506351727785],
          [-0.152091132702263, 51.23507153228874],
          [-0.15202660291471, 51.235073210864456],
          [-0.151960893454641, 51.23506857561638],
          [-0.151892608745015, 51.23505670518763],
          [-0.151786462852159, 51.23502445179586],
          [-0.151567129846444, 51.23492116323931],
          [-0.151537354345634, 51.23491349822337],
          [-0.151504463677104, 51.234912079120235],
          [-0.151474256203913, 51.23491519895137],
          [-0.151446659918535, 51.23492465519602],
          [-0.151400876471565, 51.234959004604455],
          [-0.150876574147155, 51.23574570491927],
          [-0.150844916729715, 51.23582074627932],
          [-0.150813412157304, 51.235856220513604],
          [-0.150724921738716, 51.2359195716331],
          [-0.15066484751132, 51.23598876781955],
          [-0.150421317720679, 51.23602448670189],
          [-0.150322355310425, 51.236027418318194],
          [-0.150266576508038, 51.23595369231141],
          [-0.15022646433098, 51.23591798496127],
          [-0.150075775915081, 51.23581757724712],
          [-0.149888951805348, 51.23540363863284],
          [-0.149847836515166, 51.235107115987034],
          [-0.149814073954866, 51.235020248365615],
          [-0.149784380431073, 51.23497481326361],
          [-0.149750139957872, 51.23493560138118],
          [-0.149708525381816, 51.23490166868308],
          [-0.14962028094517, 51.23485171005793],
          [-0.149514795435848, 51.23476730489032],
          [-0.149277500536101, 51.23454052201474],
          [-0.149054807164494, 51.23444976522843],
          [-0.148717660779114, 51.234355397900615],
          [-0.148503476072324, 51.234302545662466],
          [-0.14829193864552, 51.234255130786785],
          [-0.148030404913875, 51.2342042259785],
          [-0.148017520787763, 51.234204021973454],
          [-0.147709920520944, 51.234515707644505],
          [-0.147605561569518, 51.23461747539753],
          [-0.147132770690993, 51.23508302299463],
          [-0.14621114414418, 51.23641558395195],
          [-0.146094205197068, 51.23654502959781],
          [-0.145622896038728, 51.23697282386946],
          [-0.145562415602588, 51.23705190347887],
          [-0.145508564518448, 51.23710860545016],
          [-0.145410643848476, 51.23719248722851],
          [-0.145307597047736, 51.23729697174402],
          [-0.145289970433055, 51.237343456296465],
          [-0.145265520228122, 51.23745278424821],
          [-0.145251055473937, 51.237563169839895],
          [-0.145249570838007, 51.23770703566783],
          [-0.145553406547133, 51.23830989321966],
          [-0.145632337731752, 51.238484711080275],
          [-0.146023907605007, 51.23950713634427],
          [-0.146022992165003, 51.239565576863214],
          [-0.14601156171949, 51.23960046871112],
          [-0.145994657092526, 51.23962897863616],
          [-0.145576168270469, 51.2400962803082],
          [-0.14551887214093, 51.24016731661234],
          [-0.145480116384129, 51.24024044544856],
          [-0.145328543279559, 51.24058967178308],
          [-0.145305956531703, 51.24068823755526],
          [-0.145300925449159, 51.240742116272244],
          [-0.145307827753522, 51.24085553853357],
          [-0.145364118752237, 51.24137982832576],
          [-0.145337548159167, 51.24150620948069],
          [-0.145288262604014, 51.24159176161574],
          [-0.145225236945393, 51.241662706941334],
          [-0.145097513770332, 51.241774893819525],
          [-0.144969789974936, 51.24188708055341],
          [-0.144827964308208, 51.2419936476601],
          [-0.144726915306881, 51.24208377447646],
          [-0.144673129498771, 51.24213867851569],
          [-0.144571501659892, 51.24224318496737],
          [-0.144343564527197, 51.24249587225874],
          [-0.143994217126083, 51.24298854683202],
          [-0.143716303158268, 51.24323684274392],
          [-0.143533908733222, 51.2433544556055],
          [-0.143474609665026, 51.24340387578467],
          [-0.143351173099454, 51.24351612888854],
          [-0.143256915574866, 51.24361535538287],
          [-0.143223750990841, 51.243656197167084],
          [-0.143075926483173, 51.243875979901155],
          [-0.143003260178426, 51.24404389637495],
          [-0.142981953929331, 51.24414607931198],
          [-0.142980693832972, 51.24424858047162],
          [-0.142994186597124, 51.24434052412393],
          [-0.143106778266721, 51.2447470001791],
          [-0.143109286494019, 51.24482707843626],
          [-0.143102748117174, 51.24488273176657],
          [-0.143089086412503, 51.24493737271525],
          [-0.143021473754755, 51.24508648393115],
          [-0.142947925200644, 51.2451338790375],
          [-0.142915120987536, 51.24516573337361],
          [-0.142879618617339, 51.245229020658016],
          [-0.142733970577103, 51.245786078124766],
          [-0.142749660511012, 51.24593021654584],
          [-0.142778832086819, 51.24602420773593],
          [-0.142810448745555, 51.24609305710398],
          [-0.142899818978069, 51.24622217765381],
          [-0.143085606048928, 51.24641218296452],
          [-0.143197159098541, 51.246488596204706],
          [-0.143277607563622, 51.24655462326775],
          [-0.143363132997218, 51.246636918394174],
          [-0.143512452281226, 51.24680745873453],
          [-0.143588135719756, 51.24688510095686],
          [-0.143646925210589, 51.24695528058395],
          [-0.143854696733676, 51.24724006078662],
          [-0.144372982771915, 51.24792726044194],
          [-0.144394687551264, 51.2479932541847],
          [-0.144450111705609, 51.24825403321856],
          [-0.144474100855292, 51.2487975955129],
          [-0.144473928203858, 51.24887313461016],
          [-0.144496539558717, 51.249094722902996],
          [-0.144567987326408, 51.24949155139469],
          [-0.144590510556695, 51.24957284628415],
          [-0.14466129793172, 51.249736743587306],
          [-0.14473507218204, 51.24986201798963],
          [-0.144898008036719, 51.250228821282],
          [-0.145056234763457, 51.250463351474366],
          [-0.145169747777352, 51.250598248710965],
          [-0.14545667008186, 51.25087528745503],
          [-0.145707110366816, 51.25106181653025],
          [-0.145742502013513, 51.25110824213608],
          [-0.145752910954379, 51.251134487014205],
          [-0.145754655097337, 51.25116239317123],
          [-0.145738238605771, 51.25121429277265],
          [-0.145682383571443, 51.25132042498603],
          [-0.14566271848251, 51.251346193186855],
          [-0.145545065985567, 51.25145674164647],
          [-0.145471292793026, 51.2515095306276],
          [-0.145342738107514, 51.25157044418816],
          [-0.144678041657087, 51.25170739114224],
          [-0.144259403826848, 51.251783487561724],
          [-0.144199710981365, 51.2518068219688],
          [-0.144152219990213, 51.25184743674097],
          [-0.14406598235752, 51.2519962529762],
          [-0.144050706456089, 51.25205536490263],
          [-0.143950161415788, 51.252167981798856],
          [-0.143559441783018, 51.25251161286237],
          [-0.143152296269454, 51.252907141755514],
          [-0.143063985144096, 51.253036139606245],
          [-0.143006420934461, 51.25318451088301],
          [-0.143009905992895, 51.253240323236184],
          [-0.142995496771797, 51.253277865416244],
          [-0.142968342871954, 51.25331160806967],
          [-0.142949254407402, 51.25332299606642],
          [-0.142892836691337, 51.25330051715129],
          [-0.142800175614719, 51.25321720929475],
          [-0.142634247475805, 51.25324515158353],
          [-0.142581526793093, 51.25320204714664],
          [-0.142027795014598, 51.25325170952276],
          [-0.141995820990951, 51.253333937994576],
          [-0.141983856855465, 51.25334633828709],
          [-0.141960399254818, 51.25335945535033],
          [-0.14193014293144, 51.2533634713603],
          [-0.141897384370868, 51.25335845454951],
          [-0.141837358645535, 51.253318830981364],
          [-0.141796296877703, 51.25330648780605],
          [-0.141753332236922, 51.253305805385665],
          [-0.141720102988168, 51.25331247204239],
          [-0.141708356055613, 51.253319479914005],
          [-0.141700438398793, 51.253409284872326],
          [-0.141538258873178, 51.2533797294961],
          [-0.141427403330131, 51.253392357384726],
          [-0.141285800888421, 51.253385611229625],
          [-0.141201194977906, 51.25338696494699],
          [-0.141058614532548, 51.25340448427521],
          [-0.140955917037543, 51.2534280330327],
          [-0.140946179338229, 51.25334963855941],
          [-0.140781136221884, 51.25332003662373],
          [-0.14071598174578, 51.25330101503612],
          [-0.140631465601564, 51.25326459885605],
          [-0.140560601686669, 51.25328055942891],
          [-0.140535602866541, 51.25329634963614],
          [-0.140475671527425, 51.25336104651941],
          [-0.140318550474779, 51.25331268438878],
          [-0.140292771708225, 51.25331227461294],
          [-0.140248121264199, 51.253317859994176],
          [-0.140210305411785, 51.253331647773116],
          [-0.140192684666692, 51.25334215935003],
          [-0.140145352261477, 51.25341425080999],
          [-0.140130668269032, 51.253423010449026],
          [-0.140109004699724, 51.253427162591144],
          [-0.140011690511604, 51.253423816880655],
          [-0.139781312952727, 51.25345073048358],
          [-0.139716593209026, 51.253349878264714],
          [-0.139591053208719, 51.253371263995],
          [-0.139540746517291, 51.253374960546594],
          [-0.139447674520417, 51.253337508138415],
          [-0.13940315087485, 51.25337547028773],
          [-0.139274329295392, 51.25344266817844],
          [-0.139175437951915, 51.253442893918226],
          [-0.13915431786549, 51.25350461021575],
          [-0.138972088888499, 51.253545777672095],
          [-0.138908022129471, 51.25357083845139],
          [-0.138871238900879, 51.25359453461265],
          [-0.138835597652734, 51.25362544339079],
          [-0.138814277988025, 51.25365657999493],
          [-0.138795169782997, 51.25370393931431],
          [-0.138693395957725, 51.25366904579596],
          [-0.138656957682154, 51.25364868130355],
          [-0.138639880544444, 51.25364571168362],
          [-0.138603750025683, 51.25365323060864],
          [-0.138589029396124, 51.253662888781626],
          [-0.138575341919713, 51.25368245577532],
          [-0.138510060241772, 51.25370210116326],
          [-0.138508628077464, 51.25370207837587],
          [-0.138333033377387, 51.25372086771264],
          [-0.138220780331932, 51.25373257102961],
          [-0.138166992042861, 51.25375149982085],
          [-0.138117282515684, 51.253775889345626],
          [-0.138041411914806, 51.2538448278824],
          [-0.137932185001963, 51.25388805485792],
          [-0.137782496691121, 51.25386858546582],
          [-0.137755104036311, 51.253872645983144],
          [-0.13773028539665, 51.25388394192904],
          [-0.137715129031296, 51.25390438475128],
          [-0.137714149197268, 51.25392865046449],
          [-0.137740126591503, 51.253959640432],
          [-0.137656912799737, 51.25403295837667],
          [-0.137513949481871, 51.25402438738874],
          [-0.137368138464559, 51.25405084389288],
          [-0.137227095707123, 51.25406568513519],
          [-0.136898111214639, 51.25408562718216],
          [-0.136859115730528, 51.25409309994867],
          [-0.136815496937457, 51.254108592844645],
          [-0.136768578057743, 51.25413482486236],
          [-0.136729852781597, 51.25417107974263],
          [-0.136695730537653, 51.25423528646607],
          [-0.136603957823354, 51.2543075680539],
          [-0.136522214538402, 51.25430896399547],
          [-0.136424987331779, 51.25433889109339],
          [-0.136322684988312, 51.25435254972289],
          [-0.136283543915595, 51.25436361721245],
          [-0.136248554097342, 51.254378348051986],
          [-0.136196030540013, 51.25443686564566],
          [-0.136070304428842, 51.25446274120623],
          [-0.135933541101471, 51.25444257606905],
          [-0.135830351120269, 51.25444273050781],
          [-0.135449886471474, 51.25456616795001],
          [-0.135412395218529, 51.254571865595985],
          [-0.135349560600825, 51.254566367612654],
          [-0.13528447937215, 51.2545455455502],
          [-0.135224291146126, 51.254545485527444],
          [-0.135195211311846, 51.25455581371457],
          [-0.135170028284701, 51.254576096397145],
          [-0.135158840061763, 51.2546046959205],
          [-0.135175750526803, 51.254647232946624],
          [-0.135135678947152, 51.254716740250075],
          [-0.13487826916667, 51.25466767131734],
          [-0.134750679519376, 51.254633261218935],
          [-0.134491014872992, 51.25463991093735],
          [-0.134142525422999, 51.25457499683113],
          [-0.133776559666845, 51.25451699724474],
          [-0.133477871634843, 51.254460969653955],
          [-0.133252457918038, 51.25443578817849],
          [-0.133093798471185, 51.254390088567774],
          [-0.132967110647756, 51.254404253559734],
          [-0.132891859352472, 51.25438686455466],
          [-0.132803559712276, 51.25433779135268],
          [-0.132581497407481, 51.254336044110914],
          [-0.132396149732665, 51.25431240007813],
          [-0.132180531635742, 51.254257695761545],
          [-0.131792857366644, 51.25416966595777],
          [-0.131831746395493, 51.254377128308136],
          [-0.131828482349388, 51.25449308702868],
          [-0.131820994495628, 51.254607179653085],
          [-0.131787569661215, 51.2547955005692],
          [-0.131780056932507, 51.25483944669007],
          [-0.131816919298131, 51.255026192534174],
          [-0.131815476151091, 51.25520333334021],
          [-0.131779671371479, 51.255308879803614],
          [-0.131670216364078, 51.25546361092457],
          [-0.131612163006449, 51.255587687377485],
          [-0.13161071900762, 51.255764828163734],
          [-0.131562800175671, 51.25609860547984],
          [-0.131565057983563, 51.256361239737956],
          [-0.131522636577273, 51.256559309221345],
          [-0.131395140927079, 51.256699362930135],
          [-0.131212453571225, 51.256857420058616],
          [-0.131040858906377, 51.25702464727931],
          [-0.130973395125074, 51.25713328479765],
          [-0.130776851835052, 51.25749166572749],
          [-0.130651280145062, 51.25769020450556],
          [-0.130512208634713, 51.25793888865856],
          [-0.130034791055859, 51.25868487692241],
          [-0.129912671442357, 51.25890415425864],
          [-0.129858978343069, 51.259026500983836],
          [-0.1297689297531, 51.25916175594982],
          [-0.129744039189373, 51.25931603902021],
          [-0.129624703295789, 51.2598905875022],
          [-0.128438260484721, 51.26090671208262],
          [-0.127608184119814, 51.26165244295601],
          [-0.12680209126184, 51.26173666078825],
          [-0.127025808091984, 51.26251005221316],
          [-0.127045374230333, 51.26276936654392],
          [-0.126989907980696, 51.262899777439635],
          [-0.127041496745942, 51.26328820574005],
          [-0.126925310151148, 51.263854708397105],
          [-0.12681833442602, 51.26408861415479],
          [-0.126825058644125, 51.26409951355016],
          [-0.126927082350785, 51.26419917208105],
          [-0.127227702867853, 51.2642795277941],
          [-0.127583078766534, 51.26431759246304],
          [-0.127763463165013, 51.264323177921995],
          [-0.127915772573397, 51.26427885177726],
          [-0.128026886418161, 51.26429591841385],
          [-0.128218283480587, 51.264277398095864],
          [-0.128465756870579, 51.264219305873006],
          [-0.128634953614833, 51.26414737045735],
          [-0.129758761156364, 51.2652777894013],
          [-0.130093812874155, 51.26560509843483],
          [-0.129897817097273, 51.26573686114753],
          [-0.129808739736966, 51.265847850407624],
          [-0.129837432698877, 51.26598860119281],
          [-0.129673768429765, 51.26652466969157],
          [-0.129850895408387, 51.26654009210176],
          [-0.130381409442974, 51.267102546382255],
          [-0.130804674127182, 51.26758773321464],
          [-0.13180183910149, 51.268697193001366],
          [-0.13193155942822, 51.26885663927066],
          [-0.132036743525287, 51.26902018999994],
          [-0.132029868379167, 51.269119001501124],
          [-0.132000045307097, 51.26925341796488],
          [-0.132031436119396, 51.26943377604116],
          [-0.132075480427579, 51.26954958765499],
          [-0.132022771005003, 51.26968273943306],
          [-0.131935228873697, 51.26979105435247],
          [-0.131700773129831, 51.26998695171216],
          [-0.131494578234569, 51.27022826427287],
          [-0.131422272198205, 51.2703143401182],
          [-0.131299816409051, 51.27050573057117],
          [-0.130775239061274, 51.271173613539816],
          [-0.130687654258961, 51.27128282639416],
          [-0.130376814426588, 51.271629480641025],
          [-0.130195353910259, 51.27196741035072],
          [-0.130116782636632, 51.27213701908889],
          [-0.129977898999449, 51.27248552113521],
          [-0.129986477512702, 51.27255670181082],
          [-0.12999899857778, 51.27267201049401],
          [-0.129998360561945, 51.2728995196105],
          [-0.130003325123982, 51.272918483947215],
          [-0.130060536341365, 51.27309835604045],
          [-0.130086655524473, 51.27323186769043],
          [-0.130074400982873, 51.27356890399516],
          [-0.130077294449867, 51.27367416664791],
          [-0.130155625461216, 51.273969484619414],
          [-0.130248751850496, 51.27435946381926],
          [-0.130371082290041, 51.274595232329204],
          [-0.130436940112658, 51.27480941497928],
          [-0.130543509465848, 51.27490374367045],
          [-0.130678789502921, 51.27492658802803],
          [-0.130761312954408, 51.27508348234709],
          [-0.130900878803154, 51.275318626031044],
          [-0.13126675108907, 51.27612391864196],
          [-0.131429040508433, 51.276611212508385],
          [-0.131494603018563, 51.27683257858261],
          [-0.131485113312331, 51.277242491141585],
          [-0.131434703088837, 51.277389165664275],
          [-0.131403715598325, 51.27748129515329],
          [-0.131217547061981, 51.277793065561326],
          [-0.131040419917744, 51.27812926028222],
          [-0.130924496977762, 51.27844125263909],
          [-0.130625925041784, 51.279083955705175],
          [-0.130572124178685, 51.2792080943848],
          [-0.130479480297234, 51.27947639436972],
          [-0.130466525576195, 51.27954812865197],
          [-0.130424591026425, 51.27983882066835],
          [-0.130378570916563, 51.28044149213269],
          [-0.130294074992048, 51.28068564211383],
          [-0.130247605204631, 51.281087770509345],
          [-0.130253001518099, 51.281237134535736],
          [-0.130227032127522, 51.28162879909032],
          [-0.130265930876038, 51.28208264927818],
          [-0.130361117232854, 51.28284494621242],
          [-0.130374360856855, 51.28325971824973],
          [-0.13042435323955, 51.28351141083808],
          [-0.130963840233375, 51.284597335928964],
          [-0.131056709823846, 51.28481733800909],
          [-0.130283312433716, 51.284792405920236],
          [-0.130165573444609, 51.2847959220706],
          [-0.12982011387693, 51.284827276675905],
          [-0.129598894132258, 51.28483633413244],
          [-0.129316676222967, 51.28486420078446],
          [-0.126797697834789, 51.28491656893916],
          [-0.126691882902637, 51.28508483748134],
          [-0.126684537686717, 51.28512428759626],
          [-0.126677969828727, 51.28521500814908],
          [-0.126683864631535, 51.28535179043587],
          [-0.126746874753925, 51.28556502421447],
          [-0.127273278724766, 51.286336915208665],
          [-0.127336572862003, 51.28643774520484],
          [-0.124517210668708, 51.286749648831496],
          [-0.124293114467183, 51.28675865056491],
          [-0.121207281485976, 51.28695739762902],
          [-0.118648527716504, 51.28706740922005],
          [-0.118252147482591, 51.28708082664],
          [-0.117775443424742, 51.28709474664193],
          [-0.11778049571302, 51.287321443731976],
          [-0.117714295741031, 51.28750203190852],
          [-0.117599362943716, 51.287716908118],
          [-0.117413675920315, 51.2880484510096],
          [-0.117097367242645, 51.28848760429984],
          [-0.117056961099705, 51.288668607078776],
          [-0.117017752552554, 51.288995310842076],
          [-0.117071947681589, 51.2891076917629],
          [-0.11705837816377, 51.289193803474035],
          [-0.116980706291333, 51.2893742070317],
          [-0.116868782687048, 51.28955046269451],
          [-0.116722897963129, 51.2897504524327],
          [-0.116591286713349, 51.289812183991835],
          [-0.11645416311179, 51.28986843113903],
          [-0.116431005476008, 51.28990852583806],
          [-0.116402630640141, 51.28993594683281],
          [-0.116355512530878, 51.28996576415437],
          [-0.116253544295626, 51.290143978096374],
          [-0.115940158542537, 51.2905112348925],
          [-0.115830550642492, 51.29063087309216],
          [-0.115729030426588, 51.290728159566164],
          [-0.11541998282507, 51.29102444275086],
          [-0.115533937929998, 51.2911135057134],
          [-0.115287087486929, 51.29129208564706],
          [-0.115134481200215, 51.291375959841496],
          [-0.115058509797443, 51.291409808768854],
          [-0.115049836068308, 51.291411467716095],
          [-0.115116533471886, 51.29146379962177],
          [-0.114873552651131, 51.291548017594444],
          [-0.114795831440234, 51.2914847168367],
          [-0.114594495822367, 51.291532734428294],
          [-0.11468912063165, 51.291848103616026],
          [-0.114834124963388, 51.292299174776495],
          [-0.114852022826766, 51.292317448367896],
          [-0.114878628424778, 51.292403307822255],
          [-0.114822873091337, 51.29243388511491],
          [-0.114735070144984, 51.29244146464615],
          [-0.114647819068298, 51.29243556385048],
          [-0.111052345193145, 51.292252633903026],
          [-0.110164383214918, 51.2926402873884],
          [-0.109361123696687, 51.29302570460742],
          [-0.10897367819496, 51.293204701439365],
          [-0.10826049441542, 51.29352681763846],
          [-0.106420027699656, 51.29433430790398],
          [-0.103002252379492, 51.29585904330767],
          [-0.102637558342823, 51.296006913819525],
          [-0.102445787190789, 51.29606585786239],
          [-0.10228934434731, 51.29610289190415],
          [-0.102130293564576, 51.29613358851811],
          [-0.101478109617575, 51.296226436656056],
          [-0.101139975545717, 51.29628660031686],
          [-0.101102409151181, 51.29629318525474],
          [-0.100902812858167, 51.29633311318876],
          [-0.100820142007437, 51.296355153441446],
          [-0.100699570985479, 51.296391866575],
          [-0.100545214641738, 51.296447815650986],
          [-0.100362658226446, 51.29652668830032],
          [-0.100150356586181, 51.29663115717408],
          [-0.099569239822242, 51.29694816507938],
          [-0.099349544070739, 51.297057908263284],
          [-0.099251645873055, 51.29710128303976],
          [-0.097829986013658, 51.29772927462138],
          [-0.094324308438626, 51.29935392827876],
          [-0.09427633368339, 51.29943857951323],
          [-0.094413025751207, 51.299463286432335],
          [-0.095121169622684, 51.299475708854764],
          [-0.095329763752653, 51.29949618875165],
          [-0.095520448922785, 51.29953346337414],
          [-0.095775851958614, 51.299601466625866],
          [-0.09610688487195, 51.29971386476103],
          [-0.096325744532598, 51.29979835893263],
          [-0.096922719409349, 51.300105726400346],
          [-0.097244831000755, 51.30029531451615],
          [-0.097175372023221, 51.300344545620604],
          [-0.097347637232683, 51.30068907418741],
          [-0.097374183476615, 51.3007758375783],
          [-0.097354162071497, 51.30084385842533],
          [-0.097259728220593, 51.300942145278164],
          [-0.097377445104495, 51.3011140243305],
          [-0.096359354132942, 51.301380753624834],
          [-0.096030886577249, 51.30151840041541],
          [-0.095719392911887, 51.30148815470578],
          [-0.095642524003984, 51.30140416963754],
          [-0.095279917531093, 51.30132632822095],
          [-0.094779880638168, 51.30068599022901],
          [-0.094386953290793, 51.30061304831214],
          [-0.093666983096342, 51.300782086423155],
          [-0.091168057437296, 51.30147250001507],
          [-0.090967120201196, 51.30199441158],
          [-0.090962455674482, 51.30234955649108],
          [-0.09095210624636, 51.30246090015503],
          [-0.090904874573646, 51.30266606830712],
          [-0.090958834740547, 51.30274878377966],
          [-0.090876529093596, 51.303177304152065],
          [-0.091040214170349, 51.30327799578292],
          [-0.091171800527968, 51.30339165331452],
          [-0.090864365944025, 51.303817402754696],
          [-0.090716696348651, 51.303953486217765],
          [-0.089705797826916, 51.30397476909778],
          [-0.089682932032382, 51.30411108870268],
          [-0.089651594348117, 51.30420949975479],
          [-0.089605993757783, 51.30430587951661],
          [-0.089576927852376, 51.30434947069978],
          [-0.089496079689708, 51.304430886653854],
          [-0.089169337262971, 51.304491203623535],
          [-0.089147011650557, 51.30451062376537],
          [-0.088858004730603, 51.30480267418013],
          [-0.08883215829123, 51.304872397255615],
          [-0.088791525219653, 51.305021916135765],
          [-0.088732143273282, 51.305104581243604],
          [-0.088639951386606, 51.30521728677002],
          [-0.088741710206575, 51.30587723073255],
          [-0.088761665283769, 51.30608799115286],
          [-0.088752475822706, 51.306413385469206],
          [-0.088753252344775, 51.30660224980239],
          [-0.088724236729023, 51.30674836108279],
          [-0.088724214954977, 51.306852678783144],
          [-0.088825260395602, 51.30721854182738],
          [-0.088610851153099, 51.30740659189031],
          [-0.08848213710069, 51.30753488848017],
          [-0.088403348249367, 51.30760104937496],
          [-0.087541652381723, 51.30820839188726],
          [-0.086799567094967, 51.30869897571808],
          [-0.086716845008966, 51.308756078333104],
          [-0.08664963410094, 51.3088197293813],
          [-0.08657769504542, 51.308859022203244],
          [-0.085442883230496, 51.30926944843856],
          [-0.08401258655606, 51.309815323168785],
          [-0.083695102217626, 51.30992793859367],
          [-0.083390035046361, 51.310052447440576],
          [-0.082715769077763, 51.31035976735603],
          [-0.082552977195454, 51.310444335410246],
          [-0.082439224874366, 51.31048833777659],
          [-0.082243328626323, 51.31054088721201],
          [-0.081931833150222, 51.31064730035453],
          [-0.081896949321881, 51.31127804801889],
          [-0.081822524343133, 51.311583495183754],
          [-0.081721939416327, 51.31186243354684],
          [-0.081826099978072, 51.31235876305511],
          [-0.081893162661996, 51.312608971868066],
          [-0.082162273489024, 51.31300368283709],
          [-0.082318645357625, 51.313211287947226],
          [-0.082875776695392, 51.31396054841167],
          [-0.083194208158291, 51.31430840147184],
          [-0.083467341455215, 51.314710370542166],
          [-0.083871474946931, 51.31513696624063],
          [-0.084261572961892, 51.315452715244994],
          [-0.084802552950913, 51.31586715853415],
          [-0.084447821282387, 51.31608078769543],
          [-0.084173555603182, 51.31622288797714],
          [-0.083958920141176, 51.31627693131369],
          [-0.083800424739892, 51.316292323321555],
          [-0.083566609531899, 51.31632446838133],
          [-0.083643849316201, 51.316606319286194],
          [-0.083311392783369, 51.31666382836115],
          [-0.082855579211089, 51.31675438953033],
          [-0.082494738638953, 51.31680423682366],
          [-0.082199165168957, 51.31690641319014],
          [-0.082168562712439, 51.31691760290604],
          [-0.082161317416497, 51.316919282831336],
          [-0.081897816678868, 51.31700939344288],
          [-0.081735260231265, 51.3168466518148],
          [-0.081724012269849, 51.31684107160881],
          [-0.081637046627479, 51.31679288212937],
          [-0.081620024924247, 51.316788106608605],
          [-0.081602965774641, 51.31678422978571],
          [-0.08158590662782, 51.316780352960485],
          [-0.081567413405099, 51.31677645263057],
          [-0.081550316813235, 51.31677347450057],
          [-0.081534616850987, 51.316771418571044],
          [-0.081516048733253, 51.31676931563353],
          [-0.081497480617206, 51.3167672126932],
          [-0.081478912502845, 51.31676510974999],
          [-0.081461741016003, 51.31676392900755],
          [-0.081443097999164, 51.316763623458726],
          [-0.081424417529577, 51.316764216606884],
          [-0.081408567762676, 51.316765755460544],
          [-0.081398454307934, 51.31676738832983],
          [-0.081386869320446, 51.31676989639352],
          [-0.081376755864155, 51.316771529260826],
          [-0.081366567498906, 51.31677495952692],
          [-0.081357813210805, 51.31677841329698],
          [-0.081347624842798, 51.31678184356126],
          [-0.081337436473367, 51.31678527382455],
          [-0.081328644726492, 51.316789626291985],
          [-0.081319890433085, 51.31679308005891],
          [-0.081311098683235, 51.316797432524844],
          [-0.081302306931812, 51.31680178499003],
          [-0.081292043643903, 51.316807012648404],
          [-0.081278837283113, 51.316813990693305],
          [-0.081265630918532, 51.316820968736494],
          [-0.081253821173803, 51.31682886898393],
          [-0.081242011425222, 51.31683676922995],
          [-0.081230201672785, 51.31684466947454],
          [-0.081219788540177, 51.3168534919241],
          [-0.081209375403756, 51.31686231437251],
          [-0.081198962263525, 51.31687113681974],
          [-0.081189983200923, 51.31687998277299],
          [-0.081182400759, 51.316889750932205],
          [-0.081173384231972, 51.316899495583336],
          [-0.081167235865856, 51.31690928724856],
          [-0.081159653414636, 51.31691905540571],
          [-0.081153467584872, 51.316929745769414],
          [-0.081148753293918, 51.316939560940874],
          [-0.081144001542503, 51.316950274811504],
          [-0.081140683872719, 51.31696101218972],
          [-0.081137366201402, 51.316971749567735],
          [-0.081134048528549, 51.31698248694557],
          [-0.081132164938903, 51.31699324783126],
          [-0.081131790351016, 51.317002234826006],
          [-0.081075357819192, 51.317082247960215],
          [-0.081026507616811, 51.31715249291167],
          [-0.081103632448667, 51.317230198964474],
          [-0.080799554357698, 51.31743295589374],
          [-0.080557504772497, 51.317593561982754],
          [-0.080412877868278, 51.31768921582687],
          [-0.080193499243083, 51.31782231413114],
          [-0.080111764844846, 51.31785514761832],
          [-0.080035916712174, 51.31788448033045],
          [-0.079952822962011, 51.317915492778056],
          [-0.079866935855679, 51.31794466071386],
          [-0.079779652022313, 51.3179729063583],
          [-0.079730292360194, 51.317986485700935],
          [-0.079676592839916, 51.31800089314332],
          [-0.079622968271138, 51.31801350315854],
          [-0.079567947053329, 51.31802519091974],
          [-0.079512963303048, 51.31803597995371],
          [-0.079457979528742, 51.31804676896144],
          [-0.079437751944038, 51.31805003435172],
          [-0.079353898355339, 51.318064846217744],
          [-0.079268648099319, 51.318078735790365],
          [-0.079183472795363, 51.31809082789867],
          [-0.079098372453104, 51.318101122543005],
          [-0.079021951778956, 51.31810976093255],
          [-0.07882692086877, 51.318140734198074],
          [-0.078803070591887, 51.3184371170393],
          [-0.078866632861307, 51.31963065312574],
          [-0.078869236586119, 51.319774586387844],
          [-0.077614891767464, 51.319843925010986],
          [-0.077341724483561, 51.319855626242614],
          [-0.077175969446861, 51.31987268854675],
          [-0.076205937410134, 51.320006936114055],
          [-0.075866465755341, 51.320059812030365],
          [-0.075435482161734, 51.320173235209204],
          [-0.075351097663361, 51.32020062589258],
          [-0.074863771270917, 51.320357187030524],
          [-0.074079334675478, 51.320480080092196],
          [-0.074039102363034, 51.320481216779385],
          [-0.073889796966666, 51.320482357392265],
          [-0.073550582837279, 51.3205289356127],
          [-0.073209933891682, 51.32057548923181],
          [-0.07292325669885, 51.32063552081444],
          [-0.072747316769544, 51.32072435442332],
          [-0.072595602551544, 51.320783009926814],
          [-0.072047573735023, 51.32094935159234],
          [-0.071928539469627, 51.32098156500235],
          [-0.071509498059742, 51.32104930530862],
          [-0.071384688756953, 51.321082322337446],
          [-0.071166245515947, 51.321157862855785],
          [-0.071016718634411, 51.32123274003068],
          [-0.070028377914336, 51.31889261706937],
          [-0.067738253071434, 51.31881617290623],
          [-0.064126861372252, 51.31862525696743],
          [-0.064125427235743, 51.31862523327109],
          [-0.064086442500409, 51.318596710578724],
          [-0.064048437198514, 51.318613169443125],
          [-0.063994354142266, 51.318636557081696],
          [-0.063792702865243, 51.31872225618575],
          [-0.063279838499576, 51.318871157981505],
          [-0.06242163700548, 51.319109672624464],
          [-0.062079132088489, 51.319200233055916],
          [-0.062006886856077, 51.31931414881853],
          [-0.061741108716275, 51.31938889051529],
          [-0.061539261763405, 51.31947907824212],
          [-0.061378131602048, 51.319624796783195],
          [-0.060975668547127, 51.31991220743085],
          [-0.060855115566117, 51.3199803573791],
          [-0.06065783217661, 51.320064323579025],
          [-0.060462784603239, 51.32006109426129],
          [-0.060219694249192, 51.32003998237191],
          [-0.060114999665951, 51.32003824864463],
          [-0.059929726499027, 51.32004147541487],
          [-0.059742564898934, 51.32005546219687],
          [-0.059592161707221, 51.320082647750446],
          [-0.059036474162429, 51.32022542283845],
          [-0.058924305446131, 51.32023075853996],
          [-0.058847915389602, 51.320238485637645],
          [-0.058755257040167, 51.32025763394042],
          [-0.058392616844861, 51.32038292082542],
          [-0.058110955027492, 51.32059588128052],
          [-0.057817811805524, 51.32084282361702],
          [-0.057662636797715, 51.320949065116785],
          [-0.057013435791577, 51.32136905903122],
          [-0.056708411157859, 51.32152317320233],
          [-0.056484775176414, 51.32158511063206],
          [-0.05625181298242, 51.32166397933227],
          [-0.055927721515002, 51.321453561642976],
          [-0.055714235010953, 51.32134300218024],
          [-0.055020474267567, 51.321254144398026],
          [-0.054882563265831, 51.32125724985715],
          [-0.054178754198089, 51.32154232418577],
          [-0.053632292039925, 51.32180572776511],
          [-0.053080829521788, 51.322119405003086],
          [-0.052878653399777, 51.32221676362784],
          [-0.052588608743956, 51.322321653495806],
          [-0.052481289237132, 51.32238191940181],
          [-0.052225017773899, 51.32236686581917],
          [-0.051762958180087, 51.32239874812325],
          [-0.051307337291613, 51.3224478316884],
          [-0.05131362306045, 51.32263858385499],
          [-0.051293359481313, 51.32288015421629],
          [-0.051266888688921, 51.323438168684646],
          [-0.051012061544842, 51.323592209998125],
          [-0.05097520491897, 51.323649151830494],
          [-0.050943971452304, 51.32370888489084],
          [-0.050889982792386, 51.32400115379987],
          [-0.050867648792842, 51.32408801307907],
          [-0.050826374443398, 51.32414757927682],
          [-0.050683790105353, 51.32432866388746],
          [-0.050444918780315, 51.32461426349664],
          [-0.04999513224656, 51.32496560167158],
          [-0.049765646472373, 51.325266643071146],
          [-0.049526196603939, 51.3253283098871],
          [-0.049238205370518, 51.325383773385205],
          [-0.048758144294669, 51.325364998882904],
          [-0.048416976701851, 51.32528648277377],
          [-0.048205907212171, 51.325254194720394],
          [-0.048187475710348, 51.32518104663082],
          [-0.047868981096826, 51.32524499201688],
          [-0.0478824991453, 51.325535683467876],
          [-0.047823685116643, 51.32631349938158],
          [-0.04782828867387, 51.32650962358323],
          [-0.047956704710197, 51.32690025899028],
          [-0.048034210724447, 51.32706971837083],
          [-0.047986632907378, 51.32710849572114],
          [-0.048008109120196, 51.327211373541516],
          [-0.048118695093313, 51.32744703264117],
          [-0.048373459255806, 51.327837073704025],
          [-0.048545932126065, 51.328035093042104],
          [-0.049070008869198, 51.32860767854592],
          [-0.048749515213047, 51.32871835484853],
          [-0.048944143011552, 51.328935628600966],
          [-0.049441470250031, 51.32939445721177],
          [-0.049792041497962, 51.329624218099816],
          [-0.050233977513073, 51.329832116520144],
          [-0.050444671550721, 51.33000918817202],
          [-0.050660076907342, 51.33021061946363],
          [-0.051081071890236, 51.33084534092602],
          [-0.051106403484265, 51.331060697702725],
          [-0.051099467153525, 51.331360053030735],
          [-0.05104219384382, 51.331593820516915],
          [-0.050834280624296, 51.331757633233245],
          [-0.050608300591645, 51.33187348125783],
          [-0.050072436516451, 51.33205251819769],
          [-0.050101013911175, 51.33215731360584],
          [-0.05026147168196, 51.33263931586614],
          [-0.049659471064317, 51.33268505005821],
          [-0.049267192801131, 51.3326938054181],
          [-0.049065404231119, 51.33271292701244],
          [-0.048665749430672, 51.33276022744571],
          [-0.048473583233338, 51.33278940056313],
          [-0.048155111819032, 51.33288571467674],
          [-0.047782265392742, 51.333011697518984],
          [-0.047362992037043, 51.3331153215807],
          [-0.046889872275146, 51.33333765225871],
          [-0.046553518754332, 51.33348312376604],
          [-0.045878369052545, 51.33356088950843],
          [-0.045424712711062, 51.33362885883489],
          [-0.044980845466076, 51.33366911160795],
          [-0.044494879326399, 51.333720350282476],
          [-0.043380811735283, 51.33365407843822],
          [-0.042882866037737, 51.3336493544286],
          [-0.041967303367325, 51.33381030788006],
          [-0.041305670548371, 51.334581632318105],
          [-0.041060059508508, 51.33495522987505],
          [-0.040896217210505, 51.335330195048485],
          [-0.040678099850397, 51.33586702533065],
          [-0.040606573174645, 51.33602950124055],
          [-0.040508341964645, 51.33621221418273],
          [-0.040404409767523, 51.336393932358106],
          [-0.04015691228648, 51.33667666743409],
          [-0.039989139604411, 51.336975125259784],
          [-0.039816183467686, 51.33722673248431],
          [-0.039469431191217, 51.33761482170601],
          [-0.039282510888613, 51.33778975389559],
          [-0.038476733235207, 51.338336525019635],
          [-0.037966873027502, 51.33864363899913],
          [-0.037892492483636, 51.33870444465899],
          [-0.03764296050432, 51.338596844019456],
          [-0.037372109665572, 51.338585110849124],
          [-0.037070961454018, 51.33854319226447],
          [-0.036945552230545, 51.33852130554533],
          [-0.036821692898722, 51.33849674676316],
          [-0.03627503853838, 51.33832031147013],
          [-0.0358063179486, 51.33830255864407],
          [-0.035349070610734, 51.33818427446676],
          [-0.034867201578742, 51.33807097316194],
          [-0.034629371608796, 51.338058898081144],
          [-0.034494822192797, 51.33808272522581],
          [-0.034278755580541, 51.337998170402045],
          [-0.033675291306258, 51.33760496281392],
          [-0.033330289426306, 51.33751375090936],
          [-0.032770699861369, 51.337437828230065],
          [-0.032298555715237, 51.33746588833721],
          [-0.03207574244478, 51.3374720462228],
          [-0.031818802026366, 51.337470437249195],
          [-0.031009907689786, 51.33748295430766],
          [-0.030867364884412, 51.337492254549794],
          [-0.030681163403667, 51.33751521097841],
          [-0.030485545446887, 51.33755689420675],
          [-0.030363408662368, 51.33759261547763],
          [-0.030185480764033, 51.337657077094],
          [-0.029476194495481, 51.337757585624324],
          [-0.029115470587733, 51.337832466363906],
          [-0.028969798733311, 51.337881280074114],
          [-0.028790356880425, 51.33794751223388],
          [-0.028453301808072, 51.338073147802916],
          [-0.027965130396255, 51.338207035080515],
          [-0.027701264848873, 51.33826645122185],
          [-0.027431813666358, 51.33832217568248],
          [-0.026868277524331, 51.3384053307476],
          [-0.02644011157219, 51.33847906813744],
          [-0.026180894633175, 51.33853046495994],
          [-0.025958510409346, 51.33855999863737],
          [-0.025470631743732, 51.3385194192906],
          [-0.025103543188045, 51.33860856699518],
          [-0.024666627731008, 51.3384510371405],
          [-0.024258551174075, 51.3383911126917],
          [-0.024069813989299, 51.33837264841769],
          [-0.023886700420417, 51.33835697633625],
          [-0.023629757095144, 51.33835534860341],
          [-0.022871940770323, 51.338281437724795],
          [-0.022371223260004, 51.33820555880535],
          [-0.022057021805674, 51.33809954786967],
          [-0.021421318623115, 51.33782355353684],
          [-0.021203089464463, 51.33768948275303],
          [-0.020557414897724, 51.3371444388868],
          [-0.020445484356101, 51.33684219950712],
          [-0.020510041708835, 51.33660948041322],
          [-0.020502012251738, 51.336595856181276],
          [-0.020413971495153, 51.33650624475512],
          [-0.020047514619357, 51.336213203756905],
          [-0.019738314195567, 51.33602454224301],
          [-0.019515288604405, 51.335902079855835],
          [-0.019446017550476, 51.335810086928255],
          [-0.019378413128431, 51.335712726571856],
          [-0.019160556930765, 51.335202772123644],
          [-0.019102450132692, 51.335084889124545],
          [-0.018986860810198, 51.33486801804841],
          [-0.018773149359525, 51.334528992277185],
          [-0.018284586636948, 51.3341043983339],
          [-0.018134374043996, 51.333824892380164],
          [-0.017942408943278, 51.33331536160359],
          [-0.017814048650816, 51.3329957510906],
          [-0.017782289648862, 51.3329331649651],
          [-0.017358626191424, 51.33300334631148],
          [-0.017205783666415, 51.332985476642676],
          [-0.01702982980636, 51.33290426708507],
          [-0.016534187320367, 51.332512800238284],
          [-0.016216481060706, 51.33222325860202],
          [-0.015939801467314, 51.332014444872236],
          [-0.015528973434542, 51.331520987683135],
          [-0.015349035779346, 51.33126614579781],
          [-0.015221905999591, 51.33101849168429],
          [-0.015152894522687, 51.33075473422301],
          [-0.015072407662583, 51.33065714934434],
          [-0.014828816201318, 51.33048036529081],
          [-0.014610002470264, 51.33019518665025],
          [-0.014485594200793, 51.32998444721804],
          [-0.014328271524033, 51.32980462512892],
          [-0.014307487892792, 51.32995355428676],
          [-0.014203150431297, 51.33030880342141],
          [-0.013947340649613, 51.33051490497265],
          [-0.013745613381544, 51.330698540656385],
          [-0.013686908942172, 51.33086121656221],
          [-0.013684448501463, 51.33131711247183],
          [-0.01360364137421, 51.33152617712967],
          [-0.013320379562787, 51.33153666895687],
          [-0.011886507478427, 51.33289189283559],
          [-0.010918164115287, 51.332908758764866],
          [-0.01066340741276, 51.33308969544413],
          [-0.010855914359462, 51.333418502671684],
          [-0.010993465293256, 51.33355752628914],
          [-0.010874113519223, 51.333628346557205],
          [-0.010658945621228, 51.33375689636392],
          [-0.010653129419109, 51.33375859638202],
          [-0.010587872085991, 51.33377367770906],
          [-0.010522692472113, 51.33378696173411],
          [-0.010456078202436, 51.33380022141271],
          [-0.010408347162963, 51.3338084053522],
          [-0.010249489866965, 51.333829993662725],
          [-0.010086561931674, 51.33384611699783],
          [-0.009925146275519, 51.33386046716968],
          [-0.009902075772286, 51.333862773930775],
          [-0.009776720256878, 51.333873238602926],
          [-0.009649969108444, 51.33388278012802],
          [-0.009523295605097, 51.33389052428784],
          [-0.009395226292686, 51.3338973453706],
          [-0.009268669273293, 51.33390239341175],
          [-0.00914075533638, 51.33390561975301],
          [-0.009014392600737, 51.33390617443481],
          [-0.008886672993736, 51.33390490741023],
          [-0.008860849925462, 51.333904469398],
          [-0.008734681577267, 51.33390053068499],
          [-0.008607156405452, 51.33389477025861],
          [-0.00847970904462, 51.33388721245159],
          [-0.008353774127719, 51.33387788160299],
          [-0.008227917059969, 51.333866753373975],
          [-0.008102177500239, 51.333852928817194],
          [-0.00711841438422, 51.33369503985185],
          [-0.007209286459135, 51.333387221547575],
          [-0.006700175768519, 51.33314295792088],
          [-0.005638438713466, 51.33263209834511],
          [-0.005028869603894, 51.33232136675153],
          [-0.004663730186338, 51.33213439626493],
          [-0.003529954953006, 51.33143252875183],
          [-0.002300669529474, 51.33068315255874],
          [-0.001676760111349, 51.33030739991984],
          [-0.001155878136498, 51.329840758059284],
          [-0.000749148551262, 51.3293571739883],
          [-0.000503038966539, 51.32877830390127],
          [2.8047795744e-5, 51.3289095305622],
          [0.001084854056589, 51.32901558593102],
          [0.002294572351659, 51.329138803090686],
          [0.002370529880369, 51.32890547793986],
          [0.002505085177116, 51.3286333790185],
          [0.002757394341193, 51.32806608525271],
          [0.002935856016401, 51.327517140900596],
          [0.003184336240853, 51.32699397820036],
          [0.003281691358772, 51.326527359818385],
          [0.003400213909675, 51.32615121132446],
          [0.003514933159066, 51.32568789274494],
          [0.003604299120524, 51.32523579654491],
          [0.003724871572834, 51.32487399782702],
          [0.003753415629641, 51.324508377779935],
          [0.003879379376499, 51.324237319832505],
          [0.00407600011915, 51.323875118549246],
          [0.00448169708429, 51.322811450807556],
          [0.004870141293811, 51.322076335695364],
          [0.004915534379348, 51.321932563508106],
          [0.00508732064741, 51.320804548336916],
          [0.005132559646048, 51.32059152952491],
          [0.005177798253439, 51.32037851069389],
          [0.005265784959435, 51.3201584643822],
          [0.005348980365154, 51.31989443240834],
          [0.005405694373093, 51.31961556513143],
          [0.005437574719073, 51.319063723857184],
          [0.00545218104535, 51.318905189888895],
          [0.005471207156528, 51.31874927823466],
          [0.005545424123054, 51.318444030196275],
          [0.005654270902434, 51.318175961199564],
          [0.006030969571857, 51.317468922258],
          [0.006154411616014, 51.31710797064713],
          [0.006487042633933, 51.3162137228281],
          [0.00657813058004, 51.31573641077936],
          [0.006580373373444, 51.31565633104176],
          [0.006585755988153, 51.31564814473355],
          [0.00700125134897, 51.31563292942015],
          [0.007175427948784, 51.31564523252708],
          [0.00750197674077, 51.31569629268789],
          [0.007503410702675, 51.31569626810227],
          [0.007914818848001, 51.315784543804035],
          [0.008092904688502, 51.31585343698011],
          [0.008196208921004, 51.31588584018999],
          [0.008412187771988, 51.31593519681712],
          [0.009109903066621, 51.31604014117093],
          [0.009259193267917, 51.316041176783344],
          [0.009357057025542, 51.316047591451266],
          [0.009521787527099, 51.31607354330364],
          [0.010109600129728, 51.31612640741545],
          [0.010348426074812, 51.31614029396535],
          [0.010122321711707, 51.31533476883318],
          [0.009964217652225, 51.314804173691],
          [0.009727272531544, 51.3143082072507],
          [0.00962490830593, 51.314034765821866],
          [0.009563149939447, 51.31393509958868],
          [0.009614297420651, 51.31385777771416],
          [0.009589193247538, 51.313808744820875],
          [0.009489170124496, 51.313621599853484],
          [0.009237108404373, 51.31284529738519],
          [0.009179317465776, 51.31250813675046],
          [0.009147336750342, 51.31217053317689],
          [0.009093319462288, 51.31191964450262],
          [0.00894828346772, 51.311621753133885],
          [0.008684261640505, 51.311293526707104],
          [0.008523595788544, 51.31103187663531],
          [0.008426450983312, 51.3108446814013],
          [0.008381159577367, 51.310661992667185],
          [0.008388820665013, 51.31050897319613],
          [0.008390982194059, 51.31036144410893],
          [0.008429204687631, 51.31018541683554],
          [0.008482176981404, 51.31005140556821],
          [0.009110752767861, 51.30874107184898],
          [0.009013668580686, 51.308456746938084],
          [0.00903972988706, 51.308298015468665],
          [0.009221866732507, 51.307803848889584],
          [0.009384480047191, 51.307453911862936],
          [0.009449051908597, 51.307224370581956],
          [0.009463543900081, 51.30709641519459],
          [0.009450933809889, 51.30700489868004],
          [0.009481019992267, 51.30690545459785],
          [0.009571713657013, 51.306813963643414],
          [0.009620261097886, 51.3067429816044],
          [0.009596259985435, 51.30665345931179],
          [0.009616605275437, 51.30659375346672],
          [0.009704666508999, 51.3065077036417],
          [0.009817511679155, 51.306397845377425],
          [0.009905021946667, 51.3062992140536],
          [0.009967040329047, 51.30620821505279],
          [0.010028351006447, 51.30610103999561],
          [0.010118843537118, 51.30593940329906],
          [0.010185416446564, 51.30582134568641],
          [0.010287867317193, 51.30563791928948],
          [0.010295974541312, 51.305528060242125],
          [0.010437400524908, 51.305153303733995],
          [0.010529753375987, 51.30493587546094],
          [0.010493554102331, 51.3047970989338],
          [0.010461600535485, 51.304755378536925],
          [0.010452899362896, 51.304720453577794],
          [0.010454312130013, 51.304687153623235],
          [0.010478348239959, 51.30464627042267],
          [0.010512852015696, 51.30461510023022],
          [0.010530388269083, 51.30458961747246],
          [0.010648937642903, 51.30438073262867],
          [0.01080705234045, 51.30405964954516],
          [0.010860540156682, 51.303904943157995],
          [0.010865860219838, 51.30386258264804],
          [0.010828602228588, 51.30376519417543],
          [0.010901276964655, 51.303196460286294],
          [0.010940863410587, 51.303117537452295],
          [0.010977682427304, 51.303073736530926],
          [0.011099432222326, 51.3029709186928],
          [0.011080462131155, 51.30257013740068],
          [0.011098623205052, 51.30249338123319],
          [0.011063371161528, 51.30244182487688],
          [0.011126267091034, 51.30197758253449],
          [0.011213641671239, 51.301744950237165],
          [0.011275766059133, 51.30159099455351],
          [0.011350688045796, 51.3013360924743],
          [0.011442889906869, 51.30108269212818],
          [0.011516909484997, 51.3008727726032],
          [0.01156685596087, 51.300702837785096],
          [0.011645865045002, 51.3005413969912],
          [0.011709009126528, 51.300410806561224],
          [0.011776942887193, 51.30025854955747],
          [0.01183030552749, 51.300101146853],
          [0.011909627529895, 51.29994689536756],
          [0.011989027681171, 51.29979444116456],
          [0.012158319785247, 51.2995981727698],
          [0.012332149781058, 51.299177889649975],
          [0.012367804371519, 51.29884541910372],
          [0.012576572469332, 51.29830582163755],
          [0.012738960968235, 51.29782098174364],
          [0.012880570597746, 51.29732031066163],
          [0.012990024886343, 51.29693710694551],
          [0.013063120808703, 51.296640865306145],
          [0.013412374605784, 51.296263430097376],
          [0.013412335251104, 51.29626253143046],
          [0.013638670920194, 51.295502290312434],
          [0.013725733036229, 51.29513206171746],
          [0.013942078603468, 51.294504195242695],
          [0.013983882733171, 51.294345191491665],
          [0.014087213925723, 51.29431373537397],
          [0.014240856002048, 51.293826345365126],
          [0.014268585399151, 51.29370625546113],
          [0.014307940918383, 51.293262201565454],
          [0.014340710224789, 51.29309346031678],
          [0.014445418131287, 51.29276609587914],
          [0.014513364129818, 51.292549083976304],
          [0.014635220972204, 51.29231855341203],
          [0.014994722725078, 51.29181593094664],
          [0.015009188598042, 51.29178600382608],
          [0.015679506203982, 51.29183022294128],
          [0.016287738731034, 51.29183233940951],
          [0.017335349560212, 51.29178011648597],
          [0.018127965630356, 51.29173497835198],
          [0.018837809295475, 51.291699356334014],
          [0.019101045172631, 51.29168402443175],
          [0.019233429902973, 51.29195513958095],
          [0.019448866340639, 51.29232105207349],
          [0.019886028104038, 51.29319576775006],
          [0.019956449527424, 51.293427483095286],
          [0.019997179947626, 51.29363632774117],
          [0.020063133007364, 51.293896899166256],
          [0.020080991534001, 51.29394425630382],
          [0.020158289447331, 51.294103905248434],
          [0.020273627778071, 51.29454169468403],
          [0.020300248738847, 51.29469052657525],
          [0.020332666019517, 51.29477540492402],
          [0.020363859267858, 51.29483242468882],
          [0.02065152665829, 51.295242057938005],
          [0.020741988560125, 51.2953421225128],
          [0.020789462688805, 51.29541055262985],
          [0.020874011303611, 51.295571874646214],
          [0.020897830365754, 51.29565690126535],
          [0.020851387944769, 51.295938298625835],
          [0.020814075826613, 51.2960684483821],
          [0.020797157659826, 51.296173064437525],
          [0.020793822382272, 51.29626035847638],
          [0.020797100838029, 51.296334947522745],
          [0.020854383646709, 51.296593869443996],
          [0.020952862118384, 51.29677833391413],
          [0.021198714179404, 51.29715001585342],
          [0.021298571628448, 51.29726790470591],
          [0.021370574135146, 51.29733950848125],
          [0.022037370135907, 51.297953937896224],
          [0.022291739936802, 51.29825801962413],
          [0.022835099591338, 51.29883770361298],
          [0.023010679900523, 51.2990136394499],
          [0.023107283839033, 51.299122589576115],
          [0.023234930048149, 51.29928496387719],
          [0.02354619942531, 51.299642919692445],
          [0.023599099700244, 51.29970406015998],
          [0.023715716869072, 51.29987651738021],
          [0.023770002358115, 51.29996911090656],
          [0.023835618795635, 51.300123563347],
          [0.023937309781535, 51.30028278819689],
          [0.023985941476753, 51.30037727805464],
          [0.024010490311055, 51.300446103229596],
          [0.024047636512699, 51.300605544444586],
          [0.024234369957281, 51.301099653674925],
          [0.024366211915076, 51.301389661126045],
          [0.024465427539609, 51.30159029812149],
          [0.024556051591632, 51.30175870719114],
          [0.024634939671932, 51.30188864732027],
          [0.024838906669027, 51.302154923321105],
          [0.025231840391749, 51.30250966349575],
          [0.025920891813654, 51.30300767056819],
          [0.026138318224082, 51.30315589726016],
          [0.026257003722294, 51.303244677052284],
          [0.026823034703507, 51.303717827519534],
          [0.026901510579612, 51.30377312765414],
          [0.027130174562155, 51.30391576189274],
          [0.027187907252091, 51.30395613212951],
          [0.027644012368823, 51.30440869830536],
          [0.027977587151282, 51.304685314958455],
          [0.02809397415704, 51.3047543471263],
          [0.028719211730757, 51.30504029851649],
          [0.029137272719268, 51.305247997053044],
          [0.029381646533382, 51.30535617954417],
          [0.029461805079807, 51.30538446846634],
          [0.029596957221389, 51.30542349549914],
          [0.030281530643162, 51.30555821942456],
          [0.03038629543425, 51.305623853484846],
          [0.030603788123751, 51.30577297010532],
          [0.030657260675115, 51.305846688271146],
          [0.030925833680283, 51.30611273246449],
          [0.031114403389257, 51.30638645938674],
          [0.031144466399308, 51.3064174149028],
          [0.031231633369104, 51.30647436005597],
          [0.031735976392877, 51.30668594846355],
          [0.031947631476968, 51.30676771303994],
          [0.032047226346819, 51.30681364975572],
          [0.032361660218346, 51.3069808661174],
          [0.032909236416012, 51.30752085907578],
          [0.033242380332418, 51.307364883537694],
          [0.03352104455034, 51.30717747688021],
          [0.033764858953964, 51.30701315853127],
          [0.033889353456539, 51.30694084700608],
          [0.033963866252991, 51.306906276799026],
          [0.034116196337891, 51.30684697162046],
          [0.035115908974146, 51.30648335070155],
          [0.035598857166789, 51.30617907037202],
          [0.036046115507906, 51.30600851174116],
          [0.036185099210087, 51.305939543126385],
          [0.036336666638866, 51.3058631607139],
          [0.036533432840919, 51.30573832659569],
          [0.036476287057924, 51.30571144091261],
          [0.036403092755502, 51.305678538927616],
          [0.036614632373168, 51.305498587638915],
          [0.036665087729008, 51.30553638178294],
          [0.03672589709089, 51.305516437687125],
          [0.036775436571718, 51.30550118634585],
          [0.037703928307142, 51.304794332591335],
          [0.03785286048274, 51.304691013660666],
          [0.038318450056156, 51.30441670233216],
          [0.038826195368962, 51.30392851004945],
          [0.039429786002098, 51.303563654970425],
          [0.040117988276654, 51.30323059811102],
          [0.040198032257365, 51.30328856009916],
          [0.040254341896697, 51.30332894873003],
          [0.040425601836368, 51.30321174713725],
          [0.040875309254843, 51.30290352701883],
          [0.040768982767393, 51.30283523147736],
          [0.040917422814751, 51.3027211249527],
          [0.041019129434308, 51.30278230613102],
          [0.041106329179493, 51.30271063690153],
          [0.041137231356796, 51.302728085066384],
          [0.041393449922175, 51.30287650660803],
          [0.041518975504878, 51.30298943411269],
          [0.041542946465419, 51.30298002264946],
          [0.041510447431564, 51.302926628586675],
          [0.041507613596622, 51.30286282441952],
          [0.041790778695134, 51.30251973214221],
          [0.04197400412132, 51.302284505169006],
          [0.042078519582852, 51.302182854745475],
          [0.042303669228269, 51.301922613594584],
          [0.042412232180844, 51.30171836674942],
          [0.04243722853893, 51.30163519079272],
          [0.042569400790089, 51.3014134443148],
          [0.042713634461434, 51.30117260094369],
          [0.042802844136261, 51.30098487960796],
          [0.04287364487211, 51.300705746061396],
          [0.042990480322615, 51.30017129405784],
          [0.043006865526233, 51.300023515276216],
          [0.043057289289643, 51.29983467187952],
          [0.043089876871251, 51.29966412665896],
          [0.043089380034262, 51.2995238372438],
          [0.043092899984473, 51.29905431681482],
          [0.043211509165375, 51.299011776237414],
          [0.043377220877221, 51.298963916688905],
          [0.043552087243371, 51.29889611147717],
          [0.043780898196129, 51.29878329628831],
          [0.043910014345777, 51.298718987251355],
          [0.044171277319651, 51.29862628970355],
          [0.044298364883277, 51.29858090194048],
          [0.044189001549603, 51.29841193567143],
          [0.044165667719196, 51.29840334963036],
          [0.044079459471493, 51.29836798163427],
          [0.043976435293211, 51.29824477117177],
          [0.04406888106852, 51.2981945923829],
          [0.044085682104873, 51.29818530556844],
          [0.044038809916416, 51.298131263787795],
          [0.043841128835934, 51.29791167702335],
          [0.043816706915371, 51.297814074560605],
          [0.04371674804152, 51.29740481800585],
          [0.043673493307412, 51.297303047531855],
          [0.043553138584885, 51.29708031168708],
          [0.043509015030758, 51.29702352366612],
          [0.043445995503558, 51.296799786895704],
          [0.043419072428812, 51.296742698610174],
          [0.043330187385028, 51.29661474402537],
          [0.043312942933313, 51.29658176915878],
          [0.043196510464887, 51.296188987856496],
          [0.043141614362951, 51.29595431695517],
          [0.043039803386718, 51.295309463053194],
          [0.043009218244503, 51.29494396244229],
          [0.04299137148587, 51.2948651313172],
          [0.042956205650638, 51.29478390437293],
          [0.042865772728484, 51.294653278369275],
          [0.042774373256713, 51.294113466087445],
          [0.042761773082382, 51.2939589981848],
          [0.042745995181398, 51.29386214396263],
          [0.04270122100249, 51.293661471366235],
          [0.042672184866511, 51.29355675433469],
          [0.042468914967143, 51.292984718383345],
          [0.042401080393102, 51.29268462037699],
          [0.042396261838674, 51.29267301292082],
          [0.042352855045784, 51.2925676471523],
          [0.042365303651693, 51.29246040761199],
          [0.042581012166698, 51.29221471976742],
          [0.04262474392059, 51.292036787151424],
          [0.042709338495059, 51.29200383435084],
          [0.04277665480119, 51.29196938429894],
          [0.042848985216047, 51.29191865864015],
          [0.042882104342479, 51.29188930192804],
          [0.042956977525834, 51.29179896098043],
          [0.043038780850194, 51.29173547917355],
          [0.04310856364199, 51.29169199251284],
          [0.04345871348797, 51.29150241647784],
          [0.043642745784507, 51.29141556574559],
          [0.043737765528502, 51.291359047443024],
          [0.043859691159774, 51.291262488492286],
          [0.044191078845295, 51.29103816364942],
          [0.044285782479053, 51.29100683187395],
          [0.044375906865394, 51.2909692846233],
          [0.044458625612442, 51.29092647060304],
          [0.044787980739293, 51.290721065655006],
          [0.045232088797523, 51.29019349095063],
          [0.045297841945529, 51.29012399258882],
          [0.045360174756695, 51.29007433937404],
          [0.045516208920299, 51.289970887426186],
          [0.045715612293956, 51.28974616620776],
          [0.045811933314685, 51.28965454931263],
          [0.045909641075641, 51.28952963260906],
          [0.046116061632594, 51.28917258542746],
          [0.046173013519779, 51.289098743701416],
          [0.046220453297884, 51.289036759591156],
          [0.046321784549776, 51.288928866623806],
          [0.046427774471698, 51.28882898617571],
          [0.046520512693344, 51.2887536193991],
          [0.046739942359055, 51.28859239932965],
          [0.046901493840706, 51.28806526095821],
          [0.047048232023831, 51.28772094693762],
          [0.047060909189039, 51.28761910009379],
          [0.047108892610623, 51.28750494451126],
          [0.047192501972066, 51.28738566926007],
          [0.047271938707928, 51.28730154109416],
          [0.047537519331075, 51.28688859717806],
          [0.047605243196476, 51.286766901434994],
          [0.047933491412087, 51.2860866564831],
          [0.048154996762721, 51.28568257614191],
          [0.048170872196116, 51.285652620252236],
          [0.048205193779621, 51.28552161577978],
          [0.048180982752447, 51.285138921287356],
          [0.048158992943527, 51.28506376157924],
          [0.048100018585531, 51.28496316806642],
          [0.047906156244825, 51.28473183202716],
          [0.047507011686315, 51.284076900259976],
          [0.047423899161651, 51.28388499601341],
          [0.047343661513425, 51.28353206863113],
          [0.047349560178732, 51.28318123257306],
          [0.047307812687343, 51.28301648861282],
          [0.047285873119211, 51.28278125167843],
          [0.047301301992872, 51.28270903666153],
          [0.047153576066462, 51.2822250902598],
          [0.046960491691784, 51.28139839824939],
          [0.046799091308674, 51.280961454841055],
          [0.046511241359091, 51.28006717144387],
          [0.046327707174483, 51.27955147449557],
          [0.046177491076602, 51.27926901697722],
          [0.045904645584489, 51.278937441327905],
          [0.045854007756069, 51.278862783721216],
          [0.045782650263027, 51.278644597664155],
          [0.045695458496549, 51.27845726497374],
          [0.0455830769098, 51.278283862087264],
          [0.045493431033094, 51.278170316006126],
          [0.045373842102518, 51.27796376416865],
          [0.045360502853713, 51.27792172938226],
          [0.045356039722382, 51.27788583473149],
          [0.045369438358965, 51.277800165660835],
          [0.045500381175446, 51.27758474008583],
          [0.045550341163144, 51.27741839308249],
          [0.045565446416973, 51.27730661400501],
          [0.045563598511269, 51.27720052703526],
          [0.045546749550969, 51.27711178917023],
          [0.045414008636181, 51.27677056978848],
          [0.045396201595708, 51.27666026505882],
          [0.04543970615245, 51.27644546780541],
          [0.045619361979956, 51.276261566288355],
          [0.04574808921109, 51.27615769423793],
          [0.045834982700276, 51.27601588251207],
          [0.045943485827878, 51.27587639101347],
          [0.046010246257906, 51.27576550773351],
          [0.046061446636651, 51.27565939293739],
          [0.046139092029958, 51.2754386026706],
          [0.046247366567678, 51.274907012445226],
          [0.046126578400618, 51.27486685571906],
          [0.046136323337763, 51.27460228616],
          [0.046421249540165, 51.27385177187035],
          [0.046351861777256, 51.273709993336496],
          [0.046618641500602, 51.27322869149876],
          [0.046938627404234, 51.2727833306741],
          [0.046888994241759, 51.27273113877566],
          [0.047049669094117, 51.27244324561804],
          [0.047193830541244, 51.27217092938877],
          [0.047399199163757, 51.27172757143954],
          [0.047516150779447, 51.27152048150826],
          [0.047558708290879, 51.271413617646296],
          [0.047574973064582, 51.271360273407666],
          [0.047599087744852, 51.271161102365866],
          [0.04762477409818, 51.2710617281086],
          [0.04782189193411, 51.270594231989946],
          [0.047842527037479, 51.27051023443796],
          [0.047900560752274, 51.27039680445981],
          [0.047977090205287, 51.27024797746851],
          [0.04803165857337, 51.27012111826799],
          [0.048085560538422, 51.270043733193106],
          [0.04811973394019, 51.27000626326001],
          [0.048223613217897, 51.269924406434775],
          [0.048279619945932, 51.26982989739061],
          [0.048336819036247, 51.269729971543036],
          [0.048360204841575, 51.26967560324651],
          [0.048474468076834, 51.26940830489262],
          [0.048619513285188, 51.26925288247759],
          [0.048677318017296, 51.26919881105871],
          [0.048795246642137, 51.26914278800562],
          [0.048865168809421, 51.269006666442294],
          [0.048909560780401, 51.268941138528405],
          [0.048923478190788, 51.268899526284365],
          [0.048949771048113, 51.26868502829866],
          [0.048974428119945, 51.26862704033319],
          [0.049001557481487, 51.26859239136522],
          [0.049041498932107, 51.268555719487416],
          [0.049183849699538, 51.268468691713984],
          [0.049254112433943, 51.26843688487814],
          [0.049305673177046, 51.26840360677294],
          [0.049354008919122, 51.268362291239185],
          [0.049424256000829, 51.2682657336473],
          [0.049523511750142, 51.26817676198387],
          [0.049561699929657, 51.268132926075154],
          [0.049610259577162, 51.26803225149441],
          [0.049619918782602, 51.26799161303757],
          [0.049642072459666, 51.267458828580715],
          [0.049627972644019, 51.26739972043611],
          [0.049603885936402, 51.26734168647049],
          [0.04955902535472, 51.26726782849236],
          [0.049655213205173, 51.26682008297271],
          [0.049674539580409, 51.2667711814518],
          [0.049719961669261, 51.26669664210964],
          [0.049845742845097, 51.26655954201658],
          [0.049851384930275, 51.266525269165285],
          [0.049851529917775, 51.26646411306159],
          [0.049838535925935, 51.266365415719],
          [0.049794789419677, 51.266284343910336],
          [0.049702854540422, 51.2661834315895],
          [0.049676784314539, 51.266145217444524],
          [0.049639280392545, 51.26604335197749],
          [0.049635099206974, 51.26585276995038],
          [0.049658827617865, 51.26574173845683],
          [0.04967962592718, 51.265693710466586],
          [0.049996665503477, 51.265216017058926],
          [0.050099371966416, 51.26510809887588],
          [0.050123234239308, 51.26506451372014],
          [0.050212368935856, 51.264941544729425],
          [0.050357413146497, 51.26468989328233],
          [0.050387828723695, 51.26460032808531],
          [0.050405009619427, 51.264406673874305],
          [0.050437497341849, 51.26433146144142],
          [0.050512794607944, 51.26425190181748],
          [0.050623299475659, 51.26415823559876],
          [0.051041957348424, 51.26377408647684],
          [0.051094744290381, 51.2637362894965],
          [0.051124974436227, 51.26370698161343],
          [0.051162477748174, 51.26364786878715],
          [0.051180368959954, 51.263598992114915],
          [0.051306666205451, 51.26350594779386],
          [0.051342505189267, 51.263473843605205],
          [0.051466551823738, 51.263298101302304],
          [0.051542668907002, 51.263172661389554],
          [0.05174068600047, 51.2628877041429],
          [0.051785780785583, 51.262805975079786],
          [0.051803413235022, 51.262686956028446],
          [0.051930574087605, 51.262709907873095],
          [0.051942263563087, 51.26268272341524],
          [0.052285549235383, 51.261894298290926],
          [0.052389672548076, 51.26149677260107],
          [0.052408787711611, 51.26128239967754],
          [0.052520171847456, 51.26124087656592],
          [0.052602390715932, 51.26118817365484],
          [0.052651508091665, 51.261132453898924],
          [0.052676557905016, 51.26108345141796],
          [0.052781568863637, 51.26060946764564],
          [0.052792329015617, 51.260400637048896],
          [0.052756505158069, 51.26033651438529],
          [0.05278784346085, 51.25975320636814],
          [0.052854906128997, 51.259714258826335],
          [0.052886724914503, 51.259688519846314],
          [0.052927567709611, 51.25964013961846],
          [0.053038960210052, 51.25937378614725],
          [0.053067845386273, 51.25925007283164],
          [0.053069218241449, 51.25918439848557],
          [0.053060485880675, 51.25911710275148],
          [0.053008550262166, 51.25891656631842],
          [0.053008561786017, 51.25882033903382],
          [0.053036104643572, 51.25873082340983],
          [0.05314369873632, 51.25854007926891],
          [0.053222439420747, 51.25831296911091],
          [0.053251674841028, 51.25816496803595],
          [0.053358105327184, 51.2579481638493],
          [0.053419517859762, 51.257782511179485],
          [0.053497684507704, 51.25763904749767],
          [0.053606555981692, 51.25747705866766],
          [0.053546908539291, 51.25742504538472],
          [0.053627747996971, 51.257309413587784],
          [0.053887529251466, 51.257092616124865],
          [0.053959915076933, 51.25704458132906],
          [0.054246921405878, 51.25663485108278],
          [0.054266239067523, 51.25658594882874],
          [0.054320533019649, 51.25606788760207],
          [0.054296271770309, 51.25533087194576],
          [0.054284754832927, 51.25526542380111],
          [0.054240440864486, 51.25513939758726],
          [0.053976715610964, 51.25465659501838],
          [0.053920936988245, 51.25449839438161],
          [0.053835878001375, 51.25419771578961],
          [0.05383509710772, 51.25411589145917],
          [0.053843438862874, 51.25407797368192],
          [0.053877346382857, 51.2540027352011],
          [0.053900008068285, 51.25396456613426],
          [0.054315473574658, 51.25341498535017],
          [0.054561811017863, 51.25315435549044],
          [0.054699938486757, 51.25297386554023],
          [0.0547391414727, 51.25292101680921],
          [0.054850840530405, 51.2526942260213],
          [0.055043718879692, 51.25245611728934],
          [0.055130605379883, 51.25237994820151],
          [0.055221827508647, 51.252304602235306],
          [0.055491888770401, 51.25212629114094],
          [0.055847823878578, 51.25194557176076],
          [0.05607988299139, 51.2518470668969],
          [0.056228419728272, 51.25177161259801],
          [0.056471198964187, 51.25162435535919],
          [0.056725363693051, 51.25150747440419],
          [0.056997929361156, 51.25135339739446],
          [0.057049614444898, 51.25129133529461],
          [0.057099787253795, 51.251227501110705],
          [0.057276779886676, 51.250890742610565],
          [0.057296478224558, 51.250497393602686],
          [0.057290793877906, 51.250402165549886],
          [0.057298357549935, 51.250314798514616],
          [0.057320239986919, 51.25022717978855],
          [0.057385615484885, 51.25008663594539],
          [0.057485235112752, 51.249942792123406],
          [0.057821818908787, 51.24926508228955],
          [0.057935768483477, 51.249057134323635],
          [0.057988294122158, 51.24891771535632],
          [0.058079122411051, 51.24848084697607],
          [0.058096239952538, 51.24831866822352],
          [0.058188777561627, 51.247984292230754],
          [0.058221081275874, 51.24790548323417],
          [0.058233472986479, 51.247862097912886],
          [0.058242626918359, 51.24777830008702],
          [0.058101687354489, 51.247413855601096],
          [0.058015316455161, 51.2471482760469],
          [0.058026666624964, 51.246985299363025],
          [0.058010785707193, 51.24685427774478],
          [0.057859336682018, 51.24635062297919],
          [0.057809176922812, 51.24612577532362],
          [0.057735515302645, 51.245599168944715],
          [0.057690587491655, 51.245427289184626],
          [0.057651454673311, 51.24522473060159],
          [0.057592624007613, 51.24509446400259],
          [0.05761493250182, 51.24498435461245],
          [0.057607508321408, 51.24491433807951],
          [0.057506800585877, 51.244680486396575],
          [0.057490706182274, 51.24460882363424],
          [0.057491739775852, 51.244503584874714],
          [0.057431605503501, 51.24418358431171],
          [0.057364587850632, 51.24406245472603],
          [0.057299295217186, 51.24397996559624],
          [0.057260306683541, 51.24394108080487],
          [0.056992172940748, 51.24380819759423],
          [0.05687602266661, 51.24374189054347],
          [0.056712094380723, 51.24363235626488],
          [0.056336720003127, 51.243311599306935],
          [0.056267055139951, 51.243227387788465],
          [0.056238960200505, 51.243175720766864],
          [0.056151967326064, 51.24289576157509],
          [0.056160826868859, 51.24264469526864],
          [0.056147598643776, 51.2425729819624],
          [0.056098808627659, 51.24247491377751],
          [0.055901433403714, 51.24222567184842],
          [0.055827854731187, 51.24208577087405],
          [0.055763135721283, 51.24191963390078],
          [0.055743770142184, 51.2418066595461],
          [0.055621583187806, 51.241508432326185],
          [0.055618872532374, 51.24090143782241],
          [0.055596185646219, 51.240842481070054],
          [0.055392963243984, 51.24055826739473],
          [0.055296734791666, 51.24045653537317],
          [0.055232933488374, 51.24040729380021],
          [0.05509431936315, 51.240318896452976],
          [0.054727274704895, 51.24018414767864],
          [0.054618855485228, 51.24013029318814],
          [0.054335154701138, 51.23996889897897],
          [0.054203381069246, 51.23987318594121],
          [0.054058473909831, 51.23973993175809],
          [0.053985805330575, 51.23968454989421],
          [0.053731020705785, 51.23952894199199],
          [0.053630863705541, 51.23943537145649],
          [0.053557185945146, 51.23932514841909],
          [0.05351277978087, 51.239228800868],
          [0.05347304287828, 51.23891563484928],
          [0.053476967833116, 51.23887509650472],
          [0.053516271297203, 51.23879256859017],
          [0.053563973097, 51.238737772267406],
          [0.053640495888219, 51.23865459120873],
          [0.053849480275348, 51.23845756962247],
          [0.05386413640403, 51.23840065513872],
          [0.053930028510526, 51.23814319200875],
          [0.053846120413584, 51.23812487951484],
          [0.053836061315432, 51.23799555370217],
          [0.053592634575362, 51.23748361473701],
          [0.053535386889051, 51.23738839183791],
          [0.053353274041003, 51.2371271866095],
          [0.053276196009253, 51.237069183716045],
          [0.053076058929798, 51.23675703294466],
          [0.052987881271189, 51.23667494289543],
          [0.052859525186991, 51.23652700775194],
          [0.05274204795482, 51.23646251858939],
          [0.052659165980846, 51.23640281845543],
          [0.052531043053339, 51.23622789920996],
          [0.052363912135228, 51.23604557002812],
          [0.052246588330786, 51.235952299383406],
          [0.052143467799659, 51.23588845718705],
          [0.051815587440904, 51.23573142897602],
          [0.051571979714589, 51.23563317710768],
          [0.051536537830463, 51.23557714113914],
          [0.051402559516857, 51.2354958528008],
          [0.051317617744553, 51.235454174273855],
          [0.0509545173182, 51.23531035152892],
          [0.050762372185238, 51.235241773026765],
          [0.050686219793506, 51.23520443663293],
          [0.050615593369177, 51.23516250675274],
          [0.050416750248665, 51.235007710159145],
          [0.050304526412096, 51.234932334675094],
          [0.050041511777993, 51.23478405763789],
          [0.049894542705725, 51.234732672779224],
          [0.049809131048607, 51.234712585123155],
          [0.049513456326254, 51.23466740164899],
          [0.04923809500239, 51.23459578140014],
          [0.048854255455623, 51.234468503146836],
          [0.048788604777608, 51.23444177353258],
          [0.048674160980156, 51.2343808245152],
          [0.048456394455869, 51.23418678575095],
          [0.048373442267299, 51.23412528520507],
          [0.048295217902228, 51.234041218807086],
          [0.048233851069801, 51.23394966274198],
          [0.048053001590218, 51.233844909253804],
          [0.047918600964523, 51.23378610738915],
          [0.047793512505487, 51.23377570580164],
          [0.047617328358797, 51.23374371506424],
          [0.047226902414415, 51.23362913722846],
          [0.0470537766824, 51.23356921317059],
          [0.046738272331378, 51.23352886617964],
          [0.046620931065557, 51.23346706651236],
          [0.046659892616356, 51.233441204121355],
          [0.046498458529528, 51.23338647070585],
          [0.046368359553058, 51.23335996743262],
          [0.046112141205114, 51.23333207188112],
          [0.046058542791124, 51.23331861984269],
          [0.046034923292223, 51.23330284500561],
          [0.046015159319023, 51.2332771102185],
          [0.046011020732967, 51.23324840428162],
          [0.046023619899254, 51.23320951317521],
          [0.045847192186677, 51.23310737695947],
          [0.045797648986319, 51.23308845798049],
          [0.045762339655865, 51.2330674915139],
          [0.045734027674863, 51.23304280543037],
          [0.045715735205788, 51.23301794419185],
          [0.045707342639742, 51.23299021192886],
          [0.045708810096188, 51.23295871001882],
          [0.045733653775036, 51.232905215753036],
          [0.04572891366504, 51.232830654915844],
          [0.045663422946815, 51.23277514246878],
          [0.04564357969328, 51.23274761036213],
          [0.045627592014023, 51.232710118318145],
          [0.045624163862778, 51.23263283657758],
          [0.045544544913959, 51.232452565310574],
          [0.045489110585117, 51.232365400728064],
          [0.045135368183338, 51.231947103387284],
          [0.04495572611908, 51.23183692812958],
          [0.044879504492546, 51.23179779055713],
          [0.044831949156205, 51.231759051363916],
          [0.0448014899864, 51.23171821478609],
          [0.044781963403465, 51.23166549599403],
          [0.044721483609121, 51.23159370768113],
          [0.044593376886217, 51.23154738257809],
          [0.044536161451626, 51.23151690593643],
          [0.044416640158228, 51.231438055065404],
          [0.044352863215967, 51.23138880720814],
          [0.044293895440523, 51.23131879090718],
          [0.044292464138114, 51.23131881591036],
          [0.044078791480895, 51.231184052786624],
          [0.043986934409693, 51.23098600780435],
          [0.043870716123486, 51.230916991231396],
          [0.043809247920617, 51.2308874878367],
          [0.043807214537244, 51.23080928236143],
          [0.043892895046744, 51.23083566491481],
          [0.043915636344661, 51.230831670438185],
          [0.043959369027021, 51.23081651746185],
          [0.044000000142004, 51.230796022711814],
          [0.04403717122597, 51.23076209855671],
          [0.04394210654327, 51.230717893577996],
          [0.043976850653796, 51.230661528787245],
          [0.043980225994115, 51.23060840984957],
          [0.043888897977364, 51.23055154905884],
          [0.043838362773771, 51.23051016354754],
          [0.043718887473402, 51.23046458607716],
          [0.043715427599714, 51.23045115667438],
          [0.043719124104609, 51.23043760229238],
          [0.04375060984079, 51.23040467683686],
          [0.043755618139259, 51.23038840157867],
          [0.043736964834603, 51.23029070127366],
          [0.043804112729985, 51.23025445501957],
          [0.043846769662907, 51.23021503918024],
          [0.043906594452455, 51.23007819672222],
          [0.043853789828542, 51.229985589511344],
          [0.043841065397822, 51.2299570334479],
          [0.043831161312576, 51.229895153217925],
          [0.043835293426547, 51.22985910817683],
          [0.043863435910281, 51.22978307362664],
          [0.043722964701853, 51.229651527970184],
          [0.04357176322226, 51.22956873290946],
          [0.043403035181018, 51.229575276557284],
          [0.043038913812618, 51.22908340980196],
          [0.042985276244874, 51.22897193098685],
          [0.042909847052164, 51.228756511237215],
          [0.042668431210981, 51.22841538587772],
          [0.042623223444675, 51.2283001624631],
          [0.042511053689245, 51.22786954649251],
          [0.042484772112007, 51.227793562845534],
          [0.042310668876403, 51.22741978559465],
          [0.042301603084579, 51.22737677635969],
          [0.042316627382067, 51.227295575170906],
          [0.04260543376587, 51.226992858825064],
          [0.042668800161048, 51.22693599477808],
          [0.042740872777853, 51.22688167668446],
          [0.04298718374868, 51.22671909607871],
          [0.04334531810619, 51.22649430781037],
          [0.043471928089375, 51.22637788302717],
          [0.04352913004279, 51.22631123359779],
          [0.043591895032661, 51.22620851409675],
          [0.043624630645077, 51.22588058908683],
          [0.043685291243471, 51.22582736900461],
          [0.043716718703993, 51.225566915970454],
          [0.043656840322679, 51.22541147951269],
          [0.043459609906542, 51.22516221402242],
          [0.043222710501516, 51.22495500970517],
          [0.043185538319289, 51.224891806799],
          [0.043111356635062, 51.22483374667218],
          [0.042978062383044, 51.22476682597018],
          [0.042943953328286, 51.224740441759636],
          [0.042868936578345, 51.224663510269146],
          [0.042833633935596, 51.22461016716658],
          [0.04273957311158, 51.22445892421781],
          [0.042646348455354, 51.224326552382834],
          [0.042570654198103, 51.22416959275173],
          [0.042483913081321, 51.22411894603119],
          [0.042478941299353, 51.224038993036885],
          [0.04243214909355, 51.22392019974734],
          [0.042448682161088, 51.22380839509045],
          [0.042440174234013, 51.22377796659361],
          [0.042359275583995, 51.22366516449394],
          [0.042345440283524, 51.22361144656184],
          [0.042345479051881, 51.22357996956786],
          [0.042362213176837, 51.223537409307625],
          [0.042387493838715, 51.22349380055561],
          [0.042455665279185, 51.2234161682262],
          [0.042491519004839, 51.22335258979386],
          [0.042512067551163, 51.22326679540961],
          [0.042566005205294, 51.22312645881625],
          [0.042588019651582, 51.22291203557682],
          [0.04256520027878, 51.22284948124776],
          [0.042574896952414, 51.22277736611592],
          [0.042570920955332, 51.222752254459834],
          [0.042558279196827, 51.22272549541655],
          [0.042511928068044, 51.22268133828615],
          [0.042313965385809, 51.222576874633354],
          [0.04240947802752, 51.222308108551836],
          [0.04257288821017, 51.222182049018315],
          [0.042630561723378, 51.22206143228077],
          [0.042842066318135, 51.22188956666526],
          [0.042950977734387, 51.22179413566174],
          [0.042946282613914, 51.22168809744453],
          [0.042864076317817, 51.221610392110456],
          [0.042844357985729, 51.2215531796292],
          [0.042873094566772, 51.22149062463105],
          [0.042881118094934, 51.22134839142283],
          [0.043030649911112, 51.22120009042022],
          [0.043130615280143, 51.22109672151345],
          [0.043223463508906, 51.22096200045905],
          [0.043230331872046, 51.22079370699668],
          [0.043146613158022, 51.22064947830154],
          [0.043081938152238, 51.220579560926886],
          [0.043038527394519, 51.22047239999054],
          [0.043127563811323, 51.220445664404465],
          [0.043171842458318, 51.22041071699785],
          [0.043166544045909, 51.220161696814934],
          [0.043121586197669, 51.22011661625948],
          [0.043060690515738, 51.220099692987965],
          [0.04304013997062, 51.22008836057222],
          [0.042934447295622, 51.22006232677542],
          [0.042913817226931, 51.22004919707807],
          [0.042819092325271, 51.21994742849902],
          [0.042708627497008, 51.21984593460186],
          [0.042688951160738, 51.2198219963296],
          [0.042621851518836, 51.219697262260546],
          [0.042578922304235, 51.21966563594124],
          [0.042550063832838, 51.21962836806119],
          [0.0421882701264, 51.21941344886818],
          [0.042130037977571, 51.21935960634666],
          [0.042122207266601, 51.21934445449531],
          [0.042104118465471, 51.21919458306785],
          [0.042087860602947, 51.21915079990961],
          [0.041954463057024, 51.218951679170466],
          [0.041906327712385, 51.21889945899507],
          [0.041846068112585, 51.21876741051858],
          [0.041826193906212, 51.218738978930205],
          [0.041745425954586, 51.218661247680934],
          [0.041743119837344, 51.21860912712505],
          [0.041731393819478, 51.218570660786334],
          [0.041703411036639, 51.21852078687645],
          [0.041489290710105, 51.21830958411903],
          [0.041449463682124, 51.21825092353725],
          [0.041439486687816, 51.21818724558085],
          [0.041526648006478, 51.21779451900573],
          [0.041533244279936, 51.217619935043494],
          [0.041523545316699, 51.21753017183705],
          [0.041478034195444, 51.217343007065864],
          [0.041281728535917, 51.21698400361129],
          [0.04122735708947, 51.2168554491853],
          [0.041148384339467, 51.21662390142024],
          [0.041110904640197, 51.21658588417371],
          [0.041084553481434, 51.21657285392194],
          [0.041032486967242, 51.216561171519494],
          [0.040944131192711, 51.21666793367052],
          [0.040813725845333, 51.21666571139799],
          [0.040636064964323, 51.21656628658291],
          [0.040473703970668, 51.21658620500098],
          [0.040442225478404, 51.21658675389354],
          [0.040209515749821, 51.21657012692069],
          [0.040079707502365, 51.216549007587325],
          [0.039990558580238, 51.216540669181505],
          [0.039815400481854, 51.21653023271348],
          [0.039657928724796, 51.21653117893754],
          [0.039579272253473, 51.21653344923666],
          [0.03926182264205, 51.21657585414847],
          [0.038998825669169, 51.21658673233364],
          [0.038807850914388, 51.21654239559436],
          [0.038731738532847, 51.21653742639532],
          [0.038667946023691, 51.21655202766884],
          [0.03857966828097, 51.21659583387405],
          [0.03852330764955, 51.21661660087324],
          [0.038378909235039, 51.216654189960096],
          [0.038139759774297, 51.216653858897914],
          [0.037959713941356, 51.21663001490319],
          [0.037844331286872, 51.21664371554062],
          [0.037750014539885, 51.21664805597522],
          [0.037635229597247, 51.21664286017008],
          [0.037102647490042, 51.21654781105396],
          [0.036884564640328, 51.21653811744029],
          [0.036765804726445, 51.21654018457402],
          [0.036694140166735, 51.21657110963289],
          [0.036598115062686, 51.216569183597294],
          [0.036533846040108, 51.216573000095266],
          [0.036404471760063, 51.216594137411796],
          [0.036365878601272, 51.21659570834325],
          [0.036279354036553, 51.21658192549215],
          [0.036213539035955, 51.21655069504348],
          [0.036189773493083, 51.21653132343091],
          [0.036049614261553, 51.216340407335295],
          [0.036183446778717, 51.21625803873398],
          [0.036072364868786, 51.216206911393485],
          [0.036041449375885, 51.216155288458594],
          [0.036007271961692, 51.216127104719085],
          [0.035925758327981, 51.21609704657675],
          [0.035776607887493, 51.21599442043489],
          [0.035676018385402, 51.215953902084046],
          [0.035568790074239, 51.21592519035613],
          [0.035525033236135, 51.21590706568869],
          [0.035374691237471, 51.215809855717296],
          [0.035319769859335, 51.21576584474289],
          [0.035252213480048, 51.215695073751924],
          [0.035143177542554, 51.215527897038086],
          [0.03509478160068, 51.2154370075737],
          [0.034991104118983, 51.21532639500001],
          [0.034825778968728, 51.215246532070296],
          [0.034673054361715, 51.215160154540285],
          [0.034490357685694, 51.2151084722648],
          [0.034420055663666, 51.21507282220804],
          [0.034202244480428, 51.21490663638055],
          [0.034150865405747, 51.2148454761129],
          [0.034113630611935, 51.21481284835052],
          [0.034035581501201, 51.214763842859696],
          [0.033958691690905, 51.21467614619581],
          [0.033908263387038, 51.214636553094884],
          [0.033851077148021, 51.214606070680134],
          [0.033701014521588, 51.214547524701125],
          [0.033704435966876, 51.21452768009022],
          [0.033744825832165, 51.21446942133089],
          [0.033740697488157, 51.21444071468391],
          [0.03372861787025, 51.21442653542707],
          [0.033612736300328, 51.214363797973434],
          [0.033598711374959, 51.21433796128668],
          [0.033603721963314, 51.21432168636069],
          [0.033716368661835, 51.2142459840051],
          [0.033823246721823, 51.214201858174036],
          [0.033858116590352, 51.21411581623682],
          [0.033839918069212, 51.21409275009351],
          [0.033837537179769, 51.214071207675836],
          [0.033847954012252, 51.21404764417337],
          [0.033930949487834, 51.21398145021149],
          [0.034027714413042, 51.21380529918968],
          [0.03416188357837, 51.213828148027616],
          [0.034259412763118, 51.21383184853117],
          [0.034314312119849, 51.21374545824343],
          [0.034358918809446, 51.21365295159323],
          [0.03438074170016, 51.21362829041627],
          [0.03444763582279, 51.21358665778075],
          [0.034487142444302, 51.213573380358056],
          [0.034565160490152, 51.21355673535213],
          [0.03467656596051, 51.213517925953624],
          [0.034709993015964, 51.21349666023975],
          [0.034720805318356, 51.21348208302896],
          [0.03464991162895, 51.21343295352698],
          [0.03455612618067, 51.21338422200413],
          [0.034499579855147, 51.2133357422787],
          [0.034352862559602, 51.213255555178826],
          [0.034337921598041, 51.21324142572846],
          [0.03433136709997, 51.21322265385116],
          [0.034335743758823, 51.21319200070719],
          [0.03441965811777, 51.21308172346715],
          [0.034525775229221, 51.213052898723035],
          [0.034559479227842, 51.21303792351031],
          [0.034613693745751, 51.21300100785657],
          [0.034634283473085, 51.21298086469487],
          [0.034624946635772, 51.21296393986178],
          [0.03459864410928, 51.21291943093714],
          [0.034493017971648, 51.21286191199339],
          [0.034556668702093, 51.21271421529622],
          [0.034545663625769, 51.212691923511],
          [0.034514984850714, 51.212678067715494],
          [0.034463597643184, 51.21268165913686],
          [0.034327272515809, 51.21273978741291],
          [0.034298737218332, 51.21274208215009],
          [0.034266984113444, 51.21273633889385],
          [0.034253711646753, 51.21272757637792],
          [0.034289432300315, 51.21253090248708],
          [0.034378875695793, 51.21238365680093],
          [0.034117737414099, 51.2121112043852],
          [0.034062182932072, 51.21208519034181],
          [0.034038381109552, 51.21206491960447],
          [0.034024000389761, 51.212030995219976],
          [0.034061157745265, 51.211801920696416],
          [0.034051272604454, 51.211740039082855],
          [0.034120188841942, 51.21171186133725],
          [0.034595619193885, 51.211681112584856],
          [0.034594708394072, 51.21166044393747],
          [0.034575837331346, 51.211622101066176],
          [0.034548659368115, 51.21159019790362],
          [0.034517506169361, 51.21156555845524],
          [0.034448798786539, 51.211533478006366],
          [0.034206780615312, 51.211499913903246],
          [0.033946361825503, 51.21147116576995],
          [0.033862669580077, 51.211456432627685],
          [0.033765665817759, 51.21143203820911],
          [0.033700176762906, 51.21140799531573],
          [0.033622134072715, 51.211358989451256],
          [0.033587645219365, 51.21132361582586],
          [0.033556894354639, 51.211275586674475],
          [0.03354601472458, 51.211223614879835],
          [0.033551149601766, 51.211177660050716],
          [0.033580170562284, 51.211121397529055],
          [0.033608948166513, 51.21109211898914],
          [0.033643725483384, 51.21106903144726],
          [0.033987674206308, 51.21088138954193],
          [0.033985570565637, 51.210866137576225],
          [0.033967254575377, 51.2108403755148],
          [0.033933359646026, 51.21081848154703],
          [0.033865128828482, 51.210797184382436],
          [0.033744172895478, 51.210716548772645],
          [0.033748402865675, 51.21061754945731],
          [0.033771383959084, 51.21055419725193],
          [0.033792928648419, 51.210523245723216],
          [0.033883862827708, 51.21047490024781],
          [0.033992054899173, 51.21036330193016],
          [0.034011224161438, 51.2102784321197],
          [0.034020605304178, 51.21026387984082],
          [0.034121162809431, 51.210173997918325],
          [0.034183171801436, 51.21008658470124],
          [0.034202770684884, 51.21004397568583],
          [0.034240830979253, 51.2098679455343],
          [0.03428881551273, 51.20975469562225],
          [0.034313825274768, 51.20967242218766],
          [0.034423672085046, 51.209630942071],
          [0.034475229869978, 51.209533817809934],
          [0.034611872276971, 51.209418126911466],
          [0.034723282747344, 51.20928219011634],
          [0.034792551256273, 51.20926209974432],
          [0.034829034399072, 51.20924527744766],
          [0.03486516109792, 51.20922036740624],
          [0.034890917053391, 51.209187543773936],
          [0.034909406027834, 51.209119772808016],
          [0.03499502924953, 51.20895100913712],
          [0.035040219329863, 51.208904357593745],
          [0.035231221138912, 51.208787720428575],
          [0.03538974186223, 51.20848638660566],
          [0.035562565836328, 51.208477084948576],
          [0.035858873147205, 51.20834602416359],
          [0.035984539324917, 51.2082413143862],
          [0.036126127214883, 51.208237951354896],
          [0.036183152314018, 51.20823246240496],
          [0.036313537221414, 51.20820231428885],
          [0.03637918924738, 51.20816519866846],
          [0.036391953323989, 51.208097527011326],
          [0.0361972525103, 51.207967814924615],
          [0.036198167939109, 51.2079561077444],
          [0.036417092802392, 51.20788844564466],
          [0.036477497610063, 51.20786221320983],
          [0.036522047202723, 51.20783355871655],
          [0.036559285372003, 51.20780143415271],
          [0.036602764736446, 51.20774851642656],
          [0.036818034119495, 51.2076629306529],
          [0.036863974230321, 51.2076333524952],
          [0.036878957260795, 51.20761600446378],
          [0.036886311806729, 51.207587997300564],
          [0.03688508298941, 51.20756013955348],
          [0.036878845444387, 51.20754855688307],
          [0.036781138674489, 51.20747561354167],
          [0.036773272426601, 51.207459562580915],
          [0.036770533854293, 51.20742993245813],
          [0.03677649752241, 51.2074028488388],
          [0.036800503456919, 51.207362860580496],
          [0.037073881930947, 51.207134169124956],
          [0.037118628671681, 51.207110007600974],
          [0.037169375050826, 51.207092036894984],
          [0.037289662982127, 51.20706026480741],
          [0.037319387214586, 51.20705255265268],
          [0.037359643880691, 51.207023972578355],
          [0.037371567208677, 51.20700218112008],
          [0.03737077425064, 51.206984208384185],
          [0.037256354074382, 51.20675957015693],
          [0.037182927820607, 51.206685305070444],
          [0.03713854846631, 51.20662042683613],
          [0.037110301466711, 51.20656426099853],
          [0.037087462935619, 51.206468430598974],
          [0.0371212213328, 51.206260098292425],
          [0.037118406756458, 51.2061962950605],
          [0.037100732063993, 51.20612015995669],
          [0.037078326407058, 51.20606659039426],
          [0.037009910104073, 51.2059760500848],
          [0.036870166896212, 51.205891248028685],
          [0.036832462054785, 51.205847837340706],
          [0.036820308193341, 51.205799485234536],
          [0.036879899224942, 51.20556012617248],
          [0.036793810214189, 51.2053934505533],
          [0.036697117674667, 51.205181093742496],
          [0.03668360919385, 51.20516693963625],
          [0.036648366032541, 51.20514686854925],
          [0.036606168633995, 51.20513141513039],
          [0.036525467090991, 51.20511932984102],
          [0.03629159299993, 51.20504246067545],
          [0.036271213672645, 51.20500234560075],
          [0.036274633392059, 51.204982500887176],
          [0.036289298822021, 51.20495796383069],
          [0.036337780589939, 51.20492114700935],
          [0.036356341146961, 51.20488754888277],
          [0.036332225154205, 51.204860089431335],
          [0.036266906811364, 51.20480726651638],
          [0.036196381811876, 51.20476622542708],
          [0.036159986045063, 51.20475246954252],
          [0.036080319553079, 51.204731372662465],
          [0.036078747286247, 51.20459829957067],
          [0.035989770983883, 51.204366022692284],
          [0.035965901703719, 51.20427920326276],
          [0.035826676235453, 51.2042384579954],
          [0.035794097007724, 51.20421384366509],
          [0.035831816915542, 51.204127751280694],
          [0.036222010847915, 51.20382148562715],
          [0.036294940005428, 51.20368981398213],
          [0.036421975702921, 51.20364893203779],
          [0.036452938074482, 51.20357195032381],
          [0.036466422064654, 51.20345570238999],
          [0.036514549398917, 51.20337842190953],
          [0.036549160967357, 51.203351738996645],
          [0.036592592829566, 51.20333029851757],
          [0.036639281790503, 51.203317794605375],
          [0.036717638277249, 51.20330923609394],
          [0.036816107338968, 51.20323737449151],
          [0.03688496954331, 51.20320829660255],
          [0.036921130093928, 51.203184284595906],
          [0.03696043247557, 51.20313413738157],
          [0.037163955618666, 51.2030748358265],
          [0.037221651482928, 51.20305224744052],
          [0.037316581141426, 51.202997534259296],
          [0.03737492429207, 51.20285982058233],
          [0.037440098749132, 51.202747169096504],
          [0.037584470075086, 51.20254770232584],
          [0.037644553232205, 51.20248190442151],
          [0.03767424101642, 51.202408541868785],
          [0.037683311540493, 51.20228967263938],
          [0.037741527704753, 51.202214014588726],
          [0.037809158662525, 51.20215707842426],
          [0.037933449884058, 51.20208656478881],
          [0.037988643121085, 51.202039737752166],
          [0.038102609427925, 51.201897457538394],
          [0.03813173538329, 51.20187626566271],
          [0.038189468933645, 51.201854575459905],
          [0.038300443769818, 51.20183915238905],
          [0.03833505316, 51.20181246897197],
          [0.038362476208161, 51.20172025979877],
          [0.038387588425813, 51.2017054330757],
          [0.038463837199189, 51.20168162152526],
          [0.038575847736638, 51.20162481106219],
          [0.038824235476816, 51.20134978552146],
          [0.038886343005083, 51.20126506579379],
          [0.039158176425963, 51.200872718316965],
          [0.03887022528761, 51.20051081044494],
          [0.038661740269419, 51.20016550421026],
          [0.038603823287866, 51.20002082230731],
          [0.038377327245501, 51.19988357396326],
          [0.038309119003039, 51.19976515169247],
          [0.038307977192213, 51.19964196376024],
          [0.038410409810265, 51.19956283714404],
          [0.038478916512194, 51.19942854320835],
          [0.038506028597851, 51.199232017514014],
          [0.038511609358136, 51.19900169249731],
          [0.038516701195504, 51.19892246298149],
          [0.038562354069654, 51.19888659382081],
          [0.038555762994534, 51.19883454767066],
          [0.038386790792849, 51.19883299488479],
          [0.038463518693348, 51.19872283954701],
          [0.038616680584053, 51.19869049324827],
          [0.038697019347015, 51.19862973784072],
          [0.038696833447922, 51.19846336551038],
          [0.038863741763494, 51.19841818877274],
          [0.039038155872413, 51.198413350726675],
          [0.039158499387569, 51.19838337428089],
          [0.039323611435567, 51.198459637401974],
          [0.039392748723207, 51.198339721118664],
          [0.039203562577098, 51.19823689784832],
          [0.039526177897179, 51.19805500649373],
          [0.039626860974581, 51.197903963025055],
          [0.039681930411367, 51.19782206354109],
          [0.039814388586583, 51.19780716377854],
          [0.040023202592599, 51.19786827476613],
          [0.040444690192245, 51.19788340831965],
          [0.040482557906847, 51.197736157495875],
          [0.040677433871922, 51.197611349522475],
          [0.040647366946232, 51.19738434396486],
          [0.040472799433527, 51.1973532140107],
          [0.040406772860226, 51.19728421789026],
          [0.04045520503798, 51.19721412502431],
          [0.040649638822353, 51.19717655958989],
          [0.040608918598167, 51.197129605407],
          [0.040388828112349, 51.196975162029496],
          [0.040419392027797, 51.19666256222697],
          [0.040562065164327, 51.196425349421176],
          [0.04061951651086, 51.19630024015734],
          [0.040786849690431, 51.19632969738956],
          [0.040860108914039, 51.196303238360954],
          [0.040862017546785, 51.1962492453825],
          [0.040776088265846, 51.196183294616205],
          [0.040777123641117, 51.1961095316524],
          [0.040873265732701, 51.196082673477115],
          [0.04094135857281, 51.19610127091784],
          [0.041003848850354, 51.196155039850105],
          [0.041093951605176, 51.19615346803367],
          [0.041149892401546, 51.19599421036805],
          [0.041240870650139, 51.19591528093553],
          [0.041399305888547, 51.19584057044307],
          [0.041429620409995, 51.19571683354519],
          [0.041509276440244, 51.195576047788066],
          [0.041470386514738, 51.19540855196778],
          [0.041539197877503, 51.19518431786243],
          [0.041810733078135, 51.19507795538833],
          [0.04186623230223, 51.195005939885725],
          [0.041904769547333, 51.194776837896775],
          [0.042210586170724, 51.19447472186042],
          [0.042251981381225, 51.19434269732369],
          [0.042453353494372, 51.19417100766418],
          [0.042533798452562, 51.19404819392401],
          [0.042343511027273, 51.19385546212573],
          [0.042253651149006, 51.1938624266807],
          [0.042142616991871, 51.19394080771897],
          [0.042065113316138, 51.193709234363105],
          [0.042153026758516, 51.19362586098652],
          [0.042382958802473, 51.19364702857504],
          [0.042514212282677, 51.193605166791116],
          [0.042522594192977, 51.19353577214638],
          [0.042459231762038, 51.19342985817845],
          [0.042669259926023, 51.193356943138035],
          [0.042631003587958, 51.19320382582602],
          [0.042772186372922, 51.19309524004458],
          [0.04277472795501, 51.192990873517964],
          [0.04297398834086, 51.19293343450031],
          [0.043075444664963, 51.19283273665616],
          [0.043245386725345, 51.19275962121733],
          [0.043468045916379, 51.19281059151114],
          [0.043590595394626, 51.19273380667291],
          [0.04376717184803, 51.19271363499653],
          [0.04383486031511, 51.19262611695278],
          [0.044050804053159, 51.19262234437216],
          [0.044192737150976, 51.19253083096384],
          [0.044197580321073, 51.19244620939592],
          [0.044388772965397, 51.19240060016639],
          [0.044370735831359, 51.19234875424985],
          [0.044225460068644, 51.192267655076904],
          [0.044223154032142, 51.19221553427288],
          [0.0444761953552, 51.19214456228771],
          [0.044675844339131, 51.192031355047924],
          [0.044680051799033, 51.19196473111337],
          [0.044541691391838, 51.19194286720292],
          [0.044544865123178, 51.191852878764564],
          [0.044799534563501, 51.19181875012861],
          [0.044987551088648, 51.19186312836497],
          [0.045080270522868, 51.19192086342737],
          [0.045168027650298, 51.19202814830265],
          [0.045279774150639, 51.1920630673534],
          [0.045389332762331, 51.192048561407226],
          [0.0455147414424, 51.192036476229546],
          [0.045682857864815, 51.19208389927262],
          [0.04586380061769, 51.19206544670331],
          [0.045982180754484, 51.192088557796446],
          [0.046016786160863, 51.192158999683066],
          [0.046092381136093, 51.19215318100024],
          [0.046180605304366, 51.19210936953431],
          [0.046392199426679, 51.19191051407165],
          [0.046545969932404, 51.191892535714466],
          [0.04691364338593, 51.19176019735611],
          [0.046966111304087, 51.19168463498021],
          [0.04712727000297, 51.19167192256624],
          [0.047203823016763, 51.19172004620169],
          [0.047234060162065, 51.19178876551854],
          [0.047407535709433, 51.191795622455665],
          [0.04757672839125, 51.19186730586233],
          [0.04770221559449, 51.19185701561648],
          [0.047823042647246, 51.191741585173915],
          [0.047791052186728, 51.19163332616387],
          [0.047644737245445, 51.19152886677593],
          [0.047449718060046, 51.19139108501516],
          [0.047498365277345, 51.19126162943941],
          [0.047582531582707, 51.19119090799931],
          [0.047434887970603, 51.19053967880803],
          [0.047440195798412, 51.19040108905113],
          [0.047325076219409, 51.189999304323656],
          [0.047242603522517, 51.18991441181574],
          [0.047048989124154, 51.18984045727667],
          [0.046841990921472, 51.189787421173946],
          [0.046731115559827, 51.18967514598452],
          [0.04653208139785, 51.18938184881406],
          [0.046457164809791, 51.18937056867003],
          [0.046366226121017, 51.18919139395584],
          [0.046180909668607, 51.189013869866024],
          [0.045890771432089, 51.18886066185658],
          [0.045698832282112, 51.18879207179712],
          [0.04516722969064, 51.18861520472017],
          [0.045346444685045, 51.18849336007515],
          [0.045375829343648, 51.1883489534919],
          [0.045556275962418, 51.18825496621921],
          [0.04596809294637, 51.188118261432066],
          [0.046124862471841, 51.188006700723086],
          [0.046178237667437, 51.18788705557735],
          [0.046255014185143, 51.18784344419432],
          [0.046542119522092, 51.187895979324715],
          [0.046756050599558, 51.18784727027283],
          [0.046859119620028, 51.187783413225674],
          [0.046853632600681, 51.18772415340606],
          [0.046789754091319, 51.18763893525852],
          [0.04659948178217, 51.187510961707986],
          [0.046286316435828, 51.18738693610316],
          [0.046257078591904, 51.18734068230924],
          [0.046453558740311, 51.18715648009773],
          [0.046600547545755, 51.18698573397119],
          [0.047056615301253, 51.18662072042572],
          [0.047138379049915, 51.186431329579804],
          [0.047358811810689, 51.18633574039296],
          [0.047375768076312, 51.186298571085864],
          [0.047460628635843, 51.18611452178297],
          [0.047476625734658, 51.18602340939116],
          [0.047426410317695, 51.18592356315863],
          [0.047346877606836, 51.18577566610024],
          [0.047317911789148, 51.185670951289],
          [0.047360200704616, 51.18555959351421],
          [0.047512552719779, 51.18547778605587],
          [0.047550482249775, 51.185461833588164],
          [0.047656527662, 51.18543299759059],
          [0.047955126673343, 51.18538999891795],
          [0.048060853056337, 51.18535397348676],
          [0.04820430535467, 51.18526512626579],
          [0.048267330668297, 51.18520196897107],
          [0.048310541004647, 51.18517603115253],
          [0.048365389291054, 51.18515438620344],
          [0.048806825368155, 51.184911930962585],
          [0.048914139156344, 51.18487947432461],
          [0.049012479794683, 51.18487055735808],
          [0.049084290839656, 51.18487649427331],
          [0.049367100517441, 51.18499384963474],
          [0.04943680927406, 51.18501691045731],
          [0.049616891069238, 51.18475384890679],
          [0.049656642693593, 51.18471448122414],
          [0.049688447935929, 51.18465726611942],
          [0.049690505518625, 51.18460686750954],
          [0.049637631526179, 51.18454394132057],
          [0.049557810453593, 51.184357379455996],
          [0.049520770049573, 51.184199746022685],
          [0.049493733826946, 51.18400956138487],
          [0.049510075287156, 51.1838617847598],
          [0.049542677201606, 51.183822542400236],
          [0.049629372783906, 51.18377695635693],
          [0.049649066393457, 51.18373704078468],
          [0.049649420155636, 51.183712752661336],
          [0.049593164716598, 51.18360581856532],
          [0.049590937864155, 51.18358787096664],
          [0.049598520387146, 51.183565254860724],
          [0.049616111532626, 51.183542463407804],
          [0.049721224611812, 51.1834282054976],
          [0.049750009931026, 51.18336744600952],
          [0.049811062269514, 51.18290501968179],
          [0.049946193752116, 51.18275785968042],
          [0.050134739025523, 51.18258907889358],
          [0.050201887991781, 51.18252225100389],
          [0.05024763538984, 51.18248907337902],
          [0.05035450404733, 51.18244673056477],
          [0.050482927687752, 51.18234195603204],
          [0.050562151821551, 51.182289305579985],
          [0.050641933965861, 51.18224923592386],
          [0.050691098508457, 51.182228588856525],
          [0.050923819247036, 51.182152562822374],
          [0.051177574863645, 51.182002422383775],
          [0.051411904491966, 51.18183373607315],
          [0.051404651548935, 51.181702560934845],
          [0.051768512285527, 51.18164761618803],
          [0.05179896934403, 51.18162459874895],
          [0.051889143521798, 51.18152858744688],
          [0.052008770224561, 51.181354717003],
          [0.052286391175935, 51.18122663878309],
          [0.052280652138206, 51.181129611702964],
          [0.052346053732235, 51.1810879944733],
          [0.052387309498076, 51.1810503981353],
          [0.052415498166885, 51.181008534373],
          [0.052429469369353, 51.180968718695695],
          [0.052432401814744, 51.18093808999086],
          [0.052404106252037, 51.180848653287754],
          [0.052556626510831, 51.18073895701926],
          [0.052570045732556, 51.18071893629312],
          [0.052600168704018, 51.18062397800573],
          [0.052601112622202, 51.18058079354733],
          [0.052590133087946, 51.18049465039175],
          [0.052620309646462, 51.18046534233364],
          [0.052637539001262, 51.180434462773164],
          [0.052647539995734, 51.1804019113748],
          [0.052635947958955, 51.180237537150525],
          [0.052567480590564, 51.18004897954335],
          [0.052464282775481, 51.17994826635036],
          [0.052417641274227, 51.179864547490794],
          [0.052318267868947, 51.17981772695041],
          [0.052245659708371, 51.17976144349036],
          [0.052203587309884, 51.17949058348194],
          [0.05222618297364, 51.17929053555157],
          [0.052204019768044, 51.17927473637763],
          [0.052155883143197, 51.179253996830724],
          [0.052106755734877, 51.179243167288355],
          [0.051960331051349, 51.17923224569439],
          [0.051897897889733, 51.17921175680156],
          [0.051905698769121, 51.17909740489856],
          [0.051889919782269, 51.17903203046486],
          [0.051883842117428, 51.17902404308103],
          [0.051813263739188, 51.17898121372099],
          [0.051807066428412, 51.178970530437546],
          [0.051818577159947, 51.17893975128782],
          [0.051843632929608, 51.178924023204395],
          [0.05188015946858, 51.17887661732878],
          [0.051788209926554, 51.17880358552033],
          [0.05174649800369, 51.17873416923118],
          [0.051684737431447, 51.178696581133316],
          [0.051736066459962, 51.17859585514679],
          [0.051678002977836, 51.17857708816467],
          [0.051661718440583, 51.1785647831157],
          [0.051693225528133, 51.1784365254968],
          [0.051671031808359, 51.1782588470995],
          [0.051742755380536, 51.17806962894568],
          [0.051609155127249, 51.178025206740465],
          [0.051604587046225, 51.178018991530784],
          [0.051610937537901, 51.17800089353252],
          [0.051632934199634, 51.177980722480946],
          [0.05166672684617, 51.177968438536325],
          [0.051725421472991, 51.17796920782445],
          [0.051790306968643, 51.17794828454827],
          [0.051801777590344, 51.17791660676667],
          [0.051797801497703, 51.177891495220216],
          [0.051773132556886, 51.1778514579608],
          [0.051785587751231, 51.177777494331366],
          [0.05177744246872, 51.17775515389995],
          [0.051756271040841, 51.1777294445995],
          [0.051691572808695, 51.17769010936277],
          [0.051536624587795, 51.17751925572552],
          [0.051506277495816, 51.17748021731514],
          [0.051426468002849, 51.177326032488104],
          [0.051311403358164, 51.17721563370903],
          [0.051220859565493, 51.17720642934173],
          [0.05116299740797, 51.17719215523426],
          [0.051075346991115, 51.17715142341979],
          [0.051049295111239, 51.17714468552048],
          [0.051022012987307, 51.1771424658419],
          [0.050903480966699, 51.177179617826745],
          [0.050902951352611, 51.177103183930534],
          [0.050883797045298, 51.177026177211474],
          [0.050864927509238, 51.17698783675347],
          [0.050813291209327, 51.17692039276741],
          [0.050846474076406, 51.17682987789891],
          [0.050838050356282, 51.17680124696109],
          [0.05067244689785, 51.17651906184959],
          [0.050541158661292, 51.17649438319951],
          [0.050547264814715, 51.17643851761085],
          [0.050539872335746, 51.1764008752589],
          [0.050498831420317, 51.17628198351246],
          [0.050411029184122, 51.176270032475166],
          [0.050319889561136, 51.1762473478842],
          [0.050257222025749, 51.176221466239916],
          [0.050169135860749, 51.176170848737776],
          [0.050010084157402, 51.17610079012957],
          [0.049865209116609, 51.176027784904285],
          [0.04981985637274, 51.176005196956986],
          [0.049723552266837, 51.17596281709863],
          [0.049335522836225, 51.17582662142232],
          [0.04869703107413, 51.17559138777182],
          [0.048644833895552, 51.175446610005416],
          [0.048627340470432, 51.17527784178973],
          [0.048630171332336, 51.17505116035552],
          [0.048661322273229, 51.17488243960533],
          [0.048284349020114, 51.17444656892894],
          [0.048230569524073, 51.17433059730023],
          [0.048136695211927, 51.174310656924085],
          [0.048088724846314, 51.17429351013475],
          [0.047923089021954, 51.174203778664655],
          [0.047904226656632, 51.17419781354636],
          [0.047859513578728, 51.174189602969356],
          [0.047756309749062, 51.17418511426961],
          [0.047569719645962, 51.17420366903873],
          [0.047288805614738, 51.17406289375834],
          [0.047261320412374, 51.173991428158565],
          [0.047259370539562, 51.17394739498024],
          [0.047274130930125, 51.17382842474142],
          [0.047061000616354, 51.17366757664659],
          [0.046970305437986, 51.1736547743779],
          [0.046912449035464, 51.17364049810171],
          [0.046860032173292, 51.17361983129044],
          [0.046814524149654, 51.17359364757574],
          [0.046760993458833, 51.173547818894676],
          [0.046693523303072, 51.173477952094046],
          [0.046644915233953, 51.17341405058133],
          [0.046632325654832, 51.173388190196064],
          [0.046750655304493, 51.173378925232306],
          [0.046730873105996, 51.173287539415945],
          [0.046627469885228, 51.17324618058659],
          [0.04661829108996, 51.17316809922973],
          [0.046448448343916, 51.17301548603189],
          [0.046441972217431, 51.17296613602731],
          [0.046319897734611, 51.17279380099416],
          [0.046349001906305, 51.17277260721922],
          [0.04637111538032, 51.172722757081445],
          [0.046322789356976, 51.17269752181164],
          [0.046294555527477, 51.17267373372062],
          [0.04627902787188, 51.17264612602786],
          [0.046276484777379, 51.17262098919746],
          [0.046300341217196, 51.17251355128831],
          [0.046314350403737, 51.172409882961205],
          [0.046313428575764, 51.1722920864958],
          [0.046319780419812, 51.17227398872725],
          [0.046366433115297, 51.17222910531158],
          [0.046363372949135, 51.172192286200456],
          [0.046330294231694, 51.17215599221386],
          [0.04635459259146, 51.17212319117448],
          [0.046359514944462, 51.17210511840964],
          [0.046354232258015, 51.17208272750212],
          [0.04634033309141, 51.17205958799268],
          [0.046313727964779, 51.17204026808008],
          [0.046264251644585, 51.17202134824215],
          [0.046185702355815, 51.17189501699733],
          [0.046175731503003, 51.17183133877879],
          [0.046204634034693, 51.17177327591361],
          [0.046343442040728, 51.17167731715589],
          [0.046377666678015, 51.171642543796175],
          [0.046404783847111, 51.171608794096656],
          [0.046428920364537, 51.171540022551966],
          [0.046561614224774, 51.171467553138875],
          [0.046516538624803, 51.17135412646215],
          [0.046440530503195, 51.17122055625895],
          [0.04641181547041, 51.17112123265069],
          [0.046342122296743, 51.171001041904496],
          [0.046270878476655, 51.170845804258356],
          [0.046188995226682, 51.17070873933725],
          [0.046222421662051, 51.17062361732864],
          [0.046237742934147, 51.17054960401449],
          [0.046241032407145, 51.17046231117246],
          [0.046234835316998, 51.17041925159278],
          [0.046187218733489, 51.17028068791257],
          [0.046246851205473, 51.17020589947612],
          [0.046270154422397, 51.17015063251774],
          [0.046255961676877, 51.16989457087047],
          [0.046205372003552, 51.16981811318216],
          [0.046266671858446, 51.16974869155633],
          [0.046236926500106, 51.1696583792498],
          [0.046233628063618, 51.16961616829303],
          [0.04624128742979, 51.16956297365458],
          [0.046319648352431, 51.16932957491081],
          [0.046313292298626, 51.16928292077693],
          [0.046250671815568, 51.169193183571295],
          [0.046330075275993, 51.16911265320879],
          [0.046417420651938, 51.16904997051294],
          [0.046514855685344, 51.16905366188625],
          [0.046873977372259, 51.16899072035179],
          [0.047005435628569, 51.168955144621464],
          [0.047028461657904, 51.168925963005094],
          [0.047034653668635, 51.16890427064541],
          [0.047022420429024, 51.16885412205767],
          [0.046878445588725, 51.16876850683377],
          [0.046832465084915, 51.16873153941867],
          [0.046763294290737, 51.16865540709656],
          [0.046684028631586, 51.16844814869736],
          [0.046706259129458, 51.16840099439409],
          [0.046729643058648, 51.1683799005714],
          [0.046779985493949, 51.1683538383647],
          [0.04683779013159, 51.16830246422489],
          [0.046795220455657, 51.16821327577637],
          [0.046744316187824, 51.16816200515079],
          [0.046861396702684, 51.16809250646188],
          [0.046903759454806, 51.16808007383161],
          [0.046927501140306, 51.168067067706616],
          [0.04693968885521, 51.16805156576276],
          [0.04694381501612, 51.16801552022001],
          [0.046931226829625, 51.16798965983371],
          [0.046915740229779, 51.16796295083222],
          [0.046875278926108, 51.16792139018831],
          [0.0469772327922, 51.167865646072],
          [0.047029438671724, 51.16781706780253],
          [0.047072432036607, 51.16775426139577],
          [0.047086563293801, 51.16771804075092],
          [0.046944697483318, 51.167647677385816],
          [0.046983877494611, 51.16756335373654],
          [0.046991734617292, 51.16751465222844],
          [0.046986250595359, 51.1674553921847],
          [0.04700687822697, 51.16724278848571],
          [0.047034063910502, 51.16711370810251],
          [0.046923726867765, 51.16707696765674],
          [0.046871747338805, 51.166969057961204],
          [0.046818023124601, 51.16688636009429],
          [0.046815992154521, 51.16680815366335],
          [0.046802174004242, 51.16678681146608],
          [0.04680165190158, 51.16671037729725],
          [0.046759006946266, 51.166651767524215],
          [0.046751616911798, 51.16658174885927],
          [0.046703456327781, 51.16656010823075],
          [0.046651840683953, 51.166525038040454],
          [0.046632186269028, 51.16650109994067],
          [0.046612966938171, 51.16645467089949],
          [0.0464925778688, 51.166287702636716],
          [0.046484278290512, 51.16626176718484],
          [0.046450132529903, 51.1662335859227],
          [0.046388077374357, 51.166221181584035],
          [0.046391689201454, 51.166205829734196],
          [0.046438331416141, 51.16609619442922],
          [0.046462229037532, 51.16605440701195],
          [0.046501609938275, 51.166006952700286],
          [0.046506412382267, 51.165986184016994],
          [0.046495172498139, 51.16592612535062],
          [0.04649985564079, 51.16590266075532],
          [0.04654765520767, 51.165883837794446],
          [0.046583702513803, 51.16585802577269],
          [0.046571150259438, 51.16576831208139],
          [0.046581031052559, 51.16570068921908],
          [0.046624222090774, 51.16564237620059],
          [0.04666248656611, 51.165537384042565],
          [0.046795486381847, 51.165536855513096],
          [0.046752616589551, 51.16511761705677],
          [0.046830347166156, 51.1650640955767],
          [0.046857778509036, 51.16503753489866],
          [0.046880802803681, 51.1650083533336],
          [0.046944750002445, 51.16486963631204],
          [0.046997114435354, 51.164857028609475],
          [0.047169812481298, 51.16484861025203],
          [0.047237975100355, 51.16480514861553],
          [0.047341549996573, 51.16475387245505],
          [0.047533497841582, 51.16469565329445],
          [0.04788106795242, 51.16459873600332],
          [0.048127245167723, 51.164537767752165],
          [0.048191042635289, 51.16452495932112],
          [0.048306888870777, 51.164524729425004],
          [0.048359491327719, 51.16451751294101],
          [0.048417412628805, 51.164501209956825],
          [0.048501533741281, 51.1644628641706],
          [0.048624004671583, 51.164418450697845],
          [0.048279469409808, 51.163550332104364],
          [0.047443132527377, 51.16152348705642],
          [0.047480036665942, 51.16135556499656],
          [0.047513650585051, 51.16124255987556],
          [0.047588106028484, 51.161050597760074],
          [0.047748496911959, 51.160764499778004],
          [0.047965853887785, 51.16050528351962],
          [0.048006956645334, 51.16027073703449],
          [0.048001989776242, 51.16022315930034],
          [0.048010362117287, 51.16018614001627],
          [0.048090735767859, 51.16006332263158],
          [0.048305710441329, 51.15984731544321],
          [0.048365406238295, 51.159774323332876],
          [0.048450764060274, 51.159505726301475],
          [0.048485332992867, 51.159446664193545],
          [0.048550545191941, 51.159369078730506],
          [0.048786222403671, 51.15903939203263],
          [0.048861986444554, 51.158909460180055],
          [0.048876826372043, 51.158857038880974],
          [0.048900797690462, 51.15881704832133],
          [0.048941917431094, 51.158776757372415],
          [0.048986412660132, 51.15874809861409],
          [0.049512020220207, 51.15844211018988],
          [0.049635739459842, 51.15836170031917],
          [0.05035373794075, 51.15778253640549],
          [0.050406446888723, 51.15774563909439],
          [0.050485948328347, 51.15770017807592],
          [0.051287489374483, 51.157392941144394],
          [0.051427280310336, 51.15732034144513],
          [0.051459150806145, 51.15729729912566],
          [0.051494032946244, 51.157245425279115],
          [0.051380893772411, 51.156500062776644],
          [0.051348472151535, 51.15631716718376],
          [0.051325347378892, 51.15618267258974],
          [0.051218031370438, 51.155568510578036],
          [0.051206270148188, 51.15549677008076],
          [0.051208843624315, 51.155458053568616],
          [0.051236887825868, 51.15534874228268],
          [0.051273010760588, 51.15513136916517],
          [0.051351717302288, 51.15464884481958],
          [0.051433951378929, 51.15437490413578],
          [0.051416400492261, 51.15433384257106],
          [0.051364237305941, 51.15428619338717],
          [0.051292747032781, 51.15425417183198],
          [0.051166759582302, 51.154218609293274],
          [0.051138558452909, 51.15409859301778],
          [0.051139652402979, 51.1539942510178],
          [0.051059140477543, 51.15388774276418],
          [0.050981959462232, 51.15375959201778],
          [0.050962218153831, 51.15366910539506],
          [0.050932798734383, 51.153618359200486],
          [0.050840976462287, 51.153514747137386],
          [0.05091124925891, 51.153390306075785],
          [0.05091727819865, 51.153365018987394],
          [0.050917472145569, 51.15333713621216],
          [0.050883044145296, 51.15323791376028],
          [0.050902684531621, 51.153197099306595],
          [0.050930858231267, 51.15315523588024],
          [0.050980464818356, 51.15311299660644],
          [0.051033048552143, 51.153073403106525],
          [0.051109882975815, 51.153032484967966],
          [0.05114972630135, 51.15299581284328],
          [0.051184087767133, 51.15293225679921],
          [0.051187516030069, 51.15278380643586],
          [0.051212308168534, 51.15269793483146],
          [0.051194685844641, 51.15246171882828],
          [0.05117801121201, 51.151956585064326],
          [0.051154820532265, 51.151885044981974],
          [0.051189574213631, 51.15179809932878],
          [0.051223132575207, 51.1516841945777],
          [0.051328877538629, 51.15152135898886],
          [0.051375903329577, 51.15148546012083],
          [0.05142209788651, 51.1514630658381],
          [0.05147714417262, 51.151446811618804],
          [0.051553577088697, 51.15139690683218],
          [0.052414113425038, 51.15074597881498],
          [0.052653658670522, 51.15066623069391],
          [0.052894518811162, 51.15061613706197],
          [0.053241227928941, 51.15056688271836],
          [0.053372190291903, 51.150521415512735],
          [0.053455531084936, 51.15049836831853],
          [0.05360423662498, 51.15046607937001],
          [0.05416967367865, 51.15044805561208],
          [0.054340328907449, 51.15042707152534],
          [0.054384182044059, 51.15041640858381],
          [0.054447287628731, 51.1504206960768],
          [0.054561717333147, 51.15045375987981],
          [0.054682365207963, 51.150433653763436],
          [0.054708274753955, 51.15040531930093],
          [0.054745566548665, 51.15034350959406],
          [0.054758417496557, 51.15031090788269],
          [0.054734351827249, 51.15025197479476],
          [0.054704858527286, 51.15007082795056],
          [0.054682070144862, 51.1500406510218],
          [0.054676865949901, 51.15002005782046],
          [0.054695272277164, 51.14998376119164],
          [0.054728445105904, 51.14995799711803],
          [0.054684401035743, 51.14983556245049],
          [0.054725388029767, 51.14979257379695],
          [0.054735620794971, 51.14976541407369],
          [0.054731909216406, 51.14968184143214],
          [0.054771898280358, 51.149616387002226],
          [0.054806140359503, 51.14958251013718],
          [0.054807840449403, 51.149556399648944],
          [0.054805174471703, 51.149528567204335],
          [0.054750714404924, 51.14949355072716],
          [0.054729594490825, 51.149468740480856],
          [0.05468222248696, 51.14936794822753],
          [0.0547414235419, 51.14931654560031],
          [0.054723592224439, 51.14926919428235],
          [0.054648827090478, 51.149131111318965],
          [0.054593098510338, 51.14909971437295],
          [0.054604856022493, 51.1489780980334],
          [0.054601471908353, 51.14893409022313],
          [0.054525805563088, 51.148840090258695],
          [0.05448872287785, 51.148777788431794],
          [0.054454186289576, 51.14874062316015],
          [0.054371384676639, 51.14867912437218],
          [0.054385952522053, 51.14852418339842],
          [0.054311883289161, 51.148466128504154],
          [0.054274035504581, 51.14835437678153],
          [0.054249420598802, 51.148315238512495],
          [0.054186183106217, 51.14824350330412],
          [0.05408662973027, 51.1481589158828],
          [0.053788124092843, 51.14787637174441],
          [0.053527992933052, 51.147749636839784],
          [0.05335102032565, 51.147692488673485],
          [0.053293746068383, 51.147658420217695],
          [0.053157920142476, 51.14756187810263],
          [0.053076265219327, 51.14746168693518],
          [0.052705189632718, 51.14660663967158],
          [0.052461352262769, 51.146137869951524],
          [0.051998013215877, 51.145168425165],
          [0.05185141673161, 51.14492547911745],
          [0.051812798659503, 51.1448928812649],
          [0.051754618450012, 51.14487051922007],
          [0.051556395134846, 51.14484971428842],
          [0.051283451796611, 51.144852702799575],
          [0.051260275429466, 51.14484591459904],
          [0.051211697442221, 51.14481439054988],
          [0.051159181483726, 51.14472627756239],
          [0.051066640998635, 51.14473509505671],
          [0.051003503692571, 51.14472990688721],
          [0.050947031473319, 51.14471380981507],
          [0.050917862026519, 51.144700831302906],
          [0.050833683767188, 51.144640253339034],
          [0.050732193157767, 51.144511629540105],
          [0.050700997961564, 51.14448519649325],
          [0.05064361024808, 51.1444484306604],
          [0.050641410085854, 51.14433425392998],
          [0.050620205253744, 51.14424289371962],
          [0.050604446016049, 51.14420989468563],
          [0.050566660724447, 51.14416379180734],
          [0.050516177533145, 51.14412150885885],
          [0.050488317715701, 51.144105809275054],
          [0.050264144858932, 51.14408006103369],
          [0.049890705208054, 51.14391213582423],
          [0.049893513663232, 51.1438464352727],
          [0.049981271164797, 51.14369740655441],
          [0.049986229100925, 51.14368023232581],
          [0.049985592177282, 51.1436658541559],
          [0.049945782295161, 51.14360629654803],
          [0.049941691149446, 51.143578488917086],
          [0.049960563032057, 51.14345584882906],
          [0.049995949635907, 51.14338328195834],
          [0.050008085629331, 51.14333450525362],
          [0.050012835443125, 51.143248086002274],
          [0.050032273395455, 51.143202778648224],
          [0.050051144909374, 51.14308013854859],
          [0.050043555191462, 51.14300562690244],
          [0.050033033319049, 51.142961743982],
          [0.049919762188829, 51.142825231867455],
          [0.049925825716334, 51.142768467591864],
          [0.049941535220517, 51.14273581626334],
          [0.050016363117994, 51.14264996745891],
          [0.049944577953712, 51.14264313159061],
          [0.049879895695183, 51.142635271862794],
          [0.049782870175562, 51.14260729423808],
          [0.049691045790577, 51.14259991005846],
          [0.049490179205923, 51.14261602051682],
          [0.049324349442791, 51.142616228094404],
          [0.049132571134462, 51.14264387004265],
          [0.049034149657011, 51.14255206356124],
          [0.048792727029094, 51.142556292613406],
          [0.048591100977611, 51.14252295147663],
          [0.048502926101134, 51.14250111310125],
          [0.048436696406084, 51.14249058167052],
          [0.04836919732779, 51.14248366978345],
          [0.048158884675772, 51.14248015810883],
          [0.04794071358892, 51.142460595643776],
          [0.047699566864416, 51.14243873701069],
          [0.04735957595248, 51.14244468879449],
          [0.047326560666379, 51.142441669362995],
          [0.047302076831152, 51.14243760125621],
          [0.047298663218766, 51.142425070334866],
          [0.047300884231952, 51.142410642118946],
          [0.047332150323348, 51.14237412149084],
          [0.047332942793095, 51.14235971827943],
          [0.047320361692354, 51.14233385781992],
          [0.047297979666585, 51.14231266558095],
          [0.047273098377163, 51.14229961108738],
          [0.047239765185573, 51.14228940252572],
          [0.047170877798425, 51.142283413587464],
          [0.047042941381324, 51.14223529005248],
          [0.047038093924434, 51.14215803283572],
          [0.046906070706056, 51.142114477811624],
          [0.046539030821595, 51.14228457820119],
          [0.04637324001944, 51.14225330428177],
          [0.046232449583252, 51.142237780765655],
          [0.046005073411872, 51.14220398654266],
          [0.045937614757683, 51.1421979719498],
          [0.045858094061855, 51.142210154779704],
          [0.045783731175692, 51.142209656805626],
          [0.04574047803653, 51.142201420079786],
          [0.045696946795285, 51.14218689293358],
          [0.04562916862214, 51.14214131349294],
          [0.045278495593139, 51.141937903478265],
          [0.045240043268019, 51.14190889816614],
          [0.045200678845958, 51.14189160000275],
          [0.045044452702897, 51.14185026473017],
          [0.044995125919148, 51.14176928867395],
          [0.04496909492727, 51.14176254920093],
          [0.044926040919603, 51.14175880531363],
          [0.044880407892329, 51.14176140176761],
          [0.044813744275405, 51.141773359109536],
          [0.044691210765195, 51.141815071472216],
          [0.044665576894875, 51.14181731822986],
          [0.044632562180714, 51.14181429806064],
          [0.044602205956333, 51.141806734790244],
          [0.044577246134354, 51.14179188258919],
          [0.044537048185174, 51.14175571296861],
          [0.044516731321623, 51.141748873512235],
          [0.043492881952725, 51.14164625626587],
          [0.043240551097046, 51.14162998001826],
          [0.043102342595769, 51.141608112533966],
          [0.043054685832656, 51.14162962942817],
          [0.043017901627733, 51.141638365857446],
          [0.042944888793258, 51.14163604385034],
          [0.042933262311397, 51.141631750301926],
          [0.042870051081205, 51.14156000910638],
          [0.042818545601679, 51.14152673436345],
          [0.042793428291847, 51.14144353591249],
          [0.042720614432587, 51.14141333124819],
          [0.04269922683573, 51.141382228429386],
          [0.042412337943011, 51.14123075600449],
          [0.042025175431235, 51.14120424092945],
          [0.04195839452687, 51.141148749394816],
          [0.041707975194362, 51.14101372571428],
          [0.041530799976414, 51.141080670311624],
          [0.041494173335262, 51.1411253764694],
          [0.041459610669778, 51.14115206011288],
          [0.041421834143179, 51.14117070592325],
          [0.041373859856693, 51.14118503308271],
          [0.041312751523812, 51.14119329417618],
          [0.041258468519622, 51.14119424153148],
          [0.041205296870434, 51.1411879748756],
          [0.041147482960483, 51.14117369529252],
          [0.041068718733734, 51.14113819749855],
          [0.040812705278045, 51.141038343158606],
          [0.040200683194533, 51.14090512836915],
          [0.040052800043346, 51.14082586931235],
          [0.039948680989785, 51.14079890690772],
          [0.039518515241323, 51.14070478492814],
          [0.039227745826602, 51.14062711693669],
          [0.038997921097389, 51.14060234524503],
          [0.038828656331634, 51.140491981046104],
          [0.038662401401644, 51.14044991275423],
          [0.03836779504654, 51.14028507509418],
          [0.038168161308905, 51.14032902356121],
          [0.038087094387609, 51.14033853008148],
          [0.038019995561607, 51.14034059857199],
          [0.037955595367232, 51.14033902270858],
          [0.037668475328728, 51.140311649395194],
          [0.037438213649491, 51.14030936534881],
          [0.037366991717518, 51.14028272692493],
          [0.037172810708126, 51.140190780819324],
          [0.036866682317873, 51.140186219700794],
          [0.03622064667015, 51.14025412563062],
          [0.036070696248764, 51.14025763532451],
          [0.035926385681259, 51.14022687235635],
          [0.03571385393831, 51.140270141806084],
          [0.035520100341024, 51.1402528293902],
          [0.035235653266293, 51.140383684548034],
          [0.035120589946721, 51.14033532451853],
          [0.035078712355586, 51.140195758670146],
          [0.034599777994195, 51.14019509747525],
          [0.034431777132673, 51.14017823460878],
          [0.034230222832171, 51.1400810159373],
          [0.034122178813075, 51.140062210528434],
          [0.034011475447063, 51.14004794788387],
          [0.033770057196693, 51.14008452153879],
          [0.033644430581738, 51.14008850450111],
          [0.033412609414744, 51.140148292964724],
          [0.033238059041598, 51.140145032098665],
          [0.032790289607879, 51.14007277517556],
          [0.032508152683088, 51.139963464151016],
          [0.03222389473507, 51.13993602773906],
          [0.031989167765298, 51.13986456263411],
          [0.031595802841069, 51.13979405407051],
          [0.031470696358272, 51.139940118869845],
          [0.031341637626765, 51.13986591792483],
          [0.031153245907145, 51.139840411390246],
          [0.031009041001719, 51.13987708989758],
          [0.030830924768757, 51.13985769967284],
          [0.030541743035634, 51.1398483313549],
          [0.030338939851734, 51.13985275137952],
          [0.030206732109509, 51.13983705987143],
          [0.030084790562614, 51.13985986093208],
          [0.030061719591177, 51.13992051604882],
          [0.030080990232974, 51.139968745035034],
          [0.029803462859179, 51.1399969441887],
          [0.029653709554766, 51.14000493896237],
          [0.029328056694598, 51.14001148903359],
          [0.029152196607566, 51.14001094289698],
          [0.028699902275114, 51.13996572886436],
          [0.028310905308908, 51.13989693231063],
          [0.028086004922546, 51.1398864431322],
          [0.027797571609708, 51.139894142190414],
          [0.027361071554251, 51.13985044778588],
          [0.027128871732297, 51.13983648599803],
          [0.026946955451797, 51.13979557195042],
          [0.026803253912499, 51.1397459014888],
          [0.026422832292066, 51.13967695004402],
          [0.026151329288161, 51.13961420447307],
          [0.026057849480056, 51.13960143465494],
          [0.025967384029899, 51.139592209841666],
          [0.025747754447949, 51.139604107949104],
          [0.025588604694252, 51.139593374465555],
          [0.025444447677667, 51.13959856895366],
          [0.025355489473621, 51.13959111621196],
          [0.025270620038696, 51.13957909598418],
          [0.024830861395724, 51.13946080469863],
          [0.024552507735301, 51.13937209362774],
          [0.023884946618259, 51.13927482891784],
          [0.023429666259843, 51.13909564693906],
          [0.023289220438431, 51.13905490906186],
          [0.022852742951326, 51.139076848040204],
          [0.022621215902605, 51.139078154157524],
          [0.02195703421303, 51.13915618808327],
          [0.021858416573147, 51.13918936922642],
          [0.021826308073739, 51.139207011420645],
          [0.0217945529094, 51.13923274141011],
          [0.021686965614136, 51.1393551104891],
          [0.021097905338456, 51.13932032489189],
          [0.021042721127413, 51.13930059403316],
          [0.021006813383675, 51.139296717886914],
          [0.020979751131029, 51.13929898415159],
          [0.02093200763139, 51.13931869490625],
          [0.020903462010343, 51.139352463107706],
          [0.020902096392467, 51.139386660997644],
          [0.020949047468979, 51.139447003741175],
          [0.020956566649784, 51.139488242699045],
          [0.020950837176167, 51.13952071734491],
          [0.020926812326572, 51.13955980337769],
          [0.020717878884123, 51.13968572129676],
          [0.020502822089792, 51.139835127031674],
          [0.020416061340952, 51.13987799468188],
          [0.02029759922498, 51.139915114597045],
          [0.020134383221395, 51.13994221550712],
          [0.020028910982937, 51.139949433114175],
          [0.019917489422762, 51.13995135743097],
          [0.019868764144558, 51.13994860161839],
          [0.019250477902728, 51.13986664728633],
          [0.018843115866509, 51.13973698227499],
          [0.018717674723802, 51.13961414147368],
          [0.01847392839417, 51.139532013189296],
          [0.018488382731154, 51.139437334770484],
          [0.018035868291018, 51.13938668730992],
          [0.01763340819607, 51.13930369831752],
          [0.017166355393726, 51.13921462737034],
          [0.017141833968908, 51.139144003718144],
          [0.016931477272103, 51.13910626253382],
          [0.016777966477878, 51.13909362115943],
          [0.016623418911893, 51.13908999069488],
          [0.016499299717005, 51.139095727977505],
          [0.016368351441419, 51.13910877744854],
          [0.016303073046288, 51.13911979537232],
          [0.016315128567469, 51.13919962734017],
          [0.016165042811645, 51.139232791615974],
          [0.015634006873372, 51.139250038321094],
          [0.015022820345971, 51.139199415615224],
          [0.014453119334143, 51.13911659914792],
          [0.014365513767656, 51.139107316140574],
          [0.014101816367014, 51.13909207242089],
          [0.013424099928555, 51.13908935215406],
          [0.013272412302718, 51.139020017469555],
          [0.013162285651419, 51.13898594016198],
          [0.012565506367912, 51.13893775484976],
          [0.011628694199229, 51.13892689177876],
          [0.011344626241791, 51.13893627393825],
          [0.010902880930965, 51.138935776002015],
          [0.010748724458827, 51.13894112436093],
          [0.009907002349557, 51.139013149111506],
          [0.00967486536364, 51.13903332598642],
          [0.009387861243582, 51.13904095519801],
          [0.00907139044176, 51.13902840542467],
          [0.00799976552033, 51.138941587753344],
          [0.007523204852617, 51.13896235922897],
          [0.007252615339978, 51.13898588928465],
          [0.007036137812033, 51.138971617838834],
          [0.006995557696519, 51.13905775003143],
          [0.006978727866112, 51.13906523342737],
          [0.006740823034971, 51.13905132912535],
          [0.006725226801087, 51.13905429469645],
          [0.006522112204451, 51.13915040994039],
          [0.00612193252753, 51.139218428823916],
          [0.006098609524651, 51.13920803697719],
          [0.006048042100773, 51.1391297637554],
          [0.005966969891926, 51.13913924819737],
          [0.005694468711115, 51.139217666244996],
          [0.005542167327915, 51.13923286850147],
          [0.005098924339402, 51.13926385068361],
          [0.004632992539871, 51.139332092387946],
          [0.004627901432132, 51.13934656884471],
          [0.004590111022574, 51.13936520305544],
          [0.004542282306626, 51.13938310997756],
          [0.004468585234625, 51.13939786292884],
          [0.004407588749349, 51.13940880087322],
          [0.003954966386886, 51.13945432866933],
          [0.00195888991846, 51.139543371442684],
          [0.001283419370504, 51.13959270320087],
          [0.001070030622084, 51.13958376380592],
          [0.000338553823071, 51.13939572715074],
          [0.000129637294407, 51.13935793113396],
          [-0.000159748060208, 51.139277443756136],
          [-0.000161215370575, 51.13927656952018],
          [-0.000688394797691, 51.139151583019554],
          [-0.001252951994051, 51.13898856189847],
          [-0.001435655793822, 51.138928731284686],
          [-0.001846250776222, 51.13872260649546],
          [-0.002112780144672, 51.13860844858094],
          [-0.002496228594965, 51.13840185770325],
          [-0.002799047435465, 51.138274828080014],
          [-0.002882252809686, 51.13823487986203],
          [-0.003014419169573, 51.138153499240694],
          [-0.003225259817471, 51.13810403870244],
          [-0.003581142393313, 51.13807234213519],
          [-0.00387344212655, 51.138023371497106],
          [-0.004124892343888, 51.13799348822879],
          [-0.004258280027109, 51.13798317376885],
          [-0.004324840833943, 51.13796452432459],
          [-0.00534162858279, 51.13822019035863],
          [-0.005369001516123, 51.13821526121774],
          [-0.005389580729236, 51.13820212228088],
          [-0.005410973180199, 51.13817011136598],
          [-0.005409282484779, 51.138109827701705],
          [-0.005386320010206, 51.1380455839753],
          [-0.005392812747607, 51.13799443312503],
          [-0.005409377603416, 51.13797493044381],
          [-0.005444822004567, 51.13794855510893],
          [-0.005491616451843, 51.13792417196403],
          [-0.005533622121772, 51.13791139837713],
          [-0.005985327486907, 51.13784535540029],
          [-0.006131225821247, 51.137810070959404],
          [-0.006308746870535, 51.13773755367992],
          [-0.006589047923556, 51.137568761346984],
          [-0.006798391259229, 51.13775309357854],
          [-0.006799123126291, 51.1377692939184],
          [-0.006509100643519, 51.13786507565549],
          [-0.006444933253151, 51.13789455905354],
          [-0.006387791874587, 51.13792686015243],
          [-0.006308062509894, 51.13798575597524],
          [-0.006277519462337, 51.138031100965954],
          [-0.006270025057992, 51.138072342208595],
          [-0.006272100185645, 51.13815691421662],
          [-0.006302543278324, 51.138313016525515],
          [-0.006263309328372, 51.13839418640112],
          [-0.006281530888978, 51.13840259093907],
          [-0.006357277852185, 51.1384029827672],
          [-0.006382603016206, 51.13841240769814],
          [-0.006415864850195, 51.13856945734468],
          [-0.006545991781614, 51.138734453239636],
          [-0.006683480176374, 51.139027278712724],
          [-0.006714400066386, 51.13907277195263],
          [-0.006766398913125, 51.13912671834256],
          [-0.006800756419045, 51.13915878025568],
          [-0.006826159489824, 51.139166407767],
          [-0.007683274042434, 51.13888153548391],
          [-0.007691112695353, 51.138865481141096],
          [-0.007639856455584, 51.13869463544062],
          [-0.007651903126111, 51.138680451432464],
          [-0.007814632388757, 51.138685921265434],
          [-0.007909684823276, 51.138669553721364],
          [-0.008439732589977, 51.13854368141236],
          [-0.009384576801779, 51.13831245124902],
          [-0.009419710033693, 51.138293264016156],
          [-0.009473375993334, 51.13824201643665],
          [-0.009487853779051, 51.13823776619727],
          [-0.009897319385817, 51.13822315014172],
          [-0.009918166644876, 51.1382369947474],
          [-0.009941174221938, 51.138300339042154],
          [-0.009961944254573, 51.13831598097824],
          [-0.010146832521205, 51.138338012451115],
          [-0.010183315695988, 51.13835392167251],
          [-0.010224933254835, 51.13838340812142],
          [-0.010238483854116, 51.138400725842125],
          [-0.010244930787575, 51.13841702338759],
          [-0.010240567221846, 51.13845202287236],
          [-0.010176284476909, 51.13851747940301],
          [-0.010163620488053, 51.13854604238935],
          [-0.010175544632325, 51.13873420439952],
          [-0.010196276305397, 51.13875074496722],
          [-0.011336852555944, 51.13908760552826],
          [-0.011360133009035, 51.139078108770214],
          [-0.011490125105315, 51.13888066849731],
          [-0.011516571234558, 51.13886403091933],
          [-0.01163142844238, 51.1388524936783],
          [-0.011720071182523, 51.138852201935826],
          [-0.011799872851633, 51.13885805512225],
          [-0.011963028310881, 51.1388869089052],
          [-0.012173478633376, 51.13894624403577],
          [-0.01218675948945, 51.13893657716292],
          [-0.012191970701792, 51.138881806834306],
          [-0.012206795794237, 51.13886946822544],
          [-0.012395779947485, 51.13889606238918],
          [-0.012416666863942, 51.13890900789864],
          [-0.012404701341803, 51.13905449539957],
          [-0.01242686376799, 51.13913761002163],
          [-0.012479024528652, 51.139221234403],
          [-0.012511841891412, 51.139255966455394],
          [-0.012536937296452, 51.13927078210892],
          [-0.013337010408078, 51.13934822674439],
          [-0.013352068106489, 51.1393637710526],
          [-0.013348370433714, 51.13958314382538],
          [-0.013372153505719, 51.13959523903106],
          [-0.014420369501869, 51.139686783383205],
          [-0.014432570669226, 51.139702279059236],
          [-0.014419178576973, 51.13978119241397],
          [-0.01439991818516, 51.13986360344728],
          [-0.014345683513608, 51.140028158726516],
          [-0.014356379120497, 51.1400454275022],
          [-0.014913816105591, 51.140147520344684],
          [-0.01617000968671, 51.14039006818719],
          [-0.016487657947306, 51.14051686456717],
          [-0.016569861779554, 51.140566822226006],
          [-0.016684509662017, 51.14072704778177],
          [-0.016674224045369, 51.14093371838456],
          [-0.016677242581951, 51.140996722400374],
          [-0.016693614972243, 51.141014986551035],
          [-0.017540376708052, 51.141171435564566],
          [-0.017786477351167, 51.14119988846191],
          [-0.017815356344996, 51.14119318328048],
          [-0.01788515393787, 51.141132312641695],
          [-0.017908318664859, 51.14112551059825],
          [-0.017970597717263, 51.141140055894056],
          [-0.018325735411909, 51.141192838616576],
          [-0.018357433029002, 51.14118708042321],
          [-0.018720301542525, 51.140792128771324],
          [-0.018748059415342, 51.14077820978767],
          [-0.019022724853253, 51.14077386919794],
          [-0.019039790477025, 51.140775956911384],
          [-0.019317060641906, 51.140877780276284],
          [-0.019382389346504, 51.14088787991434],
          [-0.019600611393332, 51.14089966928423],
          [-0.01968300590114, 51.140911856388264],
          [-0.019971700683, 51.140980596587504],
          [-0.020113594938521, 51.14100548196414],
          [-0.020293208358479, 51.14101751576484],
          [-0.020344790070173, 51.1410147915931],
          [-0.020356410692882, 51.141010491661206],
          [-0.020367935310528, 51.140908163488795],
          [-0.020365603576094, 51.140828983266225],
          [-0.020350376492983, 51.14075048409214],
          [-0.020318891001654, 51.140651025193016],
          [-0.020258207209987, 51.14049891107877],
          [-0.020112715771726, 51.140223952158536],
          [-0.020117885505209, 51.14020335515981],
          [-0.020240906000193, 51.140067840673154],
          [-0.020230208135171, 51.14005057237329],
          [-0.020104293380962, 51.13998638730481],
          [-0.020093749350311, 51.1399655242901],
          [-0.020112577944103, 51.13969244767939],
          [-0.020099036790728, 51.13954113153353],
          [-0.020043473961142, 51.13930276861921],
          [-0.020055517025924, 51.13928858326708],
          [-0.020428009856032, 51.13930298255932],
          [-0.020565114120178, 51.13933947751109],
          [-0.020738039811508, 51.13934060544199],
          [-0.020966914518449, 51.139370558997534],
          [-0.021100041277433, 51.139399791407314],
          [-0.021226479672022, 51.13938484347648],
          [-0.021235703807792, 51.13936971097801],
          [-0.021209976699645, 51.13930272548999],
          [-0.021229085080607, 51.139290458205885],
          [-0.021480993570281, 51.139249753611075],
          [-0.02175502046295, 51.13919323469936],
          [-0.022210220035329, 51.13907862474377],
          [-0.022471388607052, 51.13902188668573],
          [-0.023336783553102, 51.13887553617878],
          [-0.023914049852557, 51.138747693885854],
          [-0.024594614595542, 51.138577526384864],
          [-0.024607355884538, 51.13858043956893],
          [-0.024640488949093, 51.13860797902048],
          [-0.024653230249497, 51.13861089219986],
          [-0.024916253285308, 51.1385775624571],
          [-0.024986363976713, 51.13857604842959],
          [-0.025124543407439, 51.13858737501966],
          [-0.025134389426472, 51.13859113858678],
          [-0.02515860684679, 51.13862662130418],
          [-0.025182507682894, 51.13863601815409],
          [-0.02569024347807, 51.138663476067194],
          [-0.026141606874042, 51.138671993840155],
          [-0.026376146952367, 51.138669656593855],
          [-0.026576671522338, 51.13866044963528],
          [-0.026949725304385, 51.13862807247861],
          [-0.027608667186613, 51.138596019115646],
          [-0.027655539172718, 51.138603104868004],
          [-0.02791710262047, 51.13870464305227],
          [-0.027973859337242, 51.13871459333744],
          [-0.028025552961013, 51.138709169637906],
          [-0.028069364747488, 51.13868742510595],
          [-0.028087846539079, 51.1386562602034],
          [-0.028090461814261, 51.13862842510258],
          [-0.028100537790606, 51.13862679632664],
          [-0.029264513285997, 51.13871926086738],
          [-0.02973272734292, 51.138768518531634],
          [-0.029804113739011, 51.13877062042244],
          [-0.029880053363341, 51.13876650366342],
          [-0.029940738524297, 51.138751337953224],
          [-0.030083216708516, 51.13869528141022],
          [-0.03012216840282, 51.13868694417756],
          [-0.030169461568358, 51.138684143398116],
          [-0.030406055704368, 51.13870071857307],
          [-0.030433158802626, 51.13870207432462],
          [-0.03047612825718, 51.13870009993861],
          [-0.030515003415626, 51.138693559944194],
          [-0.030612241705939, 51.13865922416046],
          [-0.030724199200861, 51.13864851869736],
          [-0.031038046565274, 51.13866369533816],
          [-0.031229502566077, 51.138666018998414],
          [-0.03134364332008, 51.13870481282085],
          [-0.03152590784257, 51.13878882028204],
          [-0.031634411599383, 51.13882572029176],
          [-0.031748744159354, 51.13886002030598],
          [-0.032017163717164, 51.138901409721505],
          [-0.032186558797238, 51.13895192442184],
          [-0.032254324575297, 51.13897195049872],
          [-0.03269971175625, 51.13915481243818],
          [-0.032969730717342, 51.13922590448554],
          [-0.033241277882226, 51.13926104841734],
          [-0.033453728408201, 51.13924033892977],
          [-0.033968253872673, 51.13931014368836],
          [-0.034396977140995, 51.1393470276484],
          [-0.034537947085182, 51.1392927389476],
          [-0.034973855925364, 51.1392613925143],
          [-0.035211464871378, 51.139287867969195],
          [-0.035602480465518, 51.13927015465684],
          [-0.035672072575632, 51.13938194123947],
          [-0.035866829822126, 51.13934024580928],
          [-0.036085317366508, 51.13934571374778],
          [-0.036291883549672, 51.139295222605156],
          [-0.036530713343115, 51.139292937303885],
          [-0.036725032060343, 51.13922785047086],
          [-0.03715627392825, 51.13920541125751],
          [-0.037381903668362, 51.139210996640486],
          [-0.037812478317133, 51.13923800700367],
          [-0.038085821004529, 51.139298351417224],
          [-0.038263357875254, 51.139325611565134],
          [-0.038451218030585, 51.13931167536953],
          [-0.038592491125999, 51.13945254180931],
          [-0.039011868960368, 51.13947396400312],
          [-0.039093371209308, 51.139473531945704],
          [-0.039223481487945, 51.13947301548389],
          [-0.039988640074731, 51.139498432444704],
          [-0.040530568329064, 51.13952909769175],
          [-0.04101486155898, 51.13957048631488],
          [-0.041464355031824, 51.13958970619255],
          [-0.041850857622536, 51.139577292381716],
          [-0.043189911748772, 51.13945221511324],
          [-0.043412724596888, 51.13945684240297],
          [-0.044556452301262, 51.13938693794047],
          [-0.045021322241341, 51.13931287068604],
          [-0.045383147117653, 51.13924157603173],
          [-0.045706894132414, 51.13915795262354],
          [-0.046292212873023, 51.13897347643272],
          [-0.046449891783193, 51.13913259431112],
          [-0.047164646409028, 51.13892959113267],
          [-0.047675370949306, 51.13875105697846],
          [-0.048247657482934, 51.13860412528343],
          [-0.048541688382171, 51.13854697797975],
          [-0.048908507964564, 51.13845866830931],
          [-0.050741079853413, 51.13815467504568],
          [-0.051121675826131, 51.13811245397696],
          [-0.051712950667829, 51.13802337887276],
          [-0.053017256837541, 51.13783915260156],
          [-0.053701808582062, 51.137673378181454],
          [-0.053973017424587, 51.137580763294125],
          [-0.05489924679962, 51.137378533044775],
          [-0.055142342088819, 51.13724048119477],
          [-0.055609567862277, 51.13704140336037],
          [-0.056325882799017, 51.136765523661126],
          [-0.056934159307688, 51.137156049404524],
          [-0.058049767128658, 51.13795879778338],
          [-0.058561504443462, 51.13830004720357],
          [-0.059225184935979, 51.13876792385038],
          [-0.059747655345707, 51.13909225877195],
          [-0.060153111527131, 51.13934360320556],
          [-0.060290958393037, 51.139431326170126],
          [-0.060594546690456, 51.1396234221706],
          [-0.061028957288773, 51.13990042498295],
          [-0.061776105097723, 51.140390355337956],
          [-0.063203682027295, 51.14125757937977],
          [-0.063551097088738, 51.1412228622376],
          [-0.064058365185799, 51.14116021293167],
          [-0.064579466869829, 51.14110858234439],
          [-0.064972331722038, 51.14104673379812],
          [-0.066081263940941, 51.14105698214873],
          [-0.066116717168608, 51.14109803834984],
          [-0.066811243498573, 51.14110412462592],
          [-0.067079896031432, 51.1411067663571],
          [-0.068009246876337, 51.141206659510104],
          [-0.068841491872661, 51.14126986722274],
          [-0.069460763566445, 51.14133225164976],
          [-0.069914163490859, 51.14136131842575],
          [-0.070519601579687, 51.141412676960776],
          [-0.071299412709222, 51.14149928383343],
          [-0.071542208664506, 51.14153926054941],
          [-0.07154363728784, 51.14153928410434],
          [-0.071893243457099, 51.141589115096465],
          [-0.073962602719851, 51.14177789488317],
          [-0.07461965395017, 51.14192900849141],
          [-0.076312790629277, 51.14229591523398],
          [-0.077387612266591, 51.1422677220824],
          [-0.078847907545274, 51.142252146429655],
          [-0.080531817727431, 51.1422222358759],
          [-0.081065823282319, 51.14220401822724],
          [-0.082104436712158, 51.14256639518934],
          [-0.082613291739628, 51.14263769091656],
          [-0.082986099287479, 51.142645600428814],
          [-0.083644840951627, 51.14268787173324],
          [-0.085169857914784, 51.14276680752781],
          [-0.085389263231438, 51.142750613877986],
          [-0.08567393108096, 51.14264285711565],
          [-0.086189106195997, 51.142388683524125],
          [-0.086511105531857, 51.14220779052494],
          [-0.087659663812201, 51.14160603662867],
          [-0.088160811538696, 51.141310255577494],
          [-0.088987217573934, 51.14085790772759],
          [-0.089413967964116, 51.14059777846402],
          [-0.089699114926722, 51.1404432545989],
          [-0.091526392935732, 51.13946583550139],
          [-0.092204186604079, 51.13911446352938],
          [-0.09306012699421, 51.1387066367038],
          [-0.093168210395627, 51.13865084181664],
          [-0.093294028694428, 51.138580946692386],
          [-0.093690650939929, 51.13842643197372]
        ]
      ]
    ]
  }
}
