{
  "type": "Feature",
  "properties": { "name": "Bromley", "level": 2, "londonBorough": true },
  "geometry": {
    "type": "Polygon",
    "coordinates": [
      [
        [0.012130980445183, 51.299599053756808],
        [0.011961681077419, 51.299795312264294],
        [0.011882275010076, 51.29994775882826],
        [0.011802947012889, 51.30010200258549],
        [0.011749578111485, 51.300259397425542],
        [0.011681638374335, 51.300411646809351],
        [0.011618489182984, 51.300542230694951],
        [0.011539473627745, 51.300703663260542],
        [0.011489520174019, 51.30087358944327],
        [0.011415492039902, 51.301083498291405],
        [0.011323279867444, 51.30133688574692],
        [0.011248347420108, 51.301591774872961],
        [0.011186216801347, 51.301745722720007],
        [0.011098832774887, 51.301978343181034],
        [0.01103591742756, 51.302442561989395],
        [0.011071167097319, 51.302494115764979],
        [0.011053002853106, 51.302570868035382],
        [0.011071955803726, 51.302971629067329],
        [0.010950202267607, 51.303074441609368],
        [0.010913381579566, 51.303118240286274],
        [0.010873791983718, 51.303197159096889],
        [0.010801093448408, 51.30376586415786],
        [0.01083834710475, 51.303863247732615],
        [0.010833025268582, 51.303905606095455],
        [0.010779531155835, 51.304060304614545],
        [0.010621403641123, 51.304381371331715],
        [0.010502846014788, 51.304590245515975],
        [0.010485308771055, 51.304615726970951],
        [0.010450803852909, 51.304646895559713],
        [0.010426766132705, 51.304687776673312],
        [0.010425351958138, 51.30472107494213],
        [0.010434051600782, 51.304755998141175],
        [0.010466003225964, 51.304797716452242],
        [0.010502196410942, 51.304936485986786],
        [0.010409834810428, 51.305153903188376],
        [0.010268393657152, 51.305528640627628],
        [0.010260281809206, 51.305638494110866],
        [0.0101578236941, 51.305821911148577],
        [0.010091246126469, 51.305939962736929],
        [0.010000747216077, 51.306101591185893],
        [0.009939432316487, 51.306208760773416],
        [0.009877410403333, 51.306299755122367],
        [0.009789896418871, 51.306398381388426],
        [0.009677047192714, 51.306508234007289],
        [0.009588982781412, 51.306594279410625],
        [0.009568635067045, 51.306653982219331],
        [0.009592632250165, 51.306743500001517],
        [0.009544082058974, 51.306814478411802],
        [0.009453385002062, 51.306905964667244],
        [0.009423294762586, 51.307005403695065],
        [0.009435900900806, 51.307096915589447],
        [0.009421403558034, 51.307224864492106],
        [0.009356822307397, 51.307454394110138],
        [0.009194195032757, 51.307804313306725],
        [0.009012038223647, 51.308298454743664],
        [0.008985970328269, 51.30845717816225],
        [0.009083041920123, 51.308741488763623],
        [0.008454416130652, 51.310051756366647],
        [0.008401438687823, 51.310185760892971],
        [0.008363209255725, 51.310361779334343],
        [0.00836104174373, 51.310509301039858],
        [0.00835337448106, 51.310662312851015],
        [0.008398658206853, 51.310844992474898],
        [0.008495794853677, 51.311032178404474],
        [0.008656449156804, 51.311293815481882],
        [0.008920456132274, 51.311622025636119],
        [0.009065479179472, 51.311919902172519],
        [0.009119485949809, 51.312170778312868],
        [0.00915145274391, 51.31250836499607],
        [0.009209229628246, 51.312845508773982],
        [0.009461258284072, 51.313621772472374],
        [0.009561273202766, 51.313808908106324],
        [0.009586375232339, 51.313857938553305],
        [0.009535224901765, 51.313935256531238],
        [0.009596978847866, 51.314034917795972],
        [0.009699331335962, 51.31430834556236],
        [0.009936254854586, 51.314804287230508],
        [0.010094336353414, 51.315334855821398],
        [0.010320406527672, 51.316140340618311],
        [0.010081582580406, 51.316126454699713],
        [0.009493775654179, 51.316073593076247],
        [0.009329047196124, 51.316047642478438],
        [0.009231184285791, 51.316041228104609],
        [0.009081895020799, 51.316040192502484],
        [0.008384188171297, 51.315935253205168],
        [0.008168212618256, 51.315885898985137],
        [0.008064910320076, 51.315853497365929],
        [0.007886828342551, 51.315784607582643],
        [0.007475426238225, 51.315696336170603],
        [0.00747399228388, 51.315696360754558],
        [0.007147447512432, 51.315645303045855],
        [0.006973272450638, 51.315633000500327],
        [0.006557778951358, 51.31564821492794],
        [0.006552396036943, 51.315656400825979],
        [0.006550150011038, 51.31573647656657],
        [0.006459043264371, 51.316213764771163],
        [0.006126378018504, 51.317107967901059],
        [0.006002921868127, 51.317468901520996],
        [0.005626196209463, 51.318175905197727],
        [0.00551733898665, 51.318443960824744],
        [0.005443109826707, 51.31874919364914],
        [0.005424077373526, 51.318905097537041],
        [0.005409464569891, 51.319063623609459],
        [0.005377561561805, 51.319615437403023],
        [0.005320836342422, 51.319894290777526],
        [0.005237630495334, 51.320158309575802],
        [0.005149635196344, 51.320378344897648],
        [0.005104388032361, 51.320591353103417],
        [0.005059140476181, 51.320804361288985],
        [0.004887308479818, 51.321932320201753],
        [0.004841909701996, 51.322076085205389],
        [0.004453437287593, 51.322811163492112],
        [0.004047698562459, 51.323874777981175],
        [0.003851063927001, 51.324236961082917],
        [0.003725089657318, 51.32450800543171],
        [0.003696530591795, 51.324873607221754],
        [0.003575943813872, 51.32523538780984],
        [0.00348656196173, 51.325687462988107],
        [0.003371831332907, 51.326150763235738],
        [0.00325329980516, 51.326526896914572],
        [0.003155933325993, 51.326993496994824],
        [0.002907441593108, 51.327516639396578],
        [0.002728967453508, 51.328065562565378],
        [0.002476646266778, 51.328632834736538],
        [0.002342085447338, 51.328904923412367],
        [0.002266122862983, 51.329138239735592],
        [0.002256135388482, 51.329172583618863],
        [0.002223670431024, 51.329317025508558],
        [0.002197138561756, 51.329465862408796],
        [0.002181760142744, 51.32977188480325],
        [0.002316155036092, 51.329924265292284],
        [0.002819632580676, 51.330278070585678],
        [0.002864153038324, 51.330311482287655],
        [0.002886961532267, 51.330340768850981],
        [0.00289558253682, 51.330373895229911],
        [0.002891479466727, 51.330477384045494],
        [0.002846432070418, 51.33092600213903],
        [0.002846706191135, 51.330932292498055],
        [0.002842015593826, 51.331022301963777],
        [0.002882629500922, 51.331163695563227],
        [0.002885541955509, 51.331263467210704],
        [0.003085849959885, 51.331412920920542],
        [0.003212914206794, 51.331627476952654],
        [0.003281848566279, 51.332155081688221],
        [0.002944972735107, 51.332231887920685],
        [0.002608110100528, 51.332341966762719],
        [0.002270021210014, 51.332489835860542],
        [0.001935414008022, 51.33271768144489],
        [0.00167100380958, 51.333008175978101],
        [0.001324940704904, 51.333302763168078],
        [0.000959728568628, 51.333520337376228],
        [0.000840807291134, 51.333591614683797],
        [0.000924113910073, 51.333658537539655],
        [0.00091068175169, 51.333712724547951],
        [0.000830635767666, 51.33395150519469],
        [0.000546009426543, 51.334536410822373],
        [0.000556154146002, 51.334901349941987],
        [0.000392323427537, 51.335458112066242],
        [0.000128770124182, 51.336131686358577],
        [0.000050071197607, 51.336467566795996],
        [-0.000055769245479, 51.336806608527098],
        [-0.000391754482344, 51.337828544692776],
        [-0.000559433187879, 51.338099396249312],
        [-0.000779303372506, 51.338589666201678],
        [-0.000890779112773, 51.339030423071549],
        [-0.001016889454424, 51.339431860785496],
        [-0.001094296150308, 51.339731746512427],
        [-0.001300418507314, 51.340208291278614],
        [-0.001408551363898, 51.340363016019417],
        [-0.001485601347556, 51.340473145010876],
        [-0.001446159887779, 51.340488659198563],
        [-0.001397953623288, 51.340507620965049],
        [-0.001424389727112, 51.34075807488631],
        [-0.001483526946072, 51.340751889704919],
        [-0.001580202010774, 51.340740949278],
        [-0.001765056785589, 51.34140957836258],
        [-0.001651894372526, 51.341436424861442],
        [-0.001717841446339, 51.341702840761066],
        [-0.001854857760945, 51.342117952753547],
        [-0.001979985224244, 51.342377284501211],
        [-0.001998118285121, 51.342422558360532],
        [-0.00214562376309, 51.342794682946717],
        [-0.00241093375565, 51.343429610778038],
        [-0.002579516758077, 51.34387853386778],
        [-0.00260759511397, 51.343992323267948],
        [-0.00260099196459, 51.344144190669454],
        [-0.002606560085797, 51.344313352147822],
        [-0.002676508401578, 51.344587029889126],
        [-0.0027321195091, 51.344827189355172],
        [-0.002837923549683, 51.345035830249657],
        [-0.002985021308541, 51.345516760648962],
        [-0.002920177608957, 51.345521950028591],
        [-0.002922216363605, 51.345574143598924],
        [-0.003009624671591, 51.345710527448837],
        [-0.00324439399536, 51.346123706948156],
        [-0.003304520136615, 51.346326172866654],
        [-0.003467723306425, 51.346800182754677],
        [-0.003789572171586, 51.347588949787891],
        [-0.003914403015303, 51.347756546525638],
        [-0.004004189031879, 51.348267973705397],
        [-0.004205662558723, 51.348687777878375],
        [-0.004258132813061, 51.348835256087774],
        [-0.004343500986709, 51.348952718977429],
        [-0.004372797362359, 51.349170846112074],
        [-0.004507807139348, 51.349434839498947],
        [-0.004632772030206, 51.349566466099908],
        [-0.004674819764895, 51.349821681208418],
        [-0.004745902764157, 51.350268040162554],
        [-0.004733627148833, 51.350748950600156],
        [-0.00474549006313, 51.350905628943103],
        [-0.004857253749866, 51.351242068207213],
        [-0.004920185187138, 51.351446379417112],
        [-0.004991709209703, 51.351717384302233],
        [-0.005092434266758, 51.352010469405066],
        [-0.005129358947186, 51.352152286607428],
        [-0.005192800160834, 51.35234491555827],
        [-0.005221181001408, 51.352385866892213],
        [-0.005286124167616, 51.352477801043605],
        [-0.005374068480532, 51.35256922756394],
        [-0.005339274417301, 51.352576728635931],
        [-0.005291447198916, 51.352586705608907],
        [-0.005330909900367, 51.352670112197742],
        [-0.005332110836562, 51.352675528380409],
        [-0.005384997169432, 51.352747472797589],
        [-0.005443858333666, 51.352814123201931],
        [-0.00548201236053, 51.352861535910122],
        [-0.005540912835381, 51.352927287643681],
        [-0.005544984057925, 51.352932752698543],
        [-0.005901074278604, 51.35329853095314],
        [-0.006141862452035, 51.353475293416821],
        [-0.006096428074233, 51.353529376581847],
        [-0.006088901187168, 51.353537342046003],
        [-0.006275506633807, 51.353705088253243],
        [-0.006455149137094, 51.353801671871999],
        [-0.006596823257743, 51.353879623278608],
        [-0.006660921163392, 51.353958052908652],
        [-0.007045786147734, 51.354256870602107],
        [-0.007397116184455, 51.354501159220732],
        [-0.007690379715588, 51.35475974699537],
        [-0.007817958125837, 51.354930983067469],
        [-0.008051253068321, 51.355214629270989],
        [-0.008246951386395, 51.35537173538723],
        [-0.008450501380067, 51.355645882071165],
        [-0.008685414813949, 51.355826136369167],
        [-0.009040979848551, 51.355940095161088],
        [-0.009301809174787, 51.356118990118297],
        [-0.009442638255228, 51.356216707944164],
        [-0.009715153289322, 51.356358030465898],
        [-0.010110166305727, 51.35652301633769],
        [-0.0111183011609, 51.356990681434993],
        [-0.011525697297882, 51.357168462730407],
        [-0.011882715195293, 51.357282437424438],
        [-0.011894197349373, 51.357282632311303],
        [-0.012018793440256, 51.357291042020719],
        [-0.012107585639644, 51.35729704539542],
        [-0.012182348802039, 51.357195795461472],
        [-0.012329341615241, 51.357084979742766],
        [-0.012441404916916, 51.357117457083042],
        [-0.012877371807798, 51.35716622109863],
        [-0.013122604528253, 51.357208151166411],
        [-0.013131060599234, 51.357211891749955],
        [-0.013362122371922, 51.357382178968869],
        [-0.013611766732714, 51.357554579420437],
        [-0.013974675319546, 51.357831418482697],
        [-0.014222617071169, 51.358010083730008],
        [-0.014455008118376, 51.358149815509861],
        [-0.015047843471752, 51.358490800608109],
        [-0.015650267187426, 51.358876010101994],
        [-0.016138452711968, 51.359345613166383],
        [-0.016536570334222, 51.359805595443063],
        [-0.017325848288691, 51.360587847175246],
        [-0.017671385125835, 51.360769056020942],
        [-0.017854492846923, 51.360986184679547],
        [-0.01815561495958, 51.361131568333661],
        [-0.018288292761281, 51.361252518754171],
        [-0.018400293528745, 51.361353334942848],
        [-0.018166051696026, 51.361422214229513],
        [-0.018209308064505, 51.36148499678729],
        [-0.018282397999813, 51.361588751909323],
        [-0.018355449472059, 51.361693405617103],
        [-0.018370191736458, 51.361717935728208],
        [-0.018477112484132, 51.361903198744862],
        [-0.018599707403058, 51.36209142464039],
        [-0.018771302953875, 51.362342529886433],
        [-0.018798850970841, 51.362536342216806],
        [-0.018877298440242, 51.36268245396613],
        [-0.018934407915419, 51.362790434797461],
        [-0.019085094150147, 51.362926976654109],
        [-0.019169051541054, 51.363045303517396],
        [-0.019382242370328, 51.363264736885256],
        [-0.019476753385338, 51.363371551245471],
        [-0.019610138813639, 51.363476324894073],
        [-0.019740537611261, 51.363583745752081],
        [-0.019811692330517, 51.363632610727038],
        [-0.01988645593036, 51.363697723796413],
        [-0.019948532991609, 51.363757226661221],
        [-0.020073930735716, 51.363914023287023],
        [-0.020164563014956, 51.363977605814597],
        [-0.020367980708759, 51.364090756472272],
        [-0.02076065592911, 51.364279047476181],
        [-0.020800892486101, 51.36434537512794],
        [-0.020965098279226, 51.364601747801395],
        [-0.021074711134068, 51.36475827662187],
        [-0.021248186955305, 51.36493297053682],
        [-0.021344571973551, 51.365096469920189],
        [-0.021568177342218, 51.365274707926957],
        [-0.021852655006494, 51.365407210633691],
        [-0.021959122275913, 51.365470159840527],
        [-0.022142855228125, 51.36574034975601],
        [-0.022270398227539, 51.365880992999756],
        [-0.023002921395671, 51.365584004089833],
        [-0.023311930342465, 51.365413858301388],
        [-0.023587150004757, 51.365294400843055],
        [-0.023796014685904, 51.365414831612384],
        [-0.023729780530223, 51.36568529815159],
        [-0.024479892472857, 51.366414680337272],
        [-0.02449573429797, 51.366780956219884],
        [-0.024044692398253, 51.366779643965948],
        [-0.024045612007976, 51.366991890584067],
        [-0.023356230199392, 51.367054001501522],
        [-0.023355065499677, 51.367047686857845],
        [-0.023350209452732, 51.366993647853391],
        [-0.023279865899771, 51.366992460871359],
        [-0.023119703486494, 51.367008643095168],
        [-0.023155748954631, 51.367372562286306],
        [-0.023155710252438, 51.367373460917584],
        [-0.023177966193238, 51.367590564026266],
        [-0.023246513755644, 51.367833628242359],
        [-0.023261135148914, 51.368127940934514],
        [-0.023302480688538, 51.368335473985795],
        [-0.023363910444492, 51.368410251841745],
        [-0.023507883205727, 51.368603329320543],
        [-0.023564136137843, 51.368865070822693],
        [-0.02358608108145, 51.369056089302454],
        [-0.023582196076991, 51.369346492517153],
        [-0.023564256164688, 51.369562917300598],
        [-0.023564101375772, 51.369566511825219],
        [-0.023506988252346, 51.369591627459165],
        [-0.023509561467703, 51.369698685674976],
        [-0.023567065563472, 51.369697857304352],
        [-0.023579878227597, 51.369767318342404],
        [-0.023616722076183, 51.369945998176092],
        [-0.02361899765437, 51.370160066151925],
        [-0.023630638190267, 51.370490299741448],
        [-0.023647383280553, 51.371002274767058],
        [-0.02363767012295, 51.371227831138064],
        [-0.023726413608274, 51.371235623259338],
        [-0.023732117774996, 51.371236618772194],
        [-0.023688860661712, 51.371306932439268],
        [-0.023682692119454, 51.371316720495685],
        [-0.023734416673636, 51.371316693811515],
        [-0.023816330008387, 51.371316277085285],
        [-0.023804186447472, 51.371331360056587],
        [-0.023738813091059, 51.371414789910013],
        [-0.023644891464388, 51.371593961465599],
        [-0.023620391196389, 51.371795886970482],
        [-0.02359351046616, 51.372219895376212],
        [-0.023944969174369, 51.372633199776011],
        [-0.024185596062118, 51.372951108355977],
        [-0.024271076027118, 51.373201651538508],
        [-0.02440688324974, 51.37371833196736],
        [-0.024986281225204, 51.374511377114878],
        [-0.025016090169832, 51.374553246680165],
        [-0.025061156612245, 51.374641236892934],
        [-0.02510716604799, 51.374807480616731],
        [-0.02513799060935, 51.374892532858475],
        [-0.025200060519935, 51.375019478816618],
        [-0.025403404750961, 51.375269309948052],
        [-0.025474786987115, 51.375380225611103],
        [-0.025687069282662, 51.37568955953838],
        [-0.025822856094337, 51.375940049910255],
        [-0.025866726887807, 51.376055897397762],
        [-0.02591608765559, 51.376044139207544],
        [-0.026152918612424, 51.376451008421405],
        [-0.025937541938812, 51.376480652903737],
        [-0.025972759164663, 51.376831067326542],
        [-0.026012328933647, 51.37698011572536],
        [-0.026052224776038, 51.377221795718867],
        [-0.026105634981544, 51.377282947571629],
        [-0.026151683670919, 51.377415018699544],
        [-0.026210865279133, 51.377408821540286],
        [-0.026420279959336, 51.377885372202073],
        [-0.026530259381063, 51.37830179411533],
        [-0.026634479153639, 51.378618298520507],
        [-0.026695023945206, 51.378847736064017],
        [-0.026769973597715, 51.379109790350334],
        [-0.026821871205669, 51.379373254887376],
        [-0.026821793911654, 51.379375052150209],
        [-0.028041083314395, 51.379358711032836],
        [-0.028007723482259, 51.37906498351844],
        [-0.028000807129448, 51.379025298682095],
        [-0.027995326749536, 51.378985638015969],
        [-0.027991243715268, 51.378946900152378],
        [-0.027988635269954, 51.378907287827232],
        [-0.027988937368002, 51.378866825211318],
        [-0.027989200841144, 51.3788272612273],
        [-0.027992336224231, 51.378787745584532],
        [-0.027996907555425, 51.378748254112061],
        [-0.028004350784238, 51.378708810980243],
        [-0.028011793999334, 51.378669367847564],
        [-0.02802207047975, 51.378630871686894],
        [-0.028033821513847, 51.378591501062878],
        [-0.02804212130046, 51.378565561580047],
        [-0.028058180141766, 51.378526263462888],
        [-0.02807416171217, 51.378488762607411],
        [-0.028093015146123, 51.378451310088096],
        [-0.028113304492612, 51.378413881734325],
        [-0.028136465691105, 51.378376501714165],
        [-0.028161024173564, 51.378340044489626],
        [-0.028186979938225, 51.378304510059827],
        [-0.028212974280321, 51.378268076991311],
        [-0.028241763222209, 51.378233489516113],
        [-0.028272026674642, 51.378198027567919],
        [-0.028303687399806, 51.378163488410344],
        [-0.028335309461161, 51.378129847875911],
        [-0.028369841959349, 51.378095357031626],
        [-0.028404297176756, 51.378062663441362],
        [-0.028438790958182, 51.378029071207763],
        [-0.028474682007252, 51.377996401760356],
        [-0.028512008935204, 51.377963756465363],
        [-0.028534358732523, 51.37794524764135],
        [-0.028584995039745, 51.377903833469766],
        [-0.028635631255115, 51.377862419275047],
        [-0.028689100622383, 51.377821952013626],
        [-0.028743967212672, 51.377782407520428],
        [-0.028800231025797, 51.377743785793484],
        [-0.028857853456905, 51.377706985463568],
        [-0.028918347638543, 51.37767023342218],
        [-0.028978764518559, 51.377635278613973],
        [-0.029042014544391, 51.377601270721307],
        [-0.029106661795364, 51.377568185582909],
        [-0.02917410359159, 51.377536945985277],
        [-0.02918586111939, 51.377530848800731],
        [-0.029245853046372, 51.37750577881264],
        [-0.029307242228436, 51.377481631580288],
        [-0.029368592751914, 51.377458382948021],
        [-0.029431301941884, 51.377436955701782],
        [-0.029495446987958, 51.37741555257314],
        [-0.029560950707007, 51.3773959708261],
        [-0.029626377192238, 51.377378186308235],
        [-0.029693239540036, 51.377360425902658],
        [-0.029760063250252, 51.377343564091611],
        [-0.029828284238448, 51.377327625022978],
        [-0.029896466596217, 51.377312584547461],
        [-0.029964610327628, 51.37729844266515],
        [-0.030034151347163, 51.377285223521426],
        [-0.03010369232765, 51.377272004335943],
        [-0.030173233269089, 51.377258785108715],
        [-0.030238350711873, 51.377248189312425],
        [-0.030336764063512, 51.377231858303425],
        [-0.030436536109281, 51.377217348618608],
        [-0.030534795043241, 51.377204611976516],
        [-0.030635848602216, 51.377193720794686],
        [-0.03073538907299, 51.377184602656264],
        [-0.030836326848781, 51.3771764072021],
        [-0.030937187464085, 51.377170008928474],
        [-0.031038009492209, 51.377164509201734],
        [-0.031140151727758, 51.3771617294218],
        [-0.031240819488424, 51.377159824056413],
        [-0.031342846039813, 51.377159740001971],
        [-0.03134858967034, 51.377159836518423],
        [-0.032642746488906, 51.377105137486197],
        [-0.033386640467487, 51.377048382638371],
        [-0.0347447301038, 51.376943474547978],
        [-0.035724338098327, 51.376885263070953],
        [-0.036206570797117, 51.376898743223009],
        [-0.036556046927788, 51.376925284300448],
        [-0.036652919434623, 51.376944893434455],
        [-0.036649458821677, 51.377025770771489],
        [-0.036763716282677, 51.377042074035586],
        [-0.036791561963823, 51.376995778029375],
        [-0.036951883791472, 51.377010155183832],
        [-0.036352145247422, 51.379003703198187],
        [-0.036929070866831, 51.378954019105528],
        [-0.037167461185978, 51.379864488695034],
        [-0.037687155051401, 51.381589921606405],
        [-0.03785666882506, 51.382565782370648],
        [-0.037898595205287, 51.38323195211909],
        [-0.037470023834334, 51.38485157219818],
        [-0.037196558206078, 51.385868573513811],
        [-0.03715361655581, 51.386032422382598],
        [-0.036722168413897, 51.387583645877413],
        [-0.036535741737133, 51.388413255090214],
        [-0.036525046801401, 51.388461636977546],
        [-0.037115276801525, 51.388574044651264],
        [-0.037799996288657, 51.388695226058793],
        [-0.038242190792121, 51.388740400574413],
        [-0.038671166732663, 51.388825819720239],
        [-0.039129854071894, 51.388855079925392],
        [-0.03927627784581, 51.388859328942452],
        [-0.039563841291877, 51.388856946657612],
        [-0.039877150121062, 51.38895841151858],
        [-0.040476527747124, 51.389092537892211],
        [-0.041042858040959, 51.389192835306055],
        [-0.041279287010141, 51.389243550591317],
        [-0.041683165883328, 51.389344726093377],
        [-0.041774595163278, 51.389290498909212],
        [-0.041838044032555, 51.389251991051594],
        [-0.042277699605433, 51.38932318692828],
        [-0.042772392649054, 51.389451955129282],
        [-0.043179146452076, 51.389620619385653],
        [-0.043711683402918, 51.389873216821421],
        [-0.044709649020421, 51.390503183414197],
        [-0.04526294570578, 51.390909896720977],
        [-0.045712086956549, 51.391298683108012],
        [-0.046013211437454, 51.391619352026368],
        [-0.046145323472661, 51.391824792066927],
        [-0.046235761608759, 51.391996263748403],
        [-0.046498140648979, 51.391978156637833],
        [-0.046823141656306, 51.391839690295804],
        [-0.046831492033023, 51.391846124443035],
        [-0.047021599636297, 51.392039940326541],
        [-0.047210369545101, 51.392265208326229],
        [-0.047255130296573, 51.39232800451461],
        [-0.047625191912419, 51.392853054856779],
        [-0.047763978436943, 51.393037021512399],
        [-0.04806594062028, 51.393169749788051],
        [-0.048445199294098, 51.393242613840783],
        [-0.048769334485335, 51.393259702748452],
        [-0.049139703221125, 51.393271265606195],
        [-0.049694944491333, 51.393228350897111],
        [-0.050340289616858, 51.393297544042589],
        [-0.050494545309166, 51.393320794086179],
        [-0.051388352128447, 51.393496632792839],
        [-0.051553904382567, 51.39362618404045],
        [-0.051562370296891, 51.393629921931598],
        [-0.051718245641979, 51.393581255091199],
        [-0.051720311868167, 51.393701792622082],
        [-0.051725026472669, 51.393996833999132],
        [-0.05205205129727, 51.394081407625485],
        [-0.052451281904098, 51.394158187748097],
        [-0.052533726199208, 51.394349305564134],
        [-0.052617454981247, 51.394544041769421],
        [-0.052639776053457, 51.394593872989198],
        [-0.052619499092671, 51.394631305629318],
        [-0.053137985946105, 51.394844956910696],
        [-0.053232476776039, 51.394786275324527],
        [-0.053509931916169, 51.394921280012191],
        [-0.05327983785429, 51.395092816406326],
        [-0.053427426546526, 51.395171706941674],
        [-0.051811809752999, 51.396454202982945],
        [-0.050978209057951, 51.397126488432114],
        [-0.050824439644091, 51.39759874884296],
        [-0.050347773384154, 51.397990097553105],
        [-0.050472205197109, 51.398038930304665],
        [-0.050859620880368, 51.397718038635382],
        [-0.051391674076867, 51.397917534628235],
        [-0.052130490773422, 51.398292227387216],
        [-0.05065461345517, 51.39956444073713],
        [-0.051141143265501, 51.399820734053804],
        [-0.051494672985725, 51.399992979571429],
        [-0.051933664137333, 51.400488585818174],
        [-0.052477236316939, 51.40099312275693],
        [-0.052990701666172, 51.401462085041615],
        [-0.053233187153765, 51.401304244196247],
        [-0.053566829005724, 51.401234247604322],
        [-0.053957441113338, 51.401176886815385],
        [-0.054666752434769, 51.401062766046117],
        [-0.055260630945289, 51.400958415852912],
        [-0.055724112817273, 51.400843805625783],
        [-0.0561069216921, 51.400699078457791],
        [-0.056854166484001, 51.400503739690699],
        [-0.057464971100244, 51.400271062624782],
        [-0.058218597447047, 51.399924742675672],
        [-0.058857615086965, 51.399602598365789],
        [-0.059265804104988, 51.399333282083496],
        [-0.059412965991358, 51.399252986006175],
        [-0.060324736018471, 51.399245600708198],
        [-0.060585776892015, 51.39912402298782],
        [-0.060726990776153, 51.399252258767149],
        [-0.060714775584522, 51.399269142839756],
        [-0.060178240917653, 51.399548030040862],
        [-0.060714512913459, 51.400091076330334],
        [-0.062186084380713, 51.401533578764948],
        [-0.062933622787826, 51.401535147389993],
        [-0.063453479762511, 51.401549135628166],
        [-0.063779192926507, 51.401564410108477],
        [-0.063799268765797, 51.401565641109805],
        [-0.063977408750905, 51.401636929375528],
        [-0.064639566995218, 51.401719809695543],
        [-0.064585255972057, 51.401848408231473],
        [-0.064499516643917, 51.402040336136146],
        [-0.064934225103319, 51.402130248913409],
        [-0.065121937593191, 51.402179211619433],
        [-0.065585833936068, 51.402292985052597],
        [-0.065835285081887, 51.402378037492518],
        [-0.066057363482466, 51.402464436182235],
        [-0.066231617305235, 51.402525764809809],
        [-0.06640753575258, 51.402581724996189],
        [-0.066648669384614, 51.402693616665175],
        [-0.066817894653074, 51.402771947655189],
        [-0.066929388760306, 51.40282144853299],
        [-0.067012034571892, 51.402873171249077],
        [-0.067079217391816, 51.402916545369301],
        [-0.067198612735071, 51.402983262531627],
        [-0.0673506369138, 51.403060409740085],
        [-0.067606291730379, 51.40320311422203],
        [-0.067770036056664, 51.403309230924151],
        [-0.068024936115231, 51.403469907508317],
        [-0.068037563999557, 51.403477309899721],
        [-0.068100594563069, 51.403448673028386],
        [-0.068131410369922, 51.403433893411268],
        [-0.068242566703463, 51.403491480914269],
        [-0.068204339856305, 51.403511534029391],
        [-0.068139455926426, 51.403550032416888],
        [-0.068157679432428, 51.403561124142144],
        [-0.06816890846747, 51.403567604183323],
        [-0.068229401860314, 51.403599176781036],
        [-0.068279085033894, 51.403580211790356],
        [-0.068307403820965, 51.403590570638592],
        [-0.068313300166032, 51.403621243158113],
        [-0.06853307764044, 51.403796627274339],
        [-0.068597351841672, 51.403840851832562],
        [-0.068688129848875, 51.403904397934689],
        [-0.068740870384453, 51.403983504005133],
        [-0.068942690535995, 51.404175677571537],
        [-0.068912478425505, 51.404210251377492],
        [-0.068904953783105, 51.4042182208401],
        [-0.068927978484809, 51.404251873412086],
        [-0.069004009616881, 51.404358341385489],
        [-0.068980709559494, 51.40453601366189],
        [-0.068975525054959, 51.404624956342253],
        [-0.069219353906261, 51.404878072987842],
        [-0.069229518974786, 51.405012232273982],
        [-0.069250235393097, 51.405100702443221],
        [-0.069393078558427, 51.405259529553135],
        [-0.069526582679186, 51.405435288827221],
        [-0.069626816129719, 51.405547550708782],
        [-0.069678916775458, 51.405641933427297],
        [-0.069770416501173, 51.405756749129203],
        [-0.070209509314065, 51.406255883684402],
        [-0.070635643518218, 51.406653185246796],
        [-0.071037434236824, 51.406979941155349],
        [-0.071523099374847, 51.407295486148001],
        [-0.071950198680408, 51.407601972035309],
        [-0.072319600698844, 51.407912902851059],
        [-0.072636825276172, 51.408233765570955],
        [-0.072856567791295, 51.408479283931527],
        [-0.073038310125606, 51.408739464637137],
        [-0.073206180255789, 51.409090243500309],
        [-0.073292024722184, 51.409237337130641],
        [-0.073439252249892, 51.409600366032514],
        [-0.073525265162799, 51.410085588748778],
        [-0.073543509876872, 51.410472575887972],
        [-0.073512593103558, 51.410831776650483],
        [-0.073490102872177, 51.411058922863731],
        [-0.073454673316366, 51.411149166932688],
        [-0.073326301013785, 51.411466298167255],
        [-0.073184915507682, 51.411716669134229],
        [-0.073017438550639, 51.412074523587492],
        [-0.072907929961001, 51.412353295822598],
        [-0.072757011861676, 51.412693436746324],
        [-0.073341633403715, 51.412811861676232],
        [-0.073657146091831, 51.412866508434696],
        [-0.073654766256722, 51.412923123464282],
        [-0.073678931918151, 51.412929815599711],
        [-0.073771396759667, 51.412953817275778],
        [-0.073927698718301, 51.412998652081477],
        [-0.074125602379291, 51.413080141245345],
        [-0.074456099359759, 51.413223160744401],
        [-0.075176211429724, 51.413539843891677],
        [-0.075044309548745, 51.413633000180006],
        [-0.075032435359346, 51.41364179785424],
        [-0.075176338299704, 51.413708009826316],
        [-0.07532848677387, 51.413783349758027],
        [-0.075509871235684, 51.413881651399464],
        [-0.075567395804936, 51.413915869107555],
        [-0.075706234361346, 51.413999982687919],
        [-0.075751391356677, 51.414020508147175],
        [-0.075903010303319, 51.41407425609961],
        [-0.076029142400046, 51.414152765036057],
        [-0.076423047733333, 51.414395739749999],
        [-0.076527734329065, 51.414437025987738],
        [-0.076643604872221, 51.414383172889146],
        [-0.076756001352018, 51.414377823332366],
        [-0.076878650142708, 51.414402317874092],
        [-0.077318579132407, 51.414576800863408],
        [-0.077664679156858, 51.414725462768828],
        [-0.077955755926406, 51.414883113202528],
        [-0.078102993589551, 51.414938584953191],
        [-0.079036785714061, 51.415167921642755],
        [-0.079403079514882, 51.415246766190251],
        [-0.079725199726437, 51.415315893063941],
        [-0.080128228066914, 51.415444797154478],
        [-0.080415978727967, 51.415544833542398],
        [-0.080475473264749, 51.415566491269914],
        [-0.080469385848485, 51.415574485001628],
        [-0.080426397413267, 51.415639427657858],
        [-0.080498757841248, 51.415697266952215],
        [-0.080762955199188, 51.416016338801668],
        [-0.080843409587454, 51.41625866096485],
        [-0.080931386604891, 51.41666477353921],
        [-0.080972405825325, 51.416955909705642],
        [-0.08095299042358, 51.417076094065429],
        [-0.080993653031648, 51.417101040219961],
        [-0.081072976645915, 51.41716438877279],
        [-0.081111976385106, 51.417194703281758],
        [-0.081089950262978, 51.417308550016195],
        [-0.080995769363087, 51.417462581715206],
        [-0.080935533254061, 51.417527242120897],
        [-0.08081085494074, 51.417619623861313],
        [-0.080455419029464, 51.417864699187788],
        [-0.080229932636334, 51.418097513899014],
        [-0.080057772391958, 51.418327604725881],
        [-0.079847833842897, 51.418601140603137],
        [-0.079658422684572, 51.41883094820394],
        [-0.079542405300106, 51.418956743543696],
        [-0.079295457144667, 51.419152334687169],
        [-0.078879571128993, 51.419466557683428],
        [-0.07867595665199, 51.41962328996204],
        [-0.078529030415795, 51.419731491440416],
        [-0.078456078381342, 51.419790546479916],
        [-0.078548602385852, 51.419847818247312],
        [-0.078589454521492, 51.419868271973137],
        [-0.078559819658892, 51.419991885463311],
        [-0.078529830124814, 51.420021069711019],
        [-0.07849522715873, 51.420057372476464],
        [-0.078445027544083, 51.420259784579805],
        [-0.078404200134034, 51.420410192632325],
        [-0.078335912830559, 51.420563747497219],
        [-0.078325135494102, 51.420580656923377],
        [-0.078306681580984, 51.420609130992737],
        [-0.078238803423394, 51.420718628249695],
        [-0.078042386562172, 51.421012166596874],
        [-0.077603148633786, 51.421710889966619],
        [-0.076598718669168, 51.423195292539852],
        [-0.075664770068208, 51.424678146006272],
        [-0.075456479814024, 51.424979578520535],
        [-0.075455004614403, 51.424980453566754],
        [-0.07504295469977, 51.425577996276672],
        [-0.075033461327311, 51.425598523570763],
        [-0.075021093019873, 51.425619003644634],
        [-0.075008724701164, 51.425639483716985],
        [-0.074996356371181, 51.425659963787879],
        [-0.074981150866336, 51.425679497986948],
        [-0.074965945348349, 51.42569903218385],
        [-0.074949302351037, 51.425718542767996],
        [-0.074932697106851, 51.425737154699632],
        [-0.074913216914388, 51.425755719406673],
        [-0.074893736706017, 51.425774284110233],
        [-0.074886284987644, 51.425780456603086],
        [-0.074866842526525, 51.425798122651976],
        [-0.074844562881318, 51.425814842823776],
        [-0.074820845750173, 51.425831539378933],
        [-0.07479716637197, 51.425847337279215],
        [-0.074773524748171, 51.425862236524623],
        [-0.074747008167013, 51.425877088538869],
        [-0.074721929040114, 51.425891964160343],
        [-0.074694012725565, 51.425905893898914],
        [-0.074667533866357, 51.425919847244764],
        [-0.074639655291861, 51.425932878320197],
        [-0.074611776701579, 51.425945909388808],
        [-0.074582460622095, 51.42595891683542],
        [-0.074554581999853, 51.425971947890055],
        [-0.074532604361157, 51.425981478802285],
        [-0.074485736330629, 51.426001392031033],
        [-0.074437430784363, 51.426021281623584],
        [-0.074389162974977, 51.426040272546111],
        [-0.074340970684888, 51.426057466149082],
        [-0.074289903405374, 51.426074612494276],
        [-0.074238911651145, 51.426089961517704],
        [-0.07418795764576, 51.426104411869034],
        [-0.074141429393362, 51.426116237111337],
        [-0.074094976686193, 51.426126265035982],
        [-0.074048599529802, 51.426134495643126],
        [-0.074002222357193, 51.426142726231745],
        [-0.073954445476667, 51.426150034529513],
        [-0.073935607101081, 51.426153322027503],
        [-0.073906668581381, 51.426157342807649],
        [-0.073858929460442, 51.426163752416805],
        [-0.073812665596042, 51.42616928698174],
        [-0.073651669257891, 51.426200813205199],
        [-0.073395268634842, 51.426209188469173],
        [-0.073071949943964, 51.426235347663876],
        [-0.072788729145126, 51.426265762407418],
        [-0.072380484858644, 51.426293221003],
        [-0.072218957381981, 51.426303154036518],
        [-0.071926997223457, 51.426301948483371],
        [-0.071550793204292, 51.42628586701769],
        [-0.071346028035015, 51.426263612931074],
        [-0.071198194629326, 51.426255784491012],
        [-0.071126396324007, 51.426252804335562],
        [-0.071054673717649, 51.426248026840561],
        [-0.070982988973039, 51.426242350654022],
        [-0.070948603010124, 51.426239086880322],
        [-0.070876956142051, 51.426232511981432],
        [-0.070805384993858, 51.426224139743539],
        [-0.070735289201625, 51.426214892476978],
        [-0.07066530699417, 51.426202949225861],
        [-0.070659594935053, 51.426201955925009],
        [-0.07061397417687, 51.426192212213053],
        [-0.070571266246206, 51.426181617164808],
        [-0.070527158713476, 51.426170099788685],
        [-0.070484564390073, 51.426156808766564],
        [-0.070443407567413, 51.42614354139517],
        [-0.070400813293629, 51.426130250343078],
        [-0.070359656519684, 51.426116982942716],
        [-0.070344033586853, 51.426112229367391],
        [-0.070317062295518, 51.426103691860632],
        [-0.070274430237079, 51.426091299410736],
        [-0.06960665728357, 51.425894153541932],
        [-0.069229027976309, 51.425741351932167],
        [-0.068881850796808, 51.425616928250875],
        [-0.068842419799639, 51.425835700667918],
        [-0.068787412690952, 51.425912131593506],
        [-0.068690339881783, 51.425996862028995],
        [-0.068663065850103, 51.425995513318227],
        [-0.068244082802927, 51.425970622815022],
        [-0.06791509505044, 51.425926531198421],
        [-0.067934653932911, 51.425906170393432],
        [-0.068006987819042, 51.425828226940602],
        [-0.067967383206149, 51.42581228646641],
        [-0.067469434019089, 51.425613431348872],
        [-0.066931923224784, 51.425397734690819],
        [-0.066742904354937, 51.425343358462442],
        [-0.066062533129428, 51.425070445596198],
        [-0.065841625177573, 51.42532848814762],
        [-0.065535643629383, 51.425284769470331],
        [-0.065287800774022, 51.425260894442573],
        [-0.0650768761802, 51.42524841965534],
        [-0.065058303301785, 51.425245415210142],
        [-0.064876621233346, 51.425221732312245],
        [-0.064874581558078, 51.425201914660612],
        [-0.064870203693232, 51.425135296281425],
        [-0.06466257768452, 51.425078810899734],
        [-0.064604288228059, 51.42506256072992],
        [-0.064531998712185, 51.425071258937066],
        [-0.064429104595692, 51.425327650629022],
        [-0.063489433881493, 51.425302236174936],
        [-0.063460685013508, 51.425301761152042],
        [-0.06346231866275, 51.425263119462002],
        [-0.062921505174142, 51.425228103308136],
        [-0.062813209805296, 51.425203831565796],
        [-0.062618858264034, 51.425173640842331],
        [-0.062603457647357, 51.425197666600326],
        [-0.062327331447884, 51.425128354157472],
        [-0.062166048802832, 51.425064537070654],
        [-0.061977607472191, 51.424996673577489],
        [-0.061638061603552, 51.42486246245808],
        [-0.061445309624315, 51.42479452680309],
        [-0.061574100077403, 51.424674356009582],
        [-0.061484622740849, 51.424579351773723],
        [-0.061493224627593, 51.42451204864814],
        [-0.061423141229244, 51.424468623646071],
        [-0.059985440339539, 51.42394214086994],
        [-0.059874845733495, 51.423904339233957],
        [-0.059603957336934, 51.423813524455845],
        [-0.05927512689208, 51.423698368497362],
        [-0.058430326628643, 51.423403803144012],
        [-0.058130173463913, 51.423290917553345],
        [-0.058080627206641, 51.423272111153686],
        [-0.058121846435749, 51.423181967595269],
        [-0.058125102116895, 51.423173028812982],
        [-0.057747769618116, 51.423116416852899],
        [-0.057014286846702, 51.423012533170279],
        [-0.056788745934581, 51.422971923600173],
        [-0.056735563445173, 51.422971041790547],
        [-0.056580404333435, 51.422966670440545],
        [-0.056430804079991, 51.422966887435372],
        [-0.056414993074438, 51.422966625230025],
        [-0.05631062589645, 51.422985577655837],
        [-0.055840035693127, 51.422991261215529],
        [-0.055830725015658, 51.42300729367566],
        [-0.055807741491419, 51.423074357873496],
        [-0.055792044872394, 51.423071399663058],
        [-0.055154730703449, 51.422938524333318],
        [-0.054891415553358, 51.423482710968777],
        [-0.054788331552927, 51.423708516124442],
        [-0.054780343263509, 51.42372726826968],
        [-0.052531055415916, 51.423617072636269],
        [-0.051865027949686, 51.423584420887295],
        [-0.051809046581805, 51.423581691773244],
        [-0.051764603754707, 51.422969447104009],
        [-0.051762077755865, 51.422690630352058],
        [-0.051773765786785, 51.422517264872013],
        [-0.051253584247505, 51.422539191783621],
        [-0.050737714312202, 51.422561188099884],
        [-0.050487699022237, 51.422622676468819],
        [-0.050380898608979, 51.422664964259951],
        [-0.050007843874885, 51.422710915635356],
        [-0.049769035999915, 51.422745610744016],
        [-0.04933233234851, 51.422766220412633],
        [-0.049104006149034, 51.422791196618391],
        [-0.048747028041003, 51.422831116688847],
        [-0.048553657094496, 51.422845882514814],
        [-0.047231197671776, 51.422859825801801],
        [-0.047241698814885, 51.422815936349977],
        [-0.047241890347826, 51.422811443171526],
        [-0.046890870150817, 51.422812788084599],
        [-0.04601540866457, 51.422800892934546],
        [-0.046017018548967, 51.422763150262931],
        [-0.046018686055549, 51.422622891301579],
        [-0.046265832681981, 51.42262881017222],
        [-0.046288522329491, 51.42236660037603],
        [-0.044429496102765, 51.422752858274507],
        [-0.043690825429281, 51.422905996837294],
        [-0.04382544513495, 51.423155544337689],
        [-0.043779104263845, 51.423162864308715],
        [-0.043554586495321, 51.423199583860196],
        [-0.043319409851718, 51.423283786568845],
        [-0.043015102183781, 51.423403704717465],
        [-0.042942641118312, 51.423382710690973],
        [-0.042871703762786, 51.423225052353331],
        [-0.042836669597937, 51.423237057139758],
        [-0.041607702891888, 51.423654473992848],
        [-0.041712442078698, 51.423828884856682],
        [-0.041666461901648, 51.423861389709636],
        [-0.041353722659239, 51.42407738506278],
        [-0.041192474775685, 51.424181703798901],
        [-0.04106889030153, 51.424246184501214],
        [-0.040711010438334, 51.424306748422225],
        [-0.040315650622647, 51.424301936785461],
        [-0.039920814596445, 51.424251269567478],
        [-0.039810443182498, 51.424242229413181],
        [-0.039537324747403, 51.424204387908247],
        [-0.038963404779823, 51.424069786909698],
        [-0.038617314202088, 51.42398935556291],
        [-0.038476244858287, 51.423958217795295],
        [-0.038310474893797, 51.424134398904997],
        [-0.038085450884264, 51.424384227688137],
        [-0.037757625220189, 51.424716866725355],
        [-0.037485443106658, 51.42499288304289],
        [-0.036497171479735, 51.424994315579845],
        [-0.036157249129002, 51.425004807104749],
        [-0.035873963658731, 51.425002757706778],
        [-0.035610647823298, 51.425004639440282],
        [-0.034884061970536, 51.425008645691442],
        [-0.03449303087988, 51.425070433377485],
        [-0.034261733905644, 51.425097129486609],
        [-0.034227043193788, 51.425101044000513],
        [-0.034238244476016, 51.424772996424053],
        [-0.034239015761835, 51.42475502385593],
        [-0.033662453622547, 51.424715675707347],
        [-0.033587863159328, 51.424710827113074],
        [-0.033586801479323, 51.424668543359118],
        [-0.033587187248658, 51.424659557078414],
        [-0.033373593734276, 51.424642483969691],
        [-0.033128966180091, 51.42464467370629],
        [-0.032994950609816, 51.42468379119034],
        [-0.032367164481294, 51.424698432723858],
        [-0.031820026767481, 51.424710828198123],
        [-0.03194258769058, 51.42527313500176],
        [-0.03199743497136, 51.42553664443458],
        [-0.03102161185098, 51.425649750039241],
        [-0.030599603814811, 51.425695716675293],
        [-0.030425056843738, 51.425707171885072],
        [-0.030299181489837, 51.425690668024167],
        [-0.030241954911785, 51.425683411304654],
        [-0.030106906581483, 51.425646069726916],
        [-0.029793248167933, 51.425513999432695],
        [-0.02964471558793, 51.42545574729278],
        [-0.029469606975956, 51.425379961887423],
        [-0.028413604734605, 51.424916161094842],
        [-0.027895209175973, 51.424695210013439],
        [-0.02784369513544, 51.4246889475126],
        [-0.027824726458851, 51.424628376820685],
        [-0.027810772277773, 51.424584976752911],
        [-0.027794479163488, 51.424495674245037],
        [-0.027792107363007, 51.424483943743653],
        [-0.02742371586687, 51.424287097322356],
        [-0.027179339563782, 51.424149891046056],
        [-0.027040876395448, 51.42409180504584],
        [-0.026836250590827, 51.42400023102212],
        [-0.026190015762499, 51.423708774840556],
        [-0.026015268125354, 51.423624896766817],
        [-0.025999766974468, 51.423617441463712],
        [-0.025818987360034, 51.423740295065151],
        [-0.025796768544817, 51.423755208485964],
        [-0.025777725479827, 51.423696434734765],
        [-0.025771429440387, 51.423675645318333],
        [-0.025748896431247, 51.423664474421571],
        [-0.025665680180154, 51.423626202231034],
        [-0.025598154532438, 51.423557618920384],
        [-0.025488283149145, 51.42347033661261],
        [-0.025115377068476, 51.423378622082978],
        [-0.024770169581124, 51.423278380425437],
        [-0.024427408587465, 51.423154797787546],
        [-0.024188254107418, 51.423030263052439],
        [-0.023926604446425, 51.422860384686857],
        [-0.023706525826148, 51.422727177819006],
        [-0.023461113996533, 51.422514406916534],
        [-0.02315711849237, 51.422226007325264],
        [-0.023113451236485, 51.422171314125357],
        [-0.022933227938795, 51.42194795106721],
        [-0.022718237551734, 51.421697022825867],
        [-0.022606081197969, 51.421562936769654],
        [-0.022552086860508, 51.421580910544094],
        [-0.022394805378513, 51.421659191536875],
        [-0.022355922809524, 51.421693607212191],
        [-0.02226324139509, 51.421774776683243],
        [-0.022239428067452, 51.421759986382575],
        [-0.022102297600644, 51.421671341508684],
        [-0.021324199165605, 51.421170798675348],
        [-0.0209477811904, 51.420927932789901],
        [-0.020959628722592, 51.42092003936208],
        [-0.021633261211016, 51.420475479378148],
        [-0.021674707329551, 51.420448301433005],
        [-0.021606571379875, 51.420394093857951],
        [-0.021339470169241, 51.420251095785915],
        [-0.021098901957848, 51.420126530674274],
        [-0.021039818634513, 51.420095856834287],
        [-0.020777576161846, 51.419940349613761],
        [-0.020808883980718, 51.419914799305879],
        [-0.020904322100226, 51.419836375356574],
        [-0.021011995274012, 51.419741071666827],
        [-0.021041476396143, 51.419691209958053],
        [-0.021088241950212, 51.419607467561526],
        [-0.021192844529855, 51.419483334977073],
        [-0.021218673421855, 51.419418123837659],
        [-0.021235723667446, 51.419356361577755],
        [-0.021265730686337, 51.418828093023031],
        [-0.021308644016717, 51.41860040107273],
        [-0.021384341915918, 51.418412830844112],
        [-0.021479035793908, 51.418284933597533],
        [-0.021634826582866, 51.418107708148987],
        [-0.021972278831821, 51.417853513123511],
        [-0.022555284547429, 51.417541410636034],
        [-0.021736244991213, 51.417291077489175],
        [-0.022185499311236, 51.416745604560461],
        [-0.021961259708069, 51.41660962602046],
        [-0.021718649124878, 51.416466142698127],
        [-0.021494916710041, 51.416318481191524],
        [-0.021460427103248, 51.416351172183887],
        [-0.021041595737611, 51.416158848946914],
        [-0.021040388164567, 51.416053613028353],
        [-0.021040425867565, 51.416019441100531],
        [-0.020695322319424, 51.415951562692115],
        [-0.020596356384262, 51.41597866803275],
        [-0.020582878877796, 51.415991030281155],
        [-0.020540698632198, 51.41603528172071],
        [-0.020468144039206, 51.416050243175327],
        [-0.020357097233598, 51.416024086840501],
        [-0.020306370541447, 51.415999848688465],
        [-0.020261314705902, 51.415977504871123],
        [-0.017846701416145, 51.415743343799122],
        [-0.017981850128049, 51.415079264305994],
        [-0.017987171987809, 51.415055973073734],
        [-0.01736472238139, 51.415016666973557],
        [-0.016885476302749, 51.414991471627822],
        [-0.016569085369208, 51.414991512752231],
        [-0.016462546978702, 51.414994205915278],
        [-0.015846309703573, 51.415010752165912],
        [-0.015223856669843, 51.415037981248666],
        [-0.014426153405185, 51.415093712572926],
        [-0.014152601758016, 51.415100767964489],
        [-0.014152021462267, 51.415080973993533],
        [-0.014152387461368, 51.414939793395497],
        [-0.014274811523481, 51.414935572956473],
        [-0.01430794215435, 51.414934335785382],
        [-0.014309690762047, 51.414927171182867],
        [-0.014558840211568, 51.413923300855686],
        [-0.014377772623024, 51.413920232977802],
        [-0.01438881275388, 51.413831391410113],
        [-0.01426608389371, 51.413809527691257],
        [-0.014265581431335, 51.413787936477831],
        [-0.014262605601735, 51.413657490576412],
        [-0.013513061781806, 51.413598024584722],
        [-0.012790584974919, 51.413577681791175],
        [-0.011845525128427, 51.41354996134708],
        [-0.010545436113422, 51.413551278440487],
        [-0.00924294577773, 51.413872683899065],
        [-0.009164269184978, 51.413995447924322],
        [-0.009052196278981, 51.414092464682646],
        [-0.008923464010998, 51.414175709087964],
        [-0.008704892222161, 51.414274513109042],
        [-0.008485975978656, 51.414348131039617],
        [-0.008179133485018, 51.414393275728081],
        [-0.007847000991653, 51.414457773850842],
        [-0.007692024889799, 51.414483016867166],
        [-0.007584901294492, 51.414499181198615],
        [-0.006627306392414, 51.414660054413204],
        [-0.006693024161504, 51.414934553356844],
        [-0.00670347845287, 51.415190126663546],
        [-0.006681799441733, 51.415490117380472],
        [-0.006565058958578, 51.415991728304803],
        [-0.00628933084323, 51.415982541309106],
        [-0.006111443060747, 51.415972320556847],
        [-0.006064282680847, 51.415998496537874],
        [-0.005999446847155, 51.41603426382602],
        [-0.005534131268464, 51.415788036233337],
        [-0.00551150301722, 51.415481895933496],
        [-0.005416012645726, 51.415296817572823],
        [-0.00522548288348, 51.414982423628977],
        [-0.005162350871638, 51.414913003688213],
        [-0.005153485842365, 51.414819327652559],
        [-0.005147367195478, 51.414761669570019],
        [-0.005049159310523, 51.414705141670943],
        [-0.005026753186776, 51.414691271033554],
        [-0.005020389473783, 51.414672277815995],
        [-0.00499377148073, 51.414589990178946],
        [-0.003283929315198, 51.415050077646697],
        [-0.003492642216019, 51.415309928517203],
        [-0.003598278745557, 51.415559030236338],
        [-0.003426968060398, 51.415628953376228],
        [-0.003404002111493, 51.415660936182114],
        [-0.000852240200826, 51.415902504533598],
        [-0.000754008063325, 51.415912519366834],
        [-0.000857646382815, 51.41607525860698],
        [-0.000875074075722, 51.416104332882874],
        [-0.000511340154624, 51.416266292800024],
        [-0.000347129312726, 51.416338131171983],
        [-0.000303032962586, 51.416458781586407],
        [-0.000316631029531, 51.416542646704073],
        [-0.00031747987288, 51.416556150395266],
        [-0.000280061977417, 51.417051015408219],
        [-0.000226604984684, 51.417353160688585],
        [-0.000226055890918, 51.417365741243493],
        [-0.000224069656463, 51.417378297274318],
        [-0.000223559782589, 51.417389979218079],
        [-0.000221573546214, 51.417402535248783],
        [-0.000221063671261, 51.417414217192494],
        [-0.000220514574775, 51.417426797747211],
        [-0.000218528335691, 51.417439353777787],
        [-0.000215144174164, 51.417450986673082],
        [-0.000211760010837, 51.417462619568241],
        [-0.000206938702429, 51.417474227938996],
        [-0.000200641026193, 51.417486710396197],
        [-0.000199086217435, 51.417489381704925],
        [-0.000188320216751, 51.41750538503225],
        [-0.000176156285877, 51.417520465222808],
        [-0.000164031569339, 51.417534646800974],
        [-0.000149032554063, 51.417548779327774],
        [-0.000132596383465, 51.417562887327335],
        [-0.000077211276926, 51.417645575226096],
        [0.000135386997299, 51.417771443267902],
        [0.000518017028719, 51.417937573942844],
        [0.000599743504968, 51.418030603222142],
        [0.000848392245014, 51.41815855238864],
        [0.001076490296516, 51.418276959863199],
        [0.001728789275568, 51.418558085890773],
        [0.003213617831285, 51.417583973033658],
        [0.003493423464789, 51.41740472928614],
        [0.005138900245696, 51.418230003908818],
        [0.005557163518899, 51.418453961808282],
        [0.005672016363697, 51.41851494585913],
        [0.005467360401396, 51.418669527485847],
        [0.005328785899275, 51.418986647103743],
        [0.005373435463909, 51.419020955017963],
        [0.005514963870921, 51.419132741754701],
        [0.005228127257635, 51.419315707697692],
        [0.005506965557314, 51.419705720479278],
        [0.005619555519857, 51.419813505911904],
        [0.005725038624826, 51.419923211432881],
        [0.005843869142909, 51.420074954601425],
        [0.005901452901708, 51.420174688428609],
        [0.005957106777084, 51.420296037997986],
        [0.006006144297275, 51.420463364109658],
        [0.006023780427632, 51.420603350011916],
        [0.006053388800539, 51.420688274853525],
        [0.006124165728091, 51.420760804313609],
        [0.006297829099073, 51.421015025646533],
        [0.00673591531954, 51.420935582479359],
        [0.006870855634656, 51.421192264605907],
        [0.006722680209, 51.42122447821005],
        [0.006786232449, 51.421361879193533],
        [0.006848150989933, 51.421494811714787],
        [0.006970613946624, 51.421466635418717],
        [0.007349381842211, 51.421379213007398],
        [0.007502007524303, 51.421776778562439],
        [0.00784038307079, 51.422474219246105],
        [0.008076757278611, 51.423043011051803],
        [0.008664673543926, 51.422935813563662],
        [0.008928189964355, 51.422844066467],
        [0.009966710766789, 51.422483633647182],
        [0.01014786069246, 51.422678368439279],
        [0.010690198035856, 51.423269784490543],
        [0.010986125528046, 51.423490426431634],
        [0.011261786830069, 51.423609796698344],
        [0.011618232913254, 51.423701700554567],
        [0.011813409095656, 51.424051767649715],
        [0.012224817702059, 51.424183193805831],
        [0.012226294519602, 51.424184067730039],
        [0.013344852268406, 51.424695432715332],
        [0.013513036697229, 51.42508552909355],
        [0.014395507962919, 51.425232234859706],
        [0.014260573004984, 51.425631137007031],
        [0.014107561810633, 51.42617513384058],
        [0.014493694909207, 51.426189180714594],
        [0.014566883924703, 51.426185224806325],
        [0.014981621416317, 51.426162807131853],
        [0.015673684021797, 51.426166194146639],
        [0.016048106891463, 51.426208315017533],
        [0.016127506583561, 51.42624741679051],
        [0.016886221561941, 51.426621053153632],
        [0.017215207470598, 51.426774563839622],
        [0.017435740910838, 51.426849904532453],
        [0.017646700485693, 51.426903826886026],
        [0.017893845898315, 51.426930147386422],
        [0.018140437255271, 51.426943886969703],
        [0.018340912369096, 51.426955722400137],
        [0.018587809100742, 51.427009024163006],
        [0.0187752173731, 51.427050760197147],
        [0.019494932180498, 51.427028468512738],
        [0.019689935623366, 51.427046690893832],
        [0.019962592414861, 51.426966452176998],
        [0.020201820290326, 51.426911069659631],
        [0.020905502576734, 51.426818901681415],
        [0.020912650016763, 51.426817879151756],
        [0.021042453771086, 51.426825532882589],
        [0.021135320882028, 51.426843715568182],
        [0.021473303798327, 51.427005152763385],
        [0.021537938562859, 51.427035512755403],
        [0.021513879706966, 51.427109668842505],
        [0.021670936778297, 51.427180700793024],
        [0.021893462724957, 51.427300962859739],
        [0.022264582981373, 51.427495998814415],
        [0.022528440675474, 51.427607452960906],
        [0.022948249442791, 51.427764775975305],
        [0.023193423488712, 51.427876551134865],
        [0.023478941828318, 51.42808744951131],
        [0.023707266441396, 51.428208507337992],
        [0.023718114723887, 51.428258679797167],
        [0.024003303996367, 51.428364366623356],
        [0.024205891503411, 51.42842381751705],
        [0.024459458604964, 51.428530049403847],
        [0.025080897582424, 51.428822371181326],
        [0.025339894017642, 51.428953687261959],
        [0.025410522440443, 51.428989337254883],
        [0.02606118963367, 51.428738881731825],
        [0.026909464941425, 51.428240400386372],
        [0.027214154128141, 51.428071461111017],
        [0.028442903834765, 51.427167105183479],
        [0.02912082067952, 51.426753390525796],
        [0.029580388684032, 51.426444173033886],
        [0.029948124310379, 51.426075393111404],
        [0.030084567298866, 51.425973209307536],
        [0.030292878666448, 51.425869780318138],
        [0.030780607125345, 51.42567697690879],
        [0.031211912695566, 51.425509430006542],
        [0.031468534429138, 51.425360197414285],
        [0.032161570127814, 51.424931814097398],
        [0.032335533203422, 51.424864948327979],
        [0.032506461584803, 51.424794537793595],
        [0.032894356390163, 51.424556694055966],
        [0.033240920842232, 51.42439240802468],
        [0.033517452780584, 51.424238328988288],
        [0.033764158195975, 51.424092860444425],
        [0.03400112176834, 51.423890006292609],
        [0.034336899572148, 51.423612594406528],
        [0.034565993156218, 51.423394587854446],
        [0.034960652882142, 51.423115252577738],
        [0.036185926298307, 51.422365550174518],
        [0.037468782823122, 51.423558186791873],
        [0.038666176514711, 51.424638986473923],
        [0.038824565737747, 51.424674900305561],
        [0.03902866722637, 51.42467134937926],
        [0.039029195363431, 51.424780153574673],
        [0.039039446645749, 51.425139688870132],
        [0.039045295151312, 51.425368005274322],
        [0.039032689860407, 51.425504915769089],
        [0.039021596435599, 51.425578850071666],
        [0.039004916235408, 51.425688852934591],
        [0.038943101522036, 51.426077519797971],
        [0.038940866787627, 51.426091947220954],
        [0.038826833855835, 51.426083139676443],
        [0.038819299909407, 51.42623704829785],
        [0.038772686691683, 51.426514838650426],
        [0.038662087468279, 51.426518561180167],
        [0.038613256115707, 51.426520309891231],
        [0.038570666372903, 51.42669461251257],
        [0.038436663394889, 51.427174463049248],
        [0.038463844966837, 51.427591257923446],
        [0.037875937399778, 51.427601482207557],
        [0.037857250845518, 51.42760180713649],
        [0.037835978926385, 51.427770343054043],
        [0.037831108801487, 51.427790211975491],
        [0.038166161448454, 51.427948954488812],
        [0.038266066725753, 51.427995778320707],
        [0.038332231202404, 51.428027901081393],
        [0.03827594506758, 51.42879956603803],
        [0.03829788061445, 51.429001523329845],
        [0.038221470281856, 51.429224075958217],
        [0.038119544418355, 51.429455165800405],
        [0.038112916852382, 51.429467871023256],
        [0.03817037847888, 51.429498346658328],
        [0.038015603268938, 51.430028917539971],
        [0.037919422693654, 51.430227533057362],
        [0.037832506175752, 51.430440375936357],
        [0.037814224211476, 51.430546809238187],
        [0.037804045534418, 51.43060903676227],
        [0.037719172716472, 51.430964830026795],
        [0.037651975957145, 51.431103588655198],
        [0.037612608197069, 51.431188805712424],
        [0.037521813925217, 51.431379233649871],
        [0.037603159808688, 51.431461452758214],
        [0.037504175918256, 51.431597166785494],
        [0.037517922416941, 51.431776784413685],
        [0.037485634056982, 51.432085799806615],
        [0.037487518488512, 51.432225155907574],
        [0.037539040237007, 51.432380735451751],
        [0.037550662622636, 51.432415605432013],
        [0.037551823954367, 51.432474038633494],
        [0.037590375373476, 51.432758441097306],
        [0.037627242282167, 51.432907980393516],
        [0.037698549269346, 51.43334648998033],
        [0.03766927728627, 51.43333530822656],
        [0.037209433164276, 51.433153553453685],
        [0.034646033611318, 51.432093763388977],
        [0.033700562277274, 51.431699201063857],
        [0.033223711232306, 51.432235353328835],
        [0.032451751948382, 51.431892626977252],
        [0.032218493474211, 51.432115197412948],
        [0.032158978665787, 51.432362632706081],
        [0.031587725895681, 51.432555090531011],
        [0.031531624960512, 51.432490415374929],
        [0.03143008459335, 51.432374369423613],
        [0.031350265309326, 51.432293918203996],
        [0.031147622615949, 51.432104084576395],
        [0.031046904320313, 51.432201153928467],
        [0.031381629994935, 51.432579346317901],
        [0.031357669320901, 51.432590552994839],
        [0.031118420648857, 51.432710706822959],
        [0.03050186360435, 51.433017253933009],
        [0.030273477152904, 51.433090455152573],
        [0.030167688483357, 51.43313815103533],
        [0.030053708675904, 51.433228254948546],
        [0.029861894507539, 51.433347584540527],
        [0.029897353285178, 51.433368553182085],
        [0.029607537258972, 51.433516558104543],
        [0.029107893315939, 51.433767116165534],
        [0.028584361389816, 51.434030675454416],
        [0.028603568203996, 51.434042033678459],
        [0.028916509648782, 51.434220969492706],
        [0.029033459688884, 51.4343601321279],
        [0.029065727584769, 51.434666228531675],
        [0.029023866105668, 51.435052745028862],
        [0.02896826011439, 51.435486262056671],
        [0.028867805874234, 51.43591426040129],
        [0.02867788458605, 51.436401361214934],
        [0.028674009413287, 51.436411320383336],
        [0.028642499192764, 51.436414563621909],
        [0.028526601875445, 51.436429159495688],
        [0.027992802614227, 51.4364941523773],
        [0.027701344357489, 51.436508187871823],
        [0.027690474286082, 51.436555138547781],
        [0.027653093635137, 51.436555785235129],
        [0.027240309517575, 51.436559328505211],
        [0.026271559026902, 51.436192087370749],
        [0.025744720946862, 51.435991661769812],
        [0.025500245522435, 51.435734196180917],
        [0.025375974616692, 51.435689581106445],
        [0.02526931865294, 51.436010668875419],
        [0.02528559678232, 51.43608592719329],
        [0.025289108157754, 51.436100255012484],
        [0.025126184820063, 51.436775732264351],
        [0.025028968873281, 51.436822375989031],
        [0.02493026587575, 51.437095664076132],
        [0.024889345210356, 51.437211478972266],
        [0.024871577609349, 51.43755800899941],
        [0.024784233755042, 51.43792552514266],
        [0.0247628162075, 51.438157010248396],
        [0.024790834995986, 51.438237461473562],
        [0.025968167299746, 51.438440138499537],
        [0.025989309036365, 51.43836513275896],
        [0.028689188399029, 51.438767174267468],
        [0.02881375385598, 51.438785701631225],
        [0.028817555523387, 51.43903383737868],
        [0.028865857861439, 51.439214656034466],
        [0.028875901554685, 51.439376352748504],
        [0.028725402593262, 51.439746763663351],
        [0.028571017028955, 51.440191881920747],
        [0.028576852829597, 51.440453471622092],
        [0.028698999342678, 51.440677077007408],
        [0.028821023416709, 51.440930360648302],
        [0.028883065225809, 51.441128927051544],
        [0.028970156881079, 51.441275800798415],
        [0.029085771495889, 51.441384410921785],
        [0.029082604974153, 51.441475293087457],
        [0.029344756380636, 51.441643416475422],
        [0.029359008045479, 51.441705220093446],
        [0.029576442611495, 51.441741023636077],
        [0.02957430199775, 51.441952391662738],
        [0.029573979641121, 51.441977577103231],
        [0.029572925625425, 51.442116084575169],
        [0.029978330427427, 51.443275431044661],
        [0.030324892039109, 51.444308097490072],
        [0.030500721568038, 51.444314044509184],
        [0.030585760429944, 51.444317067741622],
        [0.030759240618208, 51.444237623425046],
        [0.031001098845615, 51.444207353762089],
        [0.031285895957618, 51.444171843078031],
        [0.031334028685861, 51.444153922603853],
        [0.031658495910706, 51.444007111990253],
        [0.032094636431411, 51.443944695405754],
        [0.03228524649012, 51.443894628085346],
        [0.032526544707795, 51.443819400923942],
        [0.032703771970326, 51.443792046999171],
        [0.032971232377053, 51.443690286059741],
        [0.033068773724366, 51.443650824434911],
        [0.033087626530066, 51.443654094552137],
        [0.033180532488995, 51.443672267211909],
        [0.033377212169682, 51.443596912947676],
        [0.033470518156888, 51.443591697133833],
        [0.033584834979995, 51.44354115267106],
        [0.033597297304497, 51.443530145082939],
        [0.033638918187673, 51.443495250289899],
        [0.033835196488473, 51.443443283514966],
        [0.033939608315142, 51.443299385342108],
        [0.033971523126266, 51.44324037826425],
        [0.033989697033028, 51.443228372238956],
        [0.034031756570184, 51.443203361780718],
        [0.034129775517078, 51.443142308223422],
        [0.034296614514389, 51.443075563775281],
        [0.034309316150807, 51.443069947641966],
        [0.034570817360028, 51.442963790010765],
        [0.034606126177042, 51.442916414492039],
        [0.034615432681767, 51.442899166603667],
        [0.03483738970735, 51.442777507722468],
        [0.035131959769281, 51.442670774722593],
        [0.035240560788415, 51.442621227134943],
        [0.035257495978612, 51.442613738823468],
        [0.035479170201561, 51.442485788642671],
        [0.035488995734803, 51.442480222325052],
        [0.035543595239915, 51.442446000728587],
        [0.035731360076155, 51.442429250547868],
        [0.035896477302462, 51.442388612846898],
        [0.03593530041704, 51.442387938503273],
        [0.035979875102289, 51.44238716424104],
        [0.036047335216196, 51.442350920451432],
        [0.036173588856331, 51.442310058158569],
        [0.036567524193324, 51.442140444156927],
        [0.036701723001852, 51.442051781315918],
        [0.036776372910654, 51.442047786300712],
        [0.036820945748137, 51.442014637612218],
        [0.036953149197243, 51.441978167482155],
        [0.036992408557168, 51.441922629027523],
        [0.037596388787524, 51.441784432958087],
        [0.037895577279203, 51.441652432734976],
        [0.038298205149247, 51.441452086103375],
        [0.038490115647872, 51.441399288098033],
        [0.038815386289664, 51.441336076574053],
        [0.039049630848547, 51.441264555615433],
        [0.039323730985225, 51.441150973774718],
        [0.039616922128312, 51.441046051892933],
        [0.039748519904948, 51.440996099879307],
        [0.039814260419542, 51.440985962986296],
        [0.03999945102348, 51.440879322501651],
        [0.040098614502199, 51.440811948951108],
        [0.040076999316036, 51.440746677578545],
        [0.040117054749509, 51.440709109822599],
        [0.040946420148116, 51.440204562307493],
        [0.041401294611787, 51.439950237360058],
        [0.041953568832372, 51.439653746073702],
        [0.042184708042481, 51.439480653912298],
        [0.042313396271607, 51.439268878785356],
        [0.042467241817081, 51.439040478024602],
        [0.042498105870798, 51.438990479634725],
        [0.042712313692704, 51.438631529905528],
        [0.04291251297272, 51.438345665821473],
        [0.042943536479465, 51.43829926165499],
        [0.043225340032919, 51.437875283588582],
        [0.043311620829711, 51.437745181989776],
        [0.043586651898494, 51.437653156474923],
        [0.044319001485741, 51.437169160717389],
        [0.044884582973883, 51.436785192569467],
        [0.045182907573577, 51.43660282849855],
        [0.04514815837504, 51.436404693235133],
        [0.045147078454523, 51.436219459705931],
        [0.045802212933032, 51.435650470434446],
        [0.046198231941465, 51.435239778901213],
        [0.046414868051971, 51.435032758455101],
        [0.046623639470043, 51.434842961315361],
        [0.047104174791518, 51.434392121499634],
        [0.047784917082394, 51.433753428511707],
        [0.048368624578927, 51.433325960546398],
        [0.049252122424486, 51.432717887713714],
        [0.049535906895261, 51.432533068544153],
        [0.050148223740294, 51.432134767511954],
        [0.051049086481592, 51.431529974097231],
        [0.051334903290432, 51.431262380673303],
        [0.0521561264533, 51.43048630963623],
        [0.052454009810997, 51.430167242819422],
        [0.052927025205716, 51.429647264851305],
        [0.053458873600044, 51.428995857665747],
        [0.053891805617825, 51.428448700020567],
        [0.054418173500531, 51.427932277081801],
        [0.054711296851312, 51.427668144066438],
        [0.054827026616449, 51.42752222928722],
        [0.055985201735748, 51.42650011240729],
        [0.056391304567266, 51.426157553602707],
        [0.056414973236926, 51.426140051854063],
        [0.057780796746673, 51.425162834201444],
        [0.058199762060824, 51.42488299310245],
        [0.058596597155385, 51.424590949186012],
        [0.058731067992453, 51.42467042209605],
        [0.058831760924966, 51.424670451753073],
        [0.059005797380302, 51.424670092035228],
        [0.059152501355206, 51.42470168734387],
        [0.059254123496336, 51.424722383905291],
        [0.059836364496253, 51.424874922533384],
        [0.060644449195271, 51.42505945890229],
        [0.060899947673142, 51.425079246864549],
        [0.061337517090654, 51.424062551202454],
        [0.061708273271992, 51.423734983757349],
        [0.062940584215118, 51.424108984154458],
        [0.063202312196572, 51.424203298253033],
        [0.063264054880178, 51.424232787007597],
        [0.063342174621393, 51.42427457741104],
        [0.063388309572645, 51.424308837332823],
        [0.063480154385709, 51.424399846789107],
        [0.063529143717167, 51.424465531451553],
        [0.064004022535459, 51.424789005828188],
        [0.064437224787654, 51.425049363077179],
        [0.064196991908472, 51.425368345232613],
        [0.064194198232791, 51.425370193013684],
        [0.064778973390204, 51.425514568990351],
        [0.064714558375614, 51.42561732333143],
        [0.066579522338756, 51.426015210279424],
        [0.066404183618907, 51.426337549067618],
        [0.066935082993663, 51.426722074769735],
        [0.068541613928202, 51.427607405833122],
        [0.069928824569219, 51.428476804676436],
        [0.070125160485774, 51.428587546324096],
        [0.070289020815668, 51.428679976299101],
        [0.071230810206254, 51.42921010253427],
        [0.071636595228794, 51.42943494655092],
        [0.071942833526664, 51.42965345553354],
        [0.072237708918061, 51.429938711926305],
        [0.073471425543411, 51.431259527836872],
        [0.073035153924188, 51.431378757179978],
        [0.073327823296027, 51.431773762967076],
        [0.074022226849547, 51.431572626048457],
        [0.07430479268678, 51.43149028650668],
        [0.074835988369008, 51.430830698575633],
        [0.075182198145522, 51.431613244292635],
        [0.075343176131053, 51.431990792543658],
        [0.075576772604902, 51.431938993568274],
        [0.077009895045072, 51.431594357180145],
        [0.079439323972938, 51.431044977950926],
        [0.080371699802243, 51.430826091207166],
        [0.080385847274237, 51.430757494146512],
        [0.080516241766513, 51.430777661642864],
        [0.080711740169326, 51.430774190951951],
        [0.08099539944439, 51.430684621426714],
        [0.081405972460855, 51.430570315091082],
        [0.082167106067721, 51.430350857873741],
        [0.082606470559329, 51.430205459939287],
        [0.082906193902088, 51.43005804577701],
        [0.083144145452688, 51.429912628116909],
        [0.083464500011888, 51.429681211895058],
        [0.083663684180468, 51.42950590650026],
        [0.083996790973268, 51.429143865111925],
        [0.084420474220678, 51.428654311274151],
        [0.085146028467791, 51.427780784385959],
        [0.085607263443511, 51.427295054306782],
        [0.085975045448742, 51.426905411182545],
        [0.086464687098435, 51.426380502456951],
        [0.086934636721922, 51.425928784734225],
        [0.087250190401866, 51.425624600710641],
        [0.087398455293354, 51.425500555783664],
        [0.087592307742763, 51.425335230542082],
        [0.087881724714804, 51.425120540052589],
        [0.088625076439272, 51.424513762538894],
        [0.088730010755865, 51.42438599165208],
        [0.088936502353228, 51.42421414379077],
        [0.089120979683957, 51.424064270967143],
        [0.089396705682738, 51.423865108598896],
        [0.089810907541403, 51.423548367046216],
        [0.090064125751094, 51.423328920735884],
        [0.09030707169144, 51.423168110984598],
        [0.090528621430275, 51.423011279563276],
        [0.090651243113854, 51.42292455872699],
        [0.090929457620052, 51.422780204981663],
        [0.090932250043467, 51.422778356576472],
        [0.091049490605208, 51.422699824941581],
        [0.091222496762732, 51.422582527849457],
        [0.091455290810669, 51.422451573409774],
        [0.091805404754457, 51.422212408059742],
        [0.0920893208196, 51.422004100044944],
        [0.092385840724912, 51.421788371949098],
        [0.092873545996661, 51.421475702537229],
        [0.092973082114171, 51.421387592896991],
        [0.093311271969848, 51.421171118152962],
        [0.093593368270384, 51.421017695662371],
        [0.09388511211885, 51.420855107180401],
        [0.094081796913333, 51.420752670608621],
        [0.094243044808805, 51.420661658494041],
        [0.094251708258152, 51.420630927753763],
        [0.09426431346048, 51.420592032944249],
        [0.094798064028024, 51.420280330988078],
        [0.094858176632627, 51.420242385454344],
        [0.09566016380554, 51.419789191747626],
        [0.096644397517142, 51.419264385669557],
        [0.096721505842752, 51.419220739319655],
        [0.097402584111853, 51.418860525180087],
        [0.098046122770592, 51.418497381924915],
        [0.098433865416014, 51.418264716836347],
        [0.098672406304296, 51.418134544072402],
        [0.09951098636963, 51.41769685528044],
        [0.100441887292985, 51.417234123979995],
        [0.101089046296755, 51.416950935795732],
        [0.102275357721163, 51.416381989742348],
        [0.102452869691374, 51.416269990531219],
        [0.102449748269809, 51.416264650774998],
        [0.102438617138855, 51.416241468859852],
        [0.102391478265673, 51.416217134383174],
        [0.102450630886932, 51.416158518330775],
        [0.102524907992231, 51.416178768691253],
        [0.102604597092359, 51.416160252285131],
        [0.102621635029225, 51.416155450105812],
        [0.102708750216431, 51.416110720873931],
        [0.102849963807785, 51.415991278731035],
        [0.102987401818366, 51.415883594982965],
        [0.10311601755158, 51.415803048208097],
        [0.103231493639312, 51.415718240657142],
        [0.103351452007194, 51.415668424979977],
        [0.103513859828225, 51.415603458486395],
        [0.103728651908344, 51.415520464760533],
        [0.103817696886252, 51.415486491562348],
        [0.104132698132378, 51.415362129023471],
        [0.104475653089654, 51.415220177023542],
        [0.104716307159998, 51.415136716996841],
        [0.105688766852656, 51.414798198526128],
        [0.106404313035636, 51.414565011279251],
        [0.107011355420588, 51.414380533944453],
        [0.107010281123077, 51.414357171614085],
        [0.107005694715334, 51.414257432433196],
        [0.107210507439585, 51.414207885542979],
        [0.107502880985831, 51.414123489646151],
        [0.107623615739111, 51.414090742150272],
        [0.108342479561264, 51.413898850767602],
        [0.108870701848859, 51.413783228883005],
        [0.109536938013886, 51.413635443353542],
        [0.10959290629381, 51.413664112487311],
        [0.110348930819915, 51.413529993817463],
        [0.11130672776047, 51.413374249032557],
        [0.111764221207168, 51.413315644632938],
        [0.112074788555026, 51.413283068438837],
        [0.112333738109791, 51.413222644479944],
        [0.112493954667356, 51.413172992883588],
        [0.112522211161143, 51.413099640580477],
        [0.112559006129024, 51.413024335743749],
        [0.113098950999453, 51.412913879064163],
        [0.113478152998462, 51.413059920433192],
        [0.113560484581322, 51.413098903726173],
        [0.114346802184765, 51.413091912618526],
        [0.11503016016242, 51.413097566195937],
        [0.116023146679831, 51.413174964313299],
        [0.116380909752495, 51.413199079309813],
        [0.116915437915994, 51.413189423921601],
        [0.117292130352839, 51.413218589938197],
        [0.117985548401009, 51.413224044507807],
        [0.118173176544633, 51.413238638929215],
        [0.118583981869497, 51.41325909049246],
        [0.11885511695725, 51.413275771178448],
        [0.119070462272933, 51.413298855931849],
        [0.119489824524372, 51.413348826342194],
        [0.119883739021304, 51.413408248593271],
        [0.120161745548282, 51.413449082941085],
        [0.120729440293488, 51.413565610792219],
        [0.121785996429941, 51.413773106882395],
        [0.122015650877203, 51.413825603915647],
        [0.12244917997407, 51.413932862180431],
        [0.123072883530215, 51.414109516391527],
        [0.124059823515802, 51.414427967542153],
        [0.124575019341162, 51.414590393304678],
        [0.124809595344396, 51.414624809739912],
        [0.125080325241583, 51.414694541910784],
        [0.125339018561883, 51.414752800919693],
        [0.125402474381552, 51.414787621836048],
        [0.125507621489869, 51.414791110415614],
        [0.12567936833111, 51.414804182337981],
        [0.125899637904649, 51.414809179338924],
        [0.126164035875143, 51.414804382283798],
        [0.12625014674736, 51.414769545846362],
        [0.12631851379379, 51.414724239762634],
        [0.126626243286702, 51.41463052430101],
        [0.126709089115274, 51.414680280658224],
        [0.126845249971363, 51.414763242559083],
        [0.126910394130203, 51.414803427801793],
        [0.127018813623648, 51.41484642468069],
        [0.12713450148295, 51.414891088113158],
        [0.127255812208749, 51.414932951466575],
        [0.127370582691536, 51.414957846795474],
        [0.127520818093466, 51.414972205853168],
        [0.127744856976953, 51.414965440096616],
        [0.128005570660862, 51.414974195238116],
        [0.128229734663027, 51.414970124171568],
        [0.129030566976004, 51.414903417443455],
        [0.129778121504417, 51.414804399586025],
        [0.130297575463014, 51.414717617644854],
        [0.13153368711988, 51.414517078038614],
        [0.131864881176092, 51.414464289571946],
        [0.132140034274871, 51.414412519872634],
        [0.132436322441777, 51.414351371932284],
        [0.13281473840975, 51.414262648803444],
        [0.133204746516638, 51.414144935889432],
        [0.133703261024727, 51.413979381744262],
        [0.133933111562175, 51.413912245341677],
        [0.134136036818793, 51.413853692546766],
        [0.134319849351428, 51.413817070667186],
        [0.134317296281576, 51.413762260008717],
        [0.135290349579741, 51.413318265335469],
        [0.135971508527599, 51.413029766358115],
        [0.136350781944701, 51.412867273592767],
        [0.136874668342794, 51.412598723174945],
        [0.137048457404459, 51.412563179045911],
        [0.137527464949991, 51.412380877468991],
        [0.137712591489163, 51.412310952189458],
        [0.137998236300321, 51.412176241719465],
        [0.138176481862332, 51.412082160185868],
        [0.138356152312064, 51.412018628520251],
        [0.138607099502578, 51.411880053234619],
        [0.138853021689116, 51.411726281045418],
        [0.139139708090709, 51.41161403118614],
        [0.139268446425477, 51.411568514563683],
        [0.139695174379552, 51.411468095301665],
        [0.1399660418311, 51.41138670841034],
        [0.140356855858279, 51.411256366438295],
        [0.140589598323472, 51.411190063261259],
        [0.141482457639258, 51.410878778835951],
        [0.141975326784207, 51.410716889329763],
        [0.142143660102209, 51.410657156209403],
        [0.142597604973721, 51.410493277740692],
        [0.143699802287654, 51.410108002798957],
        [0.144180656406224, 51.409935532104079],
        [0.144412209182502, 51.409844062617303],
        [0.14468610720057, 51.409735630217305],
        [0.145209762089591, 51.409556076728585],
        [0.145544925829132, 51.409466305220356],
        [0.145544673426123, 51.409460914043535],
        [0.145538175662078, 51.409414269435452],
        [0.145680841797123, 51.409390073829947],
        [0.145886682983086, 51.409363821795644],
        [0.146593006491643, 51.409185413058545],
        [0.147348047374872, 51.409003409321414],
        [0.147964481536049, 51.408809552828494],
        [0.148601113337855, 51.408586545078407],
        [0.148803153111972, 51.408509996768508],
        [0.14887668323318, 51.408483467884118],
        [0.148742887618593, 51.408267391564465],
        [0.148666043017941, 51.408131207788713],
        [0.149230872773762, 51.407879836254367],
        [0.149666470210755, 51.407693783985636],
        [0.150107902109116, 51.407448269164838],
        [0.150333865448688, 51.407238182650588],
        [0.1503639969898, 51.407206154147694],
        [0.150417413808377, 51.407149417171006],
        [0.150473746017846, 51.407093525962402],
        [0.15053151477014, 51.407037608359374],
        [0.150545333460466, 51.407025663824193],
        [0.150589494194155, 51.406986183363401],
        [0.150633697015386, 51.406947601413492],
        [0.150679336437501, 51.406908993077302],
        [0.150725017947941, 51.406871283250801],
        [0.150773657059762, 51.406835317718063],
        [0.150822296095471, 51.406799352165805],
        [0.15087385056282, 51.406764232375721],
        [0.150894768095188, 51.406750358884317],
        [0.150938039790735, 51.406722585517343],
        [0.150982790271281, 51.406695684287698],
        [0.151027540699244, 51.406668783041447],
        [0.151073769912015, 51.406642753930306],
        [0.151121477909614, 51.406617596952515],
        [0.151169185854661, 51.406592439955809],
        [0.151218414758799, 51.406569053616622],
        [0.151269122450298, 51.406546539406492],
        [0.151319830091643, 51.40652402517491],
        [0.151322661240018, 51.406523073892487],
        [0.151376326505526, 51.406502303934012],
        [0.151431470560727, 51.40648240609864],
        [0.151486656746623, 51.406463406764246],
        [0.151543321725875, 51.406445279550084],
        [0.151599986659689, 51.406427152309],
        [0.151656778095138, 51.406411720619971],
        [0.151716442807277, 51.406396236138363],
        [0.151774713005702, 51.406381676536547],
        [0.151834504194704, 51.406368887574438],
        [0.151895774192859, 51.406356970723458],
        [0.151955649690428, 51.406345978752633],
        [0.151972762996938, 51.406342966544862],
        [0.152029765145674, 51.406332027308267],
        [0.152058287304605, 51.406327006942732],
        [0.152086809457095, 51.406321986570333],
        [0.152115373794348, 51.406317864717138],
        [0.152143895934507, 51.406312844330969],
        [0.152172460260535, 51.406308722463976],
        [0.152202503428594, 51.406305472727432],
        [0.152231109937797, 51.406302249372281],
        [0.152259716442774, 51.406299026010181],
        [0.152288365138087, 51.406296701167129],
        [0.152318534874637, 51.40629614697896],
        [0.152347225760456, 51.406294720647502],
        [0.152376001036834, 51.406295091360946],
        [0.152406255164337, 51.406296334202025],
        [0.152414917285473, 51.406297074380589],
        [0.152443776958605, 51.406299242129151],
        [0.152472678832443, 51.406302308396434],
        [0.152501580709942, 51.406305374656526],
        [0.15253052479043, 51.406309339435317],
        [0.152559511075627, 51.406314202732688],
        [0.152587060712215, 51.406319092416219],
        [0.152683272586072, 51.40634700176323],
        [0.152796307500939, 51.406273880215146],
        [0.152785871091725, 51.406265978255078],
        [0.152775350278022, 51.406256279242633],
        [0.152764871672636, 51.406247478754899],
        [0.152755787519545, 51.406237753345017],
        [0.152748182225382, 51.406228900064761],
        [0.152739055876313, 51.406218276127731],
        [0.152734450500206, 51.406212065633206],
        [0.152729845125365, 51.406205855138452],
        [0.152725197548814, 51.406198746117781],
        [0.152720592176609, 51.406192535622637],
        [0.152715944602894, 51.406185426601539],
        [0.152712775883389, 51.406179189711104],
        [0.152709564962136, 51.406172054294821],
        [0.152707790691533, 51.406164892483616],
        [0.152706016421518, 51.406157730672362],
        [0.152705678801261, 51.406150542466293],
        [0.152705172371139, 51.40613976015716],
        [0.152706102589825, 51.406128951453219],
        [0.152708469456304, 51.406118116354463],
        [0.152712272969545, 51.406107254860807],
        [0.152714639833595, 51.406096419761923],
        [0.152717217709861, 51.406090077291779],
        [0.152718569951757, 51.40608825384534],
        [0.15272237346033, 51.406077392351357],
        [0.152727655816519, 51.406067402988008],
        [0.152734332613743, 51.406056488703555],
        [0.153187953069422, 51.405611992483159],
        [0.153206629283169, 51.405611649275095],
        [0.153233883075151, 51.405610249132415],
        [0.15326109465269, 51.405607950457927],
        [0.153288264014194, 51.405604753251616],
        [0.153313996740328, 51.405601582441115],
        [0.15332257431488, 51.405600525503026],
        [0.153335419568914, 51.405598490831999],
        [0.15334830703605, 51.40559735468505],
        [0.153361152287973, 51.405595320011209],
        [0.153373997538716, 51.405593285335996],
        [0.153386800573252, 51.405590352133949],
        [0.153399603606109, 51.405587418930487],
        [0.153412406637294, 51.405584485725669],
        [0.153422294189765, 51.405580706800805],
        [0.153435012785655, 51.405575976542707],
        [0.153447731378894, 51.405571246283237],
        [0.153460407753049, 51.405565617497025],
        [0.153471647494125, 51.405560015113437],
        [0.153482845015586, 51.405553514203405],
        [0.153494042533866, 51.405547013292342],
        [0.153498225770973, 51.405544238503403],
        [0.153507986655588, 51.405537763995305],
        [0.153517705319945, 51.405530390961069],
        [0.153760417584311, 51.405340673700323],
        [0.153970887954994, 51.405168635365612],
        [0.15427342806905, 51.404936449279894],
        [0.154627093005311, 51.404599003273212],
        [0.155122258099558, 51.404029631628916],
        [0.155223072469858, 51.40397202055577],
        [0.155115033949256, 51.403875983909593],
        [0.154940957061606, 51.403659756021341],
        [0.155101641764408, 51.403621727839486],
        [0.155103078332082, 51.403621701416242],
        [0.155275551034855, 51.403589751285118],
        [0.15548769806952, 51.403575956369721],
        [0.155805556165104, 51.403180710702308],
        [0.155938646803121, 51.403014588884481],
        [0.156189741830451, 51.402697910527493],
        [0.156408767399472, 51.40249423458873],
        [0.156477380686405, 51.40239404853321],
        [0.156509827630683, 51.402319708560377],
        [0.156599858441485, 51.402094125223265],
        [0.156728208342197, 51.401827367852334],
        [0.156908315018719, 51.40162170939567],
        [0.157071773015858, 51.401398371109643],
        [0.157196020279067, 51.401136185210675],
        [0.157275020007743, 51.400951272985061],
        [0.157334711871263, 51.400783802957022],
        [0.157346447610881, 51.400544372414316],
        [0.157396207837105, 51.400318630547133],
        [0.157499157410255, 51.400062232230084],
        [0.157637880359767, 51.39958844309151],
        [0.157760340596321, 51.399227366081817],
        [0.157680904278441, 51.399005801936418],
        [0.157678438838968, 51.398678501141056],
        [0.157691861298904, 51.398413858932543],
        [0.157702326285415, 51.398147472571317],
        [0.157895678866134, 51.397918186541013],
        [0.157958956574765, 51.397765938183674],
        [0.158004615114742, 51.397575344287816],
        [0.158059189207944, 51.397421457568939],
        [0.158195251685106, 51.397196823442151],
        [0.158437001632697, 51.396804770359061],
        [0.158624001432884, 51.396471280886033],
        [0.158771375713288, 51.396181687773066],
        [0.15887874700589, 51.3959584807209],
        [0.158954228736471, 51.395821295017129],
        [0.159067646583358, 51.395696000410894],
        [0.159252364445472, 51.395466871066361],
        [0.159335670324443, 51.395465335710632],
        [0.159489887613569, 51.395260150002194],
        [0.159433742388225, 51.39522791063235],
        [0.159634041571566, 51.394963420618204],
        [0.159890898180418, 51.394648425884547],
        [0.160256944230905, 51.394271163937923],
        [0.16045998328928, 51.394034500309978],
        [0.160699604092711, 51.393811550511884],
        [0.160814028533009, 51.393707818839523],
        [0.160964270483725, 51.393571051466438],
        [0.16126234509663, 51.393307452904338],
        [0.161595351756137, 51.393053101390706],
        [0.161889792640609, 51.392834533412675],
        [0.162159438015871, 51.392638904882077],
        [0.162357995268788, 51.392490452316579],
        [0.161659814654353, 51.392408010290666],
        [0.161287154839179, 51.392369920443052],
        [0.161183154885879, 51.392359248713426],
        [0.16067764817602, 51.392338895642887],
        [0.160204624381947, 51.392306250506635],
        [0.15955676466938, 51.392284920089466],
        [0.158984434374669, 51.392280180322118],
        [0.158247993985697, 51.392239791029453],
        [0.157390241267811, 51.392309547517833],
        [0.156354310273544, 51.392350202407627],
        [0.155505507559809, 51.392396398435253],
        [0.154823135328602, 51.392435930115383],
        [0.154578513113262, 51.392461113068393],
        [0.15457707689464, 51.392461139481142],
        [0.15373469141996, 51.392491017171665],
        [0.153106725398801, 51.392495365136789],
        [0.152590487082109, 51.392521938135808],
        [0.152147411163995, 51.392545366299579],
        [0.151379154800765, 51.392592750624047],
        [0.150650563237748, 51.392627710845325],
        [0.149976041596847, 51.392650882661819],
        [0.148885643901196, 51.392695168785224],
        [0.148036736342079, 51.392770090162699],
        [0.147714761902073, 51.39280117343931],
        [0.147678047670622, 51.392354893241816],
        [0.147507764929521, 51.39215657095027],
        [0.147960608894664, 51.391820024017399],
        [0.14859767711116, 51.391365885406906],
        [0.14939323810819, 51.391073407943686],
        [0.149705410847329, 51.390956166743642],
        [0.149809290868973, 51.390872424042918],
        [0.14971895454933, 51.39075447440861],
        [0.149651976433683, 51.390644189841133],
        [0.149592773265006, 51.390515776523941],
        [0.149515287835992, 51.39033463974684],
        [0.149497072722829, 51.390099356608381],
        [0.149458313687901, 51.389977762543872],
        [0.149403247656589, 51.389876252308568],
        [0.149303708021311, 51.38974588096621],
        [0.14903071412396, 51.389472105063859],
        [0.148879564757439, 51.389313902368585],
        [0.148807098969839, 51.389209113795054],
        [0.148713994869599, 51.3890012838731],
        [0.1486363051498, 51.388815653746072],
        [0.148627965217437, 51.388668321025669],
        [0.148731846941312, 51.388554002900143],
        [0.149054266555384, 51.388164985838522],
        [0.149390438981098, 51.387854854185534],
        [0.14887556471733, 51.387572025869993],
        [0.148994482325568, 51.387441244219389],
        [0.149317725490814, 51.38713134987762],
        [0.149679922711177, 51.386702031784033],
        [0.149899569116263, 51.38657389731695],
        [0.149910720479944, 51.386566498246616],
        [0.150086733077579, 51.386458049526155],
        [0.15009927829583, 51.386449725552509],
        [0.150117525524953, 51.386440397623723],
        [0.150134336712578, 51.38643109604827],
        [0.15015254180433, 51.386420869583858],
        [0.15016935297766, 51.386411568003524],
        [0.150187600177249, 51.386402240064108],
        [0.150204411336601, 51.386392938478885],
        [0.150219744332605, 51.386382764718199],
        [0.150235035197496, 51.3863716924253],
        [0.15025032605502, 51.386360620130482],
        [0.150270939780808, 51.386340457100275],
        [0.150290075332878, 51.386319421894335],
        [0.150307732712229, 51.38629751451338],
        [0.150322518016941, 51.386275659846675],
        [0.150338697209952, 51.386252880289391],
        [0.150348033259945, 51.386237420765291],
        [0.150361424626252, 51.386216490982768],
        [0.150373337827366, 51.386194689027541],
        [0.150383814991698, 51.386172913430251],
        [0.150394250019259, 51.386150239301877],
        [0.150403291139761, 51.386128490062106],
        [0.150409712968749, 51.386112184721703],
        [0.15041474089746, 51.386096804270579],
        [0.15041829067265, 51.386080551648526],
        [0.150423318595325, 51.386065171197039],
        [0.150426910492939, 51.386049817104933],
        [0.150430460260666, 51.386033564482474],
        [0.150432616132883, 51.386018236749742],
        [0.150433293855807, 51.386002036846399],
        [0.150434013706054, 51.385986735473182],
        [0.150433255409002, 51.385970561929362],
        [0.150432539240213, 51.38595528691571],
        [0.150430976838761, 51.385952617684651],
        [0.150430766201175, 51.385948125033572],
        [0.150430555563643, 51.385943632382471],
        [0.150430344926165, 51.385939139731363],
        [0.150430134288742, 51.385934647080255],
        [0.150431317541964, 51.385929229539364],
        [0.15043110690452, 51.385924736888263],
        [0.150430896267131, 51.385920244237148],
        [0.150430685629796, 51.38591575158604],
        [0.150430474992515, 51.385911258934918],
        [0.150430264355289, 51.385906766283796],
        [0.150428617700901, 51.385902299992196],
        [0.150428407063925, 51.385897807341088],
        [0.150426760410063, 51.385893341049432],
        [0.150425113756536, 51.385888874757782],
        [0.150422073213925, 51.385885333355787],
        [0.150419032671787, 51.385881791953707],
        [0.150415950003011, 51.385877352021289],
        [0.150411515572571, 51.385874735508601],
        [0.150405602999439, 51.385871246824728],
        [0.15040116857018, 51.385868630311627],
        [0.150395255998619, 51.385865141627207],
        [0.150389385554529, 51.385862551472748],
        [0.150383557237554, 51.385860859848236],
        [0.150377686794663, 51.385858269693159],
        [0.150370422462808, 51.385856604426877],
        [0.150363158131469, 51.385854939160104],
        [0.150357329816398, 51.385853247534278],
        [0.150350107611833, 51.385852480796999],
        [0.150342885407497, 51.38585171405925],
        [0.150335663203389, 51.385850947321053],
        [0.15032844099951, 51.385850180582423],
        [0.149965806850044, 51.385840648762979],
        [0.14991725919486, 51.385663477614898],
        [0.149863240971294, 51.385338921060836],
        [0.149773723554895, 51.384870228032746],
        [0.149802661244437, 51.384506378353088],
        [0.149800117164909, 51.384268109575267],
        [0.149785647164536, 51.383836709345196],
        [0.149760625161234, 51.383670797329081],
        [0.149851388785729, 51.383644850524007],
        [0.150037434138875, 51.383597370298588],
        [0.15043998077213, 51.383446992358927],
        [0.150447916475075, 51.382788556239767],
        [0.150435397650209, 51.382245606445657],
        [0.150424070019843, 51.381636086240519],
        [0.150419636006283, 51.381633469721542],
        [0.150397508066414, 51.381621285655001],
        [0.15037542225817, 51.381610000115018],
        [0.150372508372438, 51.381609154298722],
        [0.150365160479032, 51.381605691961219],
        [0.150357812586729, 51.381602229623255],
        [0.150350506814921, 51.381599665815749],
        [0.15033441727216, 51.381593666025204],
        [0.150327111502995, 51.381591102216191],
        [0.150319763615863, 51.381587639875768],
        [0.150312415729834, 51.381584177534876],
        [0.150305067844909, 51.381580715193486],
        [0.150299113724724, 51.381576327964304],
        [0.150296115605914, 51.381573685084099],
        [0.150290119369341, 51.381568399323456],
        [0.150285601133786, 51.381563985737259],
        [0.150281040781136, 51.381558673619899],
        [0.150276480429557, 51.381553361502341],
        [0.150273355960147, 51.381548023028536],
        [0.150270231491482, 51.381542684554638],
        [0.150267064905894, 51.381536447549649],
        [0.150265376319362, 51.381531082719633],
        [0.150263687733247, 51.381525717889581],
        [0.150263392910218, 51.381519428172588],
        [0.150263140204851, 51.38151403698658],
        [0.150262845382021, 51.381507747269552],
        [0.150262592676823, 51.381502356083537],
        [0.150263733733676, 51.38149604001061],
        [0.150264916907795, 51.381490622468668],
        [0.150346853957929, 51.381092525348073],
        [0.149582172554892, 51.381089472571432],
        [0.149557279391272, 51.380926256007349],
        [0.149580447711926, 51.380745970066783],
        [0.149629243184324, 51.380315207310552],
        [0.14958704481817, 51.380089356992904],
        [0.149937653806001, 51.379996589703808],
        [0.150218407121347, 51.379946471578791],
        [0.151107020945027, 51.379895984057889],
        [0.151090916708315, 51.379644474536619],
        [0.150948285222585, 51.379085028248483],
        [0.151630986996261, 51.378872845245375],
        [0.152326559745478, 51.378690098786585],
        [0.152163375468006, 51.378336072927723],
        [0.1524014246845, 51.378264251401049],
        [0.152532717550903, 51.378214175799485],
        [0.152731407133611, 51.378161062920888],
        [0.153003615726999, 51.378112893641749],
        [0.153209822499455, 51.378036259855904],
        [0.153175496599271, 51.377947859605065],
        [0.153107275137452, 51.37765773873852],
        [0.153048843400709, 51.377484347542186],
        [0.152830551913802, 51.377119644416943],
        [0.152734331438117, 51.376906478805353],
        [0.15273395200721, 51.376898392033048],
        [0.152722430991698, 51.376805975337625],
        [0.152611432917587, 51.376584088139012],
        [0.152548451841798, 51.376313655339146],
        [0.152562831101935, 51.376038203755087],
        [0.152604483626695, 51.375823403733953],
        [0.152602385645106, 51.375656171528661],
        [0.152571496998251, 51.375395940636338],
        [0.152510536270465, 51.375229790059976],
        [0.151926202195675, 51.37536283144761],
        [0.151709786727243, 51.375436053366371],
        [0.151559431187054, 51.375324603330981],
        [0.151303059824897, 51.37509729117626],
        [0.151072740247938, 51.37490457297735],
        [0.150771626379409, 51.374580956334675],
        [0.150648767812993, 51.374442920437623],
        [0.14985885380731, 51.373898951844836],
        [0.149754022948966, 51.373808247329698],
        [0.149573883913958, 51.373582230323045],
        [0.15080729521935, 51.372920184063034],
        [0.15076994209592, 51.372797665077854],
        [0.150750248761517, 51.372592085745516],
        [0.150815427833443, 51.372357968907288],
        [0.150958871588925, 51.372260907939399],
        [0.151179538112501, 51.372186709909798],
        [0.150100214883027, 51.370157009015507],
        [0.15084463898159, 51.369976970812331],
        [0.152031035079711, 51.369693482305024],
        [0.151805945179642, 51.368968280374737],
        [0.151613518681596, 51.368449318381465],
        [0.151613476557272, 51.368448419849258],
        [0.151612971065553, 51.368437637462577],
        [0.151611072228959, 51.368427779975782],
        [0.151609173393244, 51.368417922488945],
        [0.151605839089557, 51.368408091369652],
        [0.151602504787358, 51.368398260250238],
        [0.151597735018406, 51.368388455498206],
        [0.151592965251548, 51.368378650745939],
        [0.151586760019144, 51.368368872360797],
        [0.151580596912983, 51.368359992507536],
        [0.151574391685839, 51.368350214121648],
        [0.151566793117865, 51.368341360634766],
        [0.151559194552861, 51.368332507147336],
        [0.151551680236678, 51.368325450723923],
        [0.151544208045596, 51.368319292832282],
        [0.151538171322475, 51.368313108573389],
        [0.151532176723517, 51.368307822846475],
        [0.151524704537956, 51.368301664953499],
        [0.151518709942063, 51.368296379225832],
        [0.151511279882279, 51.368291119864253],
        [0.151502414359076, 51.368285886868492],
        [0.151494984302862, 51.368280627505818],
        [0.151486160905114, 51.36827629304107],
        [0.151477337509026, 51.368271958575647],
        [0.151468514114595, 51.368267624109521],
        [0.151458297378371, 51.368264214540822],
        [0.151449558228871, 51.36826167713793],
        [0.151434992981819, 51.368257448131622],
        [0.151420469857661, 51.368254117655852],
        [0.151404553391379, 51.36825171207569],
        [0.151388636926704, 51.368249306493361],
        [0.151372762582946, 51.368247799441228],
        [0.151356888240169, 51.368246292386935],
        [0.151339620553033, 51.3682457102272],
        [0.151316611010148, 51.368245233521044],
        [0.151287943846728, 51.368246659329984],
        [0.151257883334206, 51.368249010027689],
        [0.15122938463221, 51.368254029952205],
        [0.151200928039752, 51.368259948402361],
        [0.151172513555187, 51.368266765378202],
        [0.151145576641984, 51.368274454517852],
        [0.151117204254234, 51.368282170012989],
        [0.151090309436263, 51.368290757672675],
        [0.151063414608087, 51.368299345326285],
        [0.151052099332774, 51.368303150343358],
        [0.151025246602595, 51.368312636520955],
        [0.150998393861188, 51.368322122692469],
        [0.150972976575608, 51.368331582498143],
        [0.150949078969133, 51.368342813004148],
        [0.150923703772411, 51.368353171332018],
        [0.150692367471021, 51.368475228158189],
        [0.150215378462635, 51.36872050251656],
        [0.149492219285447, 51.369108785558431],
        [0.149411401471977, 51.369162428300832],
        [0.149047580167724, 51.36869516972439],
        [0.148937714429713, 51.368496640195595],
        [0.14884983292148, 51.368123241964604],
        [0.148618549830273, 51.367908953377459],
        [0.147332503376132, 51.367106074677771],
        [0.147253489057725, 51.367013995382216],
        [0.147220017983533, 51.366974140204569],
        [0.14726760346494, 51.366947188025037],
        [0.147768488007301, 51.366690695780633],
        [0.148321010596283, 51.366371202168992],
        [0.147885879824971, 51.365883664528248],
        [0.147322872380395, 51.365241990443337],
        [0.146530103026148, 51.364386892475494],
        [0.145770949505169, 51.363604916487397],
        [0.14519797984128, 51.363025466953907],
        [0.145190467384389, 51.36301841009471],
        [0.145021735501409, 51.362850632114188],
        [0.145233869784563, 51.362656094213214],
        [0.145364603225725, 51.362502616352891],
        [0.145322910933136, 51.362440428570252],
        [0.145278348182999, 51.362378293346687],
        [0.145232434251598, 51.362317981465296],
        [0.145220280135866, 51.362303815172346],
        [0.145168667217627, 51.362244506948862],
        [0.145112832568516, 51.362187074632025],
        [0.145055562781754, 51.362129668571512],
        [0.144998293139563, 51.362072262480773],
        [0.144945287483562, 51.362013878971666],
        [0.144927056569429, 51.361992629483026],
        [0.144875150509523, 51.361927031358448],
        [0.14482463788911, 51.361860508389043],
        [0.144778431222895, 51.361793906550822],
        [0.144733617980007, 51.361726379873787],
        [0.144693068685856, 51.361657875798649],
        [0.144664841174097, 51.361607132214537],
        [0.144631762237142, 51.361544786475463],
        [0.144601511933552, 51.361481489629419],
        [0.144574132229692, 51.361418140216117],
        [0.144548145883435, 51.361353865978828],
        [0.144526465371434, 51.361289512899432],
        [0.144507613450369, 51.361224208721111],
        [0.144493571020988, 51.361169608155429],
        [0.144483834369615, 51.361114928754127],
        [0.14447413971688, 51.361061147888869],
        [0.144467273603862, 51.361006415929531],
        [0.144461842751645, 51.360951657691814],
        [0.144460759609663, 51.3608977191588],
        [0.144463940216463, 51.360842803255643],
        [0.144465803342155, 51.360821185798358],
        [0.144471174691405, 51.360782417294125],
        [0.144472316117164, 51.360776101253407],
        [0.144476286043089, 51.360768834120123],
        [0.144480255967785, 51.360761566986696],
        [0.144484225891257, 51.360754299853149],
        [0.144485493234441, 51.360750679425109],
        [0.144492165734517, 51.360739765585649],
        [0.144500273466969, 51.360728825468058],
        [0.144508423169292, 51.360718783887528],
        [0.144515221580839, 51.360710565659595],
        [0.144524806511312, 51.360700497800039],
        [0.144535826671874, 51.360690403661508],
        [0.144548324035942, 51.360681181781231],
        [0.144560821395005, 51.36067195989969],
        [0.144574795957299, 51.360663610275751],
        [0.144588770514503, 51.360655260650205],
        [0.144602745066618, 51.360646911023039],
        [0.144618196821898, 51.360639433652601],
        [0.144633606596129, 51.360631057742665],
        [0.144647623108944, 51.36062360664782],
        [0.144679961815564, 51.360608625613516],
        [0.144695413545258, 51.360601148233158],
        [0.14470943003883, 51.360593697131122],
        [0.144724839780946, 51.36058532120947],
        [0.144733241276281, 51.360580670838878],
        [0.14483959010306, 51.360520268531637],
        [0.144948935048451, 51.36046250917633],
        [0.145016356516865, 51.360429798756812],
        [0.145073941237976, 51.360401764979201],
        [0.145131609859111, 51.360375528248525],
        [0.145174078767122, 51.360362160157571],
        [0.14519252673842, 51.360357325753192],
        [0.14520958146955, 51.360353416169538],
        [0.145228071420654, 51.360349480296861],
        [0.145246603356067, 51.360346442958566],
        [0.145265135288944, 51.360343405617328],
        [0.1452851444302, 51.360341240523148],
        [0.145303718346919, 51.360339101713066],
        [0.145322334250847, 51.36033786143723],
        [0.145342427365538, 51.360337493407677],
        [0.145362520479802, 51.360337125374677],
        [0.14534398448013, 51.360186381434232],
        [0.145322311057289, 51.360091451943916],
        [0.145277288819176, 51.360019432760261],
        [0.145236572356327, 51.359947334697367],
        [0.145203451925192, 51.35988409056101],
        [0.145168434543561, 51.359810988788396],
        [0.145137680903878, 51.359736909610177],
        [0.145108362568394, 51.35966280413701],
        [0.145077609131627, 51.359588724938973],
        [0.145066387215519, 51.359563749881076],
        [0.145021415713291, 51.359462052561383],
        [0.145019308809401, 51.359447702245198],
        [0.145018637101473, 51.359433325645256],
        [0.145019442569883, 51.359419821299142],
        [0.145018770862581, 51.359405444699149],
        [0.145019576330708, 51.359391940352992],
        [0.145017805284309, 51.359384778336597],
        [0.145011568556085, 51.359343524461899],
        [0.145008705997102, 51.359313000469825],
        [0.14501094665772, 51.359299469840003],
        [0.145013229298535, 51.359286837747639],
        [0.145016905146282, 51.359273280834138],
        [0.14502205816259, 51.35926059617443],
        [0.145032364186955, 51.359235226854317],
        [0.145037475213234, 51.359221643656426],
        [0.145041193030984, 51.359208985279672],
        [0.145043601605287, 51.359199048799255],
        [0.145049476099964, 51.359171062716669],
        [0.145052480217164, 51.359143129201684],
        [0.145054343020338, 51.359121511733193],
        [0.145054770638003, 51.359099920548616],
        [0.145053763072187, 51.359078355647917],
        [0.145052797489453, 51.35905768928469],
        [0.145048919561947, 51.359036176951605],
        [0.145046854654666, 51.359022725172352],
        [0.145042724844083, 51.358995821613604],
        [0.145035766660214, 51.358969869159509],
        [0.145028808484641, 51.35894391670481],
        [0.145025602277195, 51.35893678097144],
        [0.144932202918428, 51.358720859280083],
        [0.144891698097253, 51.358653253750845],
        [0.144877228386954, 51.358620244391503],
        [0.144869003101386, 51.358597912356643],
        [0.144857403761006, 51.358564850431122],
        [0.144847239604513, 51.35853176222286],
        [0.144841842705342, 51.358508479085195],
        [0.144821178646434, 51.35843511436147],
        [0.145347948343925, 51.358334636951483],
        [0.145868513083925, 51.358224378462978],
        [0.145626980660802, 51.357205392393041],
        [0.145253431083974, 51.356188823860258],
        [0.145087070030394, 51.355763800794804],
        [0.14484013246074, 51.355520114458862],
        [0.144259985628759, 51.354907517463978],
        [0.144239559197648, 51.35490069697115],
        [0.144217697719109, 51.35489390274688],
        [0.144197355217867, 51.354888879323866],
        [0.144175535709428, 51.354882983630269],
        [0.14416105930373, 51.35488055073008],
        [0.144137846708507, 51.354875579839543],
        [0.144116111128209, 51.354871481212129],
        [0.144092982455745, 51.35486830739007],
        [0.144071330795355, 51.354866005831759],
        [0.144048244084383, 51.354863730539535],
        [0.144025157375565, 51.354861455242734],
        [0.144019417165192, 51.354861560321929],
        [0.143984506831466, 51.354729101968488],
        [0.143967135652324, 51.354664669863631],
        [0.143826516197319, 51.354021541545009],
        [0.143743893339263, 51.353666928327733],
        [0.143733940911884, 51.353638332670528],
        [0.143725423511176, 51.353609710746504],
        [0.143719776147355, 51.353581036290407],
        [0.143714086843728, 51.35355146329465],
        [0.143709874506288, 51.353522762572105],
        [0.143707097184816, 51.353494035583779],
        [0.143707055237652, 51.353493137044588],
        [0.143705670982441, 51.353463485251432],
        [0.143705763684927, 51.353434705731893],
        [0.143707291395253, 51.3534058999468],
        [0.143710212163663, 51.353376169356963],
        [0.14373960981849, 51.353298290877156],
        [0.143604421861674, 51.353017483526763],
        [0.143113266691111, 51.353048954538465],
        [0.143098413507713, 51.353038434642301],
        [0.142977752578692, 51.352884163048657],
        [0.142918778223343, 51.352789915561601],
        [0.142849475102323, 51.352658985436548],
        [0.142804222209676, 51.352550997237479],
        [0.142785334762383, 51.352484794080077],
        [0.142764150839101, 51.352338594612831],
        [0.142757429018442, 51.352102199849377],
        [0.142692899159179, 51.351827293173201],
        [0.142683950171576, 51.351697057370664],
        [0.142683652875585, 51.351567562591292],
        [0.142746070029848, 51.35130472229455],
        [0.142757532110292, 51.351088678876984],
        [0.142713487369125, 51.351037324876536],
        [0.142704123133414, 51.351021308667747],
        [0.142690537951352, 51.351007168294764],
        [0.14267978072043, 51.350992076876004],
        [0.142667546641122, 51.350976113167768],
        [0.142658182434449, 51.350960096954807],
        [0.1426488601571, 51.350944979281167],
        [0.142640930894619, 51.350928936815031],
        [0.142634394646059, 51.350911969556691],
        [0.142627900324672, 51.350895900838104],
        [0.142621406007986, 51.350879832119048],
        [0.142619803390538, 51.350876264209319],
        [0.142613015626933, 51.350853905708071],
        [0.142606227870252, 51.350831547206283],
        [0.142602309975173, 51.350809136202088],
        [0.142598392084239, 51.350786725197629],
        [0.142594474197455, 51.350764314192936],
        [0.142593426165306, 51.350741850686411],
        [0.142593090795304, 51.35073466236431],
        [0.14258431356088, 51.350731225707683],
        [0.140957153710916, 51.350145855851906],
        [0.141260296717571, 51.349778792456455],
        [0.141253164472736, 51.349533412002508],
        [0.141076987641015, 51.34948177515998],
        [0.141004332416719, 51.349432742177761],
        [0.140792902995454, 51.349302610324024],
        [0.140608202031131, 51.349252927209967],
        [0.140498743345789, 51.349215358270882],
        [0.140396166098103, 51.349171368318174],
        [0.140294605183724, 51.349118366632297],
        [0.140117186169131, 51.34900919540631],
        [0.139938291261125, 51.348899151575232],
        [0.139831380259158, 51.348823764571222],
        [0.13973004162259, 51.348744678435644],
        [0.139652079753303, 51.34867415820829],
        [0.139505572888889, 51.348519455965892],
        [0.139228452984793, 51.348150406359551],
        [0.138686630858539, 51.347524491832282],
        [0.138619703397511, 51.347413300605773],
        [0.139465992046308, 51.347299819220247],
        [0.139413870451986, 51.346982416598053],
        [0.139211299081194, 51.347011297511287],
        [0.139108578484082, 51.347025764044325],
        [0.139008685600076, 51.347039279533945],
        [0.138908708967499, 51.347050997853032],
        [0.138831521934593, 51.347058702663006],
        [0.13854957480984, 51.347079139625798],
        [0.138522397003622, 51.347081434508127],
        [0.138495219194503, 51.347083729384188],
        [0.138468083217589, 51.34708692279721],
        [0.138449472457689, 51.347088161925406],
        [0.138440863567561, 51.347088319117468],
        [0.138413685749738, 51.347090613974686],
        [0.138386466095495, 51.347092010282331],
        [0.138359162773433, 51.347091609497049],
        [0.138350553882153, 51.347091766682482],
        [0.1383232505603, 51.347091365888822],
        [0.138295905406987, 51.347090066545441],
        [0.138268518423825, 51.347087868652302],
        [0.138241089612429, 51.347084772209342],
        [0.138191202325336, 51.346691786496322],
        [0.138182551679093, 51.34669104512507],
        [0.138150735045715, 51.346686230156784],
        [0.138118876591095, 51.34668051663629],
        [0.13808845294661, 51.346674776912842],
        [0.138057987483052, 51.346668138637867],
        [0.138046341759929, 51.346664754013318],
        [0.138015834483203, 51.346657217183648],
        [0.137985285391277, 51.346648781802294],
        [0.137956129287446, 51.346639421676699],
        [0.137926973195342, 51.346630061543706],
        [0.137897775291706, 51.346619802859628],
        [0.137868577400966, 51.346609544168103],
        [0.13784077250133, 51.346598360734347],
        [0.137830477967808, 51.34659315280939],
        [0.137796724781841, 51.346577581410109],
        [0.137765841217081, 51.346561957620473],
        [0.137736350652022, 51.346545409088868],
        [0.137706818288789, 51.346527962005759],
        [0.137677244129191, 51.346509616371094],
        [0.137650539587464, 51.346491218351197],
        [0.137622400270601, 51.346472846513308],
        [0.137591182299148, 51.346450034325052],
        [0.137577767335136, 51.346439487489796],
        [0.137562917582054, 51.346428966840548],
        [0.137549502630735, 51.346418420001868],
        [0.137534652890978, 51.346407899348854],
        [0.137521196136795, 51.346396453962853],
        [0.137509215998601, 51.346385880932154],
        [0.137497194050902, 51.346374409356244],
        [0.13748517210926, 51.346362937779006],
        [0.137474584966592, 51.346351440013905],
        [0.13746395601493, 51.346339043703829],
        [0.137454761861243, 51.346326621206437],
        [0.137447002504393, 51.346314172522071],
        [0.137439243151835, 51.346301723837122],
        [0.137437682919083, 51.346299054391267],
        [0.137434311571905, 51.346288324235623],
        [0.137429547249308, 51.346278518809783],
        [0.13742474111532, 51.346267814839727],
        [0.137421369773668, 51.346257084683586],
        [0.137418040246979, 51.346247253071326],
        [0.137414668908539, 51.346236522914928],
        [0.137412732360802, 51.346225766572701],
        [0.137410837627175, 51.34621590877439],
        [0.137408901081346, 51.346205152432034],
        [0.137408399324579, 51.346194369903976],
        [0.137409332355862, 51.34618356119023],
        [0.137410265386783, 51.34617275247647],
        [0.137411240230398, 51.34616284230669],
        [0.137415042834093, 51.346151981221468],
        [0.137417452462807, 51.346142044865907],
        [0.137418761809717, 51.346139323048128],
        [0.137422606223076, 51.346129360506694],
        [0.137427885420545, 51.34611937177926],
        [0.137433164615777, 51.346109383051605],
        [0.137439878593852, 51.346099368137715],
        [0.137446592569053, 51.346089353223476],
        [0.137454783139608, 51.346080210666692],
        [0.137462973706941, 51.346071068109346],
        [0.137471164271049, 51.346061925551467],
        [0.137169354141663, 51.345871384575872],
        [0.13715390604191, 51.345878860937169],
        [0.13712296802022, 51.345892915109587],
        [0.13709202997948, 51.345906969274026],
        [0.137059615333996, 51.345920151067496],
        [0.137032814374922, 51.345930532495693],
        [0.13701588964736, 51.345937136475882],
        [0.136998964914888, 51.345943740453691],
        [0.136980605396644, 51.34595037060943],
        [0.136963680654125, 51.345956974582222],
        [0.136945279321739, 51.345962706188232],
        [0.136926877984697, 51.345968437791385],
        [0.13690843484005, 51.345973270847367],
        [0.136889949888859, 51.345977205356135],
        [0.136870030152505, 51.345981166041035],
        [0.136860070283003, 51.34598314638221],
        [0.136847240848483, 51.34598517908001],
        [0.136834411412789, 51.345987211776418],
        [0.13682301675814, 51.34598921829302],
        [0.136810145519122, 51.345990352442413],
        [0.136797316080226, 51.345992385134771],
        [0.136784444839606, 51.345993519281357],
        [0.136771573598307, 51.34599465342653],
        [0.136758660556284, 51.345994889025874],
        [0.136745747514085, 51.345995124623791],
        [0.136732834471712, 51.3459953602203],
        [0.136719879629875, 51.345994697270932],
        [0.136706882989336, 51.345993135775693],
        [0.13669388634964, 51.345991574278983],
        [0.136682324493161, 51.345989986604152],
        [0.136669286056825, 51.345987526560229],
        [0.13665768240409, 51.345985040338462],
        [0.136646036954755, 51.345981655571038],
        [0.136634391507111, 51.345978270802448],
        [0.136624180843112, 51.345974859856703],
        [0.136612535398753, 51.345971475085889],
        [0.136602282940898, 51.345967165593699],
        [0.136592030484956, 51.345962856100563],
        [0.136581736234389, 51.34595764806199],
        [0.136575829922874, 51.345954158585513],
        [0.136565535676081, 51.345948950545456],
        [0.136556676212663, 51.345943716329344],
        [0.136549209736287, 51.345937557392965],
        [0.136540308481245, 51.345931424630997],
        [0.136532842009082, 51.345925265693502],
        [0.136526810319237, 51.345919080580749],
        [0.136519302055671, 51.345912023097767],
        [0.136172920979612, 51.3459363277478],
        [0.136169549956024, 51.34592559755135],
        [0.136162975066845, 51.345907731337171],
        [0.136159227954287, 51.345888914237314],
        [0.136154046065901, 51.345870123307385],
        [0.13615173373906, 51.345851280036882],
        [0.136149421414347, 51.345832436766251],
        [0.136148543869128, 51.345813567325429],
        [0.136149101101636, 51.345794671714444],
        [0.136149658333918, 51.345775776103423],
        [0.136153085117154, 51.345756828152119],
        [0.136155118910659, 51.345738804915648],
        [0.136159980463761, 51.345719830793961],
        [0.136164842013075, 51.345700856672039],
        [0.136168561301657, 51.345688198533878],
        [0.136172322376391, 51.345676438940416],
        [0.136176083449287, 51.345664679346832],
        [0.136181279292661, 51.345652893582709],
        [0.136185082149807, 51.34564203253364],
        [0.136190277988471, 51.345630246769133],
        [0.136196908595778, 51.345618434833796],
        [0.136203580988367, 51.345607521442901],
        [0.136210253377851, 51.345596608051643],
        [0.136218360534413, 51.345585668489178],
        [0.136226467687175, 51.345574728926174],
        [0.136236051394802, 51.345564661736368],
        [0.136252599996724, 51.345549970965749],
        [0.136361335814227, 51.345479640154444],
        [0.136365472948086, 51.345475967457716],
        [0.136469736950717, 51.345402120887826],
        [0.136486536182796, 51.345392821353379],
        [0.136524355327311, 51.345372346664654],
        [0.136560697880234, 51.345350999594345],
        [0.136595563841629, 51.345328780143902],
        [0.136630429769296, 51.345306560683376],
        [0.136663819105746, 51.345283468844428],
        [0.136695731851383, 51.345259504628295],
        [0.136724816844525, 51.345236491302209],
        [0.136766187645765, 51.345199764204864],
        [0.136806081825104, 51.345162164726837],
        [0.136843022828435, 51.345122820503512],
        [0.136878529015244, 51.34508350244775],
        [0.136912558587674, 51.345043312016422],
        [0.136945153349981, 51.3450031477552],
        [0.136954569573242, 51.344989486331052],
        [0.136984461974075, 51.344952968596502],
        [0.136999408156904, 51.344934709726516],
        [0.137012877776055, 51.344915578490607],
        [0.13702638918782, 51.344897345797641],
        [0.137039858785145, 51.344878214558783],
        [0.137051893624724, 51.344859109499275],
        [0.137062493708378, 51.344840030619508],
        [0.137073093783431, 51.344820951738811],
        [0.137082217300393, 51.344801000493987],
        [0.137088471321174, 51.344781101610963],
        [0.137091131785992, 51.344776556526405],
        [0.137097218580613, 51.344753063465269],
        [0.137101828821862, 51.344728698040761],
        [0.137105004316766, 51.344704358797443],
        [0.137106745067609, 51.344680045735409],
        [0.137107051076677, 51.344655758854685],
        [0.137105922346247, 51.344631498155273],
        [0.137103400683302, 51.34460816218153],
        [0.13709940248056, 51.344583953844477],
        [0.137099068043804, 51.344576765488988],
        [0.137095404282408, 51.344559745507155],
        [0.137093384282838, 51.344547192066145],
        [0.137087951355442, 51.344523009909537],
        [0.137079690767347, 51.344499778659035],
        [0.137071388384049, 51.344475648863295],
        [0.137061693079522, 51.344452443792036],
        [0.137051997785118, 51.34442923871979],
        [0.137039433035673, 51.344406086007545],
        [0.13699028794085, 51.344275683912173],
        [0.136931002960442, 51.344174244650397],
        [0.136655619968906, 51.344273696435998],
        [0.136524238032856, 51.344320159400191],
        [0.13624434012701, 51.344415196034866],
        [0.135961362663789, 51.344505791621643],
        [0.135955665499073, 51.344506794835922],
        [0.13574321231093, 51.344570023712265],
        [0.135527763724887, 51.344630608897432],
        [0.135310712738731, 51.344687625669778],
        [0.135292228157349, 51.34469155992268],
        [0.134802363209201, 51.344841681636836],
        [0.134734372223152, 51.344861806434039],
        [0.134653677215693, 51.34488665928518],
        [0.134502037915245, 51.344929891955267],
        [0.134399904880807, 51.344956933968234],
        [0.134246621600677, 51.344995699730966],
        [0.134091819808888, 51.345032694348184],
        [0.133935457775915, 51.345067019267539],
        [0.133877175423239, 51.345079772205324],
        [0.133636871889306, 51.345130914365548],
        [0.133393531354637, 51.345178514124655],
        [0.133315203786296, 51.345192531236449],
        [0.13242430147933, 51.34536523559801],
        [0.132151120201878, 51.345419671239419],
        [0.131750185027339, 51.345506108834286],
        [0.131642330139499, 51.345193314717349],
        [0.131436558255191, 51.345215046001925],
        [0.131113760842804, 51.345252396077143],
        [0.131119107352966, 51.345274781448119],
        [0.130425270231312, 51.345362047510314],
        [0.129733674971762, 51.345435779078628],
        [0.129439195043718, 51.345464515800643],
        [0.12943832026568, 51.345445646276232],
        [0.128878388130621, 51.345509784281518],
        [0.127655609035611, 51.345617439299083],
        [0.127246405591755, 51.345618577547107],
        [0.127263333443967, 51.345674027037624],
        [0.127109084436098, 51.345692116898903],
        [0.126938969475714, 51.345708696088913],
        [0.126913226601257, 51.345710962217204],
        [0.126694328853465, 51.345728426979662],
        [0.126475264532936, 51.345742297132908],
        [0.126284687789315, 51.345751153143134],
        [0.126062545690957, 51.345760581872256],
        [0.125734769941012, 51.345783618537894],
        [0.125706115801321, 51.345785037936082],
        [0.125677420076617, 51.345785558776385],
        [0.125618635420174, 51.34578752502798],
        [0.125589981273617, 51.345788944397825],
        [0.125561327125082, 51.345790363760699],
        [0.125531238187982, 51.345791809156616],
        [0.125504101981388, 51.345794999567495],
        [0.125475572563112, 51.345799114562531],
        [0.125464135846984, 51.345800221427993],
        [0.125447043139528, 51.345803229550683],
        [0.125428557220827, 51.345807162260755],
        [0.125410029721043, 51.345810196416899],
        [0.125393020161139, 51.34581500163393],
        [0.125383059803646, 51.345816981004234],
        [0.125366091815311, 51.345822684768514],
        [0.125349082246037, 51.345827489979278],
        [0.125332114249494, 51.345833193738706],
        [0.125316622612998, 51.345839770009427],
        [0.125185786139967, 51.345867324813142],
        [0.125105188505844, 51.34586339148558],
        [0.124643189745308, 51.345747669572845],
        [0.123981805265917, 51.345512357198977],
        [0.123824688676608, 51.34546844265536],
        [0.123674330833789, 51.345415412289981],
        [0.123568949853773, 51.34537235787046],
        [0.123505675995469, 51.345339331550889],
        [0.123521781537211, 51.345128602047481],
        [0.123023804284712, 51.344948776168735],
        [0.122642687588143, 51.344811795477568],
        [0.122211919691924, 51.344656827877593],
        [0.121763101899233, 51.344546251681273],
        [0.121282970735292, 51.344441636789675],
        [0.120590457860385, 51.344339966435598],
        [0.11994271525904, 51.344243776735979],
        [0.11989803928857, 51.34433361663897],
        [0.119804158784864, 51.3443218263684],
        [0.119183777131869, 51.344258411521068],
        [0.118581194202554, 51.344207261689363],
        [0.118429080134682, 51.344147061971412],
        [0.118053769886664, 51.343855280970615],
        [0.117664320477846, 51.343474723261799],
        [0.117570001640951, 51.343484522457274],
        [0.11756363422446, 51.343284092583573],
        [0.117559337903986, 51.343128590505394],
        [0.117393532689529, 51.343145077939532],
        [0.117204813367726, 51.343162878692901],
        [0.117042746455256, 51.342668492834179],
        [0.116915020403933, 51.342233739435734],
        [0.116654625520832, 51.341474936046232],
        [0.116653849993388, 51.341302283482548],
        [0.116977001770543, 51.340556314254279],
        [0.11725569723475, 51.339780571342544],
        [0.117497347215623, 51.339821167524171],
        [0.118443742409214, 51.339981214861183],
        [0.118986932478409, 51.338683581922098],
        [0.118271963144988, 51.338404242159015],
        [0.118806043739771, 51.337438618328534],
        [0.119086166777639, 51.336663743851901],
        [0.119363243545421, 51.336040906428558],
        [0.119553100600338, 51.335425942050058],
        [0.119775510853314, 51.335236659229899],
        [0.119983699981526, 51.334739171324401],
        [0.120277437389217, 51.334509026735361],
        [0.120885368411822, 51.334149986430354],
        [0.121582413553939, 51.333762349232167],
        [0.121656974146457, 51.33363599474874],
        [0.121468913422836, 51.333511700267863],
        [0.121009984563432, 51.332993019626713],
        [0.120483534041177, 51.332410809816054],
        [0.120218232774058, 51.332136828452711],
        [0.120084911639023, 51.332047512948158],
        [0.119692015014311, 51.331808215436112],
        [0.119417185513652, 51.331638724342561],
        [0.118982808456962, 51.331371397406755],
        [0.11875697436568, 51.331236990462592],
        [0.118672938715387, 51.331189049042408],
        [0.118538644640892, 51.3311096417778],
        [0.11840566110556, 51.331027512732959],
        [0.118374628921147, 51.331008289362671],
        [0.118311006048395, 51.330967172870125],
        [0.118247383289577, 51.330926056341433],
        [0.118185153558345, 51.330884015274243],
        [0.118124275441568, 51.330840151113158],
        [0.118079630556379, 51.33080588567644],
        [0.118023014206639, 51.330761045071775],
        [0.117967790880981, 51.330715279938403],
        [0.117915394900338, 51.330668564336889],
        [0.117864391939352, 51.3306209242118],
        [0.117864309123746, 51.330619127096192],
        [0.117848972142483, 51.3305978211149],
        [0.117833593768539, 51.330575616573526],
        [0.117821042639093, 51.330552461591736],
        [0.117808491522601, 51.330529306608355],
        [0.117806850172505, 51.330524839759093],
        [0.11779581620018, 51.330503455949817],
        [0.117787650870237, 51.330482020259872],
        [0.117779444142282, 51.330459686011331],
        [0.117772671737152, 51.330437325822501],
        [0.117765940744498, 51.330415864191032],
        [0.117761912762975, 51.330390756448644],
        [0.117756849653281, 51.330343184758206],
        [0.117757523796054, 51.330295509309991],
        [0.117758115128541, 51.330246036745557],
        [0.117760223578651, 51.330198335357338],
        [0.117764470219186, 51.33016588351439],
        [0.11777894588921, 51.330012739572865],
        [0.117824434403132, 51.329753815851006],
        [0.117864564741752, 51.329690138589093],
        [0.117876231162417, 51.329662948386435],
        [0.117335291970208, 51.329481178201817],
        [0.116972807737713, 51.329714357145278],
        [0.116614319836763, 51.330003219710541],
        [0.115715817255887, 51.329506852082737],
        [0.115153206263358, 51.328822751060166],
        [0.11418332005661, 51.327397778176824],
        [0.114006621312843, 51.327394673143871],
        [0.113636161137794, 51.327454419642578],
        [0.112989318646032, 51.327559621260939],
        [0.112999245883719, 51.327588219936182],
        [0.11162853497465, 51.327746942436711],
        [0.111258316306949, 51.327812072848069],
        [0.110644077737339, 51.328033583384887],
        [0.110364399698441, 51.328038624072875],
        [0.110125984717917, 51.328035726092651],
        [0.110103109691718, 51.32800646119712],
        [0.110084981630238, 51.327955527413209],
        [0.109989125514782, 51.327524688436291],
        [0.109898579205749, 51.327303292024403],
        [0.109799364718914, 51.327143204536121],
        [0.109730918773507, 51.32668399297021],
        [0.109212010702463, 51.32679316384268],
        [0.108568695919129, 51.327069145628244],
        [0.107956036662277, 51.32723125943231],
        [0.107343182379993, 51.327451828383154],
        [0.107210102430314, 51.327523469790641],
        [0.106969136336458, 51.327464854348406],
        [0.106816729748386, 51.32742802705549],
        [0.106533231938811, 51.327380967602004],
        [0.106228845815013, 51.327379248462599],
        [0.105804608497113, 51.327424649169082],
        [0.105157117530781, 51.327453378072043],
        [0.105046393506933, 51.327449073428284],
        [0.104873909189795, 51.32741260454295],
        [0.104742888503062, 51.327341216535913],
        [0.104686571505355, 51.327271183633229],
        [0.104361833566148, 51.326887620612752],
        [0.10428764896148, 51.326803519727484],
        [0.104191375577464, 51.326707225443279],
        [0.10408100731742, 51.326616580178296],
        [0.103969616591822, 51.326534946236862],
        [0.103885316901072, 51.326480703924261],
        [0.103551970383214, 51.326253772513148],
        [0.103212885577524, 51.325995467541041],
        [0.103117242364636, 51.325975602032379],
        [0.103023567862291, 51.325967392059717],
        [0.102523652387133, 51.325989858817749],
        [0.102118594357687, 51.325983641454904],
        [0.10197803974491, 51.325954688891301],
        [0.101894717823744, 51.32582758387975],
        [0.101157981010386, 51.325693319850664],
        [0.100764061152105, 51.325585276468921],
        [0.100784414520671, 51.325465303727817],
        [0.100785185335622, 51.325387949648842],
        [0.100773418212799, 51.325318914252307],
        [0.100751694080245, 51.325251856095868],
        [0.100502793721023, 51.324705047031486],
        [0.100449551358758, 51.32454502644061],
        [0.100384182189884, 51.324402310146674],
        [0.100308038276002, 51.324275075268737],
        [0.100266606938747, 51.324216464245232],
        [0.100148052781594, 51.324072003829095],
        [0.099576615747199, 51.3235651507336],
        [0.099503676505748, 51.323508003694634],
        [0.099350178746676, 51.323415429412528],
        [0.099010691072817, 51.323210178676568],
        [0.098479194958472, 51.32288606261141],
        [0.097690872969158, 51.322280566265441],
        [0.097157019486668, 51.321904326805161],
        [0.096495666687642, 51.321533065722278],
        [0.09615173974449, 51.321292813384218],
        [0.095654496317211, 51.321089477687352],
        [0.094448777321852, 51.320487832091047],
        [0.094063729431341, 51.320321152933062],
        [0.093797170423581, 51.320235089890424],
        [0.093468008651656, 51.320129461501004],
        [0.093323299956749, 51.320071795174755],
        [0.092915890439505, 51.319886626639899],
        [0.092856893970143, 51.319851708927651],
        [0.092748855067224, 51.319811372575636],
        [0.092161744503904, 51.319682472013497],
        [0.09167932229932, 51.319520222803561],
        [0.091480251829554, 51.319434747541017],
        [0.090984880418878, 51.319334778822295],
        [0.090874384990293, 51.319303477670331],
        [0.090541097889558, 51.319201512001563],
        [0.090147180590612, 51.319060158968156],
        [0.089839667659635, 51.31895683193131],
        [0.089588943530855, 51.318839900405962],
        [0.089415319119735, 51.318777349481927],
        [0.089298886002463, 51.318741656284757],
        [0.089063723939097, 51.318682900771527],
        [0.088670539713311, 51.318620668542188],
        [0.08839424830545, 51.318541062034001],
        [0.088208537099402, 51.318496710999568],
        [0.087756708928468, 51.318312316830585],
        [0.087415103640144, 51.317868754917825],
        [0.087228570912988, 51.317648153297291],
        [0.087130347619639, 51.317539289690629],
        [0.086793158612348, 51.317192772162109],
        [0.086262035624944, 51.316810139860991],
        [0.085921309746324, 51.316575196642901],
        [0.085358118014525, 51.316212916285984],
        [0.085000797783722, 51.316023231193135],
        [0.08501256830177, 51.315808087812712],
        [0.085066606160464, 51.315638955594181],
        [0.085099152847072, 51.315565532343498],
        [0.085115096297256, 51.315537369982614],
        [0.085263117231467, 51.315352175105495],
        [0.085422093321971, 51.315092142621744],
        [0.085473490604451, 51.314991404371298],
        [0.085613360998977, 51.314784770870986],
        [0.085567648104456, 51.314757706665326],
        [0.085542335248162, 51.314737473522989],
        [0.085525503280301, 51.314714391403626],
        [0.08524513982905, 51.313816482767329],
        [0.085060612137071, 51.313386303986334],
        [0.085009286687596, 51.313203759769067],
        [0.084987403834949, 51.313069253706651],
        [0.085017047255575, 51.312805229491509],
        [0.085043571795653, 51.312725618317231],
        [0.085049730127804, 51.31267155035308],
        [0.085042128805372, 51.312598842012072],
        [0.084962258904113, 51.31238802830714],
        [0.084920930770055, 51.312204406705099],
        [0.08489644235937, 51.312170669170079],
        [0.08480613869337, 51.312077850102177],
        [0.084619495904019, 51.311948975433317],
        [0.084574690729834, 51.311910203723514],
        [0.084493642471252, 51.311831608516549],
        [0.084423738778749, 51.311745620413149],
        [0.084375749003466, 51.311668235206248],
        [0.084135153029194, 51.311108653825613],
        [0.084107635435494, 51.311071372827001],
        [0.084090284797502, 51.311005133090319],
        [0.083581884834886, 51.310710216295909],
        [0.083565634229375, 51.31066823814453],
        [0.083543512767809, 51.31052834021142],
        [0.083730827983421, 51.310418888750412],
        [0.083874793494898, 51.310049410032804],
        [0.083868049561611, 51.309995571750704],
        [0.083879333130108, 51.309927923035382],
        [0.083916423341248, 51.309859815002284],
        [0.083977455853707, 51.309718437085664],
        [0.083990856397094, 51.309697514548006],
        [0.084069360604192, 51.309625072100182],
        [0.084124111103867, 51.309535066316926],
        [0.084251022843966, 51.309042685778032],
        [0.084318130682494, 51.308845442568767],
        [0.084394442381076, 51.30869300072964],
        [0.084445663919408, 51.308620144400805],
        [0.084516834402761, 51.308544234966305],
        [0.084560878988433, 51.308502982051522],
        [0.084639086974367, 51.308455725017545],
        [0.084683172093517, 51.30841537063877],
        [0.084712716928127, 51.308370778612776],
        [0.084720219224369, 51.308346363781673],
        [0.084706632155963, 51.308299841819291],
        [0.084647046032715, 51.30825144095801],
        [0.084061059268342, 51.308080213246029],
        [0.084057540543639, 51.308065886991606],
        [0.084058241335508, 51.308049687019086],
        [0.084194195614643, 51.307883593361964],
        [0.084227675067804, 51.30783083766535],
        [0.084403910294741, 51.307445495429135],
        [0.084604073715245, 51.307176636590142],
        [0.084640997849069, 51.307104934012678],
        [0.084670689392973, 51.306810332387343],
        [0.084849800695137, 51.306045431109013],
        [0.08427479597356, 51.305957644465487],
        [0.083508168557225, 51.305788730458609],
        [0.08313456173332, 51.305712642279069],
        [0.082853640619292, 51.305655588103619],
        [0.082788112638873, 51.305634271185255],
        [0.083161272170554, 51.305003514125424],
        [0.083342534039297, 51.304792549206759],
        [0.084034998191263, 51.304116537466982],
        [0.08447057380566, 51.303692404568672],
        [0.084633840558332, 51.303496146820969],
        [0.084904488112223, 51.30316847656394],
        [0.085114779252527, 51.302933609827697],
        [0.085404486188281, 51.302520164793762],
        [0.085879398441532, 51.301730207242464],
        [0.085985388720047, 51.301568242260075],
        [0.086007897984675, 51.301463521638404],
        [0.086038607773185, 51.301318186097149],
        [0.086031940806368, 51.301107867135052],
        [0.086081532998071, 51.300777837257307],
        [0.086184304943217, 51.300355130440209],
        [0.086248096695241, 51.300243378970507],
        [0.086310895694505, 51.300173013266722],
        [0.086348171334635, 51.300140873258947],
        [0.086642427110027, 51.299954868385647],
        [0.086947583818265, 51.299724602394136],
        [0.087162910420201, 51.299569680250748],
        [0.087384458276559, 51.299425438460482],
        [0.087553126659176, 51.299317212123476],
        [0.087828126918587, 51.299118057918228],
        [0.088605288482116, 51.29847827801489],
        [0.089173595869542, 51.297946539629031],
        [0.089323254207642, 51.297830556121994],
        [0.089409508870982, 51.297771461074809],
        [0.089456895279535, 51.297740938205116],
        [0.089875785685442, 51.297520325388561],
        [0.091156884379274, 51.296828364256747],
        [0.091069216736897, 51.296761582764802],
        [0.090929134362312, 51.29667775120474],
        [0.090820621337224, 51.29662573075732],
        [0.090703835470604, 51.296581052412911],
        [0.090644131816224, 51.296561434527604],
        [0.089786863450863, 51.296320437660611],
        [0.089628228706474, 51.296270210116546],
        [0.089540640812316, 51.296236700457484],
        [0.089488104457695, 51.296216954061606],
        [0.089372386962152, 51.296164161562281],
        [0.089234069123882, 51.2960874909663],
        [0.087613087544795, 51.294884356153162],
        [0.087291566779961, 51.294626591984645],
        [0.087066992023479, 51.294482210054646],
        [0.087064832105768, 51.294434585254166],
        [0.086970451885263, 51.294029780709614],
        [0.086890416939979, 51.293941276678744],
        [0.086466953448549, 51.293649355171453],
        [0.086385690643631, 51.293565369222769],
        [0.086298239861978, 51.29350307688032],
        [0.086204601002053, 51.293462478132078],
        [0.086089146144683, 51.293383597828104],
        [0.085959041620764, 51.29326630821361],
        [0.085847960964674, 51.293220624118725],
        [0.085751464493515, 51.293148600158339],
        [0.085665407821441, 51.293085383203618],
        [0.085565996928979, 51.293043987476089],
        [0.085427605385513, 51.292996990909892],
        [0.085250933653924, 51.292928193353113],
        [0.084946294562325, 51.292884157348716],
        [0.083886427848752, 51.292664711926541],
        [0.083405302583297, 51.29236571211338],
        [0.083255509662501, 51.292256863687875],
        [0.082865782167163, 51.292234121208097],
        [0.082398806784132, 51.292152497945736],
        [0.082177867383281, 51.292119556201023],
        [0.082044635132438, 51.292091349356774],
        [0.081992594490118, 51.292082382505178],
        [0.081966553851247, 51.292077449778404],
        [0.081940513217806, 51.292072517045767],
        [0.081914431940662, 51.292066685722816],
        [0.081889783821485, 51.292060828907317],
        [0.081865095060303, 51.292054073502079],
        [0.081840365658589, 51.292046419507031],
        [0.08181702876868, 51.292037841436397],
        [0.08179074429283, 51.292027517162843],
        [0.081765811686611, 51.292015370229016],
        [0.081739445943647, 51.292003248774513],
        [0.081715905868335, 51.29199017776034],
        [0.081692365806366, 51.291977106741257],
        [0.081668785113553, 51.29196313713264],
        [0.081646637583295, 51.291949142035456],
        [0.081625882571034, 51.291934222865862],
        [0.081606601362536, 51.291920176793937],
        [0.081587279523327, 51.291905232133999],
        [0.081567876412494, 51.291888490301332],
        [0.081561574838969, 51.291876012046252],
        [0.081552081843499, 51.291856396078167],
        [0.08155016099747, 51.291845638544274],
        [0.08155409465682, 51.291837474834672],
        [0.081552620870223, 51.291836601732442],
        [0.081499025540348, 51.291824964384944],
        [0.081408228199505, 51.291878738581332],
        [0.081287529676928, 51.291842214270716],
        [0.081072986214805, 51.291792069903288],
        [0.080755135065707, 51.291741063458325],
        [0.080547300120911, 51.291712382268948],
        [0.080488094473519, 51.29170354208992],
        [0.080428929467652, 51.291695600466042],
        [0.080345360461498, 51.291687193178731],
        [0.080257532677132, 51.291679760816571],
        [0.080168393621725, 51.29167504961017],
        [0.080080768949143, 51.291672110042413],
        [0.079991751755843, 51.291670094457835],
        [0.079938644314877, 51.291669239416287],
        [0.079858603299016, 51.291643682264272],
        [0.079732974209909, 51.291656705850848],
        [0.079665129330288, 51.291647119427438],
        [0.079643417205779, 51.291674484348107],
        [0.079397119830159, 51.291683355971465],
        [0.07925380561746, 51.29168590148555],
        [0.078902470259301, 51.291719120290985],
        [0.078835315451143, 51.291724809351834],
        [0.078568157042585, 51.291779914322461],
        [0.078462185411693, 51.29178359444446],
        [0.078360472620313, 51.291786299554168],
        [0.078255812367077, 51.291787258286647],
        [0.07814531081175, 51.291754146955313],
        [0.078143877666386, 51.291754172396026],
        [0.077645764791068, 51.291745027526503],
        [0.077486185409779, 51.291768543593975],
        [0.077416326281322, 51.291777877056887],
        [0.077288979003176, 51.291784633354148],
        [0.077011191746411, 51.291794958017107],
        [0.077006893136549, 51.291699707763378],
        [0.076951162698453, 51.291704293743493],
        [0.076839701786666, 51.291713465624433],
        [0.076688477667551, 51.291731436534548],
        [0.076588157443847, 51.291733216093569],
        [0.076419046186396, 51.291736215727191],
        [0.076343575904764, 51.291748345992964],
        [0.076308450674066, 51.291732781457434],
        [0.076276704465576, 51.291760323703691],
        [0.076050023968166, 51.291758947979062],
        [0.075779376348921, 51.291736768064631],
        [0.075341091335232, 51.291718458777204],
        [0.075147130299879, 51.291711105419886],
        [0.074894693882239, 51.291711083312443],
        [0.074480246319556, 51.29168065732464],
        [0.073907003508561, 51.291659338252792],
        [0.07370375570521, 51.291636858815451],
        [0.073340943183762, 51.291606413446999],
        [0.07327887266247, 51.291597620367483],
        [0.073205256049511, 51.291587233117994],
        [0.073043084349292, 51.291553233418291],
        [0.072865876802848, 51.291535687242657],
        [0.072671674007884, 51.291522938231211],
        [0.072467456216383, 51.291478890476384],
        [0.072303649971632, 51.291440422162282],
        [0.072280517416087, 51.291436335115776],
        [0.072202520930514, 51.291424226156145],
        [0.072125957624752, 51.291412091777133],
        [0.072049394358014, 51.291399957347537],
        [0.071972750222097, 51.291386025686947],
        [0.071897539270397, 51.291372068611494],
        [0.071822247460806, 51.291356314306526],
        [0.071746874802274, 51.29133876277178],
        [0.07155797827471, 51.291284549929145],
        [0.071295929118184, 51.291198356781386],
        [0.071105600549257, 51.291144168551476],
        [0.070969228260202, 51.291109709559436],
        [0.070764326547044, 51.29105038274561],
        [0.070808830110243, 51.2909875434067],
        [0.070723871254104, 51.290980053155707],
        [0.070653427684807, 51.291008278345942],
        [0.070477920872854, 51.291028469343821],
        [0.070275224839858, 51.291050040213641],
        [0.068417758647368, 51.290697071563862],
        [0.067541092357152, 51.290529998706958],
        [0.067535986145483, 51.290384401350266],
        [0.067372066195828, 51.290407080976351],
        [0.067201606430263, 51.290411889738607],
        [0.067165818951069, 51.290413420984237],
        [0.06712286590087, 51.290415078745973],
        [0.067079872489921, 51.290415837898841],
        [0.067038352547279, 51.29041747032479],
        [0.066995439842918, 51.290420026633022],
        [0.06695260784279, 51.290424380112007],
        [0.066945482626802, 51.290425405221391],
        [0.066932624953718, 51.290426531542629],
        [0.066906990313232, 51.29043058136736],
        [0.066894172991241, 51.290432606277648],
        [0.066879882200266, 51.290433757895691],
        [0.06686702452304, 51.290434884209752],
        [0.066861292064964, 51.290434985418564],
        [0.066848394034172, 51.290435213137322],
        [0.066835455650754, 51.290434542261387],
        [0.066821084153147, 51.290433896685691],
        [0.066649736533275, 51.29041893559279],
        [0.066412062334469, 51.290396151977426],
        [0.065973773854828, 51.290345432754386],
        [0.065956455498715, 51.290343040467008],
        [0.065926198797901, 51.290339977200134],
        [0.065897415547243, 51.2903377872289],
        [0.065838375608408, 51.290332533960843],
        [0.065808118921501, 51.290329470663274],
        [0.065779295350523, 51.290326382068962],
        [0.065750471783215, 51.290323293467495],
        [0.065721607889025, 51.290319306264969],
        [0.065692663339685, 51.290313521867361],
        [0.065665151909078, 51.290307712175043],
        [0.065624460181402, 51.290295839901837],
        [0.065545701047081, 51.290266653176012],
        [0.065471080038397, 51.290233796164415],
        [0.065393673566417, 51.290202786860377],
        [0.065331082147656, 51.290182307801381],
        [0.065165328967976, 51.290132172927457],
        [0.064996830882021, 51.290084784155916],
        [0.064857398349553, 51.290045875535682],
        [0.064697821984691, 51.290005523416575],
        [0.064686195920198, 51.290002131242048],
        [0.064638339194339, 51.28999038499623],
        [0.064591875286788, 51.289977714861685],
        [0.064545451711479, 51.289965943303038],
        [0.064499028159478, 51.289954171725682],
        [0.06445260463078, 51.289942400129611],
        [0.064404748024351, 51.289930653786783],
        [0.064358364845959, 51.289919780747503],
        [0.064310588891001, 51.289909831555129],
        [0.064262893559153, 51.289901679532662],
        [0.064213765143626, 51.289893552760127],
        [0.064164717343976, 51.289887223156498],
        [0.064094173060698, 51.289881272555746],
        [0.063937602515759, 51.289875939320162],
        [0.063779921237427, 51.289877819899736],
        [0.063622320517971, 51.289881497457401],
        [0.063610855716154, 51.289881699555501],
        [0.063514837995725, 51.289883392083006],
        [0.063417387165444, 51.289885109791648],
        [0.063321449992375, 51.289888599351301],
        [0.063225553083712, 51.289892987427876],
        [0.063129736713221, 51.289899172617019],
        [0.062784335700986, 51.289936734978539],
        [0.06254446031511, 51.289960746190509],
        [0.062448103759273, 51.289922874380601],
        [0.062383332287947, 51.289917720350616],
        [0.062208074850741, 51.289879439716174],
        [0.061379462038857, 51.28972766189171],
        [0.060992615466904, 51.289672421024534],
        [0.060664461424279, 51.289646722135238],
        [0.060308113542156, 51.289599935206603],
        [0.059881946935041, 51.289563368784471],
        [0.05929500481704, 51.289459483310992],
        [0.058629566938776, 51.289364169731002],
        [0.058482869446651, 51.289355058370759],
        [0.05837064710336, 51.289443364882374],
        [0.058140267834073, 51.289615585382812],
        [0.058120807195447, 51.289629417088186],
        [0.058095774876993, 51.289646943962389],
        [0.058070742539508, 51.289664470831376],
        [0.058044317263751, 51.289682921487561],
        [0.058019325066506, 51.28970134694427],
        [0.057995765949558, 51.289719747202419],
        [0.057973680093185, 51.289739020861234],
        [0.05792716443044, 51.289789300331428],
        [0.0578864614373, 51.2898412762124],
        [0.057853044411497, 51.289895821916716],
        [0.057822533699083, 51.289951215827642],
        [0.057792022914901, 51.290006609730952],
        [0.057725201489562, 51.290148075814287],
        [0.057661486940521, 51.290294883072789],
        [0.057620595440739, 51.290374740608158],
        [0.057575765977908, 51.290462761082075],
        [0.057573421962806, 51.290474493239742],
        [0.057569885852222, 51.290491642176889],
        [0.057566309567534, 51.290507892515407],
        [0.057561259983231, 51.290523269443653],
        [0.057554817441021, 51.290539570158543],
        [0.057548374894402, 51.290555870873071],
        [0.057540459044943, 51.290571298176907],
        [0.057531110062653, 51.290586750668268],
        [0.057531150233729, 51.29058764926679],
        [0.057509545822342, 51.290617706024427],
        [0.057486468083295, 51.290646889367245],
        [0.057460524054377, 51.290676123080132],
        [0.057448228423573, 51.290689828742437],
        [0.057424909595304, 51.290713620482329],
        [0.057398724478211, 51.290737462590748],
        [0.0573739724674, 51.290761279507336],
        [0.057350693733006, 51.29078596983161],
        [0.05734118397432, 51.290797827914126],
        [0.057299327486563, 51.290856118975988],
        [0.057260377336916, 51.290915258252511],
        [0.057233602364199, 51.290957996081275],
        [0.057209773955175, 51.29100248073302],
        [0.057184552523849, 51.291047889162712],
        [0.05715638442738, 51.291091550757166],
        [0.057118585900853, 51.291144374614419],
        [0.057069723741803, 51.291206385908097],
        [0.057024799441376, 51.291260234247829],
        [0.056970124109685, 51.291320549032427],
        [0.056916921949354, 51.291381737210479],
        [0.056896629449877, 51.291409072882857],
        [0.056868340388835, 51.291450038614812],
        [0.056840051278275, 51.291491004340244],
        [0.056811762118195, 51.291531970059133],
        [0.056779093115879, 51.291571214111492],
        [0.05676958305209, 51.291583072149571],
        [0.056721751563087, 51.291636072137173],
        [0.056669580321011, 51.291688249040902],
        [0.056615975797256, 51.2917404510995],
        [0.056453045750393, 51.291881806127272],
        [0.056424033288044, 51.291906596975828],
        [0.056388095846054, 51.291936905283919],
        [0.056352158356979, 51.291967213581373],
        [0.056317653993485, 51.291997496694492],
        [0.056283229882421, 51.292029576995823],
        [0.056251672073153, 51.292061606941658],
        [0.056244787236105, 51.292068022998954],
        [0.056216176021238, 51.292101799787972],
        [0.05618752461781, 51.292134677971269],
        [0.056160386645182, 51.292169328174111],
        [0.056136074844603, 51.292203029428876],
        [0.056111843300452, 51.292238527876918],
        [0.056090478082514, 51.292273975978247],
        [0.056022805276446, 51.292396570554025],
        [0.055920045555592, 51.292375892615624],
        [0.055750556669975, 51.292338400295399],
        [0.055653289106785, 51.292312229856606],
        [0.055545909106439, 51.292284438287624],
        [0.055438649631336, 51.292259342416834],
        [0.055329997220353, 51.29223517020754],
        [0.055227198027467, 51.292213593053191],
        [0.055115839976123, 51.292193065361559],
        [0.05500452214539, 51.292173436162471],
        [0.054893324772336, 51.292156502655651],
        [0.054731444688139, 51.292128767655917],
        [0.054362545435105, 51.29209027658051],
        [0.053928727250129, 51.292332606846749],
        [0.053639505695102, 51.29247257631701],
        [0.053541227291327, 51.292520164772299],
        [0.053381050883851, 51.292594918648192],
        [0.053217887290758, 51.292667026779952],
        [0.053205229061752, 51.292672644606753],
        [0.052960101839621, 51.29277226965413],
        [0.052713500264029, 51.292871020727503],
        [0.052617805900768, 51.292912267958762],
        [0.052378649384793, 51.293017182903931],
        [0.051996509530487, 51.293196547917447],
        [0.051961400372805, 51.293213350764567],
        [0.051829322402418, 51.29327501972746],
        [0.051698757416932, 51.293338460629847],
        [0.051571178687354, 51.293404546962215],
        [0.051551514180865, 51.293413884599978],
        [0.051523490685471, 51.293428764536536],
        [0.051495427114542, 51.293442745865079],
        [0.051465970360835, 51.293457650903356],
        [0.051439380033908, 51.293472505705466],
        [0.051411396522097, 51.293488284217375],
        [0.051386319494362, 51.293504911096619],
        [0.051225993222995, 51.293640817222347],
        [0.051032790277364, 51.293811472635284],
        [0.051020371755651, 51.293822481841389],
        [0.05100799327643, 51.293834389647891],
        [0.050995614790853, 51.293846297453157],
        [0.050984669534304, 51.293858180148099],
        [0.050972291036396, 51.293870087950992],
        [0.050959912532132, 51.293881995752621],
        [0.050947534021511, 51.29389390355297],
        [0.050933682220574, 51.293904937858819],
        [0.050919830413022, 51.293915972163077],
        [0.050905978598855, 51.293927006465758],
        [0.050889180209713, 51.293936293779225],
        [0.050876641482381, 51.293944607165393],
        [0.050865415851611, 51.293950199637401],
        [0.050855623456634, 51.293955767000874],
        [0.05084435777518, 51.293960460869151],
        [0.050834565375457, 51.293966028230891],
        [0.050823299689314, 51.293970722097214],
        [0.050812034000855, 51.293975415962443],
        [0.050799295026202, 51.293979236331666],
        [0.050795075397144, 51.293981108855633],
        [0.050762391197597, 51.293987976519389],
        [0.050726720378917, 51.293992198580597],
        [0.050690929426067, 51.293993724825455],
        [0.050655058387054, 51.293993453855684],
        [0.050617754108236, 51.293993207979547],
        [0.050581843029107, 51.293992038385433],
        [0.050558911190276, 51.293992440049863],
        [0.05049568847626, 51.293989950196114],
        [0.050433818933196, 51.293985638001807],
        [0.050371909364612, 51.293980427172627],
        [0.049970506540194, 51.293920908171643],
        [0.049804523402711, 51.293897734703485],
        [0.049546172928788, 51.293861789247224],
        [0.049436406554378, 51.29384482549262],
        [0.049117100534143, 51.293792859399915],
        [0.049072310152499, 51.293785549637775],
        [0.049013067409927, 51.293775794899688],
        [0.048955257926009, 51.29376601504714],
        [0.048896055238892, 51.293757158852117],
        [0.04883828580764, 51.29374827754414],
        [0.048779163173774, 51.293741218495306],
        [0.048718647327243, 51.293735083100678],
        [0.04871144115589, 51.293734309903833],
        [0.048671150604778, 51.29373141775811],
        [0.048630860058338, 51.293728525598461],
        [0.048590609517629, 51.293726532027954],
        [0.048550358980013, 51.293724538443549],
        [0.048510148444972, 51.2937234434484],
        [0.04846854467671, 51.293723272120751],
        [0.048464244976391, 51.293723347355296],
        [0.048391230062469, 51.293726423524866],
        [0.048316901890875, 51.293732220534977],
        [0.048244086921933, 51.293739789629193],
        [0.048171351913581, 51.293749155884932],
        [0.048072978610469, 51.293762567832836],
        [0.04789211738412, 51.293791811510921],
        [0.04781667568726, 51.293804822104079],
        [0.047598949760797, 51.293843703189197],
        [0.047579044355009, 51.293847648548457],
        [0.047274170228631, 51.293894348337233],
        [0.047232886096206, 51.293901365402341],
        [0.047178742761391, 51.293909506619926],
        [0.047124599406739, 51.293917647812691],
        [0.047070456032254, 51.293925788980616],
        [0.047014799455452, 51.293932157976357],
        [0.047011932972964, 51.293932208097303],
        [0.046957629682056, 51.29393675479772],
        [0.04690189313808, 51.293941326532178],
        [0.046846076647652, 51.293944101032196],
        [0.046833217438755, 51.293945225161359],
        [0.046664614419886, 51.293959863768833],
        [0.046497564411603, 51.29397717289303],
        [0.04600596689662, 51.294018140252852],
        [0.045984628026492, 51.294022110391396],
        [0.045704186536165, 51.2940054278898],
        [0.045489745098604, 51.293924640390372],
        [0.045327610901515, 51.293794376324016],
        [0.045225859847642, 51.29357042899143],
        [0.045066656711127, 51.293312412387685],
        [0.044739693364676, 51.293087902054197],
        [0.044184221504713, 51.292917742005436],
        [0.04411729592734, 51.292896428017251],
        [0.04406936135805, 51.292882876130193],
        [0.044001122403282, 51.292864282915602],
        [0.043931490201423, 51.292846613288773],
        [0.043892234812032, 51.292834708404918],
        [0.043815316928671, 51.29281446799957],
        [0.04373987222557, 51.292795101128775],
        [0.043661601071838, 51.292776682852676],
        [0.043583409783353, 51.292760061735507],
        [0.043505258450424, 51.292744339171506],
        [0.04346767586014, 51.292737800762168],
        [0.043406922576324, 51.292726270960891],
        [0.043344815909948, 51.292716563355185],
        [0.043282709268896, 51.292706855716233],
        [0.043220642547932, 51.292698046650266],
        [0.043157222430884, 51.292691059776459],
        [0.043095235538032, 51.292684047856021],
        [0.043031895239547, 51.292678858126521],
        [0.042975840652613, 51.292676239128802],
        [0.042912580153958, 51.292672846547234],
        [0.042849399438621, 51.292671251144263],
        [0.042784825407196, 51.2926705793219],
        [0.04272172446741, 51.292670781062924],
        [0.042667182877362, 51.292669934122614],
        [0.042568211906172, 51.292669862339899],
        [0.042528082139699, 51.292670562490748],
        [0.042429190922574, 51.292672287803796],
        [0.042369036141985, 51.292674236560181],
        [0.042373854177359, 51.292685843437738],
        [0.042441675701255, 51.29298592652939],
        [0.042644920274112, 51.293557934017777],
        [0.042673951829116, 51.293662645847014],
        [0.042718717300062, 51.29386330848255],
        [0.042734491035617, 51.293960157901317],
        [0.042747084645964, 51.29411461815107],
        [0.042838460891698, 51.294654403668737],
        [0.042928887776761, 51.294785023164849],
        [0.042964049988693, 51.29486624607393],
        [0.04298189333116, 51.294945073291018],
        [0.043012462955422, 51.295310555808527],
        [0.043114246276002, 51.295955377778597],
        [0.043169132212821, 51.296190037057912],
        [0.043285547532086, 51.296582798908382],
        [0.043302790500998, 51.296615772140548],
        [0.043391669664444, 51.296743720379197],
        [0.043418590190884, 51.296800805837222],
        [0.043481599981417, 51.297024531538476],
        [0.043525720902284, 51.297081316744872],
        [0.043646065606783, 51.297304041565205],
        [0.043689315833499, 51.297405807006058],
        [0.043789257014197, 51.29781504333949],
        [0.043813674713662, 51.297912640981096],
        [0.044011345497911, 51.298132216891176],
        [0.044058215164396, 51.298186256002232],
        [0.044041413834176, 51.298195542359515],
        [0.043948966479548, 51.298245718677656],
        [0.044051984931166, 51.298368923055321],
        [0.044138191219801, 51.298404289303278],
        [0.044161524561343, 51.298412874919997],
        [0.044270880228904, 51.298581832853053],
        [0.044143791474404, 51.298627218378975],
        [0.043882526072327, 51.29871991135343],
        [0.043753407945964, 51.298784217214667],
        [0.043524593532082, 51.298897026827568],
        [0.043349725287029, 51.298964828683786],
        [0.04318401247876, 51.299012685860482],
        [0.043065402164084, 51.299055224329322],
        [0.043061862537834, 51.299524721534908],
        [0.043062353487222, 51.299665004011153],
        [0.043029758926124, 51.299835540791697],
        [0.042979327508766, 51.300024374838905],
        [0.042962936191, 51.300172146306615],
        [0.042846078908874, 51.300706571811759],
        [0.042775266808229, 51.300985691482367],
        [0.042686049716714, 51.301173403477158],
        [0.042541806698401, 51.301414234857546],
        [0.04240962584788, 51.301635970295848],
        [0.042384626132803, 51.301719142117093],
        [0.042276055198071, 51.301923378796936],
        [0.042050895871805, 51.302183606976975],
        [0.041946376725818, 51.30228525233062],
        [0.041763142459776, 51.302520467584607],
        [0.041479964582361, 51.302863542765891],
        [0.041482795731213, 51.302927343765717],
        [0.04151529234695, 51.302980735184398],
        [0.041491321127979, 51.30299014617519],
        [0.041365800978487, 51.302877224250544],
        [0.041109590058809, 51.302728810023019],
        [0.041078688783892, 51.302711362717808],
        [0.040991486534089, 51.302783028370229],
        [0.040889783040429, 51.302721850207682],
        [0.040741339064164, 51.302835951035277],
        [0.040847662102244, 51.302904243208737],
        [0.040397944374909, 51.303212447928701],
        [0.040226680528517, 51.303329643666409],
        [0.040170372892237, 51.303289257028787],
        [0.040090331780463, 51.303231297901284],
        [0.039402119597218, 51.303564338080626],
        [0.038798517322078, 51.303929174920725],
        [0.038290754778467, 51.304417342863516],
        [0.037825156627487, 51.304691640479497],
        [0.037676221074713, 51.304794954251037],
        [0.036747705819918, 51.305501772730956],
        [0.036698166012918, 51.305517023305242],
        [0.036637356200763, 51.305536966398918],
        [0.036586902702927, 51.305499174120712],
        [0.036375356984939, 51.305679116435087],
        [0.036448549491276, 51.305712016801614],
        [0.036505693822285, 51.305738901161611],
        [0.036308923700543, 51.305863729044425],
        [0.036157354068547, 51.305940107635536],
        [0.036018368393299, 51.306009072799519],
        [0.035571105825411, 51.306179622876492],
        [0.035088148193738, 51.306483888009097],
        [0.034088426994855, 51.306847490687133],
        [0.033936095457197, 51.306906792893059],
        [0.033861581725305, 51.306941361370107],
        [0.033737085070842, 51.307013669282711],
        [0.033493265540554, 51.30717797943025],
        [0.033214595495231, 51.307365376734282],
        [0.032881447388683, 51.307521344468704],
        [0.032333896493003, 51.306981378202003],
        [0.032019471346511, 51.306814170077566],
        [0.031919878953431, 51.306768235622123],
        [0.03170822848285, 51.306686475063344],
        [0.03120389678021, 51.30647489712468],
        [0.031116732592723, 51.306417954793886],
        [0.031086670999377, 51.306387000813274],
        [0.030898113396678, 51.306113287475981],
        [0.030629552654237, 51.305847256490161],
        [0.030576083386025, 51.305773541985857],
        [0.030358597962161, 51.305624432772341],
        [0.030253836423534, 51.305558801973376],
        [0.029569272365238, 51.30542408474647],
        [0.029434122580301, 51.305385059655812],
        [0.029353965641237, 51.305356772141678],
        [0.029109597623655, 51.305248595036758],
        [0.028691547491287, 51.305040906848554],
        [0.028066325195083, 51.30475496972457],
        [0.027949941684394, 51.304685941002262],
        [0.027616380152446, 51.304409338156624],
        [0.027160296242247, 51.303956794585922],
        [0.027102565548195, 51.303916426368367],
        [0.026873908770084, 51.303773799268718],
        [0.026795435629069, 51.303718501901876],
        [0.026229427465936, 51.303245375122486],
        [0.026110746333623, 51.303156599780309],
        [0.025893327336552, 51.303008380523522],
        [0.025204300637486, 51.302510398452021],
        [0.024811383980705, 51.302155676091139],
        [0.024607429253088, 51.301889413452898],
        [0.024528547036752, 51.30175947984231],
        [0.024437930516196, 51.301591079220067],
        [0.024338723815011, 51.301390452288778],
        [0.024206894692134, 51.301100459385736],
        [0.024020182897547, 51.300606374941353],
        [0.023983043630501, 51.300446941743111],
        [0.023958497874788, 51.3003781200388],
        [0.023909870500868, 51.300283634949679],
        [0.023808186919333, 51.300124418139212],
        [0.023742577449358, 51.299969973486668],
        [0.023688296230504, 51.299877384632204],
        [0.023571687108521, 51.299704936115269],
        [0.02351878975766, 51.299643798735332],
        [0.023207537488617, 51.299285860988299],
        [0.023079898943846, 51.299123494875559],
        [0.022983300212141, 51.29901455024406],
        [0.022807728424734, 51.298838623280695],
        [0.022264396563846, 51.298258968494245],
        [0.022010041116853, 51.29795490206407],
        [0.021343274949816, 51.297340503539701],
        [0.02127127587746, 51.297268903360205],
        [0.021171423968803, 51.297151020425183],
        [0.020925588947598, 51.296779357129225],
        [0.020827118784878, 51.296594901906374],
        [0.020769847161821, 51.296335992959861],
        [0.020766571851294, 51.296261407650753],
        [0.020769910768488, 51.296174117985657],
        [0.02078683322322, 51.296069507172042],
        [0.020824150583808, 51.295939363937514],
        [0.020870604538508, 51.295657980678747],
        [0.020846789175987, 51.295572958319362],
        [0.020762247799977, 51.295411644382284],
        [0.020714776805687, 51.295343217691119],
        [0.020624319603078, 51.295243158123817],
        [0.020336670962163, 51.294833545368427],
        [0.020305480271811, 51.294776528455863],
        [0.020273066720641, 51.294691654353834],
        [0.020246452131545, 51.294542829911528],
        [0.020131132735898, 51.294105062378584],
        [0.02005384191333, 51.293945421414158],
        [0.020035985461994, 51.293898066644267],
        [0.019970043643681, 51.293637508250022],
        [0.01992932216489, 51.293428674048741],
        [0.019858910791667, 51.293196970285422],
        [0.019421787797141, 51.292322298265042],
        [0.019206366968902, 51.291956401795332],
        [0.019073993405547, 51.291685297747136],
        [0.018810758286702, 51.29170062895723],
        [0.018100916886231, 51.291736249341938],
        [0.017308303134108, 51.291781385428351],
        [0.016260695652358, 51.291833605946586],
        [0.01565246632713, 51.291831489418172],
        [0.014982153960674, 51.291787271929849],
        [0.014967687014621, 51.291817197802438],
        [0.014608167728265, 51.292319798230103],
        [0.014486302182954, 51.292550317233982],
        [0.014418347693375, 51.292767318293279],
        [0.01431362698299, 51.293094666371765],
        [0.014280850942463, 51.293263399205649],
        [0.014241477409019, 51.293707430995894],
        [0.014213743242568, 51.29382751490769],
        [0.014060082044598, 51.294314880563668],
        [0.013956750175125, 51.294346335033346],
        [0.013914939749984, 51.294505330846654],
        [0.013698569603417, 51.295133165936271],
        [0.013611492739268, 51.295503376058072],
        [0.01338512702435, 51.296263579205132],
        [0.013385166341738, 51.296264477827421],
        [0.013035898940276, 51.296641893995286],
        [0.012962791190179, 51.296938120851813],
        [0.012853321673999, 51.297321305434004],
        [0.0127116921217, 51.297821951518443],
        [0.012549284444527, 51.298306767185814],
        [0.012340495121986, 51.298846337668067],
        [0.012304826949504, 51.299178791662037],
        [0.012130980445183, 51.299599053756808]
      ]
    ]
  }
}
