{
  "type": "Feature",
  "properties": {
    "name": "Havering",
    "level": 2,
    "londonBorough": true,
    "center": [0.232, 51.559]
  },
  "geometry": {
    "type": "Polygon",
    "coordinates": [
      [
        [0.210525402116484, 51.490242485458005],
        [0.210440130431469, 51.49002826165634],
        [0.210422020889519, 51.48956456543097],
        [0.210386882609238, 51.48818300705265],
        [0.210344292693864, 51.48730249792745],
        [0.210307031300751, 51.485876913508385],
        [0.209596784881142, 51.48581476018248],
        [0.208690730286728, 51.485784169728696],
        [0.20827610311355, 51.48575870598389],
        [0.208127138188, 51.485746223594425],
        [0.20769699216607, 51.48569766833693],
        [0.205120433545377, 51.48531629278327],
        [0.20336910811638, 51.48508122839506],
        [0.202593181185972, 51.48497080573522],
        [0.200446020749289, 51.48459115239009],
        [0.199277009141835, 51.48442333541183],
        [0.199014809489127, 51.48439228170676],
        [0.198751560144585, 51.4843693407751],
        [0.198347153383539, 51.484346348226765],
        [0.197133028222324, 51.484258493949106],
        [0.196305553727992, 51.48421374518518],
        [0.195559574366652, 51.484186349701204],
        [0.191972793977739, 51.4841500445205],
        [0.190254646073192, 51.48424420606578],
        [0.189970701190676, 51.4842701940284],
        [0.189433547357377, 51.48433238545755],
        [0.188375299369713, 51.484431280863014],
        [0.188177395474425, 51.48444936337559],
        [0.187600911998521, 51.48456264093909],
        [0.18745711320084, 51.48459769858937],
        [0.187269691675118, 51.484654253683566],
        [0.186871629545347, 51.484793875619424],
        [0.186352187811529, 51.48495554423041],
        [0.186129645630076, 51.48503073830602],
        [0.185450050923484, 51.4852772248366],
        [0.185148720047588, 51.485391656027254],
        [0.184816672185913, 51.48552644332768],
        [0.183996369804013, 51.485903243132036],
        [0.183334919141539, 51.48622851713339],
        [0.182658483529095, 51.486632304900596],
        [0.182437791786736, 51.48677670306692],
        [0.182143182952106, 51.48697193774534],
        [0.181653026930612, 51.48732548908581],
        [0.181028170021268, 51.487814639631246],
        [0.18082539961034, 51.488002766691274],
        [0.180549241023925, 51.48828308696655],
        [0.180018360439679, 51.48896113436844],
        [0.179569379875747, 51.489574706192506],
        [0.179012086215357, 51.49045468143474],
        [0.178526976778741, 51.49145921364174],
        [0.178350575986414, 51.4918383956279],
        [0.178243577442419, 51.49210207776991],
        [0.178046703458573, 51.492595849786504],
        [0.177889656226947, 51.49307898942832],
        [0.177820615768364, 51.49332308088867],
        [0.177685958841506, 51.49388314347784],
        [0.177190971783016, 51.495770058639174],
        [0.177014120186096, 51.496624072932065],
        [0.17688969691474, 51.497036460265726],
        [0.176618427100278, 51.497662907096],
        [0.176571314155861, 51.497762703779934],
        [0.176310943186017, 51.49819470038269],
        [0.176262261115822, 51.49829182817356],
        [0.176067348262424, 51.49873699792482],
        [0.176065908726529, 51.49873702463991],
        [0.175907393298064, 51.499159935594506],
        [0.175886842845791, 51.499212475869086],
        [0.175721674745296, 51.49979828178012],
        [0.175457424525915, 51.500300492952],
        [0.174950554569536, 51.50115433039895],
        [0.174825697364973, 51.501346396706786],
        [0.174633035267184, 51.50159727500944],
        [0.174364056928609, 51.5019098206543],
        [0.174127103125573, 51.50216871369631],
        [0.173464362756135, 51.50283658292663],
        [0.173180987502306, 51.50308914004849],
        [0.172798026252285, 51.503459550301756],
        [0.172582495929863, 51.50365419343029],
        [0.170717958554642, 51.505050249834675],
        [0.170346559102425, 51.50530083208519],
        [0.169896694718552, 51.505568153029074],
        [0.169663628428778, 51.50569746688577],
        [0.169182667406123, 51.505947374574795],
        [0.168941971549085, 51.50606783519512],
        [0.168497956856438, 51.50627658858935],
        [0.167933262269363, 51.50652354299318],
        [0.167506377939023, 51.50669870213586],
        [0.166910456235949, 51.506925545053356],
        [0.165661035845079, 51.50735060844727],
        [0.165157014868235, 51.50751009693171],
        [0.16483752710977, 51.50761042078152],
        [0.163901121183992, 51.50792087219918],
        [0.163588656635134, 51.50801746584502],
        [0.162525555608677, 51.50826999125711],
        [0.161727108585676, 51.50845108117687],
        [0.161473068315712, 51.50850342624015],
        [0.161126116947994, 51.50857187167016],
        [0.160772937384591, 51.50863053865195],
        [0.160513682640678, 51.50866409264224],
        [0.160059115889101, 51.508712035319455],
        [0.160057676023636, 51.50871206184171],
        [0.157945985465712, 51.508763530054225],
        [0.15787416184569, 51.50876844887655],
        [0.157873408821792, 51.508844002940506],
        [0.15801835701916, 51.50941058502417],
        [0.158144926004961, 51.50995412365764],
        [0.158265182351123, 51.5104555117749],
        [0.158379295365697, 51.51091834343679],
        [0.158562439426715, 51.51165238859124],
        [0.158692874530275, 51.51218596321033],
        [0.15870546073641, 51.512238789508366],
        [0.158775507196357, 51.512500991415806],
        [0.158830181893358, 51.51277336841983],
        [0.158914167189635, 51.513055997254334],
        [0.158906479972614, 51.513198226236184],
        [0.158952073181014, 51.51333947434405],
        [0.158931251409373, 51.51344777219281],
        [0.158912842227702, 51.51354613345649],
        [0.15893437120164, 51.5136356658871],
        [0.158936858285489, 51.51384065768971],
        [0.1590473997847, 51.51410571104591],
        [0.159139897204685, 51.51435490933465],
        [0.159179925722861, 51.514378453118205],
        [0.159201328178354, 51.514465289961564],
        [0.159146951025555, 51.51450406120745],
        [0.159491323753425, 51.51547704452663],
        [0.159654973913397, 51.51592007754713],
        [0.159735049725855, 51.516058891736876],
        [0.159832274520584, 51.51616411640646],
        [0.159809753402234, 51.51623647417017],
        [0.159904539437623, 51.51644246388871],
        [0.160140336466415, 51.51691744107298],
        [0.16018478956944, 51.51703442891498],
        [0.160269646104102, 51.51712189529936],
        [0.160318680832135, 51.517274770190426],
        [0.160423637485312, 51.517482370710596],
        [0.16048846655953, 51.517603479510804],
        [0.16055133980894, 51.51768325708856],
        [0.160649602280632, 51.517871196410866],
        [0.160786682487407, 51.51814834918404],
        [0.160951680600679, 51.518436678116906],
        [0.16097647932196, 51.51853424348752],
        [0.160995553944565, 51.51860223784633],
        [0.161045686646956, 51.51871732212916],
        [0.161187280518307, 51.518876584626184],
        [0.161316163968696, 51.51922403223779],
        [0.161338594069961, 51.51933243262709],
        [0.161483145795434, 51.51964541837851],
        [0.161695471595147, 51.52014150861953],
        [0.161820958376666, 51.52041707529623],
        [0.162238067124796, 51.52131047163403],
        [0.162299997569373, 51.52149188510952],
        [0.162336599565546, 51.521686355564235],
        [0.162338607206238, 51.5217591608008],
        [0.162330149815993, 51.52182406540112],
        [0.162243873863357, 51.52207206071459],
        [0.162231606218018, 51.52214782699548],
        [0.162237423814192, 51.522209770541835],
        [0.162259084629183, 51.52227142199202],
        [0.162314978991112, 51.52235582373538],
        [0.162560631853107, 51.522885470802954],
        [0.162676318657276, 51.52304520922773],
        [0.162718826152648, 51.52312086476581],
        [0.162812499738197, 51.52351572287298],
        [0.162939423211132, 51.52388208980276],
        [0.163114241003416, 51.5241639395749],
        [0.163419688444402, 51.524525214635766],
        [0.163518973617382, 51.524794967778305],
        [0.163680350713453, 51.52500602099842],
        [0.163709488366872, 51.52513408146476],
        [0.163700188451434, 51.52521159169912],
        [0.163708079937824, 51.525256410451604],
        [0.163741778586159, 51.52532863098297],
        [0.163791739577555, 51.52537896859436],
        [0.163855550740088, 51.52541735992415],
        [0.163957672393906, 51.52550360585677],
        [0.164017724770721, 51.52558433293054],
        [0.164043583087965, 51.52564320873814],
        [0.164056477896865, 51.525702323736986],
        [0.164051576668646, 51.525750975657225],
        [0.164003565022875, 51.525863373089],
        [0.163984693928984, 51.525951851378345],
        [0.163979332128891, 51.526021195385496],
        [0.16398281761406, 51.526064296837674],
        [0.163998167239181, 51.5261143736791],
        [0.164048648920113, 51.52620606876404],
        [0.164358618024126, 51.52660143087554],
        [0.164450336439626, 51.526741825569744],
        [0.164476698877991, 51.526780907669604],
        [0.164448128886302, 51.52687765859724],
        [0.164414436266132, 51.52698799335039],
        [0.164443347287192, 51.52705040987731],
        [0.164443730834909, 51.52705849637885],
        [0.16445610668745, 51.52707625371948],
        [0.164707187769663, 51.52729374362584],
        [0.164891745805274, 51.52747648946346],
        [0.164926325519178, 51.527506426919196],
        [0.164985879695352, 51.5276069470048],
        [0.165113997341658, 51.527754762861484],
        [0.165195893024897, 51.52790073402887],
        [0.165299585063204, 51.52811105137892],
        [0.165391702437022, 51.528290107304045],
        [0.165450296466838, 51.528431112779465],
        [0.165537307559666, 51.528532924220684],
        [0.165660525740956, 51.528577411993254],
        [0.165708445592571, 51.52858462073409],
        [0.16584779847992, 51.52860452964155],
        [0.16591030338651, 51.528645641858326],
        [0.165983944171367, 51.52879985850541],
        [0.166058698494121, 51.528856032300475],
        [0.166092299048231, 51.52886530390938],
        [0.166218015766398, 51.5289016513797],
        [0.166233870982271, 51.52893193428666],
        [0.166364857791773, 51.529018544316415],
        [0.166446900768611, 51.52907638181419],
        [0.166448597224065, 51.52908174619811],
        [0.166469089640036, 51.52930079360983],
        [0.166508590570147, 51.52934322971708],
        [0.166560212928014, 51.529398031913566],
        [0.166630060160258, 51.529472281728225],
        [0.166724577156838, 51.529580248654064],
        [0.166773916337205, 51.52964768294931],
        [0.166817782087048, 51.52969093760457],
        [0.16690253723261, 51.5297451275374],
        [0.166979364561084, 51.529784176010715],
        [0.167097839216041, 51.52981975707065],
        [0.167134449758454, 51.52983167063048],
        [0.167234069790875, 51.52986490207237],
        [0.167310257443634, 51.52989047285158],
        [0.167403315277647, 51.529937314711255],
        [0.167437599772663, 51.52996096188792],
        [0.167461416475199, 51.52997670891926],
        [0.167469643451357, 51.529998139764864],
        [0.167485926704301, 51.53003740746221],
        [0.167498240466127, 51.53011451855356],
        [0.167548306981017, 51.53019722696082],
        [0.167693748018221, 51.53028446769351],
        [0.16773833013388, 51.53031242089745],
        [0.167815938358278, 51.530398217303684],
        [0.167856989180284, 51.530503574383275],
        [0.167870957711735, 51.530585151283006],
        [0.167914036138468, 51.53067248513236],
        [0.167974902713575, 51.530739705862],
        [0.168046738898389, 51.53079503306395],
        [0.168137803754626, 51.53083022046538],
        [0.168231024017698, 51.53085008007826],
        [0.168372038920093, 51.53087445174088],
        [0.168481757328472, 51.530938071190754],
        [0.168537449355329, 51.53098740156979],
        [0.168566069760198, 51.531043527464995],
        [0.168604315821506, 51.53112015897319],
        [0.168628774112303, 51.531149383208735],
        [0.168663914277152, 51.53119099994507],
        [0.168744267297443, 51.53124347138977],
        [0.168891069122545, 51.531328886926204],
        [0.16924095412377, 51.53153105087293],
        [0.169410830947686, 51.53167719049153],
        [0.16955760473357, 51.531792282185364],
        [0.169621643415099, 51.53183516265826],
        [0.169813760183017, 51.531963803856925],
        [0.170115370090432, 51.53221182263473],
        [0.170221541643003, 51.53229169326748],
        [0.17035912021604, 51.532395263386796],
        [0.170442529493778, 51.53245127427861],
        [0.170489782911865, 51.53247468058673],
        [0.170602004630079, 51.532530158177636],
        [0.170762249802566, 51.53262521477242],
        [0.170805151878911, 51.532678377951115],
        [0.17103446782768, 51.53298258889327],
        [0.171124295979213, 51.53308254554506],
        [0.171137060932514, 51.533108388571335],
        [0.171218400444829, 51.53327235164144],
        [0.171338453376079, 51.53340142508426],
        [0.171380028361895, 51.53351756269407],
        [0.171426510852625, 51.53361562370089],
        [0.171527652458426, 51.53371087416622],
        [0.171621877169335, 51.53378197187014],
        [0.171644727132909, 51.53380762811881],
        [0.171713076859889, 51.53391067985927],
        [0.171784450101559, 51.53404694918438],
        [0.171821704884737, 51.53416316663182],
        [0.171873339184258, 51.534217966308624],
        [0.171908955246416, 51.53426946543085],
        [0.171909225562302, 51.534305431892726],
        [0.171910407816733, 51.53439084223489],
        [0.171867755756007, 51.53452472645009],
        [0.171876924898786, 51.534656751802174],
        [0.171917532342687, 51.53478279928569],
        [0.171925676786716, 51.53480243277851],
        [0.17196622800966, 51.534897006254],
        [0.171999119185161, 51.53501240515532],
        [0.172057159107189, 51.535080575432545],
        [0.172115912636136, 51.53513344459418],
        [0.172229839235322, 51.535285112756654],
        [0.172261020063282, 51.53536457179617],
        [0.172333295815077, 51.535519709088184],
        [0.172354563222503, 51.535602948851256],
        [0.172406071478238, 51.535655052771936],
        [0.17256657337757, 51.53590657806451],
        [0.173110795883855, 51.53646394622782],
        [0.173390987387551, 51.53683645510067],
        [0.173781498433138, 51.537405661164584],
        [0.173919445724811, 51.53760724258443],
        [0.174515970930915, 51.53811147633688],
        [0.174721367930913, 51.53827583490671],
        [0.174881743492073, 51.53840325788298],
        [0.175007182379028, 51.53849355844571],
        [0.175446993468638, 51.53870482811656],
        [0.175790884925716, 51.538870213284206],
        [0.176144693051907, 51.53903181632919],
        [0.176331164585047, 51.539131774602176],
        [0.176479318364653, 51.539214457860425],
        [0.176830515950095, 51.53932125081434],
        [0.176970978285307, 51.539363608299176],
        [0.177256715307806, 51.53948870134357],
        [0.177418747971332, 51.539529758618215],
        [0.177666440493625, 51.53952246246659],
        [0.177809382023361, 51.53952610359562],
        [0.17790168034375, 51.53952618844919],
        [0.177940754104056, 51.53952906008475],
        [0.178063027236462, 51.539552868981865],
        [0.178117195717263, 51.539569848853866],
        [0.178189101155511, 51.53962606794707],
        [0.178275740239767, 51.53965863192543],
        [0.178460281350908, 51.53977840701115],
        [0.178627937979581, 51.539937164754],
        [0.17873657054085, 51.54003766569432],
        [0.178779856930977, 51.54006833669743],
        [0.178908189769429, 51.540158579391964],
        [0.179037816616903, 51.5402155242955],
        [0.17919987209202, 51.54028715446206],
        [0.179246641713095, 51.540330350598246],
        [0.179247586133115, 51.54035011736312],
        [0.179249603761312, 51.5403923463605],
        [0.179258157500279, 51.54045064108675],
        [0.179259268164629, 51.540534254129064],
        [0.179276963477402, 51.54057259470076],
        [0.179387445060011, 51.540711730029614],
        [0.179479000346296, 51.54087729624228],
        [0.179534897040826, 51.541081295018095],
        [0.179596691573313, 51.54122762981734],
        [0.179658982759607, 51.541354171045185],
        [0.179665766967824, 51.54149613229086],
        [0.179621886555648, 51.54160396280785],
        [0.179624100316159, 51.541620108833456],
        [0.179638933613833, 51.541689078280605],
        [0.17970054340148, 51.541740991345016],
        [0.179726861047237, 51.54180884808472],
        [0.17971657917072, 51.54183511846585],
        [0.179685905229633, 51.54191752355921],
        [0.179617596105998, 51.54199703083321],
        [0.179617572164065, 51.54202670773923],
        [0.17960352483754, 51.54233632338036],
        [0.179631311833355, 51.54258580873506],
        [0.179666509150722, 51.54268857265956],
        [0.179736221969412, 51.542819472357195],
        [0.179809403770921, 51.54287206961346],
        [0.179809370661354, 51.5430222510915],
        [0.179809013166336, 51.54319582004524],
        [0.179828647141326, 51.54321434019762],
        [0.179999246297085, 51.54337394062212],
        [0.180016552508237, 51.54346444693022],
        [0.180020508099618, 51.54348685557943],
        [0.180079245442904, 51.54375015417388],
        [0.180230103661178, 51.54391911402826],
        [0.180364616493816, 51.544108161823104],
        [0.180536490070153, 51.54426414064556],
        [0.180836803098664, 51.54445190424851],
        [0.181070103062959, 51.54462562527169],
        [0.181211680130787, 51.54472101496025],
        [0.181368805262731, 51.54487007253794],
        [0.181536187996897, 51.54508278848648],
        [0.181670947239145, 51.54524665020443],
        [0.181766137073411, 51.5453069305147],
        [0.182417589853424, 51.5457192751755],
        [0.18256928220772, 51.54578479859678],
        [0.182564657252936, 51.54583884184655],
        [0.182772334862972, 51.54589882687753],
        [0.182879119939589, 51.54599036556234],
        [0.183191885592931, 51.54613652431034],
        [0.183555756299381, 51.546325795981794],
        [0.183654134108934, 51.54639231044496],
        [0.183844523233329, 51.546452615432976],
        [0.184175319167826, 51.54661372378889],
        [0.184457616107022, 51.54675595009426],
        [0.184927361902111, 51.54698731091625],
        [0.18506684477775, 51.54703866997625],
        [0.18533286209995, 51.54711195236709],
        [0.185414508389269, 51.54713021559116],
        [0.185564702479241, 51.54716428805872],
        [0.185784306023046, 51.54723213918929],
        [0.185869915073089, 51.54733306264784],
        [0.185995020219971, 51.54753576872426],
        [0.186012207191099, 51.54756332632835],
        [0.186035890695217, 51.547606050738395],
        [0.186160241568571, 51.54776290706903],
        [0.186283731741529, 51.547901793575114],
        [0.186347895118111, 51.547946461319555],
        [0.186485073540535, 51.54819030904795],
        [0.186568196064667, 51.54835962415025],
        [0.186683157261763, 51.548591295764055],
        [0.186694843863269, 51.54868460373742],
        [0.186739589740858, 51.548775496862326],
        [0.186744884924638, 51.548825758210626],
        [0.186815312461678, 51.548910776835406],
        [0.186925996127837, 51.54914342723966],
        [0.18704188520547, 51.5493642897617],
        [0.187181038299648, 51.54946871042058],
        [0.187220145340342, 51.549502154149685],
        [0.187237344677083, 51.5496502157678],
        [0.187278606956051, 51.549728583628024],
        [0.187412372058481, 51.549931126734684],
        [0.18744040599561, 51.55000434548833],
        [0.187462503027442, 51.550074077797255],
        [0.187461202686489, 51.55019730432193],
        [0.188215968835772, 51.55068592866063],
        [0.18846892680696, 51.55087725424542],
        [0.188902731589555, 51.55113984568703],
        [0.189122565348439, 51.55130211150443],
        [0.189205885619494, 51.55138508954647],
        [0.189372122127681, 51.551422454988646],
        [0.189581292450813, 51.551452723818876],
        [0.189618987687724, 51.55151676886494],
        [0.189647569931765, 51.55163134406265],
        [0.189676350877096, 51.551780088440935],
        [0.189707980062099, 51.55198813256952],
        [0.189807138822545, 51.55210049100566],
        [0.189909266810262, 51.55221459250313],
        [0.189979748776817, 51.5523005075316],
        [0.189995059421728, 51.552409035396416],
        [0.189989804649451, 51.55250985361002],
        [0.19006587948628, 51.55259206702834],
        [0.190123425128716, 51.55261887056063],
        [0.190189877153824, 51.55265090349966],
        [0.190179685403467, 51.55267897167214],
        [0.190073907310659, 51.55275918448142],
        [0.189930095825583, 51.552828416485916],
        [0.18966574740656, 51.55312112281205],
        [0.189506123659082, 51.55319154871593],
        [0.189309475962335, 51.55324198178573],
        [0.189237353205066, 51.55327210494728],
        [0.189171124762388, 51.55330481592572],
        [0.189057386226087, 51.55339956492631],
        [0.188990190762227, 51.55344218599606],
        [0.188918412586376, 51.553479496818504],
        [0.188762204320189, 51.55353097294326],
        [0.188613529169754, 51.553619179055026],
        [0.18853524153384, 51.55373125185193],
        [0.188506517159284, 51.553854090678215],
        [0.188223852757239, 51.55400594735848],
        [0.188028875206779, 51.554031167070946],
        [0.18788402171741, 51.55407883306909],
        [0.187827110286045, 51.55415543452629],
        [0.187882273206238, 51.554222751474505],
        [0.187980649752021, 51.554258686682125],
        [0.188038591114186, 51.55435382960912],
        [0.187955477815139, 51.55442552411708],
        [0.187790851485557, 51.554451975903625],
        [0.187613616821069, 51.55445618042718],
        [0.187531857721534, 51.55452605080222],
        [0.187488329295252, 51.554641071824584],
        [0.18755401250528, 51.55471718561103],
        [0.18765918983424, 51.554774577139284],
        [0.187707534865102, 51.554850114885234],
        [0.187609545181098, 51.555032698747],
        [0.187573802035882, 51.555129588889216],
        [0.18746149700081, 51.55522430953024],
        [0.187367953007806, 51.555349255966924],
        [0.187176700809743, 51.55548231906576],
        [0.187002263834103, 51.555544924060044],
        [0.186960020977404, 51.55562664730846],
        [0.186943918397868, 51.55574205609195],
        [0.186891044584848, 51.55578261034588],
        [0.186829393412743, 51.555820630338985],
        [0.186454609918386, 51.55588696904411],
        [0.18634113722288, 51.55595742961955],
        [0.186228812589374, 51.55614207797528],
        [0.185955459886339, 51.55624789188142],
        [0.185870318879737, 51.556337608341614],
        [0.185669070993051, 51.5563827251615],
        [0.185448094457018, 51.55640752559877],
        [0.184927099333581, 51.5563731652746],
        [0.184742092683411, 51.556426071571416],
        [0.18474588207472, 51.556505138122894],
        [0.184734614434382, 51.55663124792995],
        [0.184792311672475, 51.55663107268974],
        [0.18493337192867, 51.55665452481073],
        [0.18501351055869, 51.55673127004189],
        [0.185019172494024, 51.556819294561855],
        [0.184872994802923, 51.5568696792576],
        [0.184752766205828, 51.55704008475753],
        [0.184777639198136, 51.55713764364554],
        [0.184828649539222, 51.557208636472446],
        [0.184777968374113, 51.5572950124586],
        [0.184675936850057, 51.55742371183809],
        [0.184510676564852, 51.557527509262144],
        [0.184407696535999, 51.55763644178102],
        [0.184402254913589, 51.557673413802284],
        [0.184407700558106, 51.557756945933356],
        [0.184417146464823, 51.55780353288118],
        [0.184450236999144, 51.55789194595912],
        [0.184401576048953, 51.557960298441216],
        [0.184446048208114, 51.55807547814708],
        [0.184514292457712, 51.55817492732544],
        [0.184570597807175, 51.55829618163228],
        [0.184547152192552, 51.5584090288765],
        [0.184582480362145, 51.558483910968164],
        [0.184580610609476, 51.55853520504215],
        [0.184549228026302, 51.558693164339736],
        [0.184582403352879, 51.55872312226056],
        [0.1847738817749, 51.558865240658804],
        [0.184803123277067, 51.55896361745165],
        [0.18482133527034, 51.559223171687385],
        [0.184757549816961, 51.55930709381668],
        [0.184719623952132, 51.559388735765324],
        [0.184740323443079, 51.55945939380512],
        [0.184703474059044, 51.559563497825295],
        [0.184711826264138, 51.55967755148884],
        [0.184760088320678, 51.55981154547165],
        [0.184766393761747, 51.5598527951573],
        [0.18470936371243, 51.55995727499501],
        [0.184603711242656, 51.560070753805306],
        [0.184562579756658, 51.56017583679084],
        [0.184539840405158, 51.56021313090765],
        [0.184156800943748, 51.5603488606239],
        [0.184145441385437, 51.56035266925258],
        [0.183580107747406, 51.5605682300207],
        [0.183407541041239, 51.56073061524734],
        [0.18313307938607, 51.560934464936146],
        [0.182941597915606, 51.561033352220484],
        [0.182852526508847, 51.561101556626795],
        [0.182767822365454, 51.56117057899119],
        [0.182698027759646, 51.56127979170404],
        [0.182618766480826, 51.56131184202272],
        [0.182767736236017, 51.56165079855147],
        [0.183178724401364, 51.56227894527572],
        [0.183359114365769, 51.562611021358435],
        [0.183442166239932, 51.5627182891057],
        [0.183439175996667, 51.56274622257696],
        [0.183510243388922, 51.562814144805586],
        [0.183542690391256, 51.56288908079782],
        [0.183593726485796, 51.56293039726619],
        [0.18364637764472, 51.563035532849185],
        [0.183833726637483, 51.5634825870892],
        [0.18394396082691, 51.56376560824439],
        [0.18398346732559, 51.563867391230254],
        [0.184064349437969, 51.56395941109963],
        [0.184180711815873, 51.56403907967169],
        [0.184450209789083, 51.56421301961019],
        [0.184617569040456, 51.564333105282614],
        [0.184766016058345, 51.56444994577389],
        [0.185011206786034, 51.56465850990781],
        [0.185146701285598, 51.564745914770924],
        [0.185121249350467, 51.564786856624146],
        [0.185103800831232, 51.56481416014015],
        [0.185079575031064, 51.56485058272431],
        [0.185074047108704, 51.56488575777392],
        [0.1850638759797, 51.565004652751895],
        [0.185084522206301, 51.56522459289396],
        [0.185153090516347, 51.56551108679055],
        [0.185133875352293, 51.565501552552846],
        [0.184281099217896, 51.56504980486109],
        [0.183810521816464, 51.564804967022006],
        [0.183618376301832, 51.56470962222036],
        [0.183480561210493, 51.564633949495715],
        [0.18328816044513, 51.564653717290234],
        [0.183094533100317, 51.564678004012926],
        [0.182643975917386, 51.564730452055464],
        [0.181874003434734, 51.5647717527598],
        [0.181831529297488, 51.56478872978157],
        [0.181562291321768, 51.56480093082942],
        [0.181446253213874, 51.56475812429765],
        [0.181380133333487, 51.564733274475635],
        [0.181106312675535, 51.564740163981945],
        [0.180510728041521, 51.564837566268366],
        [0.180311784745454, 51.56484126365376],
        [0.18017353817763, 51.564877106283156],
        [0.179465874611756, 51.564893851854436],
        [0.17902056165757, 51.56493539710055],
        [0.178632636274713, 51.56493990363902],
        [0.178086070794681, 51.56491587927477],
        [0.177419403847483, 51.564854512992106],
        [0.176936382285804, 51.56480142612924],
        [0.176734752482858, 51.56477908807709],
        [0.176272798921817, 51.56471391691558],
        [0.176015221170755, 51.564728586770656],
        [0.175553421805897, 51.5647875109993],
        [0.175391848190844, 51.56481838483365],
        [0.174625296203472, 51.56493151708912],
        [0.17379091345972, 51.565074678184665],
        [0.173388027763451, 51.565098329488315],
        [0.173042774515412, 51.56496893315068],
        [0.172853876274126, 51.56488070497311],
        [0.172546452358255, 51.56484862837952],
        [0.172099148373303, 51.56481824155075],
        [0.171867360690168, 51.56476857572601],
        [0.171431049173659, 51.5646660402528],
        [0.171227966932592, 51.56461314402629],
        [0.17057980198488, 51.56436434576205],
        [0.170353100000348, 51.56430019435488],
        [0.170136562383466, 51.56420707745817],
        [0.170027829799856, 51.56416592313476],
        [0.169912017725374, 51.564127597498945],
        [0.169647237274289, 51.564051559064666],
        [0.169418283871091, 51.56397036113677],
        [0.169154250057268, 51.56384934367273],
        [0.168979052862933, 51.56374556819692],
        [0.168802256027842, 51.56366880050596],
        [0.168597012771907, 51.563600651914186],
        [0.168493505557373, 51.56357828452426],
        [0.1683210467981, 51.563532011531606],
        [0.167938244878907, 51.56349232323248],
        [0.167797556126852, 51.563476937275496],
        [0.167556756976738, 51.563449911563694],
        [0.167160352268075, 51.56342755841452],
        [0.166719792499872, 51.56335655889658],
        [0.166553786054855, 51.56332455266965],
        [0.166340538756763, 51.563270037200255],
        [0.166073890088596, 51.563154456846036],
        [0.165783760732447, 51.56306089213137],
        [0.16565216288954, 51.562963501123086],
        [0.165292745033794, 51.56283884006169],
        [0.164878668129194, 51.56268730879924],
        [0.164382415801991, 51.56250671656232],
        [0.163808860360834, 51.56227808753448],
        [0.163388856594752, 51.56212306325229],
        [0.162995784194701, 51.561988224433875],
        [0.162726233736107, 51.56190236635178],
        [0.162410589779751, 51.561787680961146],
        [0.161869584048071, 51.56160610451987],
        [0.161778100426879, 51.561654552938016],
        [0.161652197532931, 51.561737808185164],
        [0.161477580072281, 51.56182825579279],
        [0.161330812805057, 51.561897506583435],
        [0.160972989887238, 51.561988630588175],
        [0.16071009480649, 51.562073508793496],
        [0.160677407720896, 51.56208400289767],
        [0.160579159955681, 51.56223329446232],
        [0.160529485429995, 51.562311547477236],
        [0.160479768144872, 51.56238890197507],
        [0.160196402617443, 51.56252901213526],
        [0.160060829287873, 51.56262143650096],
        [0.159974244951426, 51.56280378618848],
        [0.159933978501473, 51.56286747721975],
        [0.159767942046243, 51.563078267918264],
        [0.159461802679851, 51.563225090459284],
        [0.159141506513052, 51.56340814396946],
        [0.158902139054424, 51.56353305267107],
        [0.158694825982808, 51.56366456532459],
        [0.158473824345417, 51.563842192774636],
        [0.158184809868392, 51.56401567526237],
        [0.15798259615103, 51.56398072585102],
        [0.157912430014352, 51.56402248409613],
        [0.157651100779661, 51.56420175098233],
        [0.157075810099918, 51.564515387345985],
        [0.1566927901834, 51.56474545053922],
        [0.156523585670529, 51.56488974791187],
        [0.156316812236382, 51.56503293697287],
        [0.156195083696642, 51.56508283608568],
        [0.155942380798676, 51.56517021390341],
        [0.155817173103033, 51.5652075866254],
        [0.155583419453786, 51.56526853632918],
        [0.155460842778066, 51.56533104017626],
        [0.155217767473242, 51.56546949850829],
        [0.155097268780042, 51.56554545299802],
        [0.154784152685599, 51.56578951347494],
        [0.154653011161285, 51.5658845478466],
        [0.154275609265311, 51.56614237744233],
        [0.154054788434945, 51.56629391385708],
        [0.153638203290734, 51.566608216093236],
        [0.153175562612481, 51.5669251605943],
        [0.15257862601999, 51.56730122187369],
        [0.152358939824666, 51.56747701472557],
        [0.151762455152953, 51.567832380003956],
        [0.151436582517633, 51.56799033435757],
        [0.151259036731624, 51.56805024455798],
        [0.15119776223488, 51.5680360803137],
        [0.151136190859041, 51.568015626524826],
        [0.150982007238167, 51.5678673744131],
        [0.150909114052534, 51.567821048971766],
        [0.150836517887623, 51.56778101299668],
        [0.150755695666698, 51.56778069606887],
        [0.150578743357376, 51.56779203327426],
        [0.150359344357832, 51.56782123450077],
        [0.150240570218791, 51.56784229622797],
        [0.150058189403396, 51.567891501865255],
        [0.149990638720997, 51.56795838714505],
        [0.149957350643226, 51.56801745029994],
        [0.149919907200325, 51.5680496112113],
        [0.149864950750029, 51.56807759662332],
        [0.149800792653226, 51.56809405998498],
        [0.149762119735876, 51.568100164274774],
        [0.149577575667261, 51.56810354554988],
        [0.149421400368885, 51.568096514745164],
        [0.149329975948752, 51.56811617520661],
        [0.148924832083345, 51.5684599268883],
        [0.148749143020537, 51.56862051849362],
        [0.147371326397921, 51.568564809157934],
        [0.147308390321422, 51.56866847882497],
        [0.147238630528009, 51.568719215888905],
        [0.147112514375427, 51.5687682864308],
        [0.146939713151045, 51.56877594502825],
        [0.146760467457253, 51.56876933282783],
        [0.146748584571679, 51.568884657931484],
        [0.146759433986779, 51.568961797386734],
        [0.146822147749613, 51.56900651308903],
        [0.146712173643303, 51.56921446015202],
        [0.146642272511841, 51.56941537896839],
        [0.148169632732117, 51.56955109274124],
        [0.149752298598317, 51.569696564683014],
        [0.149701917295687, 51.56988273927263],
        [0.149658913698, 51.57010295125963],
        [0.149473385295875, 51.57014681790144],
        [0.149290313999163, 51.5702733728938],
        [0.149261260142881, 51.57048343709668],
        [0.14912748234644, 51.57144092168094],
        [0.149262634629533, 51.57146092796174],
        [0.149185821674401, 51.57194344911671],
        [0.148960892009399, 51.57323263809889],
        [0.147896172800469, 51.57311724237104],
        [0.147915680137325, 51.573133072269634],
        [0.148035434146039, 51.57331613125609],
        [0.148036093332593, 51.57369741318236],
        [0.148019457100832, 51.57392613442397],
        [0.14801748350849, 51.57437401109919],
        [0.148089230122425, 51.5746101070281],
        [0.148184250833795, 51.575064301377836],
        [0.148204898881516, 51.575196117219484],
        [0.148183433037891, 51.575322409160776],
        [0.148111022807525, 51.57562319445074],
        [0.148035947047188, 51.57577564760824],
        [0.146983595504843, 51.57567890166654],
        [0.147032234420654, 51.576374052682056],
        [0.147157716247569, 51.57722966743615],
        [0.147188743073458, 51.577520465619024],
        [0.147232402032843, 51.57792614014895],
        [0.147317722224537, 51.57952169559587],
        [0.147448327669365, 51.58079178279393],
        [0.148383225712534, 51.58075218714659],
        [0.148543042802293, 51.58095789323104],
        [0.149008165877729, 51.58157707116976],
        [0.149659767805672, 51.58235470105179],
        [0.149992406827049, 51.58258241872247],
        [0.150434021891698, 51.582886375484826],
        [0.150625626920456, 51.5830618200583],
        [0.15079161574942, 51.5834283806605],
        [0.15092829501808, 51.583755010814656],
        [0.150944083353642, 51.584180978838],
        [0.150987627908201, 51.58522514072971],
        [0.151065162434555, 51.586591519812416],
        [0.151109987885935, 51.58769321155808],
        [0.151153914778694, 51.588409129888845],
        [0.151197800937549, 51.58912414960703],
        [0.151199243351967, 51.589124123164446],
        [0.151153520852133, 51.589500858971114],
        [0.151147377686051, 51.5897986321283],
        [0.151081458327152, 51.590114587299176],
        [0.150925131750315, 51.590503242416474],
        [0.150725530274249, 51.5909844166159],
        [0.150572251096784, 51.591284886245965],
        [0.150703330301722, 51.59256215398531],
        [0.150742890334994, 51.59339955423979],
        [0.150857327655031, 51.59377425346328],
        [0.150975813436862, 51.59472351566457],
        [0.151130829612861, 51.59543739705039],
        [0.150835611487418, 51.59578992864649],
        [0.150478484399099, 51.59623801788449],
        [0.150067505860806, 51.596738351304936],
        [0.149814872366956, 51.59707571152984],
        [0.149767773460233, 51.59705679027417],
        [0.148059637531281, 51.59635336091491],
        [0.148070625364857, 51.596402619929],
        [0.148152801716444, 51.59676712073603],
        [0.148085123923037, 51.596771057386185],
        [0.147657586548507, 51.59679866649718],
        [0.147657756115328, 51.59680226049456],
        [0.147773788506792, 51.597211105687954],
        [0.147921302065264, 51.597766855673214],
        [0.14798892468976, 51.59815950042945],
        [0.148131992859762, 51.5985903322559],
        [0.148112895307111, 51.59867521367361],
        [0.148179760710605, 51.59895995915725],
        [0.148213323275221, 51.59902858896176],
        [0.148235599427448, 51.59907224566149],
        [0.148323853765587, 51.59932062852574],
        [0.148606016949724, 51.60025070875133],
        [0.148864303200559, 51.60104183786387],
        [0.148879409024888, 51.60111710034686],
        [0.14894051320251, 51.60131022482113],
        [0.148950440447559, 51.601520473323966],
        [0.14895464122471, 51.60154827391845],
        [0.149032806554544, 51.601643964262834],
        [0.149091918055576, 51.60179485923219],
        [0.149485043224489, 51.60290276012937],
        [0.149195664442168, 51.603227302333444],
        [0.149083077659766, 51.603350766129275],
        [0.148947658898186, 51.60348004353104],
        [0.148998201205663, 51.603541167986634],
        [0.148885952161023, 51.603702394918905],
        [0.148793775431392, 51.60386055640069],
        [0.148688991865243, 51.60414934339116],
        [0.148617819629067, 51.604354781688265],
        [0.148586837163077, 51.60449383714235],
        [0.148569134210629, 51.604822396331464],
        [0.148544900445258, 51.60489028554993],
        [0.148560087481837, 51.60521194767169],
        [0.148469936680851, 51.60571899009518],
        [0.14845138612145, 51.60593785328263],
        [0.148450066676121, 51.60612402716048],
        [0.148484780054475, 51.606247491500945],
        [0.1485971565046, 51.606517014984846],
        [0.148720820156705, 51.60702553858018],
        [0.148766142367796, 51.60737362707733],
        [0.148726457738009, 51.60754251785743],
        [0.148731463175219, 51.607740266463864],
        [0.148724287325722, 51.60798589959465],
        [0.148731626127285, 51.60826364083476],
        [0.148697459466038, 51.60833530898765],
        [0.148693213585054, 51.60845948649788],
        [0.148680562810149, 51.60868093944153],
        [0.148582474894936, 51.60892823688079],
        [0.148519699599542, 51.609097550252756],
        [0.148363207630529, 51.60939267885177],
        [0.14822262844934, 51.60974956582616],
        [0.148139309088346, 51.60988148550044],
        [0.148036038185282, 51.610110891796175],
        [0.147921559998178, 51.61037827257323],
        [0.147822189203971, 51.61069034041942],
        [0.147800782701486, 51.61115475717715],
        [0.147755991849596, 51.61152158103898],
        [0.14756178475832, 51.612119554297834],
        [0.147468608258612, 51.61234877525986],
        [0.147380018445114, 51.612491582005546],
        [0.147322415564643, 51.612587059562884],
        [0.147218884297981, 51.61271934826059],
        [0.146934647278501, 51.613093249823805],
        [0.146829582638728, 51.61328491820937],
        [0.146610287963755, 51.6135659051966],
        [0.146452417859314, 51.61374055352212],
        [0.146092063743306, 51.614062787811214],
        [0.146086630000163, 51.61407008134731],
        [0.14600898915193, 51.61413894641438],
        [0.14591097136466, 51.614235162164356],
        [0.145739772831976, 51.61434170845092],
        [0.145570440492364, 51.61445721309112],
        [0.145475307551997, 51.614553375725635],
        [0.145419268515122, 51.61465152150548],
        [0.14535401392712, 51.61479929568646],
        [0.145297929398371, 51.61492711822252],
        [0.145294780978818, 51.61501350592118],
        [0.145283992609876, 51.615091040536115],
        [0.145225788966027, 51.61517393814207],
        [0.14516571816012, 51.61524787711874],
        [0.145108403866378, 51.61534964312653],
        [0.145020340838897, 51.61562642988204],
        [0.144935293219313, 51.6158752840076],
        [0.144816927998275, 51.616060898567895],
        [0.144700431682358, 51.6162248963152],
        [0.144470564941555, 51.61668053095841],
        [0.144319599271235, 51.61681817990173],
        [0.144211680920131, 51.61691907136579],
        [0.144033971853306, 51.6170410215846],
        [0.143900023503917, 51.61720263945254],
        [0.143737716031211, 51.61737556638119],
        [0.143361757434393, 51.61785814716247],
        [0.143265373471276, 51.61801997755841],
        [0.143174338852445, 51.618172717474295],
        [0.143097194727458, 51.61825236268504],
        [0.142859051940112, 51.61850221176502],
        [0.14262595618351, 51.61876725581978],
        [0.142461428833597, 51.618954609738466],
        [0.142208210416899, 51.61919124352641],
        [0.142162144746798, 51.61922535730132],
        [0.142078292634506, 51.619285340258294],
        [0.141959140835563, 51.61948535439849],
        [0.140937494271621, 51.620614593599925],
        [0.140856942355717, 51.62071408337467],
        [0.140805904003185, 51.62076537343926],
        [0.140661242970771, 51.62088401774369],
        [0.140540702349336, 51.62096265407172],
        [0.140272949784327, 51.62116717476422],
        [0.14008459035627, 51.621339672106636],
        [0.13920278008289, 51.62231077185224],
        [0.138156948531111, 51.62354294304602],
        [0.139855381614798, 51.62346882759304],
        [0.14500336699057, 51.62332270798889],
        [0.148788312781851, 51.62322470358931],
        [0.149056973145973, 51.62322338215784],
        [0.14982478600674, 51.62320662415906],
        [0.151045943345733, 51.623244503205136],
        [0.152362032887941, 51.623273434649434],
        [0.152591636256713, 51.623301598014095],
        [0.15274978547952, 51.6233157838065],
        [0.153062388971512, 51.623327136354845],
        [0.153355333699639, 51.62331996399951],
        [0.154584007553181, 51.623333387997405],
        [0.154897969824541, 51.62334291217077],
        [0.155207261066578, 51.62334532708903],
        [0.155517527352661, 51.6233378312869],
        [0.155885022150082, 51.62331849229215],
        [0.156483811173993, 51.62327152193044],
        [0.15802356473958, 51.62311192952386],
        [0.160768536269722, 51.62280693612964],
        [0.162502722565209, 51.62257446120988],
        [0.162757093853969, 51.62278919732277],
        [0.162774458230491, 51.62278977664571],
        [0.163091969415612, 51.622752451243876],
        [0.16341486924479, 51.62270693219488],
        [0.16395062160831, 51.622610726089476],
        [0.164432845771828, 51.622543382084054],
        [0.164957869740894, 51.62249503070441],
        [0.165455252928323, 51.622442690535344],
        [0.165456696385336, 51.62244266390543],
        [0.165813293026423, 51.62237673252002],
        [0.166174592508948, 51.62228823139589],
        [0.167493096041317, 51.62194374948381],
        [0.167697751978385, 51.62190309984291],
        [0.167859061622117, 51.6218623511505],
        [0.168069948867942, 51.62180090245136],
        [0.168222040342166, 51.62174863295366],
        [0.168329856329982, 51.62170707320063],
        [0.168454222149777, 51.62164902065617],
        [0.168745428184469, 51.621484468816256],
        [0.168873694643791, 51.62141735099794],
        [0.169651966345019, 51.621711418775924],
        [0.170282588280776, 51.62190839206224],
        [0.171793911107539, 51.6223957226485],
        [0.173256875134131, 51.62289831773198],
        [0.174375266477787, 51.62326429357338],
        [0.175276232503769, 51.62358482829755],
        [0.177167877043368, 51.62389597765163],
        [0.177773208041928, 51.62401604243233],
        [0.177838853787967, 51.624029212865295],
        [0.178628996119734, 51.62420699485628],
        [0.179412984862364, 51.62431654085818],
        [0.17977321309337, 51.62435661413141],
        [0.179927473566226, 51.62437982833438],
        [0.180149040011381, 51.62442067702705],
        [0.180369551054643, 51.62446963839159],
        [0.180438252987014, 51.624968359588244],
        [0.180510814164733, 51.62533661403441],
        [0.180571332927665, 51.625664624727655],
        [0.180584712271802, 51.62573272113663],
        [0.180765672882606, 51.62561964760355],
        [0.180864113889819, 51.625593538201066],
        [0.180877321227885, 51.62559778919215],
        [0.180889128117719, 51.625602965477675],
        [0.180900978102293, 51.62560904023718],
        [0.180911384547133, 51.62561514181652],
        [0.180921834087265, 51.62562214187007],
        [0.180932283630619, 51.62562914192263],
        [0.180941332726579, 51.62563706727083],
        [0.180950338732613, 51.62564409414313],
        [0.180957944290716, 51.625652046311494],
        [0.180966993395768, 51.625659971657555],
        [0.180970095951862, 51.62566441038972],
        [0.180977701516889, 51.625672362556685],
        [0.180985307084603, 51.62568031472314],
        [0.180991512203854, 51.62568919218626],
        [0.180997674231452, 51.62569717117389],
        [0.180997308255574, 51.625779911350534],
        [0.181210350463138, 51.62582361429747],
        [0.181642209205661, 51.62585066023003],
        [0.182121683152986, 51.62584624402152],
        [0.182470826818768, 51.62580558032412],
        [0.182757270713429, 51.62572291629691],
        [0.183046425168598, 51.62557635254517],
        [0.183145120479002, 51.62549538064337],
        [0.183424692044871, 51.625480288494586],
        [0.183496112089105, 51.62543309686765],
        [0.183648695286627, 51.62542126563887],
        [0.184143190672644, 51.62524839701169],
        [0.184640262127674, 51.62500893186849],
        [0.185351838369502, 51.62463327745969],
        [0.185875804903067, 51.624382514909904],
        [0.185904113425792, 51.624370297132614],
        [0.186082213994747, 51.62446859853395],
        [0.186211340627387, 51.6245399342597],
        [0.18624103142247, 51.62455646751072],
        [0.186156954491033, 51.62485119766335],
        [0.186082221831956, 51.62509989059915],
        [0.186033039995795, 51.62533911485764],
        [0.185969458704852, 51.62551925499636],
        [0.187061090492619, 51.625475539067956],
        [0.188343844583869, 51.6254102644056],
        [0.188575666138472, 51.62512356926742],
        [0.188780257965338, 51.62487155392811],
        [0.1893729110976, 51.62448730107427],
        [0.189523096749048, 51.624695829791335],
        [0.189539205857831, 51.6250003842408],
        [0.189786778558972, 51.625100981255834],
        [0.190156319101887, 51.62509408659954],
        [0.190396808545583, 51.62510758461622],
        [0.190601816131299, 51.62513433421622],
        [0.190759447537709, 51.62516736336552],
        [0.191168741543063, 51.62526583827433],
        [0.192164556255654, 51.625422603710476],
        [0.192664941572899, 51.62549239384968],
        [0.193364288743142, 51.625523392359625],
        [0.193944734227576, 51.625575494010604],
        [0.194747403817036, 51.62571156707404],
        [0.195614804882378, 51.62566207190923],
        [0.196959588375103, 51.62556496721539],
        [0.198606522229271, 51.62526254810072],
        [0.199363275089434, 51.62510628493182],
        [0.200283886389919, 51.62493255691366],
        [0.200630579180774, 51.62496112938893],
        [0.201078317629158, 51.62498780606558],
        [0.201980273841531, 51.6250257450117],
        [0.202662115040487, 51.625083095573565],
        [0.202967434508752, 51.62509265341082],
        [0.203148656171208, 51.62510543908477],
        [0.203432142322745, 51.625141484608974],
        [0.203586677838644, 51.625170058305386],
        [0.203919760039105, 51.62524563911227],
        [0.204734112486602, 51.625473151115564],
        [0.205417913327343, 51.62563026890831],
        [0.205710975438594, 51.62571469011267],
        [0.205884492787464, 51.62577707671546],
        [0.206002502805028, 51.62582701709247],
        [0.206112157051943, 51.62588340935336],
        [0.206271278952665, 51.62597664144643],
        [0.206476148969779, 51.62611937300352],
        [0.206575743355814, 51.62617685322148],
        [0.206667509877436, 51.626221890606914],
        [0.206747117820802, 51.626254566596394],
        [0.206873442403915, 51.62629715555805],
        [0.207137117268872, 51.6263713344032],
        [0.207582457288876, 51.62646727598166],
        [0.208259937463658, 51.62664248181976],
        [0.208435127024027, 51.62667965340486],
        [0.208502053991887, 51.62668918553548],
        [0.208712503483132, 51.62670860697109],
        [0.209399982623359, 51.62670286292292],
        [0.20953882535703, 51.62670564510583],
        [0.209982778575064, 51.62674315054954],
        [0.210312783827075, 51.62672524617854],
        [0.210830491855975, 51.6267343811542],
        [0.211377592184071, 51.62681310393872],
        [0.212223550458187, 51.62697612002258],
        [0.212081943001146, 51.62718382461953],
        [0.212265361852312, 51.627211842631276],
        [0.2123879763675, 51.627237409307476],
        [0.2125329877167, 51.62727784144986],
        [0.212737971869037, 51.62736300615033],
        [0.213253584617397, 51.62762576695532],
        [0.213652230225689, 51.62756339351034],
        [0.213962948713934, 51.62765375624535],
        [0.21424431586383, 51.62776445601469],
        [0.214869347237875, 51.62798917446904],
        [0.215415468722921, 51.62822527107486],
        [0.215700471865657, 51.628291834032474],
        [0.216003591588557, 51.6284632700793],
        [0.216781934047357, 51.6288091847031],
        [0.217519555235764, 51.62909021605733],
        [0.218028640192238, 51.62921818738575],
        [0.21837839708488, 51.62927902388897],
        [0.219041786025759, 51.62945982995597],
        [0.219783710554794, 51.62968051405967],
        [0.220434670885057, 51.629754532945825],
        [0.220973473123759, 51.629869339509895],
        [0.222049383895432, 51.63012325791157],
        [0.222250160827833, 51.63023996064417],
        [0.22283807911799, 51.63067936855535],
        [0.223584280753052, 51.63128214228467],
        [0.224060144777958, 51.63173445815335],
        [0.224243209579251, 51.63163656496133],
        [0.22465019248187, 51.631419319982875],
        [0.22540004571097, 51.630944674250586],
        [0.226081747904634, 51.63055404994393],
        [0.226794864828027, 51.63006750176844],
        [0.227246943672614, 51.62976845668241],
        [0.227528758505743, 51.629621921797295],
        [0.228197942715968, 51.6293304434084],
        [0.229117648668121, 51.62890290864915],
        [0.22976413423369, 51.62856149240451],
        [0.230450920290912, 51.62815815552254],
        [0.231119016015627, 51.62775696833962],
        [0.231801855886209, 51.627391468208906],
        [0.232117051301462, 51.62721910742771],
        [0.232870734782537, 51.62673714550038],
        [0.233098452944331, 51.62660781306943],
        [0.233514311037789, 51.62627885661037],
        [0.233747684829952, 51.62608826401245],
        [0.233957444120629, 51.62591700532016],
        [0.234158876405424, 51.62581155240766],
        [0.234669898024393, 51.62556711150378],
        [0.235396305886685, 51.62514860197332],
        [0.235951987804744, 51.624843052804636],
        [0.236812893313757, 51.624457044145366],
        [0.237328304044925, 51.62421430632524],
        [0.237324118251597, 51.62407050069715],
        [0.23750367936881, 51.62407876856161],
        [0.237573466199986, 51.62411700668948],
        [0.237717469623661, 51.62404861366194],
        [0.237880325704292, 51.62398165957526],
        [0.237946619609072, 51.62394892064721],
        [0.238094731134377, 51.62387595239883],
        [0.238079099780119, 51.62376383995757],
        [0.238249645439354, 51.623765084306],
        [0.238701911974402, 51.623501961600546],
        [0.239428398922263, 51.623115799199134],
        [0.239655140340854, 51.62302604085448],
        [0.240025557059378, 51.62292005089567],
        [0.240828619793722, 51.6226223466454],
        [0.241488573894191, 51.62235254984226],
        [0.241947795151032, 51.62214323860212],
        [0.242395623866354, 51.62190806392202],
        [0.243363739112225, 51.62150107294303],
        [0.244319004403801, 51.62106824026522],
        [0.245327210747096, 51.62062539403351],
        [0.245781398361917, 51.62046112805074],
        [0.246346761935199, 51.62029563182651],
        [0.24669955609118, 51.620126108470394],
        [0.247330683181066, 51.61988830499685],
        [0.247582705911182, 51.619784557694835],
        [0.247646410858006, 51.61975815774924],
        [0.247833328597098, 51.61968173594066],
        [0.247990469571451, 51.61961667558131],
        [0.248068340450171, 51.61958460836436],
        [0.248242444853484, 51.619512028458765],
        [0.248284943921127, 51.619495027222214],
        [0.248450787694754, 51.61943069881309],
        [0.249216163091141, 51.61913275883529],
        [0.249643809407322, 51.61895819484271],
        [0.249677781159337, 51.618944054396806],
        [0.24972736214525, 51.6189242190261],
        [0.249752807591422, 51.61891293984903],
        [0.250265400476773, 51.61870347164901],
        [0.250653448490872, 51.61851707309494],
        [0.251071134420982, 51.61831661549188],
        [0.251395653270155, 51.61816021004368],
        [0.251614062325187, 51.618049005124085],
        [0.25216781781326, 51.61776679582823],
        [0.252628647348354, 51.617504353159426],
        [0.252667989464017, 51.61748201517459],
        [0.252707376038312, 51.61746057560975],
        [0.252735439357625, 51.61744384980404],
        [0.252767787796722, 51.617426142455145],
        [0.253266839233137, 51.6171188985063],
        [0.254040397830664, 51.616608537563486],
        [0.254276967571273, 51.61642683437469],
        [0.254565017977184, 51.61620547241834],
        [0.255259849749389, 51.6156228738768],
        [0.255581617292323, 51.61541165287168],
        [0.256201066089134, 51.61505711774078],
        [0.257059684131537, 51.61457387824609],
        [0.257665603141486, 51.61418002669476],
        [0.257743684704008, 51.614065214361055],
        [0.258111752703942, 51.613186722976764],
        [0.258276374049359, 51.61298211490409],
        [0.258560112050918, 51.61282017873697],
        [0.25886103463833, 51.612480751302705],
        [0.259023031719911, 51.61228158835847],
        [0.259236069112511, 51.61209223410991],
        [0.259777372399514, 51.611678032060944],
        [0.260419109769668, 51.61113419404669],
        [0.261006595088517, 51.610661542115196],
        [0.261607797231345, 51.61014545691138],
        [0.262246712633981, 51.60966191522495],
        [0.262810395238156, 51.60929223170109],
        [0.263231371260063, 51.60918968864308],
        [0.263472546519285, 51.60913108001434],
        [0.263648476069096, 51.60906743435852],
        [0.263885825455625, 51.60899001358414],
        [0.264077963620148, 51.60887479509516],
        [0.26453555551823, 51.608318298881144],
        [0.264456878092859, 51.6083045290922],
        [0.264455390466114, 51.60830365850677],
        [0.264440693059215, 51.60829854635922],
        [0.264425950941524, 51.608292535782795],
        [0.264412651739255, 51.60828649736351],
        [0.264399307826983, 51.60827956051566],
        [0.264386008632003, 51.60827352209325],
        [0.264378525797576, 51.60826827073423],
        [0.264362117223221, 51.60825779585504],
        [0.264345619231631, 51.60824552411937],
        [0.264332007068876, 51.608233196701356],
        [0.264318350201737, 51.608219970854606],
        [0.264306136251746, 51.6082067171665],
        [0.264293922308956, 51.608193463477],
        [0.264283106570624, 51.60817928351972],
        [0.264273733746994, 51.60816507572211],
        [0.264262873311315, 51.60814999733565],
        [0.264256520445532, 51.60813842913953],
        [0.264250167583061, 51.608126860943024],
        [0.264242416527752, 51.60811621901204],
        [0.264237506578093, 51.60810462297591],
        [0.264231153725416, 51.60809305477817],
        [0.264226199071522, 51.608080560314335],
        [0.264222732034961, 51.60806893643881],
        [0.264219265000261, 51.60805731256311],
        [0.264215797967423, 51.60804568868729],
        [0.264213729130749, 51.60803313854574],
        [0.264213147908072, 51.60802145899286],
        [0.264212521976397, 51.60800888101278],
        [0.264213696622889, 51.60800346261147],
        [0.264214513593852, 51.607990856792945],
        [0.264216818175879, 51.607979121563105],
        [0.264219122756809, 51.607967386333215],
        [0.264221382627166, 51.6079547526761],
        [0.264226573007591, 51.60794296176901],
        [0.264230320484938, 51.607931198700335],
        [0.264235555570239, 51.607920306219995],
        [0.264242188843067, 51.60790848747359],
        [0.264248866822459, 51.60789756715396],
        [0.264298945492208, 51.607830053498944],
        [0.263089135672831, 51.607317412824514],
        [0.262894275779508, 51.60737782556166],
        [0.262633636602882, 51.60742241970884],
        [0.262269198324692, 51.60747081281702],
        [0.262184112606763, 51.60747335225985],
        [0.262094653546162, 51.60747507664918],
        [0.262005105146715, 51.60747500411319],
        [0.261916910307291, 51.60747310684156],
        [0.261890893655515, 51.60747270898994],
        [0.26185766256255, 51.60747245017913],
        [0.261824386808278, 51.60747129293018],
        [0.261792598604455, 51.607471006292045],
        [0.261759278192214, 51.60746895059586],
        [0.261725957782689, 51.60746689489017],
        [0.261694035605298, 51.607463912938954],
        [0.261680960294385, 51.60746236634591],
        [0.261650436352899, 51.607458458146844],
        [0.261621310647029, 51.60745362370457],
        [0.261592184947141, 51.60744878925499],
        [0.261563014597044, 51.60744305636922],
        [0.261533844254095, 51.6074373234761],
        [0.261504629263277, 51.60743069214673],
        [0.261492907545455, 51.60742732086978],
        [0.261465090799585, 51.60741976329669],
        [0.261437229409138, 51.607411307287926],
        [0.261217908270702, 51.60732830227581],
        [0.260673402499921, 51.60715353888893],
        [0.259886780879855, 51.60687282299674],
        [0.259656100625974, 51.6067936309906],
        [0.259405428825364, 51.6067480971266],
        [0.258417859905019, 51.6065503774927],
        [0.25829363995139, 51.60655007006535],
        [0.258053115388616, 51.606505237352735],
        [0.258092436793001, 51.606337212992166],
        [0.258115424611868, 51.6061892872586],
        [0.258210242510624, 51.60603368432773],
        [0.258218792415803, 51.605740351536554],
        [0.258197363887121, 51.605599575470706],
        [0.258193893308153, 51.60535503558485],
        [0.258131579398462, 51.60511792298904],
        [0.258052645730359, 51.6050115270875],
        [0.257972492533119, 51.604909651044615],
        [0.257852727211831, 51.60485350153874],
        [0.257672671661546, 51.60489203787464],
        [0.257518558340341, 51.60490039834746],
        [0.257326915238076, 51.60493825776559],
        [0.25727712988155, 51.60495360400729],
        [0.257242636069361, 51.60495696534645],
        [0.257206432041054, 51.60495496383493],
        [0.257172846248419, 51.604947516218864],
        [0.257129756861096, 51.60492316488643],
        [0.257151900512566, 51.60475816907074],
        [0.257225879061067, 51.604619154926205],
        [0.257112321212991, 51.60451342437182],
        [0.256952740183761, 51.60423681459906],
        [0.256825685485189, 51.60423745946873],
        [0.25676392980601, 51.604215265552476],
        [0.256723637806439, 51.60418906170145],
        [0.256688849678981, 51.60415735626365],
        [0.256662406445527, 51.60411919532323],
        [0.25655742908172, 51.604069954460925],
        [0.256482589381296, 51.603987759611684],
        [0.256462051200225, 51.60395218295184],
        [0.256445306800387, 51.603905741872595],
        [0.256436328125619, 51.60384116569068],
        [0.256440272717866, 51.603804218988564],
        [0.256532305489768, 51.603708923295514],
        [0.256599320696312, 51.603604216412265],
        [0.256461195292026, 51.60349805836066],
        [0.256314983078433, 51.603345292592266],
        [0.256245658695445, 51.603316049617824],
        [0.256179398096638, 51.60329034485689],
        [0.256141913443205, 51.60332074205848],
        [0.256110929884154, 51.60333662563716],
        [0.256068181489594, 51.60334823893634],
        [0.25601795201269, 51.60335460030248],
        [0.255971605419473, 51.603351894111526],
        [0.255933603642394, 51.60334273246216],
        [0.2559010611673, 51.6033271708313],
        [0.255874111614578, 51.60330790452245],
        [0.255840188549858, 51.60326449144952],
        [0.255833081413592, 51.603237649392106],
        [0.255837115532112, 51.603202499567594],
        [0.255866317621161, 51.60315067873829],
        [0.255891075328611, 51.60306746821358],
        [0.25570145098507, 51.60305852318633],
        [0.255489455104474, 51.60306439645611],
        [0.25540826036738, 51.60291217852233],
        [0.255268376830224, 51.60274130405988],
        [0.255139073655847, 51.60266734934315],
        [0.254978769276983, 51.60263805535947],
        [0.254838527780635, 51.60275136263574],
        [0.254728790077589, 51.60275167252926],
        [0.254669922916416, 51.60272942202916],
        [0.254614404792984, 51.60268732279741],
        [0.254581570056614, 51.60263669414635],
        [0.25458169587681, 51.602580935805776],
        [0.254639141226369, 51.60242875157909],
        [0.254596830668614, 51.602390895033636],
        [0.254587996219971, 51.602387467606064],
        [0.254346399366146, 51.602437073400765],
        [0.254187557668066, 51.60237897299582],
        [0.254167200042792, 51.60234698963174],
        [0.254143975663901, 51.60228628407977],
        [0.254140263358442, 51.6022404916445],
        [0.254167768579329, 51.60209607705829],
        [0.254166986221227, 51.60205112763143],
        [0.253909017558716, 51.60197424725674],
        [0.253890344368236, 51.60191795068835],
        [0.253880238545126, 51.60185969099267],
        [0.254133679023674, 51.60175769987065],
        [0.254101594959025, 51.60166389078914],
        [0.253982707205967, 51.60159602978401],
        [0.254116427143925, 51.60152601464989],
        [0.254405806765645, 51.60147908851494],
        [0.25472819776769, 51.601486384047156],
        [0.254790013972293, 51.60133501501883],
        [0.255267779874279, 51.60124309962045],
        [0.255538160928214, 51.60122081659683],
        [0.255814490611179, 51.60120201575653],
        [0.256432035939226, 51.60122071903427],
        [0.257041621543997, 51.60128273805602],
        [0.257813820640749, 51.60127507794055],
        [0.257887353555061, 51.601272763867236],
        [0.257958953437677, 51.60126059475423],
        [0.25802438131325, 51.60124045074911],
        [0.258082194462583, 51.6012123596229],
        [0.258123959607042, 51.60118098011312],
        [0.258152517575676, 51.60114535828194],
        [0.258204028640382, 51.60101936577516],
        [0.258225004051447, 51.60091824168023],
        [0.25954479532839, 51.60062574784901],
        [0.2600697055772, 51.60052391209215],
        [0.26074244931828, 51.600403938121666],
        [0.26084849245741, 51.60038750651368],
        [0.261872448017433, 51.60012856340437],
        [0.261889581279971, 51.60012463600398],
        [0.262249839272975, 51.600022366762836],
        [0.262755776513059, 51.59997484207268],
        [0.2635736628122, 51.599870038794116],
        [0.263978924583398, 51.59983074574462],
        [0.264371392890788, 51.59976651800925],
        [0.264494017416513, 51.599764151780626],
        [0.265303675238029, 51.5996972653823],
        [0.266582981434086, 51.59966626766155],
        [0.267059554091737, 51.59963817662445],
        [0.267057361238132, 51.59959415371742],
        [0.26753280348636, 51.599572377626544],
        [0.268103896687827, 51.59958652115078],
        [0.269076418689226, 51.59954254015759],
        [0.269851908276694, 51.59957250715943],
        [0.270012215552759, 51.59913864553774],
        [0.270125022523917, 51.598794732450415],
        [0.270238393282054, 51.59852005378943],
        [0.270296686150027, 51.598357053492315],
        [0.270327827670489, 51.598083965558885],
        [0.27034999972729, 51.59780475609567],
        [0.270360311058751, 51.597693044396664],
        [0.270312234833938, 51.597308178281324],
        [0.270251366271654, 51.59704316546056],
        [0.270175114762569, 51.59681711976078],
        [0.270109454673558, 51.596600761326556],
        [0.269931188381904, 51.59638478257638],
        [0.269824593018066, 51.596187201669245],
        [0.26971579450871, 51.595974375314405],
        [0.269597786363969, 51.59580849017459],
        [0.269465891555335, 51.595653664994174],
        [0.26934995475295, 51.59550032963901],
        [0.269306089558938, 51.595373478468964],
        [0.269308285602836, 51.595272715283],
        [0.269399271743119, 51.5950704135308],
        [0.26954353088313, 51.59474927407886],
        [0.269629041006079, 51.59446614172527],
        [0.269711262037981, 51.59417497927836],
        [0.269763961133357, 51.593870898413904],
        [0.269799108424919, 51.593620215270946],
        [0.269838949979282, 51.593347858282606],
        [0.269827455216082, 51.59320419384012],
        [0.269812797963388, 51.59308397217225],
        [0.26977402280176, 51.592972310653366],
        [0.269902307318863, 51.59224410005933],
        [0.270104238790952, 51.59151626303516],
        [0.270255048382226, 51.59109517419872],
        [0.270453670036208, 51.59085121998816],
        [0.270696240530589, 51.59059112697219],
        [0.270740970043952, 51.59053270663478],
        [0.270837192307212, 51.59040674208852],
        [0.270900419602748, 51.59028501319327],
        [0.270934828165593, 51.59022229605366],
        [0.271101980231159, 51.58998434546392],
        [0.271319342762696, 51.589740026948284],
        [0.271289599359375, 51.58940426704801],
        [0.271251520637674, 51.58921974972628],
        [0.271246566282786, 51.58920725552007],
        [0.271243054230575, 51.589194733395956],
        [0.271239542180403, 51.58918221127168],
        [0.271236030132268, 51.58916968914725],
        [0.271235671590069, 51.58916250174177],
        [0.271233601843134, 51.58914995169965],
        [0.271232974395499, 51.58913737373997],
        [0.271233744428306, 51.58912386943709],
        [0.27123455927844, 51.58911126355988],
        [0.27123686124274, 51.5890995281908],
        [0.271239118388236, 51.58908689439599],
        [0.271242817828626, 51.58907423268354],
        [0.271246517267068, 51.58906157097096],
        [0.271249043315416, 51.58905432773011],
        [0.271254140227739, 51.58904073967395],
        [0.271260724249714, 51.58902802212546],
        [0.27126875056226, 51.58901527665876],
        [0.271276776870405, 51.58900253119155],
        [0.271284803174152, 51.588989785723804],
        [0.271298284914228, 51.58897063960298],
        [0.271315824605377, 51.58894601917143],
        [0.271333409097197, 51.58892229716305],
        [0.271352480681009, 51.58889944565895],
        [0.271372949715575, 51.58887566780718],
        [0.271394950658703, 51.5888536588839],
        [0.271418349048107, 51.588830723611395],
        [0.271441837056678, 51.588809585185665],
        [0.271444587167639, 51.588806834068926],
        [0.2715454894022, 51.58868797262053],
        [0.271739461187287, 51.588409033597685],
        [0.271858132837309, 51.588241265988145],
        [0.271926107967626, 51.588041206005514],
        [0.272002048259793, 51.587885057123984],
        [0.272071538926467, 51.58774432106385],
        [0.272108641618852, 51.587706731581285],
        [0.272200654542834, 51.58761232257764],
        [0.272433618421394, 51.58744953538739],
        [0.272859399184958, 51.58724524259637],
        [0.273245004144581, 51.58710377785761],
        [0.273564033244807, 51.58698788278913],
        [0.273813160989898, 51.58685985204494],
        [0.273820878705965, 51.58681203991123],
        [0.273822320927798, 51.58681201196282],
        [0.274233711290813, 51.58640655109409],
        [0.274607821710591, 51.58600630787426],
        [0.274773548281214, 51.58574050117173],
        [0.275085808910259, 51.58537382997751],
        [0.275347078213924, 51.58508458674855],
        [0.27537227401707, 51.585068810145216],
        [0.27560223406001, 51.584933053506],
        [0.275936558623563, 51.584603722366296],
        [0.276350515408544, 51.58425036296474],
        [0.276574125700315, 51.58404548185711],
        [0.27653537756877, 51.58399227599038],
        [0.277447471784876, 51.583122044215884],
        [0.277756404757194, 51.58274733642224],
        [0.278148115365499, 51.58238271138312],
        [0.278557847389102, 51.5820033462756],
        [0.279146763218477, 51.58148380627319],
        [0.279587661092775, 51.58112181790454],
        [0.279857119633972, 51.58088186621013],
        [0.280422126926986, 51.580317819294216],
        [0.280752464577383, 51.579967867395034],
        [0.281203797173496, 51.57949775432767],
        [0.281532997878558, 51.579125339808215],
        [0.281754041297455, 51.57884136018503],
        [0.282001698547638, 51.57882934919427],
        [0.282063086106979, 51.578556567783195],
        [0.282465637008837, 51.57806401667757],
        [0.282768324469762, 51.577623767726635],
        [0.283194383011435, 51.57705341706098],
        [0.283411127720582, 51.576684084564434],
        [0.28384338892806, 51.57603627110847],
        [0.284185071407102, 51.57545317019763],
        [0.284631998945836, 51.57475290879038],
        [0.285017457246741, 51.57417974431376],
        [0.285032415851028, 51.57416146703278],
        [0.285048861319089, 51.57414406008788],
        [0.285065306774716, 51.5741266531408],
        [0.285083239093035, 51.57411011652897],
        [0.28510112633149, 51.57409268149516],
        [0.285120545498365, 51.57407701521512],
        [0.285141406458883, 51.5740613208494],
        [0.285162267405078, 51.57404562648008],
        [0.285184615211332, 51.5740308024434],
        [0.285201376056489, 51.5740196844132],
        [0.285225165642379, 51.574004832285745],
        [0.285250487156763, 51.57399174890826],
        [0.285274411922534, 51.57397959202892],
        [0.285301220283087, 51.57396737897583],
        [0.285328073700366, 51.57395606433599],
        [0.285354927104195, 51.573944749690156],
        [0.285381825566797, 51.57393433345751],
        [0.285410165819292, 51.573923889133006],
        [0.285438506058647, 51.57391344480179],
        [0.285466891358711, 51.57390389888301],
        [0.285496718448016, 51.573894324870615],
        [0.285525148798609, 51.57388567735713],
        [0.285546460285515, 51.57387896711282],
        [0.285591966840792, 51.57386549043669],
        [0.28563896024567, 51.57385288407365],
        [0.285685998702116, 51.57384117611109],
        [0.285733082212853, 51.57383036654895],
        [0.285781652579278, 51.57382042729676],
        [0.285830222923939, 51.57381048802471],
        [0.285878838328636, 51.573801447151695],
        [0.285900284969028, 51.573797432100825],
        [0.285964715033783, 51.57378718376269],
        [0.286029145068495, 51.5737769353895],
        [0.286093665245131, 51.573768483818796],
        [0.286135297001561, 51.573764075405165],
        [0.286268836615215, 51.57357801653329],
        [0.286347187075199, 51.573528826926534],
        [0.286517499739988, 51.57355788250056],
        [0.286625364665032, 51.57357916198394],
        [0.286724842787839, 51.573462113032534],
        [0.286940058568507, 51.57314945903361],
        [0.286964386864068, 51.573116610092775],
        [0.286987228248484, 51.57308289083371],
        [0.287007140950824, 51.573048329362436],
        [0.287027053623667, 51.57301376788793],
        [0.287045524496226, 51.57297923451581],
        [0.287062508468086, 51.57294383082842],
        [0.287076608877308, 51.57290848335058],
        [0.287090709265458, 51.57287313587112],
        [0.287091970615966, 51.57286951409186],
        [0.287103142344375, 51.57283332440481],
        [0.287112872290954, 51.57279716282304],
        [0.287121160459158, 51.57276102934688],
        [0.287126565089788, 51.57272495208306],
        [0.28713196971275, 51.572688874818866],
        [0.287134445702611, 51.57265195534915],
        [0.287136921689404, 51.5726150358792],
        [0.287138001019773, 51.572579042933924],
        [0.28713790922001, 51.572548468604865],
        [0.28713551867943, 51.5725008524341],
        [0.28713173149569, 51.57245416278763],
        [0.287126457464462, 51.57240660282859],
        [0.287122850716897, 51.57236350685434],
        [0.287110403664814, 51.57214432087807],
        [0.287026953835944, 51.57197687969913],
        [0.286840780746271, 51.57180424642983],
        [0.286732827129004, 51.57172361525224],
        [0.286723996360248, 51.57172019018461],
        [0.286716607323988, 51.57171673701524],
        [0.286709173194038, 51.57171238542668],
        [0.286701739065509, 51.57170803383764],
        [0.286694304938397, 51.571703682248106],
        [0.286688312543361, 51.5716993025574],
        [0.286682275055238, 51.571694024447645],
        [0.286676237568525, 51.57168874633755],
        [0.286671641813392, 51.571683440126655],
        [0.286667046059342, 51.57167813391556],
        [0.286662450306377, 51.571672827704276],
        [0.286659251190435, 51.57166659497374],
        [0.286657538898543, 51.57166123256155],
        [0.286655781513418, 51.571654971730574],
        [0.2866540241288, 51.57164871089958],
        [0.286652266744694, 51.57164245006853],
        [0.286651951089792, 51.571636161137235],
        [0.286651635435005, 51.571629872205925],
        [0.286651319780333, 51.5716235832746],
        [0.286651004125775, 51.57161729434329],
        [0.28665213019923, 51.57161097731178],
        [0.286651814544702, 51.57160468838043],
        [0.286652624963293, 51.571592082417546],
        [0.286653796129514, 51.57158666380475],
        [0.286654651640893, 51.5715749562606],
        [0.286656948878311, 51.57156322061617],
        [0.28665924611464, 51.5715514849717],
        [0.286664426801145, 51.57153969312654],
        [0.286668165759801, 51.571527929381546],
        [0.286677085396101, 51.571504373790745],
        [0.286681004724431, 51.5714962037204],
        [0.286692447042679, 51.57146540457731],
        [0.286705376162617, 51.57143547575113],
        [0.286721188708803, 51.571405490721666],
        [0.286737001234727, 51.571375505690185],
        [0.286754255459785, 51.571345492555324],
        [0.286773041571919, 51.571317248153946],
        [0.286785160220745, 51.57129992528324],
        [0.286930177417468, 51.571083964974186],
        [0.287143626760238, 51.57082260481324],
        [0.287353055921206, 51.570423730036985],
        [0.287569733193949, 51.569996835270366],
        [0.287763840010929, 51.56963782754026],
        [0.288026909255718, 51.56915786785455],
        [0.288366054662534, 51.568555018337705],
        [0.288598795029266, 51.56810352703946],
        [0.288811563957756, 51.56754181114075],
        [0.289032852628862, 51.56709234086242],
        [0.289257767858344, 51.566456644509316],
        [0.289477602683922, 51.56597842405985],
        [0.289765272202945, 51.565471900173335],
        [0.290029764636207, 51.56482014148877],
        [0.290173607840143, 51.564495384433826],
        [0.290261786411894, 51.564297615785485],
        [0.292040934932734, 51.56447060676884],
        [0.29345488824901, 51.56458326344697],
        [0.2945236898159, 51.56466128664222],
        [0.295628170202122, 51.564731407548386],
        [0.296881943507686, 51.56481478255335],
        [0.29806544140277, 51.56487793763138],
        [0.299444189153145, 51.56497862169051],
        [0.300211487453445, 51.56500045076944],
        [0.30018276740774, 51.565060367721685],
        [0.300467071602173, 51.565089865693004],
        [0.300796007471638, 51.56508881073422],
        [0.302242007279968, 51.56514947304691],
        [0.303490035926162, 51.565232890273265],
        [0.304547822303821, 51.56529215325888],
        [0.304524262629276, 51.56539693499113],
        [0.306195633507956, 51.5655196694837],
        [0.306210994998888, 51.56542404156734],
        [0.307039983287624, 51.56546709580487],
        [0.307041424800613, 51.565467067456595],
        [0.309969198363239, 51.56560999860899],
        [0.31300698920735, 51.5658163367175],
        [0.313048002243158, 51.565629372521],
        [0.313075200654539, 51.565539805329855],
        [0.313102672593509, 51.5654556285507],
        [0.313170744397515, 51.56531849169189],
        [0.313223242738773, 51.565130401642286],
        [0.313294616864652, 51.564944637256026],
        [0.313336515217601, 51.56451934033152],
        [0.313431937965983, 51.564182018793396],
        [0.313474654565978, 51.563914982863466],
        [0.31352509693389, 51.563828554350266],
        [0.313685317513198, 51.563744457262274],
        [0.314115346633394, 51.562722461051145],
        [0.314134166612729, 51.562638454642126],
        [0.314122142210371, 51.56257214343836],
        [0.314139274168014, 51.56245489612217],
        [0.31414804104574, 51.562428643399436],
        [0.31421756534662, 51.56232025485393],
        [0.314209126534135, 51.5622961401536],
        [0.314134018152782, 51.56226614621949],
        [0.314123335263818, 51.56225466602067],
        [0.31410856505012, 51.56219110688666],
        [0.314114084141631, 51.56215772381011],
        [0.314147427587454, 51.56210400718776],
        [0.314188844738307, 51.56206721803757],
        [0.314278811742786, 51.56187838821048],
        [0.314314662604437, 51.56173199387109],
        [0.314370026826936, 51.56160050269169],
        [0.314384978033371, 51.56152556557775],
        [0.314460838609872, 51.56125787522529],
        [0.314563451625468, 51.56077832075347],
        [0.314583663645224, 51.56055129758107],
        [0.314606212889464, 51.560455526535286],
        [0.314636412228358, 51.56014107387466],
        [0.314695775886352, 51.559861118550295],
        [0.314735406028782, 51.55950511179227],
        [0.314747223975444, 51.55925487228865],
        [0.314791829398817, 51.55913888128524],
        [0.314873755635286, 51.55913276810431],
        [0.314910590736274, 51.55911945096576],
        [0.314968132748098, 51.559087739113586],
        [0.31500126380576, 51.55905830758261],
        [0.315015931695982, 51.5590346362294],
        [0.315024286781874, 51.559000297816155],
        [0.315015281709106, 51.55893662499096],
        [0.315092880656617, 51.55844767112316],
        [0.315133583025743, 51.55808444853771],
        [0.315160864560238, 51.55799667766926],
        [0.315221641149726, 51.55788666243128],
        [0.315266556057309, 51.557833616345775],
        [0.31532336604302, 51.557787529890916],
        [0.315382210458099, 51.55775309419802],
        [0.31560545673673, 51.55766055577787],
        [0.316164018920996, 51.557693594306286],
        [0.316472265436882, 51.55768391043],
        [0.316878188558967, 51.55752391145772],
        [0.317729654478211, 51.55713208140061],
        [0.318174439734699, 51.556913754543345],
        [0.31840705826353, 51.556778758195065],
        [0.318492632146666, 51.556532456145604],
        [0.318589045523003, 51.55596039163379],
        [0.318661895108483, 51.55537890040535],
        [0.318694725765274, 51.555315300149886],
        [0.318738695662775, 51.555272163694134],
        [0.318802704859878, 51.55522593317891],
        [0.318868657821777, 51.55518955655105],
        [0.318930835587945, 51.555164046169196],
        [0.318997611031814, 51.555143840687236],
        [0.319098883173498, 51.55512115455509],
        [0.319548832155036, 51.55497646311116],
        [0.320000219402516, 51.55483174147002],
        [0.320669608810982, 51.554605365170225],
        [0.321100698052078, 51.55448712063886],
        [0.321467139287468, 51.55440252891804],
        [0.321860571672471, 51.55428142958465],
        [0.321976182859858, 51.55422878004787],
        [0.322025066929263, 51.55419723601108],
        [0.3220524253496, 51.554167916678374],
        [0.322082413912673, 51.55410527098794],
        [0.322081658417448, 51.554062119303325],
        [0.322070814974303, 51.554019167317676],
        [0.322048671288806, 51.55398093555163],
        [0.322061774172903, 51.553643436782025],
        [0.322055273004159, 51.55328923927507],
        [0.322173597824925, 51.552865122769376],
        [0.322191050741617, 51.55283959671027],
        [0.322225613754387, 51.55281013469512],
        [0.322277469880457, 51.55278033030589],
        [0.322335593746479, 51.552760294160365],
        [0.322397057422874, 51.552749184913715],
        [0.322467671092392, 51.55274778682836],
        [0.322530004344044, 51.55275374709419],
        [0.322604552944543, 51.552772955035856],
        [0.323176992537362, 51.552881226631754],
        [0.324195700292826, 51.5530561955611],
        [0.324460521542548, 51.55307253140489],
        [0.324814254062006, 51.55305023299498],
        [0.325129055829401, 51.553056583681524],
        [0.325296963137851, 51.552869796949906],
        [0.3253787956187, 51.5527206885883],
        [0.325427008762012, 51.55264778833642],
        [0.325488374845707, 51.552578224526805],
        [0.325576250590946, 51.552491048298215],
        [0.325711610306041, 51.55237325344965],
        [0.325977938464683, 51.552164729513265],
        [0.326248424001433, 51.55192464679354],
        [0.326403725957407, 51.551801959089154],
        [0.326633660856689, 51.55164361721474],
        [0.326754290385431, 51.55157647441994],
        [0.327045755817243, 51.551436695901025],
        [0.32751660124339, 51.551165655919064],
        [0.327787631019491, 51.550993006678134],
        [0.327825778160636, 51.55094908293978],
        [0.327860970428236, 51.55087554072349],
        [0.327916132870504, 51.55048684496243],
        [0.3279648198167, 51.549434589532204],
        [0.327973142890451, 51.54908909065743],
        [0.327974870134194, 51.54900991740432],
        [0.327956564611996, 51.548792648534025],
        [0.327940495776177, 51.548703936101624],
        [0.327939753991444, 51.54863290560615],
        [0.327950448132237, 51.54855984953021],
        [0.327976102233754, 51.54849728822046],
        [0.328017790237161, 51.548438005899364],
        [0.328060303822875, 51.54839489469498],
        [0.3282811116213, 51.54822773742952],
        [0.32840515379016, 51.54811466043762],
        [0.328525349987641, 51.54798277421666],
        [0.328605410137745, 51.547884059718264],
        [0.32862830016914, 51.54785212955392],
        [0.32870100879166, 51.54769420668544],
        [0.32876166712445, 51.54741331797633],
        [0.328784529444267, 51.5473526105081],
        [0.328822324089656, 51.54727362042428],
        [0.328866249345305, 51.547201703058896],
        [0.328927281852852, 51.547125848777114],
        [0.329005146182801, 51.5470406671788],
        [0.329100209311391, 51.54695334539754],
        [0.329439396971081, 51.546562605583674],
        [0.329069931789939, 51.54613467794687],
        [0.328871477227393, 51.5458355519843],
        [0.329018143180254, 51.545798466146714],
        [0.329426303914952, 51.545826333107875],
        [0.330172620911697, 51.54589514451861],
        [0.33067940520323, 51.54593363810605],
        [0.331416838607189, 51.54594146523752],
        [0.331862893594123, 51.54532826356209],
        [0.332547096023286, 51.54446481330265],
        [0.332901565503451, 51.54400721028701],
        [0.333041757455836, 51.543815567144584],
        [0.333459753300693, 51.54310579174792],
        [0.333688334745883, 51.54275321170451],
        [0.333874011363072, 51.542492315047326],
        [0.333464434633497, 51.54164702077855],
        [0.333304781210679, 51.54126079650922],
        [0.333600466494385, 51.54123333044452],
        [0.33373465294425, 51.541206379230104],
        [0.333793967856088, 51.541181816983034],
        [0.333813218451279, 51.5411634477668],
        [0.333827641173718, 51.54113528222146],
        [0.333829051462349, 51.541106476291205],
        [0.333814062210009, 51.54106720498169],
        [0.333815273753746, 51.540978149344106],
        [0.334015564556255, 51.5406648016505],
        [0.333995717332023, 51.54050242177441],
        [0.332756955161241, 51.540277957915194],
        [0.331400912296967, 51.54004412136693],
        [0.331379400405834, 51.540187538967814],
        [0.331382989013523, 51.540398805045186],
        [0.33146244166585, 51.540655327125876],
        [0.331490010707941, 51.54071503274382],
        [0.331561903330796, 51.54079544065115],
        [0.331193850961058, 51.54076138840009],
        [0.330599590548411, 51.540759708686046],
        [0.330093965537588, 51.540742775504974],
        [0.329601903768162, 51.540737261751076],
        [0.329118669824065, 51.54073516785932],
        [0.327839999688091, 51.540717386087394],
        [0.327348461970926, 51.54069386632475],
        [0.32699216800401, 51.540664064120634],
        [0.326480644574596, 51.54064453446898],
        [0.326051542331983, 51.54065754172211],
        [0.325256474232569, 51.54064902547181],
        [0.324690158692312, 51.54062967495365],
        [0.323506576571746, 51.540553304881165],
        [0.322412985589026, 51.54051650912427],
        [0.321505087192626, 51.5405012084661],
        [0.320584385182171, 51.540404317206395],
        [0.31974091242505, 51.5403229781383],
        [0.317459244570354, 51.54012077383641],
        [0.316889052259876, 51.54008167755645],
        [0.31686157421321, 51.53999498766084],
        [0.316392115232496, 51.53997997896221],
        [0.315781749354335, 51.53991649015223],
        [0.31524510723848, 51.53988481722098],
        [0.315210476622839, 51.53994125778058],
        [0.314413387333095, 51.53992101699353],
        [0.313856786235656, 51.539865450301754],
        [0.313271964856009, 51.539822128540045],
        [0.313013971786131, 51.53979664026078],
        [0.312312683389447, 51.53976010701493],
        [0.311933308448501, 51.539729814877205],
        [0.31144777789728, 51.53971060667097],
        [0.310498676664133, 51.53965016831466],
        [0.3104818077198, 51.5393456361491],
        [0.310011795338171, 51.5392910434271],
        [0.309745799725958, 51.53927829586992],
        [0.309287253108475, 51.539279231372625],
        [0.309141092501189, 51.53924074101324],
        [0.307477002527816, 51.539157481165475],
        [0.306796610563818, 51.539106115024005],
        [0.306593915755833, 51.53909031671092],
        [0.306356871908363, 51.53907969001887],
        [0.306325112150978, 51.539136071431116],
        [0.305707670020876, 51.53910324583005],
        [0.305706229339555, 51.539103274151714],
        [0.304517301148141, 51.539005234585304],
        [0.303650794448317, 51.538952111100485],
        [0.302634504413437, 51.5389028212188],
        [0.301048585193837, 51.538796352263454],
        [0.300694612973572, 51.53875473383029],
        [0.300763951710098, 51.538499769961255],
        [0.300830551500197, 51.538133346068214],
        [0.298920926492508, 51.537898302676346],
        [0.297485035513483, 51.53770610909427],
        [0.297177039584499, 51.53766088158475],
        [0.297388933703473, 51.53671426101416],
        [0.297580537467478, 51.53602343964523],
        [0.297699194308907, 51.53563081725608],
        [0.297726663514861, 51.535317321344536],
        [0.295495705424948, 51.53511279901724],
        [0.294875934148976, 51.535061076987944],
        [0.293978662028827, 51.534939238186524],
        [0.292874906752665, 51.53486909248413],
        [0.291957750183846, 51.534781800526105],
        [0.291345595763465, 51.534738004764996],
        [0.290872995993128, 51.53468788281902],
        [0.290411563683125, 51.534659124160925],
        [0.290496493706392, 51.53448390007698],
        [0.289839787726967, 51.5345578759265],
        [0.288919632012211, 51.534554253989185],
        [0.288317389826042, 51.53456420716674],
        [0.288047149727804, 51.53455239270809],
        [0.287628891818011, 51.53452188153639],
        [0.287495549848282, 51.53450829484111],
        [0.287272127799545, 51.53448117661833],
        [0.287046905119237, 51.53444689866336],
        [0.286915904162578, 51.5344224740311],
        [0.286638731070158, 51.53432985429363],
        [0.285927819270673, 51.53427176824993],
        [0.285490793197555, 51.53421193829556],
        [0.28464568795867, 51.53418074057391],
        [0.284012615109733, 51.534122025954886],
        [0.283447292846297, 51.534091665857595],
        [0.282469080477616, 51.53399379764382],
        [0.281733913901099, 51.5339406547597],
        [0.280740770050566, 51.53377471572146],
        [0.279526570044794, 51.53351324247613],
        [0.27837696868398, 51.53333233828758],
        [0.277397357702786, 51.5331481221625],
        [0.276312109580905, 51.532927278262804],
        [0.276196275459393, 51.53317773351248],
        [0.275749463165119, 51.533094675484236],
        [0.275397189023072, 51.53299899007518],
        [0.275347673666543, 51.53298915908785],
        [0.275045805552731, 51.53295004999386],
        [0.274931511823194, 51.53294237467138],
        [0.274642915471749, 51.53293807985219],
        [0.274497602312906, 51.53294449521909],
        [0.274283681661556, 51.53296303242358],
        [0.274058774064781, 51.532992573877316],
        [0.273898689625562, 51.53302085812528],
        [0.273584998612629, 51.53309168919862],
        [0.273436437712643, 51.53311974942251],
        [0.273109967628807, 51.53316564650134],
        [0.272933543774617, 51.533184353790325],
        [0.272624456895774, 51.533202933606496],
        [0.272441465025745, 51.53320558000921],
        [0.27210515061857, 51.53319860627974],
        [0.270678125318252, 51.533092247069476],
        [0.269652933320942, 51.53294751883383],
        [0.269377724772843, 51.53289349045951],
        [0.269199791405566, 51.53285286751759],
        [0.268860720334419, 51.53276140361604],
        [0.267640995167088, 51.532473835046076],
        [0.267174986642928, 51.53238122332793],
        [0.26644101355872, 51.532264111440725],
        [0.266092570174891, 51.53221598710155],
        [0.265985214300461, 51.53220277322777],
        [0.265319281350746, 51.532149089344806],
        [0.265439369572545, 51.52957297328236],
        [0.265434348183267, 51.52862970436977],
        [0.265478145842133, 51.527827581764726],
        [0.265474510027431, 51.52740588011135],
        [0.265438765592518, 51.52572757649283],
        [0.265356772826613, 51.525005223269446],
        [0.265358596095965, 51.52495482721],
        [0.265383935908682, 51.52485541465332],
        [0.265455734073079, 51.52473352143368],
        [0.265495405577135, 51.52469048794723],
        [0.265537097102172, 51.52465910633425],
        [0.265642753000754, 51.524609402290906],
        [0.265706717379199, 51.52459107984049],
        [0.265815419067893, 51.524573691626024],
        [0.26634472174621, 51.52454907532047],
        [0.266723478070469, 51.52451207837127],
        [0.266731241101457, 51.52382666094775],
        [0.266676822601325, 51.52331151392245],
        [0.266610095832222, 51.522954881735956],
        [0.265660830836219, 51.52294084983354],
        [0.264981255869037, 51.52290001868684],
        [0.264297396224984, 51.521755824100524],
        [0.264228278732, 51.521641148758825],
        [0.264138804260631, 51.521464814630846],
        [0.264041043514469, 51.52120860261612],
        [0.264007441173399, 51.521083349183144],
        [0.263966560803847, 51.520840427803826],
        [0.263917926791504, 51.52044117769501],
        [0.263908509797506, 51.52028038458644],
        [0.263840591994681, 51.51864946396673],
        [0.263753064182148, 51.51819250991453],
        [0.263654851701101, 51.51786885863568],
        [0.262705024475137, 51.51792855709227],
        [0.262279851536792, 51.517929565543255],
        [0.261971367681703, 51.51792922104742],
        [0.261758728897603, 51.51794321466073],
        [0.261639782791317, 51.51795719959662],
        [0.261571372207725, 51.51797290774142],
        [0.261490713233665, 51.518003240867344],
        [0.261375922041298, 51.518072002773735],
        [0.260855696018391, 51.51824930335048],
        [0.260514617878243, 51.518347607184246],
        [0.260357099780854, 51.518368629422405],
        [0.260275015642135, 51.51837021154074],
        [0.260225697267859, 51.51836396768567],
        [0.260177418597831, 51.51834961006377],
        [0.260109618287864, 51.51831944124093],
        [0.259950142863831, 51.51830093141738],
        [0.259754771522507, 51.51825613405758],
        [0.259525423328954, 51.51813644976568],
        [0.259447248960108, 51.51807140771603],
        [0.259417130518584, 51.518016231354004],
        [0.259420205508388, 51.51799099168644],
        [0.259433360920527, 51.51796555780087],
        [0.259475957074946, 51.51792336926055],
        [0.259484737200385, 51.5178386658134],
        [0.259460673440455, 51.51781844553631],
        [0.259437143357921, 51.51780900658204],
        [0.259262629780723, 51.517806972988716],
        [0.259019499849715, 51.51778737562155],
        [0.258900081465485, 51.517762696938554],
        [0.258856701978611, 51.51775993531861],
        [0.258777854625461, 51.51776864845468],
        [0.258623956011964, 51.51783366439237],
        [0.258579758776839, 51.51784350862934],
        [0.258296556294523, 51.51785885496324],
        [0.258064502459773, 51.517830049314256],
        [0.258005326757009, 51.51782849083812],
        [0.257897455735495, 51.51783326571521],
        [0.257672433065381, 51.51785918125117],
        [0.25747955398552, 51.51786469297453],
        [0.25738275897629, 51.517860261155285],
        [0.257318907630455, 51.517851597931326],
        [0.257190671882226, 51.517823490033436],
        [0.256842614660024, 51.517780727309734],
        [0.256766025097311, 51.51777680543183],
        [0.256714271863317, 51.51777959996755],
        [0.256674305585639, 51.51778756346311],
        [0.256579242985925, 51.517818170361345],
        [0.256524742815124, 51.517823715572185],
        [0.256455486734608, 51.517822350280674],
        [0.256388844307061, 51.51781553885678],
        [0.256129227698654, 51.517753985600855],
        [0.256016167482531, 51.51771209496023],
        [0.255959161638716, 51.517696104903315],
        [0.255883523918152, 51.517682271835355],
        [0.25578214284896, 51.51767253111576],
        [0.255698442057277, 51.5176705439322],
        [0.255576525708106, 51.51768278123775],
        [0.255289382731709, 51.51773506740617],
        [0.255091098619624, 51.51774787354858],
        [0.25492932387972, 51.517741092036964],
        [0.254837204534982, 51.517743762614124],
        [0.254792829005392, 51.51775001164508],
        [0.254678136870871, 51.517791786015955],
        [0.254538297854752, 51.51782055422482],
        [0.25438977391309, 51.51784858992325],
        [0.254047684188249, 51.51789743280424],
        [0.253806350624823, 51.51788498450541],
        [0.253745125776566, 51.51848419565411],
        [0.253689526891229, 51.519080600690025],
        [0.253657550035435, 51.519367192556025],
        [0.253558173999531, 51.519631697797024],
        [0.253476652059286, 51.51984909627144],
        [0.253472863967969, 51.51985996065911],
        [0.253406958039243, 51.520014108020085],
        [0.253394315982599, 51.52019600947538],
        [0.25339144723818, 51.52042988251057],
        [0.253355168118754, 51.52068777929791],
        [0.253258182843244, 51.521000800439886],
        [0.253108421248226, 51.521354404624695],
        [0.252923805865155, 51.52173205993969],
        [0.252737215160521, 51.522098961273564],
        [0.252629719209111, 51.52237441310935],
        [0.252588872959903, 51.52271513280126],
        [0.252509406079729, 51.52306199004431],
        [0.252442765408595, 51.52334744852274],
        [0.252406876440988, 51.523554976610015],
        [0.252447831308059, 51.52380059797452],
        [0.25245612538362, 51.524027062039316],
        [0.252375463500206, 51.524525024282646],
        [0.252304875359317, 51.524788975240014],
        [0.252227858587548, 51.52498110568523],
        [0.252163513386083, 51.52507946564801],
        [0.252041910790829, 51.52518611946988],
        [0.251822702461465, 51.52544752809718],
        [0.25163914482873, 51.52570105744054],
        [0.251508234641673, 51.52596976313675],
        [0.251473890541284, 51.526150282197456],
        [0.251464187319352, 51.52636270294996],
        [0.251491223620647, 51.52656002960789],
        [0.251475161656877, 51.52684811349959],
        [0.251425484338165, 51.527185404815434],
        [0.251398143027845, 51.52750787853619],
        [0.251150224575877, 51.52797667547331],
        [0.251024069784094, 51.52825428217864],
        [0.250944338682279, 51.52845006089453],
        [0.250889736464718, 51.52862916990033],
        [0.250824053742248, 51.528817484508906],
        [0.250670749670425, 51.528807836395295],
        [0.249772111084837, 51.52877022096689],
        [0.249290283877748, 51.52873539711991],
        [0.248936854332357, 51.52867292892514],
        [0.248935024590859, 51.52793374105606],
        [0.248854342439558, 51.527408299494304],
        [0.248263007748866, 51.527550035101896],
        [0.247402609055128, 51.52708809930047],
        [0.246842152692247, 51.526861423195726],
        [0.24639582390298, 51.52661007602739],
        [0.246296780636039, 51.52653103627434],
        [0.246255635833861, 51.526485960138345],
        [0.246233923152694, 51.52645490057494],
        [0.246220764095525, 51.52642187858672],
        [0.246213922260827, 51.52637074964785],
        [0.246217605051838, 51.52632841211217],
        [0.246230327879117, 51.52629399511489],
        [0.246258363672469, 51.526248493251444],
        [0.246341112930235, 51.52617226659066],
        [0.246798169223918, 51.52561673813066],
        [0.246976606644285, 51.52543435920501],
        [0.247044001566427, 51.52530986409968],
        [0.247065036043187, 51.52523931582362],
        [0.247071490497496, 51.52516544970721],
        [0.247062057419839, 51.5250909886998],
        [0.24704176559656, 51.525030225217385],
        [0.246665876350327, 51.52427662040009],
        [0.24663306530909, 51.524225089656824],
        [0.246511298016182, 51.52409432610863],
        [0.246474053009684, 51.524069859203195],
        [0.246419480633377, 51.524044824891874],
        [0.246355180254337, 51.52402717127433],
        [0.246318908293034, 51.524022470242684],
        [0.246201937293613, 51.5240184155556],
        [0.245982765185147, 51.523695268613004],
        [0.245809556778855, 51.52351512879623],
        [0.244741425358513, 51.523839541049846],
        [0.242828132992348, 51.52439144442755],
        [0.242786777089595, 51.52419528912524],
        [0.242747397839251, 51.52409801875145],
        [0.24270982899598, 51.52403758494906],
        [0.242319826077112, 51.5235819040866],
        [0.241977396138817, 51.523272797328545],
        [0.241496339258506, 51.522929468037944],
        [0.241237267035982, 51.52276175424304],
        [0.241136993077813, 51.5227160077389],
        [0.241071417127562, 51.522672295990624],
        [0.241010455180818, 51.52260511429922],
        [0.240904356210934, 51.52235264044876],
        [0.24079745127199, 51.52214244889188],
        [0.240767925832371, 51.52209894744839],
        [0.240697353470084, 51.52201216467286],
        [0.240667166584153, 51.521955186376985],
        [0.240629395192942, 51.52183180495214],
        [0.240623339049413, 51.521767171224894],
        [0.240645154727733, 51.52141872619865],
        [0.240696717378699, 51.52120640605817],
        [0.241151225416081, 51.52115635345646],
        [0.241741193281329, 51.52101737719833],
        [0.242166525296184, 51.520931007123835],
        [0.242439920592212, 51.520891606432464],
        [0.242750114265885, 51.5208676887394],
        [0.242913498772371, 51.52084837669433],
        [0.24307522219553, 51.520824599700774],
        [0.243269583527623, 51.520790305894856],
        [0.243469396083708, 51.52074961239408],
        [0.243620419394249, 51.52071344916208],
        [0.24384640178784, 51.52064797328953],
        [0.244271584726116, 51.520470769234365],
        [0.24441501667865, 51.520368202159844],
        [0.244495276032236, 51.52030011802231],
        [0.244637761162631, 51.520149006669364],
        [0.244411746329811, 51.520008545375674],
        [0.244200549640445, 51.51975898497324],
        [0.244504274913222, 51.51951575751623],
        [0.244925588280215, 51.51902566910211],
        [0.244958188488071, 51.518955799039254],
        [0.244961853952657, 51.518883784976715],
        [0.244938776103069, 51.518824873045176],
        [0.244912571065806, 51.51879030203667],
        [0.244877858027643, 51.5187585917831],
        [0.244827215576115, 51.518725387845],
        [0.244772606377608, 51.51869945420477],
        [0.24419434989371, 51.51843083966326],
        [0.243908629690124, 51.518336484914116],
        [0.243189094810035, 51.51847795087363],
        [0.241033744993273, 51.51908661595315],
        [0.240444006396503, 51.51928853532895],
        [0.240323007206652, 51.519319624437706],
        [0.240167400790835, 51.51935047520103],
        [0.239882227025285, 51.519384699829125],
        [0.23788221680539, 51.519370723172905],
        [0.237148122312304, 51.5193334693982],
        [0.238136350911981, 51.51779210223281],
        [0.23852007245327, 51.517239803675466],
        [0.239364148414504, 51.51602312543158],
        [0.239510562327378, 51.515687589063155],
        [0.240089544038985, 51.51491482492249],
        [0.240406910309969, 51.51465605919113],
        [0.240613071699789, 51.51436344543688],
        [0.2409582867095, 51.51396745262824],
        [0.241114427371409, 51.513742341905626],
        [0.2408942593739, 51.51360266155415],
        [0.24079957246151, 51.513435402740186],
        [0.240420706772584, 51.51338059007039],
        [0.240279445922281, 51.513350914058485],
        [0.240148220699796, 51.51332014686886],
        [0.239965745726688, 51.5132435949536],
        [0.239946277039763, 51.51305241620078],
        [0.240009265892631, 51.51283807920716],
        [0.240110397207845, 51.51263740233025],
        [0.240140943491875, 51.51255498261429],
        [0.2402190346087, 51.51226661447225],
        [0.240246185933182, 51.512115013561754],
        [0.240263521723752, 51.51188086465583],
        [0.240274317313686, 51.51139593626487],
        [0.240344105138103, 51.51117337543098],
        [0.240344117836588, 51.51093865813249],
        [0.240278882165766, 51.51075464883136],
        [0.240443730700565, 51.51076588815532],
        [0.240445757756571, 51.51071908587237],
        [0.240445360978085, 51.51071099976108],
        [0.240444611508117, 51.51069572599525],
        [0.240445345975073, 51.51068132317656],
        [0.240446036355274, 51.51066602190103],
        [0.240448166584057, 51.5106506931158],
        [0.240450340898035, 51.51063626278732],
        [0.240453822799208, 51.5106191095786],
        [0.240456349802511, 51.51061186690457],
        [0.24045883271846, 51.51060372577364],
        [0.240461315633569, 51.51059558464266],
        [0.240463798547834, 51.510587443511646],
        [0.240467765394594, 51.510580173327504],
        [0.24047173224012, 51.51057290314324],
        [0.240475699084416, 51.51056563295886],
        [0.240485204876079, 51.51055376045006],
        [0.240487908219355, 51.5105501116026],
        [0.240490567475086, 51.510545564298276],
        [0.240493270817462, 51.5105419154507],
        [0.240497414004706, 51.510538239092845],
        [0.240500117346114, 51.51053459024513],
        [0.240504260532153, 51.51053091388704],
        [0.240508403717527, 51.51052723752881],
        [0.240512590989754, 51.51052445962725],
        [0.240518218106221, 51.51052165421507],
        [0.24052236128964, 51.51051797785636],
        [0.240528032492509, 51.510516070900515],
        [0.2405337036949, 51.510514163944386],
        [0.240540814741238, 51.51051222947726],
        [0.240547925786964, 51.51051029500968],
        [0.240553641076083, 51.51050928650941],
        [0.240560796209224, 51.51050825049784],
        [0.240567951342027, 51.51050721448586],
        [0.240573666630289, 51.510506205984605],
        [0.240580865851286, 51.510506068428604],
        [0.240588065072227, 51.51050593087215],
        [0.240595308382224, 51.51050669177201],
        [0.240602551692449, 51.51050745267142],
        [0.240608355158668, 51.51050824108197],
        [0.240615598469332, 51.51050900198056],
        [0.240622885869887, 51.51051066133544],
        [0.240628689336834, 51.510511449744975],
        [0.240634580983769, 51.51051403506768],
        [0.240641868385787, 51.510515694421365],
        [0.24064632018949, 51.51051830725544],
        [0.240652211838292, 51.510520892577226],
        [0.240889007744136, 51.510529857199415],
        [0.241183529816145, 51.51054041597936],
        [0.241474248977948, 51.51062029275629],
        [0.241413886528778, 51.51041820491347],
        [0.241628835365398, 51.51004088690526],
        [0.241817816418653, 51.50957503426047],
        [0.241897677828764, 51.50911756261023],
        [0.242013941574421, 51.50860903409229],
        [0.242002472005236, 51.50837543548201],
        [0.241989414529919, 51.50810949243515],
        [0.241985139340778, 51.50811047347423],
        [0.241828778116135, 51.50812515380797],
        [0.241847904475808, 51.50807442736534],
        [0.241891254465801, 51.50795938752044],
        [0.241767066200176, 51.507924890484475],
        [0.241410503302875, 51.507883144399415],
        [0.241082427558023, 51.50783455769922],
        [0.240731580876721, 51.50779180100998],
        [0.240502556101189, 51.50776470169392],
        [0.239970815301171, 51.50770651362505],
        [0.239936687492358, 51.50759835030675],
        [0.240014801500399, 51.50754559807261],
        [0.23995248092269, 51.507509017971294],
        [0.239977118510874, 51.50739433630179],
        [0.239868006635962, 51.50731458430002],
        [0.239818644183332, 51.50727775660876],
        [0.239066026596419, 51.507240869945896],
        [0.237238694018068, 51.50709319028471],
        [0.235878606878292, 51.5069815388785],
        [0.23542284630818, 51.50694436396281],
        [0.235084716483824, 51.50692562908388],
        [0.234972504956637, 51.506929566461956],
        [0.234832378064982, 51.50695202173979],
        [0.234602756271784, 51.50694200899803],
        [0.23431164356678, 51.50688280674764],
        [0.234051645114588, 51.5068409969713],
        [0.23373923480232, 51.50675881729948],
        [0.233413516484075, 51.50666969588382],
        [0.233166355953297, 51.50665461859721],
        [0.232478891927214, 51.506623643288414],
        [0.232180692143292, 51.506625723001264],
        [0.23201438605949, 51.506643277459624],
        [0.232012946328632, 51.50664330486426],
        [0.231842022866366, 51.506684328726806],
        [0.231583222258729, 51.506696448602696],
        [0.23104445470721, 51.5067004054929],
        [0.230763969948929, 51.50671113752701],
        [0.230413473024641, 51.50676366902477],
        [0.229962624214661, 51.5067974240465],
        [0.229458584278628, 51.506804310406686],
        [0.228928234134154, 51.506803601027485],
        [0.228442421043898, 51.506770567442665],
        [0.227290867066763, 51.50667913444117],
        [0.227285108120294, 51.50667924382779],
        [0.227233189959851, 51.50667843136364],
        [0.227182667717931, 51.506676693065565],
        [0.227130661924288, 51.5066740836248],
        [0.22707861231865, 51.50667057569528],
        [0.22702791482434, 51.506665243467815],
        [0.226977217341214, 51.50665991121829],
        [0.226926476055059, 51.506653680480966],
        [0.226877130704888, 51.50664652391417],
        [0.22682625800933, 51.506637597735846],
        [0.226776825068561, 51.50662864419484],
        [0.22672734833635, 51.5066187921669],
        [0.226722985320396, 51.506617975720225],
        [0.226711336008619, 51.5066154990397],
        [0.226688081198222, 51.50661144414099],
        [0.226676431889911, 51.50660896745695],
        [0.226666222317765, 51.50660646343273],
        [0.226654573011852, 51.506603986746484],
        [0.226644319633386, 51.50660058425445],
        [0.226632670330104, 51.50659810756599],
        [0.226622373146408, 51.50659380660609],
        [0.226617966326564, 51.50659209168957],
        [0.22660465825344, 51.506585150007105],
        [0.226592789918465, 51.50657818098496],
        [0.226580877779824, 51.50657031349565],
        [0.226568965645291, 51.506562446005084],
        [0.226558449441455, 51.506553652709634],
        [0.226547933241691, 51.506544859413175],
        [0.226541867663909, 51.50653867950136],
        [0.226532791203484, 51.50652985886601],
        [0.226523714746596, 51.506521038229884],
        [0.226514594487356, 51.50651131912703],
        [0.226367977003331, 51.50592776080476],
        [0.225992375772339, 51.50587913508215],
        [0.226040614191722, 51.50580447693133],
        [0.226034461192591, 51.50579650005776],
        [0.226003521051077, 51.50575302181888],
        [0.226186871474308, 51.505434786822406],
        [0.226366924973239, 51.505226328449105],
        [0.226489427435209, 51.504990185019835],
        [0.226572531743239, 51.50474399798402],
        [0.226586005454352, 51.50448834150275],
        [0.226720203375847, 51.504285249733144],
        [0.227034188678356, 51.50389798440178],
        [0.2274059541502, 51.503425086570985],
        [0.227439184387773, 51.50336779954159],
        [0.227521693183499, 51.50322774023368],
        [0.227601396884327, 51.50303017905599],
        [0.227647412559314, 51.50279189009301],
        [0.227782144267167, 51.50248177033261],
        [0.228044006749978, 51.50203074282562],
        [0.228348130908144, 51.50156002626051],
        [0.22870152313524, 51.50100653620669],
        [0.229140058989998, 51.50045592284369],
        [0.229546659531703, 51.49993019603513],
        [0.229936925877997, 51.499365209191],
        [0.229719545212863, 51.4993099893829],
        [0.229422561619733, 51.49927696661824],
        [0.228919759118494, 51.49918940131871],
        [0.228620453532868, 51.499108757821496],
        [0.228252477848195, 51.49897905782449],
        [0.227879228299876, 51.498859349178296],
        [0.227835817944113, 51.49882600062753],
        [0.227726916637586, 51.49872015384048],
        [0.227632567830452, 51.4987354358374],
        [0.227574112098498, 51.49871856040871],
        [0.227285871063207, 51.498539679750586],
        [0.226891405863349, 51.49830975722987],
        [0.226327377387859, 51.498000317585834],
        [0.225879710789666, 51.4978019780099],
        [0.225878271331366, 51.49780200533594],
        [0.225698367336976, 51.49771728913233],
        [0.22536456392657, 51.497578837820896],
        [0.225004292954369, 51.497488550657984],
        [0.224576544390479, 51.497403139828535],
        [0.224332131829082, 51.49732504121337],
        [0.224269579490875, 51.49731273836106],
        [0.224260986571251, 51.49731380066613],
        [0.223998208884839, 51.49753911337349],
        [0.22377153460903, 51.49767740809065],
        [0.223600433176062, 51.49783263445121],
        [0.223595287618676, 51.497845322210864],
        [0.223578065369829, 51.49790590181183],
        [0.2234657360391, 51.49784777896178],
        [0.223462857114901, 51.49784783355463],
        [0.223317730198012, 51.497826304436266],
        [0.222945689839584, 51.497790192032795],
        [0.222599563455661, 51.49778326408687],
        [0.222287590827514, 51.497767594126614],
        [0.221915122736473, 51.497811524112436],
        [0.221756912947394, 51.497817219929814],
        [0.221625441165431, 51.49780981874983],
        [0.221430936528474, 51.49778022988005],
        [0.221052528422589, 51.49773164194392],
        [0.220087510980248, 51.49753048894966],
        [0.219639880259239, 51.49745083239659],
        [0.219607599912309, 51.49740917646388],
        [0.219596124405257, 51.49732126249046],
        [0.219569515838646, 51.497307377419],
        [0.219507967641144, 51.497286060045276],
        [0.219442406723961, 51.49727111368112],
        [0.21881620103377, 51.497193035461954],
        [0.218351912839869, 51.49709660257691],
        [0.218174119116244, 51.49702532446987],
        [0.21792239098685, 51.496914976241584],
        [0.217774434203707, 51.49686471629114],
        [0.217600785984669, 51.4968194385504],
        [0.2175173425199, 51.496792239159504],
        [0.217298680224485, 51.4967100417796],
        [0.217146494118345, 51.49663198279153],
        [0.217097990007058, 51.49661221610564],
        [0.216997143259922, 51.496582647528214],
        [0.216266788032247, 51.496525410225104],
        [0.215926475378852, 51.496459898402115],
        [0.215704581810324, 51.49654862568467],
        [0.215578606389401, 51.49662474855934],
        [0.215539785319174, 51.49662638140528],
        [0.215458741429633, 51.496618919763286],
        [0.215382932430726, 51.49660056758645],
        [0.215290200517965, 51.496560052654246],
        [0.215285882229444, 51.49656013424105],
        [0.215106959043941, 51.49652484476125],
        [0.214993988414081, 51.49648291334566],
        [0.214932051339399, 51.49645350725674],
        [0.214728490364598, 51.49632605497576],
        [0.214396347613037, 51.496131784877676],
        [0.214312517584864, 51.496066820030755],
        [0.214248005201447, 51.496073434118344],
        [0.214128187761727, 51.496038825556376],
        [0.213980688278897, 51.49581948430355],
        [0.21383598715468, 51.49553893780449],
        [0.213672657439737, 51.49531989506006],
        [0.213515138835586, 51.495012611233875],
        [0.213393621279377, 51.49500231506576],
        [0.213317421071935, 51.49500555209656],
        [0.213175662133133, 51.49502351601307],
        [0.213045900023629, 51.49502146878144],
        [0.212873754534331, 51.49450132669228],
        [0.212831105553746, 51.494423892719865],
        [0.21282181987828, 51.49438090168614],
        [0.212824397258354, 51.494344881145],
        [0.212836919608489, 51.49430597502267],
        [0.212864709155619, 51.494255089894615],
        [0.212882084723288, 51.49410817646981],
        [0.212847068053889, 51.49403959143035],
        [0.212822782987951, 51.49395461649134],
        [0.212819124272475, 51.493908821366595],
        [0.21283195770492, 51.49381685081506],
        [0.212817181853501, 51.493333307575014],
        [0.212809727415187, 51.493298375653225],
        [0.212785703945938, 51.49321879154924],
        [0.212732940955328, 51.49311097229243],
        [0.212450118725967, 51.492893283574816],
        [0.212410782167779, 51.49285445674011],
        [0.212378598742556, 51.49281459562219],
        [0.212343670887264, 51.49274780735079],
        [0.21232684873009, 51.49263841045164],
        [0.212300687447343, 51.492574154646384],
        [0.212250101561048, 51.49251125897892],
        [0.212124327819314, 51.492412910675704],
        [0.212059154761103, 51.49216773271801],
        [0.212026855819563, 51.491679124133626],
        [0.211989647316767, 51.49138665504843],
        [0.211961925319208, 51.49126037706233],
        [0.211903903818439, 51.49104384160389],
        [0.211888684838472, 51.49102704205509],
        [0.211851485558418, 51.49100256348097],
        [0.211804733427588, 51.49098905667826],
        [0.211563120424543, 51.490937857861226],
        [0.211475503965897, 51.49091343084875],
        [0.211411567942557, 51.49090204660095],
        [0.211403879755347, 51.49068366225309],
        [0.211352784087314, 51.49055063059211],
        [0.211304384595023, 51.49047330452076],
        [0.211171809291284, 51.49041285400419],
        [0.210947475463996, 51.49033165124174],
        [0.210525402116484, 51.490242485458005]
      ]
    ]
  }
}
