{
  "type": "Feature",
  "properties": { "name": "Hillingdon", "level": 2, "londonBorough": true },
  "geometry": {
    "type": "Polygon",
    "coordinates": [
      [
        [-0.458660936760938, 51.45631531644915],
        [-0.459042504323432, 51.456482192383326],
        [-0.459117394810613, 51.456523641746763],
        [-0.459203704461049, 51.456567938797946],
        [-0.459291483268793, 51.456611355864197],
        [-0.459380731233086, 51.456653892942242],
        [-0.459472917342008, 51.456694670104028],
        [-0.459593575714247, 51.456744813509246],
        [-0.459722866759883, 51.456795070192761],
        [-0.459855126315066, 51.456842668048694],
        [-0.459987446643235, 51.456888468101269],
        [-0.460104213317452, 51.456925970705292],
        [-0.460222388681835, 51.456964390916454],
        [-0.460343532452488, 51.457000152310485],
        [-0.460464706653216, 51.457035014752506],
        [-0.460588849236968, 51.457067218364941],
        [-0.460713022231617, 51.457098523018921],
        [-0.460837286092745, 51.457127131057639],
        [-0.460915903204868, 51.457143449869321],
        [-0.461043135495725, 51.457169398977541],
        [-0.461170428383402, 51.457193550291819],
        [-0.461299250824346, 51.457215023864194],
        [-0.461429572578399, 51.457234718518045],
        [-0.46155992466491, 51.457253514199273],
        [-0.461691806256679, 51.457269632126405],
        [-0.462459284028953, 51.457303977791661],
        [-0.463645722877548, 51.457421142182476],
        [-0.463713163402538, 51.457427421188349],
        [-0.464534021608393, 51.457501119314585],
        [-0.465147489708179, 51.457578391654415],
        [-0.465938485523004, 51.457727223877768],
        [-0.466015727046193, 51.457741722806531],
        [-0.466117277052211, 51.457761035811089],
        [-0.466218827145664, 51.457780348728356],
        [-0.466321846221569, 51.457798781547126],
        [-0.466424955749449, 51.457814517784243],
        [-0.466536758220802, 51.45782856917063],
        [-0.46665866228615, 51.457841853327324],
        [-0.466780626655815, 51.457853339696356],
        [-0.466904090088492, 51.457863047089674],
        [-0.466928489004515, 51.457865164556551],
        [-0.467050604060788, 51.457872156491717],
        [-0.467174188038506, 51.457878268278002],
        [-0.467297832262652, 51.457882582272418],
        [-0.467421566821579, 51.457884199643622],
        [-0.467853379660652, 51.457884447627301],
        [-0.468371428764588, 51.457888518200029],
        [-0.468575734799389, 51.457891186802676],
        [-0.468590122549503, 51.457891374719004],
        [-0.468621775600301, 51.457891788128777],
        [-0.468685141860334, 51.45789081725961],
        [-0.468716824989614, 51.457890331812187],
        [-0.468748478041564, 51.457890745187733],
        [-0.468780101018046, 51.457892057386317],
        [-0.46881169392092, 51.457894268407934],
        [-0.468838940425912, 51.457897321887238],
        [-0.468870503261142, 51.457900431724674],
        [-0.468900567177492, 51.457905320429099],
        [-0.468932069876259, 51.457910227913246],
        [-0.468962103733266, 51.457916015433618],
        [-0.468992137598019, 51.457921802946359],
        [-0.469607569149463, 51.457983790696964],
        [-0.470634220358688, 51.45810239537974],
        [-0.471482137185722, 51.458228552646275],
        [-0.471485014760848, 51.458228590158541],
        [-0.472522105522511, 51.458422849147745],
        [-0.472609391956438, 51.458438373793953],
        [-0.472861240038821, 51.458483018504353],
        [-0.473111499866067, 51.458532138107572],
        [-0.473360231479989, 51.458583934947541],
        [-0.473375938333215, 51.458587736345152],
        [-0.473417393664437, 51.458596369095403],
        [-0.473458849011581, 51.458605001831103],
        [-0.473498865573626, 51.458613615820781],
        [-0.473540290968802, 51.458623147361372],
        [-0.473580247597096, 51.458633558990378],
        [-0.473614449035607, 51.45864389568569],
        [-0.473658602181661, 51.458657958812367],
        [-0.473699847768708, 51.458672883298036],
        [-0.473742532186386, 51.458687826497922],
        [-0.473775204962077, 51.458700840918894],
        [-0.473814951865519, 51.458717544303511],
        [-0.473854668820685, 51.45873514650841],
        [-0.473894385806555, 51.45875274870005],
        [-0.47393260406496, 51.458772129819401],
        [-0.47396938354891, 51.458791492200717],
        [-0.474496110749149, 51.459140051246564],
        [-0.475166971879245, 51.459612776741487],
        [-0.475896869595085, 51.460085366456227],
        [-0.476312723079724, 51.460608723674788],
        [-0.476318239093662, 51.460615989138965],
        [-0.47616035502691, 51.460645410213033],
        [-0.475915599810657, 51.460689887976237],
        [-0.475920966075772, 51.460701647629151],
        [-0.475920936136794, 51.460702546463267],
        [-0.475931758491686, 51.460723369266006],
        [-0.475942580856249, 51.460744192067757],
        [-0.475954842100794, 51.460765033570439],
        [-0.475968572165444, 51.460784994939516],
        [-0.475982302241925, 51.460804956307015],
        [-0.475997501140066, 51.46082403754022],
        [-0.476005834998818, 51.460833138089697],
        [-0.47602523078688, 51.460855870759779],
        [-0.476047504341931, 51.460878640828398],
        [-0.476071246729921, 51.460900530759254],
        [-0.476095019076306, 51.460921521851269],
        [-0.476120230320407, 51.460942531638509],
        [-0.476138456749092, 51.460957156082884],
        [-0.476172181558207, 51.460981873393862],
        [-0.476208814093488, 51.461005729258908],
        [-0.476245476599909, 51.461028686278532],
        [-0.47628501690221, 51.461051680682807],
        [-0.476324617107195, 51.461072877405549],
        [-0.476364217348953, 51.461094074115131],
        [-0.476406725320612, 51.461114409370303],
        [-0.476447824377026, 51.461133827080054],
        [-0.47646059474416, 51.461139388348677],
        [-0.476521658642997, 51.461164460778249],
        [-0.476584191419702, 51.461188653036444],
        [-0.476648222998315, 51.461211066286594],
        [-0.476713753373676, 51.46123170052622],
        [-0.47678078254027, 51.461250555752741],
        [-0.476847811762767, 51.461269410941377],
        [-0.476916309848626, 51.461287385947884],
        [-0.476963434103371, 51.461298788730247],
        [-0.477052016882452, 51.461318822980942],
        [-0.477140689487454, 51.461336160661695],
        [-0.477229421988896, 51.461351700606755],
        [-0.477321062244438, 51.461366379021158],
        [-0.477411353400837, 51.461378342176289],
        [-0.477503113405508, 51.46138942511066],
        [-0.477597781145672, 51.461399646502727],
        [-0.47768960105121, 51.461408931622358],
        [-0.477781510705096, 51.461415520166035],
        [-0.477874859279214, 51.461422127316418],
        [-0.477966858688027, 51.461426019210677],
        [-0.478060326904371, 51.461429030874243],
        [-0.478934964724967, 51.461446674621506],
        [-0.479672275841888, 51.461438252346412],
        [-0.480344114122916, 51.461407395571058],
        [-0.481085525690443, 51.46136214942144],
        [-0.481312154715516, 51.461386666251805],
        [-0.482042508829862, 51.461370945184832],
        [-0.482200384084424, 51.461298353397709],
        [-0.483758724816105, 51.461274452742892],
        [-0.484869847177918, 51.461279823163167],
        [-0.484993681217744, 51.461278725553207],
        [-0.48516634832758, 51.461280956362877],
        [-0.485340394843321, 51.461285003181189],
        [-0.485514381892964, 51.461290847417395],
        [-0.485630783504184, 51.461296846914877],
        [-0.485882143727993, 51.461313581299358],
        [-0.486131916556667, 51.46133479076051],
        [-0.486292656504356, 51.461349455031474],
        [-0.486473451908607, 51.461367075621851],
        [-0.486652689645322, 51.461388272717606],
        [-0.486677061709881, 51.461391284934308],
        [-0.486856210467305, 51.461415178235903],
        [-0.487033861075529, 51.461440850376285],
        [-0.487597162704885, 51.461557822408132],
        [-0.488217845357894, 51.461680926870294],
        [-0.488732497289606, 51.461789173170622],
        [-0.488739632468068, 51.461791063575909],
        [-0.488749615781289, 51.461793889910481],
        [-0.48875962878371, 51.461795817404919],
        [-0.488778156504564, 51.461801451524984],
        [-0.488788139822488, 51.461804277856281],
        [-0.488798152828867, 51.461806205347472],
        [-0.488808136149093, 51.461809031677085],
        [-0.488818178844202, 51.461810060327231],
        [-0.48882819185316, 51.461811987815878],
        [-0.48883826423583, 51.461812117624994],
        [-0.488848336618574, 51.461812247433265],
        [-0.488887305980281, 51.461809152756835],
        [-0.488925014533573, 51.461800646488264],
        [-0.488962723073063, 51.461792140207407],
        [-0.488977201236856, 51.461789629114072],
        [-0.488998963004488, 51.461784514211608],
        [-0.48902075445013, 51.461778500465648],
        [-0.489041106979408, 51.461772468173983],
        [-0.489061459503377, 51.461766435878758],
        [-0.489083250932385, 51.461760422121017],
        [-0.489105042355732, 51.461754408359198],
        [-0.489126774412041, 51.461750192272149],
        [-0.489148506464419, 51.461745976181035],
        [-0.489174525562599, 51.461742714545281],
        [-0.489204831707357, 51.461740407362022],
        [-0.489233669260892, 51.461738980471189],
        [-0.489262506812775, 51.461737553573236],
        [-0.489292723917902, 51.461737942885726],
        [-0.489321472437036, 51.461739212491828],
        [-0.489351659867817, 51.461740500628665],
        [-0.489380378714796, 51.461742669059888],
        [-0.489410536474722, 51.461744856021184],
        [-0.489439225652974, 51.461747923277599],
        [-0.48945499431673, 51.46174992485949],
        [-0.489490818706216, 51.461754882464888],
        [-0.489525174520183, 51.461760720363358],
        [-0.489560909909615, 51.461768374466303],
        [-0.489595206400026, 51.461776010023627],
        [-0.489629473231218, 51.461784544410683],
        [-0.489662271493392, 51.461793959093491],
        [-0.489695040099633, 51.461804272606898],
        [-0.489727808720793, 51.461814586111245],
        [-0.489742049502326, 51.461819265640685],
        [-0.489773349563971, 51.461830459439113],
        [-0.489806058886994, 51.461842570601256],
        [-0.48983589039983, 51.461854644690682],
        [-0.489865692262206, 51.461867617612363],
        [-0.489895464475838, 51.46188148936632],
        [-0.489925207042436, 51.461896259952589],
        [-0.489962248221703, 51.461951589503116],
        [-0.490031405734587, 51.46203700693804],
        [-0.490131211310352, 51.462153392513308],
        [-0.490178444060134, 51.462205256335622],
        [-0.490203573550895, 51.462228959667705],
        [-0.490230141994146, 51.462252681521697],
        [-0.49024696422503, 51.46226638644351],
        [-0.490273592029789, 51.462288310608187],
        [-0.490303097716881, 51.462310271819483],
        [-0.490305916257541, 51.462312106551643],
        [-0.490317220080356, 51.4623185466398],
        [-0.490329962835288, 51.462325005252829],
        [-0.490342735251251, 51.462330565024615],
        [-0.490356946599634, 51.462336143320655],
        [-0.490369719022019, 51.462341703089542],
        [-0.490396732462384, 51.462351942308473],
        [-0.490402428869151, 51.462353814088559],
        [-0.490435109078084, 51.462366823918437],
        [-0.490467818960734, 51.462378934899448],
        [-0.490501997446309, 51.462390165555355],
        [-0.490537644533956, 51.462400515884895],
        [-0.490573291637913, 51.462410866203705],
        [-0.490608968410466, 51.462420317671821],
        [-0.490644674849542, 51.462428870289244],
        [-0.490680410953066, 51.462436524055889],
        [-0.49071045063765, 51.462442306046725],
        [-0.491576846967426, 51.462710632062567],
        [-0.491979949611224, 51.46284080871601],
        [-0.492228998001319, 51.462971700823907],
        [-0.492622915143666, 51.462987556013616],
        [-0.492873351907596, 51.462988976709518],
        [-0.493131350308132, 51.462935641541776],
        [-0.493268565251977, 51.46287805617937],
        [-0.493283161936414, 51.462871949191609],
        [-0.493297788216912, 51.462864943361005],
        [-0.493311005144949, 51.462857020198037],
        [-0.493324192469009, 51.462849995874535],
        [-0.493333003748952, 51.462844713764021],
        [-0.493344781718032, 51.462836772107906],
        [-0.493358028228513, 51.462827950098458],
        [-0.493369835787397, 51.462819109598705],
        [-0.493380204395494, 51.462810250609095],
        [-0.493389104455543, 51.462802271971064],
        [-0.493396565566751, 51.46279427484393],
        [-0.493404056273097, 51.462785378875232],
        [-0.493411546976504, 51.462776482906015],
        [-0.493419067274422, 51.462766688095208],
        [-0.49343263931907, 51.462747978825149],
        [-0.493446240949367, 51.462728370712291],
        [-0.493458403624788, 51.462708744110081],
        [-0.493464484958528, 51.46269893080845],
        [-0.493717383810869, 51.462712970439661],
        [-0.49388118665904, 51.462722268283315],
        [-0.494054720880142, 51.463048216764804],
        [-0.494330069052559, 51.463386263007031],
        [-0.494558044288105, 51.463632879041491],
        [-0.494918220875998, 51.463930648711887],
        [-0.495223602184281, 51.464231310956748],
        [-0.495308779259899, 51.464311535433957],
        [-0.495405725202279, 51.464427879694057],
        [-0.495594285596407, 51.464603848643989],
        [-0.495899684771308, 51.46486044746247],
        [-0.49621090253202, 51.465115321636723],
        [-0.49664142843643, 51.465463445131952],
        [-0.497052855684957, 51.465735787679819],
        [-0.497005077759865, 51.465875453707106],
        [-0.497057200313963, 51.465910292156131],
        [-0.49728046565614, 51.466038145193728],
        [-0.497559383058408, 51.466181098392106],
        [-0.498137140798964, 51.46643038989729],
        [-0.498266922048972, 51.466423959048115],
        [-0.498529284123424, 51.466545116597096],
        [-0.49889419892937, 51.466699958329798],
        [-0.49939421258565, 51.466861923167485],
        [-0.499839225659188, 51.466989011867142],
        [-0.500368764270217, 51.467128869721023],
        [-0.500922097448001, 51.467245649633689],
        [-0.501459632902062, 51.467361325815943],
        [-0.502128688301064, 51.467461594395232],
        [-0.502778861872544, 51.46756701337668],
        [-0.502808935925098, 51.467571893458057],
        [-0.502930641888208, 51.467592330923679],
        [-0.503052318549219, 51.467613667108061],
        [-0.503174024737115, 51.467634104322691],
        [-0.503295760444788, 51.467653642567385],
        [-0.50341899417704, 51.467671401364292],
        [-0.503542316218822, 51.467686463498964],
        [-0.503756213879305, 51.467705378912605],
        [-0.504069527736842, 51.467721965350471],
        [-0.504384427883704, 51.467734075083598],
        [-0.504439084615168, 51.467735671399197],
        [-0.504754073114829, 51.467745083606353],
        [-0.505067769521533, 51.467749982396349],
        [-0.505128006503905, 51.467757044847353],
        [-0.505196907535675, 51.467763318491933],
        [-0.50526580858717, 51.467769592096168],
        [-0.505336207505869, 51.467774086312843],
        [-0.505405226063375, 51.467776764454577],
        [-0.505475683740278, 51.467779460897205],
        [-0.505544761044787, 51.467780341266419],
        [-0.505615336189675, 51.46777944224408],
        [-0.505684472222086, 51.467778524840348],
        [-0.505755106083921, 51.467775828043116],
        [-0.505824330186813, 51.467772214020727],
        [-0.505853171113501, 51.467770783069724],
        [-0.505900808546667, 51.467766893947861],
        [-0.505948416615563, 51.467763903651999],
        [-0.505994644279704, 51.467759097310761],
        [-0.50604231104455, 51.467754309285695],
        [-0.506088568043668, 51.46774860406174],
        [-0.506134854384488, 51.467741999973917],
        [-0.506179730954739, 51.46773447868938],
        [-0.506199995894537, 51.467731139964599],
        [-0.50623333021925, 51.467724370843989],
        [-0.506265196074934, 51.467718482227632],
        [-0.506298530381117, 51.467711713088299],
        [-0.506330454917914, 51.467704026762874],
        [-0.506362379444134, 51.467696340428645],
        [-0.5063943333075, 51.467687755239972],
        [-0.506424848051075, 51.467679151712723],
        [-0.506455392129805, 51.467669649331768],
        [-0.506485965541862, 51.467659248097043],
        [-0.506515129178388, 51.46764792967987],
        [-0.50652972566378, 51.46764182104566],
        [-0.506561855524613, 51.467627842736427],
        [-0.50659401470962, 51.467612965572449],
        [-0.506624734768268, 51.467598070072171],
        [-0.506654074386917, 51.467581358545189],
        [-0.506681974879643, 51.467564628684038],
        [-0.506709904693343, 51.467546999970274],
        [-0.50673783448551, 51.467529371249611],
        [-0.506762915390644, 51.467510807025114],
        [-0.506787996275374, 51.467492242795032],
        [-0.506808671816436, 51.467476320121939],
        [-0.506832342901224, 51.467456838711094],
        [-0.506854604203573, 51.467436440124928],
        [-0.506876865485965, 51.467416041534321],
        [-0.506897687649064, 51.467395624615364],
        [-0.506917100031882, 51.467374290522919],
        [-0.506935102635182, 51.467352039257719],
        [-0.507045701020048, 51.467183494932407],
        [-0.507169781998285, 51.46708705970201],
        [-0.507336591146668, 51.466916533028211],
        [-0.507404670086387, 51.466947973060677],
        [-0.507702946699614, 51.467028202980998],
        [-0.507757661376412, 51.467028000051172],
        [-0.507822009887075, 51.467041407978385],
        [-0.507909823623656, 51.467041626159826],
        [-0.508154410126728, 51.467046536534269],
        [-0.508344457837109, 51.467046256548521],
        [-0.508493800767575, 51.467058047595827],
        [-0.508800711218013, 51.467094322778664],
        [-0.509146748768996, 51.467211125128564],
        [-0.509427472186056, 51.467344181401337],
        [-0.509516198487419, 51.467360595922223],
        [-0.510296146839783, 51.467504490553097],
        [-0.510299346756234, 51.467759909429049],
        [-0.510338329623907, 51.467844931247164],
        [-0.510363628818019, 51.467952259700212],
        [-0.510375068656281, 51.468087287878639],
        [-0.510352145114497, 51.468216484214231],
        [-0.510280939752834, 51.468369346097418],
        [-0.510209562991985, 51.468571662801999],
        [-0.510172959254899, 51.468767227497544],
        [-0.509720549769252, 51.469175119571737],
        [-0.509689361079225, 51.469204397427028],
        [-0.509664983247548, 51.46920138995258],
        [-0.509629092156504, 51.46919823614698],
        [-0.509594610941919, 51.469195999468411],
        [-0.509560129730914, 51.469193762779739],
        [-0.509524150790334, 51.469193305482207],
        [-0.509488171850703, 51.469192848173648],
        [-0.509453602780357, 51.469193307993692],
        [-0.509427668654856, 51.469193877563718],
        [-0.509388723529913, 51.46919608017793],
        [-0.509349778401485, 51.469198282779168],
        [-0.509310774685561, 51.469202283060639],
        [-0.509273180828173, 51.469207200470869],
        [-0.509234147804932, 51.469212099573319],
        [-0.509196524637456, 51.469217915805395],
        [-0.50915887216563, 51.469224630871842],
        [-0.509154525395483, 51.469225474828455],
        [-0.509102334845316, 51.469236501141701],
        [-0.509050114973231, 51.469248426277979],
        [-0.509000685498589, 51.469263084527299],
        [-0.50894978753353, 51.469278623302749],
        [-0.508901738554832, 51.469295097501799],
        [-0.508853660240698, 51.469312470527235],
        [-0.508805552588238, 51.469330742378993],
        [-0.508758854756593, 51.469349931358565],
        [-0.508622844073173, 51.469414743863446],
        [-0.508495086992968, 51.469491351036893],
        [-0.508377227801039, 51.469573479288123],
        [-0.508263568446926, 51.469659257723933],
        [-0.508149908665388, 51.469745036044891],
        [-0.508144005391636, 51.469749457038446],
        [-0.508025910358427, 51.469838775690569],
        [-0.507910663901817, 51.469929029688856],
        [-0.507798207386141, 51.470022016733431],
        [-0.507690038642853, 51.470115957455477],
        [-0.507584718502892, 51.470210833550794],
        [-0.507456842178296, 51.470335096689226],
        [-0.507328642499624, 51.470469246981551],
        [-0.507204700995185, 51.470605249778544],
        [-0.507086456892052, 51.47074312341627],
        [-0.507031035272773, 51.470808960035953],
        [-0.506930530092754, 51.470932671853639],
        [-0.506834312664558, 51.47105733740041],
        [-0.506743792890709, 51.471183873859012],
        [-0.506497989923246, 51.47156830694086],
        [-0.506370343548803, 51.471773501525021],
        [-0.506164803032009, 51.472115284209352],
        [-0.506080770909581, 51.472263484048227],
        [-0.505961462604567, 51.472477776591184],
        [-0.505849320125714, 51.472693059531444],
        [-0.505793689151093, 51.472809249148426],
        [-0.505541319638477, 51.473394122306964],
        [-0.505500696701583, 51.473491619445902],
        [-0.505413281884636, 51.473699124118355],
        [-0.505330125415253, 51.473908481434975],
        [-0.505254164714489, 51.474117930408219],
        [-0.505219003966761, 51.474224489252322],
        [-0.505209222350879, 51.474259434096361],
        [-0.505154380485511, 51.474439477975878],
        [-0.505098362955052, 51.474655475582431],
        [-0.505048102208061, 51.474871546544279],
        [-0.50504119898204, 51.474906528065311],
        [-0.505001071819105, 51.475120929745685],
        [-0.504999544329136, 51.475123607928317],
        [-0.504966495964092, 51.475341696707311],
        [-0.504874313395875, 51.475782936956378],
        [-0.504742822202968, 51.476413410990617],
        [-0.5045832402921, 51.4772422538651],
        [-0.504535265873028, 51.477432276368248],
        [-0.504468286593334, 51.477542925286997],
        [-0.504292848350585, 51.477755601018089],
        [-0.504244813342544, 51.477947421058445],
        [-0.504203208143331, 51.478250826134996],
        [-0.504228468758005, 51.478359054499613],
        [-0.504263744407581, 51.478557332399326],
        [-0.50426371500657, 51.478558231242417],
        [-0.504244203446516, 51.478758508014955],
        [-0.504207506367754, 51.478955867930523],
        [-0.50414542781069, 51.479136718163645],
        [-0.504068748182414, 51.479323676639403],
        [-0.503931224415711, 51.479609672086575],
        [-0.503739198937049, 51.480020862526715],
        [-0.503514086758746, 51.480518854579508],
        [-0.503221311869802, 51.481015982633501],
        [-0.503183381691897, 51.481074846906232],
        [-0.503065007118902, 51.481259474099019],
        [-0.503007332576546, 51.481349558915383],
        [-0.502704970232071, 51.481831276582028],
        [-0.502701943954548, 51.48183573403373],
        [-0.502500032770443, 51.482152378319526],
        [-0.502278933225579, 51.482483164689675],
        [-0.50197433122852, 51.482856945733644],
        [-0.501726199872423, 51.483133432710964],
        [-0.501381663081168, 51.483495012200301],
        [-0.501086514066551, 51.483799671978609],
        [-0.500834996456952, 51.484047338834571],
        [-0.500446229834951, 51.484395761148349],
        [-0.499869013466795, 51.48495668486018],
        [-0.499299954865615, 51.485488035952692],
        [-0.499102341556975, 51.485672544405766],
        [-0.499020693562752, 51.485658910440712],
        [-0.498970275637265, 51.485659164388245],
        [-0.498936897633105, 51.485666830148382],
        [-0.49891785728461, 51.485676477843882],
        [-0.498896846005863, 51.485702286225674],
        [-0.498895311273652, 51.485749025894314],
        [-0.498931555715896, 51.485829520151071],
        [-0.498984079416563, 51.485896734483532],
        [-0.498980491761148, 51.485918269787035],
        [-0.498953987310458, 51.485935914916276],
        [-0.498853734587131, 51.485962507506805],
        [-0.498809747302389, 51.485986223351645],
        [-0.498765464802578, 51.486018927576374],
        [-0.498737136802057, 51.486048239142505],
        [-0.49871885702067, 51.486078578544401],
        [-0.498713622915285, 51.486106387286483],
        [-0.498721404992698, 51.486132564210408],
        [-0.49873932390561, 51.48615707245623],
        [-0.49876884887079, 51.486179031608266],
        [-0.498809950384009, 51.4861993404975],
        [-0.498898414016875, 51.486224751665922],
        [-0.499026782236068, 51.486219200865619],
        [-0.499058248762077, 51.486225898095277],
        [-0.499082280774435, 51.486239693912154],
        [-0.499091856902336, 51.48625510316004],
        [-0.499095615262024, 51.486272236389183],
        [-0.49908602643439, 51.486344950288263],
        [-0.499056098424165, 51.486466860848523],
        [-0.499036962828458, 51.486523266650231],
        [-0.498980093448447, 51.486632243347259],
        [-0.498974829917822, 51.486660950938919],
        [-0.498979909911045, 51.486681697955198],
        [-0.499015984555335, 51.486723523649069],
        [-0.499079561196014, 51.486761205206903],
        [-0.499122250625851, 51.486777038216296],
        [-0.499160886561157, 51.486784726381629],
        [-0.499216946511673, 51.486788141413626],
        [-0.499317902882933, 51.48678403794586],
        [-0.499406019917805, 51.486776173245751],
        [-0.499542355222973, 51.486747344160811],
        [-0.49957696711306, 51.486745988533258],
        [-0.499604144473694, 51.48675173152354],
        [-0.499633994744566, 51.486763803222964],
        [-0.499660759121075, 51.486782129959245],
        [-0.499695099768736, 51.486832925430853],
        [-0.499691748362231, 51.486847270035419],
        [-0.499675262588284, 51.486866841923032],
        [-0.499567862786301, 51.486935606912176],
        [-0.499555253521114, 51.486968716636255],
        [-0.499563390245854, 51.486984107427325],
        [-0.499644621935309, 51.487054386362935],
        [-0.499659219761514, 51.487092340233815],
        [-0.499658859943257, 51.487147187884254],
        [-0.499648746606142, 51.487192019371001],
        [-0.499613715500842, 51.487250020345535],
        [-0.499518446090201, 51.487344118556067],
        [-0.499380191072105, 51.487431372177767],
        [-0.499359385772865, 51.487450888752527],
        [-0.499343660696754, 51.487491152323187],
        [-0.499373381158532, 51.48759494258254],
        [-0.499368058737494, 51.487625447867735],
        [-0.49935603926875, 51.487640580770332],
        [-0.49929277342928, 51.487681135250291],
        [-0.49909768848773, 51.48778834334648],
        [-0.499051610522786, 51.487831815306585],
        [-0.499043585460261, 51.487856890686032],
        [-0.499049928265265, 51.487883049159024],
        [-0.499073518442734, 51.487910327573672],
        [-0.499195034259239, 51.487982021553236],
        [-0.499232608866749, 51.488022067925904],
        [-0.499237925194078, 51.488035624212003],
        [-0.499227946285317, 51.488164084575438],
        [-0.499188156315046, 51.488410860123942],
        [-0.499197773088358, 51.488556656357261],
        [-0.499188367231825, 51.488579915640535],
        [-0.499170588400215, 51.488594974823599],
        [-0.499145876356801, 51.488601852327108],
        [-0.499107091329496, 51.488598658343811],
        [-0.499071392426471, 51.488589209322512],
        [-0.498994035498376, 51.488532467862299],
        [-0.498905019682751, 51.488436011574784],
        [-0.498882249236255, 51.488427627181402],
        [-0.498847665573107, 51.488428083753654],
        [-0.498805410829709, 51.48844282960254],
        [-0.498616280323846, 51.488587880240757],
        [-0.49858263440373, 51.488603635431424],
        [-0.498549224652139, 51.488612199898647],
        [-0.49852474870406, 51.488611886556889],
        [-0.498499039669344, 51.488605262903462],
        [-0.498459818800963, 51.488571489742284],
        [-0.498414292029064, 51.488466597675071],
        [-0.498397575953974, 51.488449298529801],
        [-0.498371896556498, 51.488441776010077],
        [-0.4983473025907, 51.488445057988585],
        [-0.49832685072165, 51.48845378829995],
        [-0.49830013782993, 51.488477725133819],
        [-0.498163006917753, 51.488662107180943],
        [-0.498040110181952, 51.488763943374408],
        [-0.498005518821467, 51.488808461242755],
        [-0.497998962307068, 51.488832656140097],
        [-0.497997367414797, 51.488881193442253],
        [-0.498018720254923, 51.48893272227599],
        [-0.498054618542948, 51.488979941290857],
        [-0.498095426893784, 51.489009238828366],
        [-0.498136796414434, 51.489021458411734],
        [-0.498177139626647, 51.489021075798604],
        [-0.498313836751432, 51.488981462145453],
        [-0.498357177586883, 51.488977520983262],
        [-0.498401574334072, 51.488985283146583],
        [-0.498470794563274, 51.489026634132557],
        [-0.498638253453451, 51.489190636987487],
        [-0.498658462599006, 51.489233158886961],
        [-0.498648938231804, 51.489260013477555],
        [-0.498403563540239, 51.489407041428194],
        [-0.498364098733891, 51.489424520491525],
        [-0.498333597443121, 51.489432222920314],
        [-0.498190615524952, 51.489443880394816],
        [-0.498128084463252, 51.489461963232962],
        [-0.498092436796205, 51.489494777775676],
        [-0.498051782998278, 51.489592271827647],
        [-0.498015898889278, 51.489632277055719],
        [-0.497935528768328, 51.489667216461477],
        [-0.497758603605605, 51.489703616772942],
        [-0.497639092770957, 51.489746147587887],
        [-0.497563012014142, 51.489782040901787],
        [-0.497489663005855, 51.489822465248096],
        [-0.497401295360244, 51.48988158069595],
        [-0.497392627006906, 51.489882368857373],
        [-0.497057098270519, 51.489704520792394],
        [-0.496852284111633, 51.489756748260561],
        [-0.496748905695308, 51.489790492757152],
        [-0.496669974141661, 51.489825449738547],
        [-0.496599533447936, 51.489865011592705],
        [-0.496550926164995, 51.489897659548603],
        [-0.496495790896438, 51.489953603446466],
        [-0.496453702430519, 51.490007016923329],
        [-0.496445705106168, 51.490031193263121],
        [-0.496447845546811, 51.490053701131572],
        [-0.496460123767258, 51.490074540528283],
        [-0.496481040840819, 51.490095490668928],
        [-0.496513505960596, 51.490115689625092],
        [-0.496600299496413, 51.490148274810082],
        [-0.496636117336765, 51.490154129234334],
        [-0.496790265585684, 51.490153407366925],
        [-0.496965094712378, 51.490180826059309],
        [-0.496988389230885, 51.490217093265549],
        [-0.496990943734103, 51.490227017389422],
        [-0.496994672044094, 51.49024504950917],
        [-0.496986024719193, 51.490289000329355],
        [-0.496965128409257, 51.490311212965992],
        [-0.496857213873731, 51.490395255584339],
        [-0.496780768039907, 51.490485995956192],
        [-0.496721608481102, 51.490532896207888],
        [-0.496667773410239, 51.490549291298457],
        [-0.496628750413213, 51.490553287189321],
        [-0.496527933343644, 51.490552894079187],
        [-0.496261921251781, 51.49053869317234],
        [-0.496111361124766, 51.49051787914938],
        [-0.496086854609249, 51.490518464128549],
        [-0.496041924434779, 51.490526880163465],
        [-0.496005426135421, 51.490541698826853],
        [-0.495943326916784, 51.490590359427145],
        [-0.495917933027408, 51.490617909504934],
        [-0.495902529140475, 51.490648285343724],
        [-0.495883901169464, 51.490776634497102],
        [-0.495857856396482, 51.490823958990433],
        [-0.495759484978035, 51.490924308900794],
        [-0.495568687539022, 51.491075627798303],
        [-0.495472287346562, 51.491159816846867],
        [-0.495401932315685, 51.491196681435127],
        [-0.495357001351108, 51.491205097200201],
        [-0.495194358487357, 51.491201212126171],
        [-0.495117425439008, 51.491219108587821],
        [-0.49502376618758, 51.491263766887414],
        [-0.494961546547767, 51.491316022294676],
        [-0.494935115731727, 51.491375031453273],
        [-0.494912273073363, 51.491543791134937],
        [-0.494921887119168, 51.49164552603623],
        [-0.494936482397695, 51.491683480446177],
        [-0.494992971141675, 51.491761537985361],
        [-0.495113484355488, 51.491863796646598],
        [-0.495167281694944, 51.491892362629294],
        [-0.495286839367473, 51.491936159743318],
        [-0.49535033128211, 51.491976539836607],
        [-0.495367984291658, 51.492009138114035],
        [-0.495368240554344, 51.492045110079907],
        [-0.495331464415227, 51.492112079555596],
        [-0.495224301814999, 51.492216812316933],
        [-0.495101773612539, 51.492306960355535],
        [-0.494937310855034, 51.49240196545761],
        [-0.494909213172466, 51.492424085318795],
        [-0.494888226062708, 51.492448994072589],
        [-0.494878757976907, 51.492474050644944],
        [-0.494879051988721, 51.492596347920596],
        [-0.494869317460727, 51.492629494024833],
        [-0.494849710917296, 51.492656218921951],
        [-0.494814413597445, 51.49267824636685],
        [-0.494769155438374, 51.492696549099072],
        [-0.494708147282731, 51.492711952024599],
        [-0.494576377296447, 51.49273274120285],
        [-0.493863425167435, 51.492729882536452],
        [-0.49368226587304, 51.492719463091603],
        [-0.493572627019578, 51.492724349465838],
        [-0.493532013889173, 51.492732819995993],
        [-0.493358059735175, 51.492809716647358],
        [-0.493284032685411, 51.492826750030012],
        [-0.493233606870412, 51.492827001445853],
        [-0.493170429476569, 51.492820794497099],
        [-0.492912701501042, 51.492773421449556],
        [-0.492786524823416, 51.492755614157069],
        [-0.49274476806125, 51.492755077547862],
        [-0.492702803797296, 51.492760832776824],
        [-0.49267071123597, 51.492773009378517],
        [-0.492584588867944, 51.492851033638189],
        [-0.492546351241153, 51.492874821049597],
        [-0.492368075230605, 51.492951660692981],
        [-0.49223997086779, 51.492992277147565],
        [-0.492213874830656, 51.492997336975115],
        [-0.491684246702347, 51.493026495822129],
        [-0.491552800829825, 51.493037394390775],
        [-0.491503518012995, 51.493046651935515],
        [-0.491464106779448, 51.493062330947637],
        [-0.491446471993675, 51.49307289473542],
        [-0.491100056732863, 51.493486574597313],
        [-0.490952994488812, 51.493621363560649],
        [-0.490870251984102, 51.493684143366266],
        [-0.490804090394695, 51.493724656041046],
        [-0.490736904331541, 51.493752566455882],
        [-0.490520575266859, 51.493803735555183],
        [-0.490482424836304, 51.493824825769316],
        [-0.490455585919462, 51.493852356075728],
        [-0.490441765648102, 51.49387825549951],
        [-0.490437876376508, 51.493908778825379],
        [-0.490441676595129, 51.493968176067547],
        [-0.49044903952199, 51.494006937168791],
        [-0.490491970221652, 51.494102806713606],
        [-0.490485082347307, 51.494136888316014],
        [-0.490446664416825, 51.494166068029962],
        [-0.49032719455741, 51.494206793540272],
        [-0.49030065223964, 51.494225335457607],
        [-0.490273753588522, 51.494254663387615],
        [-0.490258701004195, 51.494274252407166],
        [-0.490170270060942, 51.494465546545285],
        [-0.490136319359722, 51.49457751163547],
        [-0.490050485448362, 51.494733769645521],
        [-0.490044309885314, 51.494746279181321],
        [-0.48999523194323, 51.494836468272339],
        [-0.489938078374193, 51.494909468247322],
        [-0.489838230857066, 51.494966631803287],
        [-0.489634660787018, 51.495067420506402],
        [-0.489603708685019, 51.495088603132025],
        [-0.48957527998746, 51.495120608850087],
        [-0.489552106064021, 51.495167968922154],
        [-0.489542010597318, 51.495211900547481],
        [-0.489543791327172, 51.495245194510225],
        [-0.489551569585534, 51.495271371972798],
        [-0.489566785345461, 51.495290451477793],
        [-0.489680570882133, 51.495378241569483],
        [-0.489698547849307, 51.495400953480321],
        [-0.489700477223679, 51.495429753268205],
        [-0.489662992663406, 51.4954742314344],
        [-0.489623073684745, 51.495505189984954],
        [-0.489526342080885, 51.495555199666562],
        [-0.48945927137769, 51.495579513975002],
        [-0.489230847847797, 51.495647610087943],
        [-0.489182615428908, 51.495668570019575],
        [-0.489157511768785, 51.495687130211415],
        [-0.489080655344712, 51.495789550130795],
        [-0.489014191910728, 51.495839050085259],
        [-0.488915054505177, 51.495874640801482],
        [-0.488842282517448, 51.495897082873626],
        [-0.488840842532716, 51.495897064320886],
        [-0.488765160778679, 51.495920368073008],
        [-0.488721218092762, 51.495942282304789],
        [-0.488692996316782, 51.495967995957066],
        [-0.488683821332089, 51.495984063640989],
        [-0.488771558336224, 51.496336787964701],
        [-0.488781218932028, 51.496436725517128],
        [-0.488775323530797, 51.496484308055443],
        [-0.488761263685281, 51.496517397927029],
        [-0.488676508062764, 51.49659723537745],
        [-0.48863101884784, 51.496665888928611],
        [-0.488610336688869, 51.496724970739045],
        [-0.488606029719176, 51.496768077651446],
        [-0.488621615377112, 51.496819533848829],
        [-0.488685537329323, 51.496890496431313],
        [-0.488805233772447, 51.496973867418113],
        [-0.488875332430262, 51.497032320438812],
        [-0.488955006156324, 51.497106183457113],
        [-0.488993335499184, 51.497166924769985],
        [-0.489022741023618, 51.497279705684441],
        [-0.489094085931149, 51.497387631544981],
        [-0.48913324780549, 51.497423205462553],
        [-0.48917426582224, 51.497446214240966],
        [-0.489212700980719, 51.497460197568401],
        [-0.489358930771183, 51.497481863780145],
        [-0.489404417628633, 51.497500433949284],
        [-0.489471934898712, 51.49754986118807],
        [-0.489488413132148, 51.497574352251803],
        [-0.489490461283526, 51.497599556696159],
        [-0.489479757063457, 51.497618302394606],
        [-0.48945480099656, 51.497632368466071],
        [-0.489341497314004, 51.497660583373616],
        [-0.489306252887162, 51.497680811420928],
        [-0.489289920956935, 51.497739050153129],
        [-0.489297205664799, 51.497910894366974],
        [-0.489284288624399, 51.497952991179943],
        [-0.489259732284136, 51.497998534942127],
        [-0.489223655472937, 51.498043930310267],
        [-0.489180705219639, 51.498079345748401],
        [-0.489053369820902, 51.498139751440156],
        [-0.489015125895636, 51.498163537628031],
        [-0.488985254772899, 51.498195524616534],
        [-0.488936765366008, 51.498267736490718],
        [-0.488892120402282, 51.498354385340292],
        [-0.488864637145733, 51.498444852143393],
        [-0.488852238134118, 51.498514831297378],
        [-0.488855696308491, 51.498540953133315],
        [-0.48886788407448, 51.498564489786972],
        [-0.488888860892645, 51.498583643588397],
        [-0.488921477184162, 51.498599350471579],
        [-0.489000235198191, 51.498613853334874],
        [-0.489162963168544, 51.49861594953925],
        [-0.489370927654889, 51.498600643804252],
        [-0.489550698759519, 51.498610152703371],
        [-0.489592163703417, 51.498619678832362],
        [-0.489665888737646, 51.498655697632856],
        [-0.489701934311904, 51.498698424950661],
        [-0.489774885717588, 51.498845037349703],
        [-0.48978365914938, 51.49888471583921],
        [-0.48978255998137, 51.498917972696773],
        [-0.489763704509299, 51.498965388392712],
        [-0.489708950095953, 51.499052806588459],
        [-0.489582634934037, 51.499213039020013],
        [-0.489257775292923, 51.499495705305826],
        [-0.489062510674585, 51.499649653788467],
        [-0.488913463521181, 51.499756538903583],
        [-0.488880711048009, 51.499788488742205],
        [-0.488800520778876, 51.499904353742075],
        [-0.488783979254846, 51.499968884204478],
        [-0.488787586122717, 51.499990511869683],
        [-0.488838862112442, 51.500095481602592],
        [-0.488838208116169, 51.500115255937644],
        [-0.488825795353873, 51.500142072508353],
        [-0.488800213407312, 51.500175013922942],
        [-0.488764639765758, 51.500205128948373],
        [-0.488699953267256, 51.500200698632156],
        [-0.488698542876958, 51.500199781243239],
        [-0.48840534484121, 51.50035246675025],
        [-0.488321086885879, 51.500417023665932],
        [-0.48830206785741, 51.500425770712241],
        [-0.488270147152867, 51.500432553041698],
        [-0.488240023437233, 51.500428567926321],
        [-0.488215898152488, 51.500417466384839],
        [-0.488151704447104, 51.500354593051263],
        [-0.488097961191618, 51.500324226178321],
        [-0.488034018175889, 51.500297324667429],
        [-0.488001133300725, 51.50028970703174],
        [-0.487930478059756, 51.500291493865092],
        [-0.487807145468239, 51.500317779594354],
        [-0.487769553519754, 51.500321791022465],
        [-0.48759382871777, 51.500320424546878],
        [-0.487528666133804, 51.500330374909858],
        [-0.487477636973488, 51.500348600438656],
        [-0.487429160715889, 51.500376750247952],
        [-0.487378827686854, 51.500417465123412],
        [-0.487341336687285, 51.500461942458728],
        [-0.487319776304982, 51.500503927582592],
        [-0.48730982619695, 51.500543364786118],
        [-0.487313045556761, 51.500576677314463],
        [-0.487427452506943, 51.500820041935704],
        [-0.48740575509436, 51.500909683776747],
        [-0.487375761990203, 51.500945265647545],
        [-0.487341894769149, 51.500967309302979],
        [-0.487312705044638, 51.500978622675056],
        [-0.487256122807233, 51.500990481979095],
        [-0.487163596450284, 51.501000079230018],
        [-0.48707280782859, 51.501000706657948],
        [-0.486996688528031, 51.500993430290755],
        [-0.486920807378834, 51.500978963214486],
        [-0.486837993469479, 51.500956313704513],
        [-0.486766760317297, 51.50093201510829],
        [-0.486600585926338, 51.500859732262711],
        [-0.486517891489537, 51.50083348719987],
        [-0.486454912457872, 51.500820984731774],
        [-0.486394426649971, 51.500820204217959],
        [-0.48632635304921, 51.500831015568217],
        [-0.486260742794331, 51.500854447701265],
        [-0.486212235474477, 51.500883495826848],
        [-0.486186889469778, 51.500909245990947],
        [-0.48617162442835, 51.500935126257232],
        [-0.486159975727864, 51.501025796784937],
        [-0.486166461715167, 51.501047461691392],
        [-0.486226850158227, 51.501138162715129],
        [-0.48624351731537, 51.501200423753716],
        [-0.486222423705386, 51.501315251235823],
        [-0.486220875150967, 51.501361990506908],
        [-0.486257539121064, 51.501603453684758],
        [-0.486268943800895, 51.501737584112462],
        [-0.486268448306384, 51.501796026784099],
        [-0.486260324293417, 51.501823797649209],
        [-0.48624514831681, 51.50184698142278],
        [-0.486222979931455, 51.501863780437965],
        [-0.486068356101512, 51.501921133090967],
        [-0.486040397138204, 51.501938756549137],
        [-0.486007700645234, 51.501968907880617],
        [-0.485988114611037, 51.501994732347441],
        [-0.485962589136963, 51.502025875443799],
        [-0.485927499186251, 51.502084770783014],
        [-0.48587907066914, 51.502198346129383],
        [-0.485862483977469, 51.502220612426811],
        [-0.485810677527661, 51.502262206829606],
        [-0.485691550004917, 51.502335303891407],
        [-0.485565439798044, 51.502445178549479],
        [-0.485461100665665, 51.50250677650169],
        [-0.485369087338608, 51.502544254682292],
        [-0.485193214852345, 51.502590541210516],
        [-0.485168224934097, 51.502605505156595],
        [-0.485150227353954, 51.502626853916674],
        [-0.485140781519381, 51.502651010767899],
        [-0.485140591449251, 51.502874013971535],
        [-0.485133698129011, 51.502908095166518],
        [-0.485113902566182, 51.502940211295993],
        [-0.485082615137438, 51.502971279785378],
        [-0.485022076464422, 51.503015458711495],
        [-0.484869075696452, 51.503110597847325],
        [-0.484824378950423, 51.50315498130302],
        [-0.484822431980555, 51.503170242830763],
        [-0.484836873277236, 51.503212692542924],
        [-0.484926125763731, 51.503301968615446],
        [-0.48494245452085, 51.503330954448124],
        [-0.48494447054646, 51.503357057760688],
        [-0.484933643841109, 51.503379398325087],
        [-0.484912735594499, 51.503401608668582],
        [-0.484691455865861, 51.503557012323512],
        [-0.484679248388964, 51.503577536594321],
        [-0.48467244404623, 51.503608921261105],
        [-0.484678720978476, 51.503636878055765],
        [-0.484717348023112, 51.503688632387437],
        [-0.484744086305981, 51.503707861340345],
        [-0.484773913745339, 51.503720835678479],
        [-0.484928266127948, 51.503758798128807],
        [-0.485050695240307, 51.50380354180394],
        [-0.48510450009477, 51.503832112410272],
        [-0.485138201358903, 51.503858624928213],
        [-0.485161701809921, 51.503888602562654],
        [-0.485179202925842, 51.503925696444149],
        [-0.485189145251041, 51.503973483300712],
        [-0.4851902971507, 51.504025652715242],
        [-0.485180076147227, 51.504073179175272],
        [-0.4851599820574, 51.504114283615202],
        [-0.485103464599071, 51.504167506675735],
        [-0.484897448687565, 51.504297030577106],
        [-0.484862713281876, 51.504345139576621],
        [-0.484857229948978, 51.504380138178355],
        [-0.484863417660943, 51.504410791454653],
        [-0.484878306508358, 51.504439758690062],
        [-0.484900486063274, 51.50446612244707],
        [-0.484930045760687, 51.504487186228239],
        [-0.485240027374888, 51.504611684636096],
        [-0.485251072591256, 51.504626214728546],
        [-0.485257409609827, 51.504652373829124],
        [-0.485253635019064, 51.504679301567784],
        [-0.485064778841629, 51.505073416876272],
        [-0.485029109456072, 51.505106227185891],
        [-0.484998356999471, 51.505121116670097],
        [-0.484830728269956, 51.505179198967177],
        [-0.484802737002607, 51.505197720931484],
        [-0.4847861188572, 51.50522088588334],
        [-0.48477784422986, 51.505253150772283],
        [-0.484779621723381, 51.505286444726735],
        [-0.484824298301986, 51.505416508941551],
        [-0.484824754797116, 51.505446188966538],
        [-0.484807689388036, 51.505482836383571],
        [-0.484768483038541, 51.50553538367781],
        [-0.484716373639084, 51.505585965844084],
        [-0.484667681372108, 51.505620406243871],
        [-0.484619346823735, 51.50564406065299],
        [-0.4845741909743, 51.505658763949093],
        [-0.484497467990271, 51.505669462520409],
        [-0.484431423396997, 51.505662314692856],
        [-0.484280273667203, 51.505614501636373],
        [-0.484201445545653, 51.505601793194607],
        [-0.484053304729226, 51.50559358423245],
        [-0.484008476860202, 51.505598400173504],
        [-0.483969201330431, 51.505609582371385],
        [-0.483941358597217, 51.505623609971067],
        [-0.483922008429119, 51.505642243410577],
        [-0.483908210591776, 51.505667243123568],
        [-0.483898571503881, 51.505784016624681],
        [-0.48385837477695, 51.50599661127098],
        [-0.483733782970991, 51.506277354629752],
        [-0.483698375066959, 51.506432461290544],
        [-0.483680226082135, 51.506458303944967],
        [-0.483645965087406, 51.506492031258432],
        [-0.483610681440529, 51.506513156318057],
        [-0.48355664380881, 51.506534938134145],
        [-0.483419791876396, 51.506577230422984],
        [-0.483263282570598, 51.50660398170443],
        [-0.483210655142562, 51.506626680812538],
        [-0.483194155039668, 51.506646250202181],
        [-0.483179282055, 51.506703607701354],
        [-0.483194753110567, 51.506801822299828],
        [-0.48318014977804, 51.507024639019008],
        [-0.483182538533129, 51.507126281308047],
        [-0.483207457575385, 51.507200339240185],
        [-0.483232189847616, 51.507236627683064],
        [-0.48327390779151, 51.507282127909924],
        [-0.48332714854865, 51.507327777109687],
        [-0.483390621021713, 51.507369062494192],
        [-0.483457213023569, 51.50740319444818],
        [-0.483566896119513, 51.507441480306376],
        [-0.483749133753062, 51.507464518053297],
        [-0.483796307160348, 51.507475918406691],
        [-0.483857585729258, 51.507496493212997],
        [-0.483915774835511, 51.507523322566932],
        [-0.483953828958578, 51.507548992443908],
        [-0.483978830486238, 51.507577191261504],
        [-0.483996481140001, 51.507609791149328],
        [-0.484003721223713, 51.507652147861748],
        [-0.483999924274186, 51.507723136835175],
        [-0.4839891940043, 51.507785943259108],
        [-0.483973776188102, 51.507816317331823],
        [-0.48394854432807, 51.507838471619898],
        [-0.483893094746907, 51.507859336128675],
        [-0.483609740174653, 51.507887145998787],
        [-0.483527975987772, 51.507919359959786],
        [-0.483510124701304, 51.507936214275944],
        [-0.483494766196189, 51.507964790621934],
        [-0.48348766191605, 51.50800516348486],
        [-0.483500543676464, 51.508051190028247],
        [-0.483532120376584, 51.508098357474964],
        [-0.48356141319619, 51.508127511072331],
        [-0.483585481684735, 51.508140411241264],
        [-0.483631155700612, 51.508153590704794],
        [-0.483809164601364, 51.508173876029552],
        [-0.483854987885667, 51.50818256125622],
        [-0.483903453263196, 51.508198474339054],
        [-0.484029826476306, 51.508254959777453],
        [-0.484161066658953, 51.508338484441367],
        [-0.484225206162285, 51.508403157583601],
        [-0.48423853616885, 51.508435701596675],
        [-0.484230456879416, 51.508548898365319],
        [-0.484261953916924, 51.508641924572991],
        [-0.484304667151987, 51.508700925506652],
        [-0.484335580182752, 51.508724704545415],
        [-0.484371052999742, 51.508741348767167],
        [-0.484509547828354, 51.508780005982445],
        [-0.484580553342669, 51.508811496650992],
        [-0.484664075187422, 51.508856637198726],
        [-0.484716087481023, 51.508895975362748],
        [-0.484759099704842, 51.508945987831723],
        [-0.484805657992992, 51.509019425691726],
        [-0.484905460851609, 51.509138512033275],
        [-0.484972025081117, 51.50930392819668],
        [-0.485162475737906, 51.509383720348197],
        [-0.485229131607371, 51.509416053658612],
        [-0.485281383476336, 51.509448200933633],
        [-0.485515216439586, 51.509610381285995],
        [-0.485837463214256, 51.509800678910416],
        [-0.485505600168744, 51.509813479795881],
        [-0.485556183730704, 51.51002634767822],
        [-0.485570031705072, 51.510086773885497],
        [-0.485724992512763, 51.510193982572495],
        [-0.48574483079363, 51.510204130032044],
        [-0.486076288510689, 51.510116688363063],
        [-0.486298304267655, 51.510157320542582],
        [-0.486402786205417, 51.510483285422424],
        [-0.486816580494165, 51.510476934186407],
        [-0.48735432750391, 51.510861540047912],
        [-0.487547217707494, 51.510824461767029],
        [-0.487953653126396, 51.510996955394646],
        [-0.488337537379361, 51.511110708020652],
        [-0.488413210385377, 51.511175527424726],
        [-0.488444037986445, 51.511202001896507],
        [-0.488676616301676, 51.511315602036454],
        [-0.488760414450274, 51.511352650233974],
        [-0.488875873405805, 51.511391005446107],
        [-0.488969147326507, 51.511402997546178],
        [-0.489085885162335, 51.511402702788942],
        [-0.489172432515889, 51.511400220650778],
        [-0.489355967261235, 51.511384600053006],
        [-0.489407883756276, 51.511383470190701],
        [-0.48946676480177, 51.511389623706059],
        [-0.48955847951092, 51.511405192117415],
        [-0.489657010257673, 51.511432538007135],
        [-0.48971817791593, 51.511456705130563],
        [-0.489753535945531, 51.511476943078165],
        [-0.489806698883849, 51.511525285893391],
        [-0.489823122743691, 51.511551574560087],
        [-0.489847652720901, 51.511681377265752],
        [-0.489957199659082, 51.511898599001711],
        [-0.489990462299171, 51.512025816437067],
        [-0.48999522797197, 51.512099613378325],
        [-0.489991455464122, 51.51212654125402],
        [-0.489971302556788, 51.512169444133939],
        [-0.489935512142011, 51.512205851208833],
        [-0.489795484525759, 51.512300264518018],
        [-0.489753277966358, 51.512356371655621],
        [-0.489728519803863, 51.512451369647358],
        [-0.489733326538332, 51.512654654016373],
        [-0.489763602978025, 51.512828592208479],
        [-0.489859888346393, 51.513141859195372],
        [-0.489937227681373, 51.513330790608585],
        [-0.489941725884258, 51.513412677022799],
        [-0.489900126813881, 51.513493970030034],
        [-0.489650282294354, 51.513771308378473],
        [-0.489624574192488, 51.513807845167612],
        [-0.489598301240389, 51.513861459751034],
        [-0.48957431478556, 51.513933088055978],
        [-0.489566352735247, 51.513999527399115],
        [-0.489570628584674, 51.514044543171153],
        [-0.489581112587002, 51.514076150662625],
        [-0.489634678447337, 51.514155971211203],
        [-0.48977019208842, 51.51428540433951],
        [-0.489985011262847, 51.514457222029407],
        [-0.490467079118755, 51.514871669575051],
        [-0.49059490436038, 51.51497222792765],
        [-0.490752863743162, 51.515076770692303],
        [-0.490860566443344, 51.515132109152439],
        [-0.490901868386219, 51.515147027908441],
        [-0.491092368412074, 51.515182749337249],
        [-0.491136581365254, 51.515196806239416],
        [-0.491157893310889, 51.515206072499822],
        [-0.491219675891958, 51.515255424699184],
        [-0.491244656363349, 51.515284520834769],
        [-0.491347415668174, 51.515445902510294],
        [-0.491648759100915, 51.515747417370314],
        [-0.491750302063306, 51.515858427053061],
        [-0.491812428417511, 51.515941054260281],
        [-0.491883125452885, 51.516069651521974],
        [-0.491902003883775, 51.516152621891166],
        [-0.491897313811826, 51.516294637377506],
        [-0.491906968762181, 51.516351411967499],
        [-0.491940134951315, 51.516438162858982],
        [-0.492000748619041, 51.516566630408335],
        [-0.49206460008117, 51.516684348977087],
        [-0.492123550008817, 51.516775927306838],
        [-0.492193936317916, 51.516870350239927],
        [-0.49232302000326, 51.517020379557955],
        [-0.492350022828309, 51.517075578628919],
        [-0.492355861009251, 51.51711701748723],
        [-0.49235378368764, 51.517179935743862],
        [-0.492333112669386, 51.517282180435018],
        [-0.492097202297926, 51.517922985217886],
        [-0.491909566755554, 51.518367482343109],
        [-0.491815034240634, 51.518567690868785],
        [-0.491665606886463, 51.518858913291218],
        [-0.491651423131894, 51.518895598674327],
        [-0.49163562048862, 51.518937658521018],
        [-0.491610787525299, 51.518991292029199],
        [-0.491568428357587, 51.519051893883777],
        [-0.491450335544606, 51.519179862087306],
        [-0.491229609322935, 51.519360463039234],
        [-0.491139705275984, 51.519420453248692],
        [-0.491063331935108, 51.519463532375006],
        [-0.490811753497721, 51.519574496271204],
        [-0.490685592428531, 51.519641213402004],
        [-0.49059421666492, 51.519702083475195],
        [-0.490533304165415, 51.519757050959669],
        [-0.490500181591204, 51.519799787009852],
        [-0.490444362679996, 51.519918664141251],
        [-0.490418339078684, 51.520008250612683],
        [-0.490387115877613, 51.520167908811629],
        [-0.490371783573133, 51.520457258211721],
        [-0.49037690708004, 51.520520269075803],
        [-0.490385536214622, 51.520564441570507],
        [-0.490406924223322, 51.520615072739531],
        [-0.490449537455679, 51.52067766679771],
        [-0.49050115201435, 51.520729586102092],
        [-0.490555945383592, 51.520772554150973],
        [-0.490618061570216, 51.520812019537537],
        [-0.490686059806655, 51.52084796371377],
        [-0.490740036664815, 51.520872037691355],
        [-0.490921559208544, 51.520918434314503],
        [-0.490967158986826, 51.520934307507687],
        [-0.491013843095703, 51.520960985188957],
        [-0.491072751621878, 51.521010300415924],
        [-0.491125451590493, 51.521073023956603],
        [-0.491162273395872, 51.521136442469114],
        [-0.491186009431444, 51.521203289522035],
        [-0.491193629555352, 51.521278022217814],
        [-0.491186841812091, 51.521352569609164],
        [-0.491168319786327, 51.521433260571932],
        [-0.491141420268968, 51.521505750864861],
        [-0.491033063748478, 51.521687796644059],
        [-0.49066778012147, 51.522185757709273],
        [-0.490603373117627, 51.522302725965211],
        [-0.490578329016918, 51.52236265101503],
        [-0.490542708290109, 51.52248088882088],
        [-0.490522401556873, 51.52261550949234],
        [-0.490604730949063, 51.52322083989111],
        [-0.490607374065494, 51.523315291253148],
        [-0.490340936087231, 51.524223664794633],
        [-0.490290679192685, 51.524479293711217],
        [-0.490277144914463, 51.524583428223224],
        [-0.490274766923716, 51.524655334641274],
        [-0.4902833513096, 51.524744467171779],
        [-0.490307310013831, 51.52484818494797],
        [-0.490344296387709, 51.524950271933726],
        [-0.490397281494303, 51.525048068709005],
        [-0.490576218269507, 51.525303949030388],
        [-0.490692514671035, 51.525492481472142],
        [-0.490783885708543, 51.525650119917586],
        [-0.490834569877245, 51.525773964039558],
        [-0.490871765698271, 51.525956982654485],
        [-0.490882876312622, 51.526144161772123],
        [-0.490878523335958, 51.526232228599653],
        [-0.490839869159666, 51.526442147081546],
        [-0.490815847906848, 51.526514674283277],
        [-0.490731766031392, 51.526703326451454],
        [-0.490659152601473, 51.52680670092434],
        [-0.490618938961796, 51.526845748905643],
        [-0.490586465049815, 51.526868710628442],
        [-0.490500110727486, 51.526908064134339],
        [-0.490249619193477, 51.526984870805947],
        [-0.490123971752597, 51.527035408140385],
        [-0.490037705916718, 51.527072064809644],
        [-0.489942169707959, 51.527127485555269],
        [-0.489890130046993, 51.527175373196201],
        [-0.48974200202118, 51.527338921522052],
        [-0.489573758661199, 51.52750041226556],
        [-0.48947616866937, 51.527617851848639],
        [-0.489333011642594, 51.527848904590819],
        [-0.48910506042719, 51.528333342271196],
        [-0.488997967153596, 51.528607122009255],
        [-0.488984653748149, 51.528660903279928],
        [-0.488969954607363, 51.528800091867375],
        [-0.488991319430986, 51.529069231493601],
        [-0.489003349366253, 51.529141323406677],
        [-0.489017623745458, 51.529189165494088],
        [-0.489083074262839, 51.529302409935148],
        [-0.489387298202947, 51.529649826491848],
        [-0.489686532916933, 51.530061022044734],
        [-0.489732035834484, 51.530123653431559],
        [-0.489845904546256, 51.530298667095586],
        [-0.48990770331858, 51.530435243545192],
        [-0.489919794494801, 51.530505537704343],
        [-0.489919167542082, 51.530611636642114],
        [-0.489915228438073, 51.530687119742126],
        [-0.489888480958903, 51.530885501297398],
        [-0.489891790576689, 51.531003340652113],
        [-0.489927634551557, 51.531183644375801],
        [-0.489948743055199, 51.53128642620964],
        [-0.489981588653914, 51.531383064617977],
        [-0.489999103776798, 51.531420157729045],
        [-0.490117418925906, 51.531591631453097],
        [-0.4901472203475, 51.531649564525978],
        [-0.490190079101457, 51.531792191524708],
        [-0.490195441175665, 51.53184801165412],
        [-0.490188249450534, 51.531891081268398],
        [-0.490133736462974, 51.532013571748315],
        [-0.490134285521399, 51.532040555165104],
        [-0.490149186374298, 51.532069521699455],
        [-0.49017999911744, 51.532096894575524],
        [-0.490222578795242, 51.532117225171788],
        [-0.490379556891896, 51.532166004126985],
        [-0.490426430385242, 51.532187289108528],
        [-0.490457421750604, 51.532209268938452],
        [-0.49047541322993, 51.532231980713007],
        [-0.490483657961204, 51.532287837912243],
        [-0.490445086969475, 51.532407836003415],
        [-0.4904468989712, 51.532440230935393],
        [-0.490463360206134, 51.532465620656545],
        [-0.490494411233629, 51.532485802819181],
        [-0.49053875956284, 51.53249626472499],
        [-0.490586287465562, 51.532497775404103],
        [-0.490749968605232, 51.532474703162976],
        [-0.490790320518363, 51.532475222236847],
        [-0.490814641558983, 51.532480930357501],
        [-0.490837283688015, 51.532493810569584],
        [-0.49085827663638, 51.532512964044848],
        [-0.490867235201065, 51.532547249316899],
        [-0.490838931337136, 51.532661984323511],
        [-0.490843923141248, 51.532685428033261],
        [-0.490879817705601, 51.532733547951388],
        [-0.490995049628183, 51.532824052029],
        [-0.491055755907697, 51.532906661045971],
        [-0.491171731203545, 51.533149141239292],
        [-0.491209513276501, 51.533271020659875],
        [-0.491224771719531, 51.533376424614794],
        [-0.491225455108594, 51.533442975046249],
        [-0.491216852615328, 51.533485127355817],
        [-0.49117376586962, 51.533567300710075],
        [-0.491110532205024, 51.533648315736095],
        [-0.491045886853443, 51.533728413360706],
        [-0.490939966808011, 51.533835855630628],
        [-0.490774363129298, 51.533960514308362],
        [-0.490693314268326, 51.534013424391546],
        [-0.490545286703937, 51.534086154590234],
        [-0.490515719638698, 51.534108254477793],
        [-0.490502213768874, 51.534124266519441],
        [-0.490502614391729, 51.534155744071299],
        [-0.490517783714778, 51.53417662109657],
        [-0.490550069001488, 51.534203113592277],
        [-0.490575564559237, 51.534216929769379],
        [-0.490655557998089, 51.534239539941616],
        [-0.491053966747965, 51.534268943284999],
        [-0.491128492915748, 51.534282490705067],
        [-0.491185546454667, 51.534301208649516],
        [-0.491228069191822, 51.534323336551971],
        [-0.491284409654461, 51.534363626348032],
        [-0.491355622864858, 51.534433781328971],
        [-0.491388874609599, 51.534474673396332],
        [-0.491414890677295, 51.534516371629095],
        [-0.491459152384958, 51.534616753180046],
        [-0.491516742152333, 51.534793739022206],
        [-0.491542609959297, 51.534839931372701],
        [-0.49161652847596, 51.534915516232964],
        [-0.491753326186589, 51.535008095175087],
        [-0.492470231697833, 51.53539138060404],
        [-0.49290874531756, 51.53560383270294],
        [-0.493154666668586, 51.53571040058317],
        [-0.493266566175905, 51.535771185572152],
        [-0.493349522327284, 51.535835195628408],
        [-0.493521976051603, 51.536027143518091],
        [-0.493732705040757, 51.536195303835498],
        [-0.493815247265954, 51.536271897187667],
        [-0.493958238905522, 51.536439187499553],
        [-0.494002193974265, 51.536505394082361],
        [-0.494056492813585, 51.536607701839372],
        [-0.494130814640507, 51.536846047363277],
        [-0.494316104385803, 51.537129878243398],
        [-0.494444141877011, 51.537357223117866],
        [-0.494499184069541, 51.537437059922311],
        [-0.494653860494161, 51.537600003204176],
        [-0.494709852185796, 51.537651077350901],
        [-0.495002914260452, 51.537858957597926],
        [-0.495058906658126, 51.537910031581568],
        [-0.495206320784149, 51.538074679376052],
        [-0.495266430148192, 51.538132100529957],
        [-0.495408773054921, 51.53823193987791],
        [-0.495441034393004, 51.538259329886209],
        [-0.495464558899573, 51.538289305483922],
        [-0.495487638884692, 51.538332763531002],
        [-0.495510470966221, 51.538427473380196],
        [-0.495508089183883, 51.538543440964055],
        [-0.495488540754868, 51.538611530279702],
        [-0.495473445728081, 51.538632018554217],
        [-0.495279799028417, 51.538776106551644],
        [-0.495216546701843, 51.538813961392798],
        [-0.495164706447869, 51.53885555940748],
        [-0.495083790749121, 51.538948039459221],
        [-0.49504686768893, 51.538974542178053],
        [-0.49501753673727, 51.538989452534629],
        [-0.494892917041, 51.539051697928727],
        [-0.494856082736151, 51.539075504095763],
        [-0.494789472515909, 51.539127702996737],
        [-0.494675629945349, 51.539256627975398],
        [-0.494370167908652, 51.539730189237915],
        [-0.493899063511927, 51.540285250147136],
        [-0.493810015879073, 51.540405500454625],
        [-0.493738323870561, 51.540524175078424],
        [-0.493688578899999, 51.540633240102927],
        [-0.493650085127864, 51.540794603738192],
        [-0.493645646474658, 51.540885366974003],
        [-0.493642038727196, 51.540950962993442],
        [-0.493631147605186, 51.540975101841923],
        [-0.493605693979214, 51.541003549778637],
        [-0.493527281075825, 51.541063689327068],
        [-0.493432105233699, 51.541107427806075],
        [-0.493178805631714, 51.541179708798914],
        [-0.493056717287158, 51.541208713994472],
        [-0.492749177101826, 51.541264111643876],
        [-0.49246697191419, 51.541294656119362],
        [-0.492321730992068, 51.541326060710489],
        [-0.492190636740851, 51.54136573980837],
        [-0.492070835986193, 51.54141275758235],
        [-0.491907777859275, 51.541503280553187],
        [-0.49182765302959, 51.541571489863145],
        [-0.491806433093987, 51.541602689462493],
        [-0.491793772567972, 51.54163669671123],
        [-0.491791647736097, 51.541657351232345],
        [-0.491803982136125, 51.541720454488633],
        [-0.491933788658231, 51.542025156742575],
        [-0.491981268152198, 51.542115687982708],
        [-0.492099647402214, 51.54228626086131],
        [-0.492119427302966, 51.542342266079118],
        [-0.492124822417522, 51.542397187223756],
        [-0.492118864142792, 51.542446567204365],
        [-0.492052337239456, 51.542670514741452],
        [-0.491910928812764, 51.543022086843486],
        [-0.491863568942407, 51.543102407020967],
        [-0.491720982653595, 51.543271424129983],
        [-0.491621729053674, 51.543438300496994],
        [-0.491579212886465, 51.543546558332828],
        [-0.491552523219739, 51.543655918825905],
        [-0.491545033477566, 51.543707976712504],
        [-0.491538673321496, 51.543900325859795],
        [-0.491526977892444, 51.543948732836071],
        [-0.491506425363595, 51.544003320411754],
        [-0.491332834468857, 51.544324804110715],
        [-0.491301076383279, 51.544369356263779],
        [-0.491216204792455, 51.544450093056852],
        [-0.491152733071038, 51.544494237372568],
        [-0.491051157333954, 51.544556775048726],
        [-0.490875169211741, 51.544819778602694],
        [-0.490812898969754, 51.544958355215769],
        [-0.490801351158241, 51.545002267966247],
        [-0.490802985309009, 51.545040055795035],
        [-0.490814888643112, 51.545072580447268],
        [-0.490836971971833, 51.545102538401999],
        [-0.490874823060505, 51.545135396778711],
        [-0.490921472118405, 51.545163872245496],
        [-0.490976919148954, 51.545187964791914],
        [-0.491081170559459, 51.545218979398392],
        [-0.491124268184937, 51.545224029660446],
        [-0.49130019585856, 51.545224493416931],
        [-0.491389125643621, 51.545239124970372],
        [-0.491460638066733, 51.545257129370867],
        [-0.49151623411192, 51.545276727527565],
        [-0.491558707689776, 51.545300653009512],
        [-0.49158523514091, 51.545327071112538],
        [-0.491595578674053, 51.54536317246783],
        [-0.491594776207707, 51.545387440812249],
        [-0.49155118807186, 51.54552805637919],
        [-0.491567253398557, 51.54569641510524],
        [-0.491541810681427, 51.545768024791855],
        [-0.491469078651412, 51.545874095690181],
        [-0.491451943306923, 51.545912541403844],
        [-0.491433277019144, 51.546040888388994],
        [-0.491413377340372, 51.546075701718273],
        [-0.49137579234113, 51.546121977388331],
        [-0.491329676737062, 51.546164546526583],
        [-0.491279593061774, 51.546196274111288],
        [-0.491225511614126, 51.546218058965046],
        [-0.49119500071875, 51.546224860318127],
        [-0.490557707884476, 51.546133037399116],
        [-0.490411024587297, 51.546120359851557],
        [-0.490268428102404, 51.546114928380497],
        [-0.490124152079141, 51.546116668801425],
        [-0.48999843794192, 51.546124043173947],
        [-0.489911527152118, 51.546135513638788],
        [-0.489729902417448, 51.546176338134927],
        [-0.489639542872872, 51.546204848994037],
        [-0.489497656667282, 51.546265068038522],
        [-0.489394543823431, 51.546330282133475],
        [-0.489332271149487, 51.546381634585593],
        [-0.489284324828643, 51.54643586908481],
        [-0.489261123422899, 51.546483228481776],
        [-0.489256632775384, 51.546531727988011],
        [-0.489266498424129, 51.546582210751389],
        [-0.489294807035072, 51.546641923060314],
        [-0.489327708386793, 51.546693601603707],
        [-0.489428169031695, 51.546795606418925],
        [-0.489470745091157, 51.546859998402383],
        [-0.489507984515539, 51.546954894798063],
        [-0.489543051377075, 51.547115405513203],
        [-0.489535171767943, 51.547179147962133],
        [-0.489511034610578, 51.547211208795154],
        [-0.48947713359265, 51.547233252626782],
        [-0.489442118355524, 51.547245390799553],
        [-0.489323222055482, 51.547264541955613],
        [-0.489155281266472, 51.547283960720499],
        [-0.488867865625345, 51.547296445412236],
        [-0.488563716431383, 51.54729162887466],
        [-0.488472627174584, 51.547298548412456],
        [-0.488401362953308, 51.54731651378944],
        [-0.48830943956648, 51.547348600325989],
        [-0.488236167599512, 51.547383624720858],
        [-0.488169775873723, 51.547428629023713],
        [-0.488084535471208, 51.547520149328371],
        [-0.487896270454891, 51.547804571266525],
        [-0.487748756122446, 51.548077828369024],
        [-0.487692476706249, 51.548209286850771],
        [-0.487673299608657, 51.548265689894492],
        [-0.487645405515342, 51.548411002333431],
        [-0.487579010896828, 51.54880400036285],
        [-0.487499864353879, 51.549016092859212],
        [-0.487407790766345, 51.549183058187992],
        [-0.487309163952942, 51.549330156354742],
        [-0.487158676687988, 51.549518848674545],
        [-0.487060227215841, 51.549660553660999],
        [-0.486742642040753, 51.549929818124731],
        [-0.486618080637638, 51.550032519988889],
        [-0.486371412028655, 51.55020738185997],
        [-0.486208221445558, 51.550300592901792],
        [-0.485978264318299, 51.550406430414213],
        [-0.485890061328179, 51.550456547268162],
        [-0.485689274358443, 51.550596031358012],
        [-0.485530883666466, 51.550674916056529],
        [-0.485408257651596, 51.550719193010963],
        [-0.485367382260783, 51.550733951966777],
        [-0.485109273342041, 51.550818742588838],
        [-0.48489699136754, 51.550869954403829],
        [-0.484792987117045, 51.550918067996101],
        [-0.484739711603294, 51.550958743689883],
        [-0.484499261916345, 51.551206517928662],
        [-0.484387197629847, 51.551366928250197],
        [-0.484357317533355, 51.551398014642871],
        [-0.484295510143074, 51.551434983097423],
        [-0.484248747325325, 51.551453262456938],
        [-0.48414834151417, 51.551479840937589],
        [-0.484004563983539, 51.551509455843984],
        [-0.483858261354541, 51.551528247435357],
        [-0.483676243888597, 51.551536686033231],
        [-0.483443190573188, 51.551518387689597],
        [-0.483322592850232, 51.551501542443589],
        [-0.483076258542339, 51.551448901745871],
        [-0.48301585519503, 51.551443624831663],
        [-0.482952329213034, 51.551445501192475],
        [-0.482874027095955, 51.5514579769942],
        [-0.482798399100484, 51.551476781786434],
        [-0.482685890375294, 51.551520287514613],
        [-0.482142546065837, 51.552027608384989],
        [-0.481734245026224, 51.552377514013969],
        [-0.481416854040717, 51.552682735073908],
        [-0.479760703301234, 51.554032585290507],
        [-0.479759261487696, 51.554032566611411],
        [-0.478903116603183, 51.554834357300237],
        [-0.47851366087339, 51.554661156151944],
        [-0.478058835396508, 51.554934013038135],
        [-0.477946248141861, 51.554849825483089],
        [-0.477881875448682, 51.55483370394645],
        [-0.477805338046258, 51.554836307977027],
        [-0.477768932063186, 51.554846626232916],
        [-0.47773946521774, 51.554865127381419],
        [-0.477605200243167, 51.555041429059401],
        [-0.47753650620251, 51.555154737448618],
        [-0.477502323398825, 51.555184867076761],
        [-0.477367302411428, 51.555254152736964],
        [-0.477350901835171, 51.555270125701327],
        [-0.477339848478756, 51.555298756981685],
        [-0.477343966457772, 51.555391428998995],
        [-0.47733537659952, 51.55543268117772],
        [-0.477263137248027, 51.555565726012063],
        [-0.477241931856042, 51.555639186020976],
        [-0.477234453553321, 51.555690343920119],
        [-0.477234425825592, 51.555777566882007],
        [-0.477276334735649, 51.555948061302594],
        [-0.477279463317315, 51.556113556439577],
        [-0.477209632831363, 51.556519992151358],
        [-0.477156886393913, 51.556630809625723],
        [-0.476946255757081, 51.556933807229427],
        [-0.476857520558808, 51.557042359046562],
        [-0.476816097026196, 51.557116455749771],
        [-0.476815377867288, 51.557224351535318],
        [-0.476886907738717, 51.557501337230185],
        [-0.476894299058277, 51.557582361999643],
        [-0.476892978794873, 51.557665072115711],
        [-0.47688429798524, 51.5577090206977],
        [-0.476870299806813, 51.557739412123311],
        [-0.476837016071423, 51.557785738992422],
        [-0.476777116918482, 51.557851502982054],
        [-0.476649146935738, 51.557968537442797],
        [-0.476629440829182, 51.557997056324112],
        [-0.476616824267382, 51.558029264073291],
        [-0.476615532989663, 51.55806791330717],
        [-0.476624305261208, 51.558107592391302],
        [-0.476669907955366, 51.558210694227256],
        [-0.476966655664566, 51.558611996429534],
        [-0.476998410453831, 51.558697833423274],
        [-0.477003908951392, 51.558749159702877],
        [-0.476998592312051, 51.558778764601897],
        [-0.476971105801503, 51.558824267533382],
        [-0.476913788349883, 51.558855895149087],
        [-0.476791282119076, 51.558895668690703],
        [-0.476745710380744, 51.558921154220933],
        [-0.476708460075282, 51.558956639052546],
        [-0.476675145231974, 51.559003864677052],
        [-0.4766499415973, 51.559067381349536],
        [-0.476637745674963, 51.559130167665721],
        [-0.476641621651114, 51.559186868152302],
        [-0.476654269613775, 51.559240085673288],
        [-0.476701435551962, 51.559339610929257],
        [-0.476805440222674, 51.559465051790596],
        [-0.476910496355171, 51.559559033887005],
        [-0.47700789176473, 51.559623242568328],
        [-0.477088133672612, 51.559682732514418],
        [-0.477357851837669, 51.559900244181065],
        [-0.477519997802145, 51.560271922772671],
        [-0.477539915807855, 51.560280274060887],
        [-0.477864851427524, 51.560356425879931],
        [-0.478118467477194, 51.560408272472394],
        [-0.478323535554343, 51.560445101669877],
        [-0.478448600945024, 51.560458413019873],
        [-0.478509105622107, 51.560460995911782],
        [-0.478860265250967, 51.560443068045132],
        [-0.478993110609011, 51.560439394695024],
        [-0.47918745293327, 51.560451804726227],
        [-0.479318046848137, 51.560472380463501],
        [-0.479515906135098, 51.560509114155657],
        [-0.479784787804414, 51.560579139092759],
        [-0.480316400038669, 51.560773959166134],
        [-0.480401992967564, 51.560802943010415],
        [-0.480442070181077, 51.560812454051444],
        [-0.480509605869171, 51.560820522201823],
        [-0.480541420366455, 51.560818236511437],
        [-0.480611206867181, 51.560802055118145],
        [-0.480839847054841, 51.56069441252972],
        [-0.480866162888821, 51.560683962693375],
        [-0.480914049179658, 51.560675590493787],
        [-0.480965932111075, 51.560677161301321],
        [-0.481016103509758, 51.560686802807965],
        [-0.481061709295291, 51.560703578865699],
        [-0.481112634059056, 51.56073391187563],
        [-0.481149228447158, 51.560761361764627],
        [-0.481164282286466, 51.560785835228266],
        [-0.481194454689093, 51.560876146573037],
        [-0.481217417038833, 51.560966364595068],
        [-0.481217960808425, 51.560993347883823],
        [-0.48120841033005, 51.561020200531281],
        [-0.481190237565069, 51.561046042377299],
        [-0.481165124083467, 51.561063701514868],
        [-0.481063976556797, 51.561111848825021],
        [-0.480999812757482, 51.561175761312114],
        [-0.480967104179972, 51.561248173807002],
        [-0.480995355281472, 51.561352847660487],
        [-0.4809867375379, 51.561394998904341],
        [-0.480952372540014, 51.561430522411094],
        [-0.480832901064244, 51.561509005415118],
        [-0.480795412147375, 51.561551682102653],
        [-0.480757413977608, 51.561609638727084],
        [-0.480737079805726, 51.561657033521058],
        [-0.480734953184698, 51.561720849780102],
        [-0.480773413879915, 51.561778897023103],
        [-0.481106767330163, 51.56203588959891],
        [-0.481164215216131, 51.562086988790035],
        [-0.48128912090798, 51.562235176245018],
        [-0.48134816102724, 51.562281799907026],
        [-0.481425858449195, 51.562331362593397],
        [-0.481502413341772, 51.562371918361862],
        [-0.481584946244999, 51.562406256971094],
        [-0.482814798162173, 51.562819613291296],
        [-0.482775952706053, 51.563033122571042],
        [-0.482730578170575, 51.563182703656622],
        [-0.482577829360657, 51.563567388069863],
        [-0.482538359673198, 51.563626225430589],
        [-0.482505705552813, 51.563653678633806],
        [-0.482377368622832, 51.563738343015167],
        [-0.482341560771698, 51.563773848259999],
        [-0.482284186611049, 51.563850438146844],
        [-0.482266228508531, 51.563913150448684],
        [-0.482277621663937, 51.563960955810209],
        [-0.482316899897294, 51.564037896445498],
        [-0.482363718083477, 51.564105043287],
        [-0.482422193180991, 51.564168744019113],
        [-0.482515764447411, 51.564261673192767],
        [-0.482660116342323, 51.564389428759696],
        [-0.482940043622728, 51.564605260749047],
        [-0.483069796786492, 51.564738222320877],
        [-0.483129356925698, 51.564812727202337],
        [-0.483178433344132, 51.564898786249564],
        [-0.483219730901317, 51.565001829680277],
        [-0.483241047663061, 51.565098320402299],
        [-0.48324261610205, 51.56513790580739],
        [-0.483038037768947, 51.565128967123627],
        [-0.482997892135899, 51.565294801594355],
        [-0.482827926598098, 51.565503018992629],
        [-0.482599823301407, 51.565723972562274],
        [-0.482874115529006, 51.565979296895193],
        [-0.482976553933501, 51.566066045829018],
        [-0.483210395579562, 51.566236320950615],
        [-0.483469085433789, 51.566397025411312],
        [-0.483535792685665, 51.566430258871272],
        [-0.483589938769513, 51.566450741083642],
        [-0.483632876130839, 51.566461187163178],
        [-0.483683174057034, 51.566467232292531],
        [-0.483877962029282, 51.56646705126694],
        [-0.483941269778947, 51.566472365149203],
        [-0.484134055114316, 51.566532404717151],
        [-0.4843349861715, 51.566607835690633],
        [-0.484556497405681, 51.566671842375975],
        [-0.484651691646275, 51.566716233530762],
        [-0.484691147474828, 51.566744618410212],
        [-0.484733069485323, 51.566785624019161],
        [-0.484771658952573, 51.566840074693459],
        [-0.484783682850019, 51.566869004565817],
        [-0.484652520006841, 51.567298930483211],
        [-0.484560024909168, 51.567563901448025],
        [-0.484386188620731, 51.568148838816526],
        [-0.484303471983301, 51.568336604036332],
        [-0.484297411595778, 51.568388679773619],
        [-0.484302254110716, 51.568416617732481],
        [-0.484331981539563, 51.568477248528517],
        [-0.484473108489521, 51.568615750524764],
        [-0.484560505406255, 51.568721187102376],
        [-0.484581998049171, 51.568769122598177],
        [-0.484584621502892, 51.568820411269073],
        [-0.484579278584109, 51.568850915313803],
        [-0.484522724065464, 51.568989562107092],
        [-0.48451197832147, 51.569052367829727],
        [-0.48450942366595, 51.569215990495749],
        [-0.484481079126703, 51.569330722954916],
        [-0.484369880799838, 51.569550491842953],
        [-0.484259511004587, 51.569875478521467],
        [-0.484138587481974, 51.570170654949322],
        [-0.484117445645551, 51.570242318416909],
        [-0.484108021762613, 51.570308737994765],
        [-0.484101967721583, 51.570577522614407],
        [-0.484042942644087, 51.570877095243581],
        [-0.484024310883667, 51.571046804638378],
        [-0.484033861146985, 51.571193498684295],
        [-0.484058605130808, 51.571273847690428],
        [-0.484101950453326, 51.571358932986918],
        [-0.484152806725598, 51.571435123210918],
        [-0.484212706008854, 51.571499740520466],
        [-0.484251926491392, 51.571535316120524],
        [-0.484607850304096, 51.571810573538521],
        [-0.484832176356496, 51.572007698428983],
        [-0.484968868858675, 51.572149739267793],
        [-0.485035504124556, 51.572228830396362],
        [-0.485082304624246, 51.57229687498387],
        [-0.485125832063283, 51.572376566986918],
        [-0.485177843127816, 51.572504925614503],
        [-0.485228100197671, 51.572729476652739],
        [-0.485357370496247, 51.573008100563044],
        [-0.485462458618652, 51.573623614571225],
        [-0.485492707273191, 51.57371212711589],
        [-0.485550063748954, 51.573809981509307],
        [-0.485554877669154, 51.573838818222981],
        [-0.48554385457246, 51.573866551372824],
        [-0.485528892447548, 51.573882544013031],
        [-0.485455425925932, 51.573922060255413],
        [-0.484912620232199, 51.574102089191925],
        [-0.484821873274954, 51.574140482756391],
        [-0.484733801865173, 51.574185205237463],
        [-0.48463521464767, 51.574242380764048],
        [-0.484562800657479, 51.574293599721372],
        [-0.484374384596219, 51.574491689682468],
        [-0.484194016382558, 51.574664705511324],
        [-0.484055568255953, 51.574835564911702],
        [-0.484007562327739, 51.574933857509293],
        [-0.484002158415919, 51.574966159127605],
        [-0.484015125187501, 51.575053549608484],
        [-0.484047382526509, 51.575125003544727],
        [-0.484145254129092, 51.575262946980573],
        [-0.484204224106715, 51.575312265725877],
        [-0.484269592021404, 51.575342783740673],
        [-0.484308240304421, 51.575352274919851],
        [-0.484397495380809, 51.575358822781972],
        [-0.48479549556776, 51.575324396603861],
        [-0.484932621820284, 51.57532346921559],
        [-0.485014634603499, 51.575330822323693],
        [-0.4851896922373, 51.575360957256628],
        [-0.485334069362965, 51.575402385661555],
        [-0.485463573698635, 51.57545711005276],
        [-0.485551335553932, 51.575508598060225],
        [-0.48567625287583, 51.57561451775787],
        [-0.485731345501543, 51.575650297607304],
        [-0.485805071277394, 51.57568991464926],
        [-0.485974459436, 51.575760439517239],
        [-0.486053020787027, 51.575784832281023],
        [-0.486191331426477, 51.575835173422099],
        [-0.486192773934026, 51.575835192027732],
        [-0.486449092478938, 51.575851985857291],
        [-0.486648645909457, 51.575883333695351],
        [-0.486977975855504, 51.575961314549765],
        [-0.487093774856631, 51.57599427950187],
        [-0.487376408818193, 51.576087842991114],
        [-0.487620006428863, 51.576183600397243],
        [-0.487739388285038, 51.576239091013541],
        [-0.487916691001443, 51.576332195163225],
        [-0.488081440230948, 51.576455710314832],
        [-0.488127552547643, 51.576501264596679],
        [-0.488157856754632, 51.576544816821119],
        [-0.488172531732649, 51.576580974071973],
        [-0.488175994502717, 51.576607095635254],
        [-0.488125181098697, 51.576746717144545],
        [-0.488119451807983, 51.576788905998939],
        [-0.488119145825992, 51.576885117040447],
        [-0.488141879683159, 51.57693936221218],
        [-0.488202179420682, 51.576992292854399],
        [-0.488270318259308, 51.577026441120914],
        [-0.48836430378676, 51.577064519063015],
        [-0.488435715575573, 51.577087019715776],
        [-0.488681109495488, 51.577128845680548],
        [-0.48874542803443, 51.57714765798373],
        [-0.488803797562121, 51.577171788885813],
        [-0.488881736910034, 51.577215055034017],
        [-0.488956433613829, 51.577269069846139],
        [-0.489034146721989, 51.577362688474551],
        [-0.489231707022115, 51.577759083538936],
        [-0.489434050707272, 51.578054828816434],
        [-0.489487093212527, 51.578152625628881],
        [-0.489499522630528, 51.578213032335448],
        [-0.489501645390263, 51.578279600833277],
        [-0.489478082021732, 51.578380907756085],
        [-0.489430799024518, 51.578457630861188],
        [-0.489219853285667, 51.578682414643183],
        [-0.489184199761151, 51.578756589727369],
        [-0.489165869358304, 51.578874149635418],
        [-0.489154936584645, 51.578899186645131],
        [-0.489116844644397, 51.578959842243265],
        [-0.489065709495193, 51.579022128330983],
        [-0.488974759225659, 51.579109978768031],
        [-0.488815081496241, 51.579224819618652],
        [-0.488739272050137, 51.579291283896453],
        [-0.488666049473962, 51.579366773486221],
        [-0.488623688245014, 51.579425575540448],
        [-0.488585964371522, 51.579518607086989],
        [-0.488574058571524, 51.579616467118278],
        [-0.488598587747627, 51.579747167712071],
        [-0.488653632629425, 51.579915128646071],
        [-0.488721845396561, 51.580208248582913],
        [-0.48893491998065, 51.580702857008497],
        [-0.489045933182446, 51.580880530302601],
        [-0.489225033210936, 51.581094148879941],
        [-0.489318068515671, 51.581248211166276],
        [-0.489452102502487, 51.581515201603445],
        [-0.489624065362551, 51.581770091087378],
        [-0.489736692794377, 51.581899227398011],
        [-0.489798324369993, 51.581955771093121],
        [-0.489912263650132, 51.582045359106665],
        [-0.490043396729001, 51.582138765016843],
        [-0.490054670292041, 51.582147002886792],
        [-0.490529086841245, 51.582465129002131],
        [-0.490854673302061, 51.582701310458432],
        [-0.491058526112745, 51.582821727111124],
        [-0.491159292998823, 51.582873377955401],
        [-0.491190497300601, 51.582889964760227],
        [-0.491396568472109, 51.582987030019403],
        [-0.491638411439469, 51.583093546658603],
        [-0.491745218383184, 51.58313718177358],
        [-0.492586205545005, 51.583457311645617],
        [-0.492928095259364, 51.583593884957189],
        [-0.49321840435427, 51.583719004663934],
        [-0.493849764983556, 51.584049922173385],
        [-0.494246089270622, 51.584242940716898],
        [-0.494369382986881, 51.584311962616496],
        [-0.494469533127678, 51.584382485939685],
        [-0.49456235083216, 51.584456511945731],
        [-0.494638033591338, 51.584524922896101],
        [-0.494723162688211, 51.584613237422012],
        [-0.494846284750538, 51.584774874586323],
        [-0.495035027067997, 51.585091116818212],
        [-0.495098058213925, 51.585236696749377],
        [-0.495119854166765, 51.585319702926647],
        [-0.49513381254474, 51.58542149188893],
        [-0.495134750567717, 51.585436790375667],
        [-0.495137760320086, 51.585520454893341],
        [-0.495132261613499, 51.585599514306736],
        [-0.495091534200105, 51.585827389833668],
        [-0.494977481612967, 51.586177516054363],
        [-0.494948800507682, 51.586390259516634],
        [-0.494953923485507, 51.586497330413039],
        [-0.494962479129932, 51.586544198693225],
        [-0.495043063818538, 51.586682810058072],
        [-0.495285557532384, 51.586988950466022],
        [-0.495356934604979, 51.587100467461887],
        [-0.495374474595786, 51.587137559636815],
        [-0.495480944222859, 51.587497706480818],
        [-0.495603269402566, 51.587814894662777],
        [-0.495634229460297, 51.587882731698656],
        [-0.495762292194784, 51.588113669721167],
        [-0.495849484750509, 51.588227187467169],
        [-0.495925086565632, 51.588298294079166],
        [-0.496020830010509, 51.588371457122733],
        [-0.496105653688925, 51.588425596915833],
        [-0.496236383759256, 51.588488417595272],
        [-0.496430839912053, 51.588544860817422],
        [-0.496485018002396, 51.588565337263141],
        [-0.496527504448133, 51.588590159944907],
        [-0.496559771830204, 51.588618448533786],
        [-0.496584765314294, 51.588648442354462],
        [-0.496659853861263, 51.588778889299313],
        [-0.496703041865225, 51.58882620097355],
        [-0.496976403950901, 51.589072486413308],
        [-0.497113481320092, 51.58920552519097],
        [-0.497230417603779, 51.589336507540331],
        [-0.497333804596208, 51.589484401167013],
        [-0.49759014512408, 51.589896819709814],
        [-0.4976888696983, 51.590098605481501],
        [-0.497718094909175, 51.590175411743409],
        [-0.497775181862484, 51.590370370111479],
        [-0.497784976509423, 51.590423548414307],
        [-0.497872832118835, 51.590779857743854],
        [-0.497933340029695, 51.590958674142094],
        [-0.498045854472061, 51.591005073992939],
        [-0.498211799002067, 51.591007197209109],
        [-0.498385225253331, 51.591001323078956],
        [-0.49855116979546, 51.591003445815254],
        [-0.498675347490158, 51.591046397434503],
        [-0.498697774758372, 51.591110527649995],
        [-0.498767385499626, 51.591144688430639],
        [-0.498813878688926, 51.59117945272645],
        [-0.498842996659815, 51.591215793204221],
        [-0.498849619142671, 51.591233861944033],
        [-0.498856212004123, 51.591252829506914],
        [-0.498852813644339, 51.591312133403235],
        [-0.498839225337451, 51.591374004590904],
        [-0.498811266147311, 51.591433893585325],
        [-0.498703390200888, 51.591597067953963],
        [-0.498597925396872, 51.591774660300111],
        [-0.498641455951935, 51.591899306994868],
        [-0.498699938463017, 51.591920736640098],
        [-0.498772703144978, 51.591946844924898],
        [-0.498844854454082, 51.591947767656322],
        [-0.498985390874129, 51.591932479983484],
        [-0.499108987522732, 51.591949346828265],
        [-0.499165384039888, 51.59194647110732],
        [-0.499287597007488, 51.591961521667486],
        [-0.499370700230637, 51.591980568136812],
        [-0.499434807229891, 51.592006565327964],
        [-0.499488576178483, 51.592039623950043],
        [-0.499531740551695, 51.592087833429929],
        [-0.499563212686765, 51.592140389449895],
        [-0.499576310418184, 51.592181020967296],
        [-0.499579366151115, 51.592219725719708],
        [-0.499573556375266, 51.592264611565767],
        [-0.499549452868394, 51.592338937244421],
        [-0.499494859618721, 51.592462329290818],
        [-0.499441184174614, 51.592557857777479],
        [-0.499408015547111, 51.592600595467786],
        [-0.499378266072319, 51.592627191220664],
        [-0.499337001789784, 51.592652740556183],
        [-0.499113659279654, 51.592771277363411],
        [-0.499007507992309, 51.592838259411167],
        [-0.498943738312274, 51.592889597691467],
        [-0.498888537951229, 51.592943743128956],
        [-0.498849418512069, 51.592991799775817],
        [-0.498803400826686, 51.593073937870265],
        [-0.498796473023312, 51.593108918154442],
        [-0.498809078696843, 51.593252052499324],
        [-0.498802180497626, 51.593286133959474],
        [-0.49873373708303, 51.593435425381124],
        [-0.49869941444132, 51.593644500492452],
        [-0.498626682202023, 51.59388006038909],
        [-0.498609673154661, 51.593958073414036],
        [-0.49859046206548, 51.594146660115378],
        [-0.498589400387351, 51.594441584778984],
        [-0.498599196763796, 51.594494762992703],
        [-0.498621892234098, 51.594550803792934],
        [-0.498656251177845, 51.594603396955087],
        [-0.498706365898937, 51.594659788422341],
        [-0.498741317669493, 51.59469440510199],
        [-0.499177167589528, 51.595005707050518],
        [-0.499233322501665, 51.595054082693714],
        [-0.499285000042499, 51.595106897077365],
        [-0.4993376765133, 51.595173212234037],
        [-0.499384491751541, 51.595242150043468],
        [-0.499422589091416, 51.59531277479352],
        [-0.499454528957288, 51.595395010441585],
        [-0.499472185645078, 51.595472567492543],
        [-0.499499297904474, 51.595701311289339],
        [-0.499515982539543, 51.595939812998779],
        [-0.499525973527596, 51.596381448694814],
        [-0.4996298628651, 51.596646242641107],
        [-0.499775597799681, 51.596955632147683],
        [-0.500121604013694, 51.597672221114621],
        [-0.500521812476402, 51.598409283721608],
        [-0.500565827889254, 51.598519548489953],
        [-0.500586581252623, 51.598590850465961],
        [-0.500600118477949, 51.598662060266697],
        [-0.500607172376181, 51.598754768082053],
        [-0.500605566822992, 51.598847365290432],
        [-0.500551539385409, 51.599260307699545],
        [-0.500562205394497, 51.599418703323146],
        [-0.500579710190537, 51.59954481505634],
        [-0.50061688807392, 51.599687363680147],
        [-0.500684167806238, 51.599836591159757],
        [-0.500786293927846, 51.599979969221501],
        [-0.500887776485756, 51.600099060545013],
        [-0.500902587192286, 51.600131620913203],
        [-0.500902580297294, 51.600175681669334],
        [-0.500895830484976, 51.600205269102858],
        [-0.50076157645228, 51.600379797954346],
        [-0.500647786840877, 51.600590556065342],
        [-0.500541857279545, 51.601001037045378],
        [-0.500516869589881, 51.601058266724301],
        [-0.500431869469359, 51.601183968274213],
        [-0.500393099667828, 51.601221239455008],
        [-0.500353212163493, 51.601248605136007],
        [-0.500306344865187, 51.601268688029961],
        [-0.500252408957754, 51.60128418459621],
        [-0.500080941942083, 51.601317062718486],
        [-0.499934277750575, 51.601342164723043],
        [-0.499563038910278, 51.601390473203928],
        [-0.499457409490353, 51.601397215871451],
        [-0.4993361404749, 51.601396564911852],
        [-0.499215138137247, 51.601387824428258],
        [-0.499124564207973, 51.601375876051691],
        [-0.499061443131796, 51.60136337941082],
        [-0.498950019584123, 51.601326885895816],
        [-0.498826643637032, 51.601258767398178],
        [-0.498474816056525, 51.601024971553827],
        [-0.498346548415011, 51.600973874791876],
        [-0.498216215115208, 51.600941634683963],
        [-0.497870097308692, 51.600885052648202],
        [-0.497733309225393, 51.600873411030953],
        [-0.497658108890691, 51.60087694466926],
        [-0.497502073070575, 51.600923504526079],
        [-0.497301016882764, 51.601021641556315],
        [-0.497053506674183, 51.601127276321122],
        [-0.49698301087654, 51.60116324100067],
        [-0.496788041355532, 51.601295624731215],
        [-0.496707401172539, 51.601376419402563],
        [-0.496687569482621, 51.601408536681497],
        [-0.496671088285653, 51.601470370500316],
        [-0.496686686753134, 51.601522723918052],
        [-0.496740394465676, 51.601601642176675],
        [-0.496752197281126, 51.601637761359576],
        [-0.496750980437776, 51.60167461302153],
        [-0.496710426421785, 51.601765812215348],
        [-0.496576467104953, 51.601974509746462],
        [-0.496549384892579, 51.602138716696395],
        [-0.496525597422631, 51.60220315452105],
        [-0.496503056639029, 51.602229841864805],
        [-0.496366201228208, 51.602351279562548],
        [-0.496334406383536, 51.60239583236276],
        [-0.496327593871318, 51.602427217137503],
        [-0.49633038015236, 51.602474011278595],
        [-0.496348835578678, 51.602527300528351],
        [-0.496380400050935, 51.602577160877381],
        [-0.496420832576582, 51.602620840393328],
        [-0.496471606215052, 51.60265745873253],
        [-0.496650145696367, 51.602760455767594],
        [-0.496861824160183, 51.602865675252595],
        [-0.496980277791025, 51.602951716787757],
        [-0.497048896208279, 51.603016438567636],
        [-0.497107262806016, 51.603085525065019],
        [-0.497160795003876, 51.603169836057262],
        [-0.497185173561441, 51.603218704985473],
        [-0.49721504813262, 51.603319797909975],
        [-0.497240048073981, 51.60348107487625],
        [-0.49745434599617, 51.60411955280042],
        [-0.497474404195442, 51.604255588822546],
        [-0.497451713288402, 51.604418053714475],
        [-0.497425592347031, 51.604509437849508],
        [-0.497392728878667, 51.604586348467187],
        [-0.497299902805497, 51.604729931592203],
        [-0.497268274685484, 51.604813152390953],
        [-0.497273711520557, 51.604867174019695],
        [-0.497284161133689, 51.604900578200791],
        [-0.497542187169633, 51.605264460172435],
        [-0.497767689472542, 51.605782587826667],
        [-0.497866991499095, 51.606055416985569],
        [-0.497964920386426, 51.606282369259297],
        [-0.497987808581912, 51.60642023974377],
        [-0.498027000777543, 51.606764235667825],
        [-0.498058669007242, 51.606898621655695],
        [-0.498145734645919, 51.607104753150367],
        [-0.498454709987111, 51.607632039882965],
        [-0.498507627199133, 51.607735225497301],
        [-0.498527530715973, 51.607788532858045],
        [-0.498535026175901, 51.607867758323202],
        [-0.498520316225109, 51.608051006990273],
        [-0.498544887629828, 51.6081817052427],
        [-0.498591705336808, 51.60829470399662],
        [-0.498649991949994, 51.608366486202009],
        [-0.498723247886887, 51.60842227420418],
        [-0.498921668884395, 51.608536312194559],
        [-0.499105071324652, 51.608624081042564],
        [-0.499136118189381, 51.6086460587548],
        [-0.499173938285503, 51.608681611045021],
        [-0.499216791724284, 51.608739707662522],
        [-0.49924512075259, 51.608800316193317],
        [-0.49925609746582, 51.608861602098763],
        [-0.499252549648564, 51.608925399931977],
        [-0.499236306097537, 51.608980043472805],
        [-0.499190865117387, 51.609044204959197],
        [-0.499156714581426, 51.609072542774875],
        [-0.499087473705957, 51.609113919965289],
        [-0.498914316179436, 51.609197130061162],
        [-0.498443792212039, 51.60936375931292],
        [-0.498383359999901, 51.60940075275537],
        [-0.498359491687864, 51.609423826657675],
        [-0.498337591174517, 51.60947480091923],
        [-0.498337937480515, 51.609508075741431],
        [-0.498346708040327, 51.609548651915944],
        [-0.498378892657201, 51.609623697163983],
        [-0.498706383235881, 51.609896746234682],
        [-0.498904069406492, 51.610033254792619],
        [-0.498946191607789, 51.610069761350509],
        [-0.498982243028188, 51.610115182271855],
        [-0.498997114765188, 51.610145945200458],
        [-0.498981771493448, 51.610260846584715],
        [-0.498841707596335, 51.61056658199557],
        [-0.498827786857642, 51.610638339963657],
        [-0.498900298907041, 51.610891942208077],
        [-0.49895618796886, 51.61103652871985],
        [-0.498966957251615, 51.611104106374185],
        [-0.498961321948184, 51.611143599102448],
        [-0.498945195784793, 51.611194647291896],
        [-0.498915958255358, 51.611249124637276],
        [-0.498867745803532, 51.611309653754518],
        [-0.49881098996559, 51.611366476812123],
        [-0.498770914603699, 51.611399234752383],
        [-0.498734111925997, 51.61142034493492],
        [-0.498572701642415, 51.611497410360407],
        [-0.498535631904486, 51.611526609861215],
        [-0.498500974932776, 51.61157022740003],
        [-0.498472883715797, 51.611633711290843],
        [-0.498460553967426, 51.611700993558202],
        [-0.498467466182258, 51.611754134731761],
        [-0.498530780743105, 51.611892522000794],
        [-0.498551803465266, 51.61195573482054],
        [-0.498577672230338, 51.612090945562933],
        [-0.498571443363405, 51.612148414665498],
        [-0.498516970868035, 51.612267311538822],
        [-0.498300956245168, 51.612642212431382],
        [-0.498220377437932, 51.612764372033567],
        [-0.498067860903392, 51.612965640048365],
        [-0.4979627873839, 51.613129748479693],
        [-0.497914531906183, 51.613235236617392],
        [-0.497888307374434, 51.613373377783908],
        [-0.497887525894007, 51.613440807731322],
        [-0.497897908384574, 51.613520070104293],
        [-0.497945451340062, 51.613698719824605],
        [-0.497957248030757, 51.613778899480607],
        [-0.49796421887119, 51.613961526102621],
        [-0.497955477134446, 51.61405133418188],
        [-0.497936421571886, 51.61414730469977],
        [-0.497907200458115, 51.614244943552599],
        [-0.497783442795368, 51.614537398234113],
        [-0.497749811072979, 51.61459361745036],
        [-0.497701890184519, 51.61464515781995],
        [-0.497670740644599, 51.614669936805946],
        [-0.497582424333297, 51.614720061016193],
        [-0.497424422044307, 51.614780982913778],
        [-0.497219517647976, 51.614818824286232],
        [-0.497126108319075, 51.614848201384831],
        [-0.497087650508278, 51.614875584263302],
        [-0.497064717688412, 51.614913956259542],
        [-0.497042780156878, 51.615097112051771],
        [-0.496934413334187, 51.615316927732529],
        [-0.4968817623655, 51.615424157556589],
        [-0.496711284928347, 51.615862582393333],
        [-0.496638794478179, 51.616001929239886],
        [-0.496507263356958, 51.616223246296457],
        [-0.49613553142246, 51.616763399949342],
        [-0.496106286825577, 51.616817876488682],
        [-0.496085883296135, 51.616867071075959],
        [-0.49607387523954, 51.616924465992092],
        [-0.49607115394555, 51.616963096688174],
        [-0.496090101750727, 51.617176449543443],
        [-0.496081741783457, 51.617254572762072],
        [-0.496057945304636, 51.617319010261625],
        [-0.495970079040763, 51.617530095634393],
        [-0.495918498349538, 51.617692189851986],
        [-0.495856673929284, 51.617814588061243],
        [-0.495830969709669, 51.61784932750988],
        [-0.495668063055033, 51.618014491307591],
        [-0.495622696938576, 51.618075954749187],
        [-0.495434679637668, 51.618563608840574],
        [-0.495410452801602, 51.618684690209818],
        [-0.495409833144613, 51.618790787721061],
        [-0.495430277186261, 51.618915139133279],
        [-0.495458832441352, 51.61901261851942],
        [-0.495484482847392, 51.619066899135888],
        [-0.495538297707653, 51.619143121412037],
        [-0.495570347974461, 51.619178600842261],
        [-0.49574301301606, 51.619330080141083],
        [-0.49595310723105, 51.619572857716591],
        [-0.496031499521451, 51.619648495395332],
        [-0.496131342675245, 51.619730702169065],
        [-0.496232927183206, 51.619803939172876],
        [-0.4963235845815, 51.619858152974331],
        [-0.496397568780641, 51.61989237081476],
        [-0.496637621240253, 51.619971876650787],
        [-0.496687267215047, 51.619999488278907],
        [-0.496722385000354, 51.620029611468155],
        [-0.49676353447582, 51.620095779809205],
        [-0.49679934973047, 51.620279674831664],
        [-0.496814074677403, 51.620314932090793],
        [-0.496826512938307, 51.62041939834706],
        [-0.496829704964758, 51.620497669471447],
        [-0.497033633354805, 51.620577611179399],
        [-0.497090499896039, 51.620605315059656],
        [-0.497176185819913, 51.62063518619167],
        [-0.497469639570339, 51.620716272997612],
        [-0.497602975930811, 51.620746753597402],
        [-0.497872715141421, 51.620802358382115],
        [-0.498191578740918, 51.620857691706703],
        [-0.49872650093783, 51.620931972550956],
        [-0.498959144882956, 51.620973612531003],
        [-0.498998507802997, 51.621006486889698],
        [-0.499117050746469, 51.62104756701379],
        [-0.499281236978873, 51.621106315188129],
        [-0.499403925643205, 51.621196903899865],
        [-0.499487153619782, 51.62130137534907],
        [-0.499626103583408, 51.621424542765205],
        [-0.499811265674117, 51.62167958337556],
        [-0.499822461755153, 51.621690516803781],
        [-0.500088251713268, 51.621953780694206],
        [-0.50017557750145, 51.622065497559468],
        [-0.500195251838467, 51.622125995131221],
        [-0.500204877589221, 51.622184565945751],
        [-0.500157972338402, 51.62229276971501],
        [-0.5001371179987, 51.622399507853757],
        [-0.500065648102833, 51.62259551916685],
        [-0.500046296668347, 51.622700478089889],
        [-0.500048494857823, 51.622765248408861],
        [-0.500071159545952, 51.622910308780952],
        [-0.500149184498852, 51.623128911347521],
        [-0.500162245311732, 51.623258562650044],
        [-0.500158400874968, 51.623331348550558],
        [-0.500144033358013, 51.623416588794427],
        [-0.500116165724634, 51.623516942940803],
        [-0.500045938656071, 51.62367520379275],
        [-0.499932826227253, 51.623863489429006],
        [-0.49981942485231, 51.624016702557903],
        [-0.499765542099459, 51.624073562740229],
        [-0.499651483551128, 51.6241152668116],
        [-0.499574466044564, 51.624172730480865],
        [-0.49943310957075, 51.624253650194618],
        [-0.499213023313921, 51.624400104066538],
        [-0.498773369731816, 51.624589609494976],
        [-0.498613573653682, 51.624616340609279],
        [-0.498447308959635, 51.624707731011235],
        [-0.498362534502378, 51.624781280249074],
        [-0.498315572632582, 51.624847220259632],
        [-0.498310498551513, 51.625000918151478],
        [-0.498396154204335, 51.625207030661151],
        [-0.498392108845223, 51.625242047629548],
        [-0.498321279586355, 51.625287000857632],
        [-0.498229936252355, 51.625340683640822],
        [-0.498120729473501, 51.625410323416524],
        [-0.497891155770934, 51.625756275322971],
        [-0.497840888419728, 51.625834761619082],
        [-0.497801342558426, 51.625938562592431],
        [-0.497760142900736, 51.626179919605121],
        [-0.497692948640516, 51.626420944006277],
        [-0.497654398668247, 51.626669528449007],
        [-0.49765677165196, 51.626728905839165],
        [-0.497670994560497, 51.626779442873271],
        [-0.497695682668656, 51.626819323435335],
        [-0.497777304932784, 51.626885109942457],
        [-0.49825629189775, 51.627124129181958],
        [-0.498337124223444, 51.627170122847239],
        [-0.498652987441708, 51.627405255716752],
        [-0.499003285713282, 51.627603960831031],
        [-0.499120777978311, 51.627677398491301],
        [-0.499214075766234, 51.627739736425006],
        [-0.499270359381464, 51.627785415659432],
        [-0.499532026407791, 51.628043232521549],
        [-0.49969772447343, 51.6281883221558],
        [-0.500084735603378, 51.628500791866792],
        [-0.500207000938829, 51.628604862075186],
        [-0.500251673806536, 51.628652190911701],
        [-0.500289066526283, 51.628701225139991],
        [-0.500329072950305, 51.628802446154637],
        [-0.500323932116676, 51.628870719455392],
        [-0.500328108491971, 51.628919329424569],
        [-0.500289602802172, 51.628991672567551],
        [-0.500223923860552, 51.629055575850053],
        [-0.500126857539663, 51.629107388610123],
        [-0.499836487382033, 51.629237659490286],
        [-0.49976529744026, 51.629293399337683],
        [-0.499732220208005, 51.629332541374716],
        [-0.499712051892617, 51.62937454593294],
        [-0.499667335476188, 51.629547519559125],
        [-0.499664141835301, 51.629600531362883],
        [-0.499669676413289, 51.629783139025967],
        [-0.499659163954679, 51.62988281554243],
        [-0.499651192799403, 51.62994925424919],
        [-0.499617038741813, 51.630064814215167],
        [-0.49953878630927, 51.630203189779294],
        [-0.499476784837434, 51.630286921964839],
        [-0.499394385755359, 51.630375788622942],
        [-0.499282686147486, 51.630476869499518],
        [-0.499138975200239, 51.630584734682117],
        [-0.498587697453958, 51.630914885771681],
        [-0.49846890197573, 51.63096821772276],
        [-0.498252776513907, 51.631037389538101],
        [-0.498208825229088, 51.631055710549418],
        [-0.498146770953505, 51.631097179117347],
        [-0.497872604725978, 51.631304983354269],
        [-0.497645049657242, 51.631457633138005],
        [-0.497424458098598, 51.631574403723874],
        [-0.497246997151257, 51.631653959626405],
        [-0.497017017845054, 51.631704967947044],
        [-0.496867365116749, 51.63173002821695],
        [-0.496714972211214, 51.631750557231975],
        [-0.496603435231846, 51.631759020396807],
        [-0.496476397362794, 51.631755595417935],
        [-0.496339576417019, 51.631742153858532],
        [-0.496239011321012, 51.631724680471628],
        [-0.496154571228909, 51.631700219941337],
        [-0.496080508739414, 51.631667799493719],
        [-0.496018446504247, 51.631622044750777],
        [-0.495987653241706, 51.631591976838493],
        [-0.495875601298079, 51.631441274869154],
        [-0.495787703748397, 51.631346632423721],
        [-0.495689756128825, 51.631250062762007],
        [-0.495629228320086, 51.631201629872692],
        [-0.495555434623954, 51.631161119756683],
        [-0.495304085499576, 51.6311156368456],
        [-0.495018656206557, 51.631095793306983],
        [-0.494706619170892, 51.631050430457194],
        [-0.494630251703597, 51.631044056246658],
        [-0.494571066651568, 51.631042398265102],
        [-0.494334758980105, 51.631066344287291],
        [-0.494272625866226, 51.631066446747027],
        [-0.494216478132153, 51.631060331549804],
        [-0.494169174563681, 51.631048934562926],
        [-0.494124878594356, 51.631033979339726],
        [-0.494021143969513, 51.630981394703362],
        [-0.493819318011762, 51.630836732863841],
        [-0.493776213121904, 51.630785824898524],
        [-0.493705309479301, 51.630658128550493],
        [-0.49365537066177, 51.630595443306902],
        [-0.493629969616879, 51.630577133498875],
        [-0.493568581496579, 51.630554765209595],
        [-0.493525343397906, 51.6305515128915],
        [-0.49347031313183, 51.63055530283971],
        [-0.493420702538641, 51.63056995266701],
        [-0.493266436007514, 51.63064710258341],
        [-0.493238667683563, 51.63065663742789],
        [-0.493193508779979, 51.630667747495679],
        [-0.493137123441998, 51.630668822307591],
        [-0.493093885269202, 51.630665569830008],
        [-0.49301504716752, 51.63064657409555],
        [-0.492761619330464, 51.630576780704672],
        [-0.492539399606008, 51.63052447217035],
        [-0.492421299213502, 51.630513064747987],
        [-0.492361995769859, 51.630515000917931],
        [-0.492270531547093, 51.630528213668825],
        [-0.492088540558861, 51.630569937351446],
        [-0.492006679218822, 51.630598559572555],
        [-0.491874729719185, 51.630656211937662],
        [-0.491557630865387, 51.630763639226927],
        [-0.491151701221908, 51.630238687615858],
        [-0.490578918084512, 51.629517363045586],
        [-0.489775812321116, 51.628597048218296],
        [-0.489512940021849, 51.628246576486504],
        [-0.489285380800779, 51.627963998326898],
        [-0.489235689841249, 51.627894120737338],
        [-0.489107254023048, 51.62767216461426],
        [-0.48904781290128, 51.627591371099349],
        [-0.488938871956025, 51.627478468607549],
        [-0.488851843333063, 51.627401815947017],
        [-0.488667439061101, 51.627255570829178],
        [-0.488571567290382, 51.627184199317846],
        [-0.488147109868147, 51.626914370509198],
        [-0.487879189725247, 51.626759855154781],
        [-0.487515352371535, 51.626578926113339],
        [-0.487140691656224, 51.626419437232698],
        [-0.486756890499462, 51.626274216514332],
        [-0.486540376971884, 51.626181506059282],
        [-0.486120251536361, 51.625955786343582],
        [-0.485626840840925, 51.625718329531608],
        [-0.485396699511199, 51.625601162802894],
        [-0.484960820039441, 51.625371638846055],
        [-0.484551723504368, 51.625162241300963],
        [-0.484550279434245, 51.62516222266261],
        [-0.484415159180185, 51.625098433889676],
        [-0.4842379453299, 51.62499723440407],
        [-0.483918273371294, 51.624835747346964],
        [-0.483737514404579, 51.624754283693463],
        [-0.483553448479458, 51.624685365833038],
        [-0.483363277259522, 51.624626260008007],
        [-0.48309566734315, 51.624549967861562],
        [-0.482690149367453, 51.624450312250254],
        [-0.482474467244399, 51.624376488112041],
        [-0.482383457840349, 51.624333049455664],
        [-0.482063522891349, 51.62413648510595],
        [-0.48196264608204, 51.62408572495584],
        [-0.481715678186009, 51.623997107718338],
        [-0.481638720550408, 51.623965539769664],
        [-0.481388922178579, 51.623831925266643],
        [-0.480817852604539, 51.623585350670957],
        [-0.480734222774289, 51.623623833346514],
        [-0.480177414158211, 51.623296512168423],
        [-0.479411772912513, 51.622907136740821],
        [-0.478821109749152, 51.622599152945405],
        [-0.47834982522648, 51.62239342371096],
        [-0.478319922601192, 51.622380447372421],
        [-0.478310236508806, 51.622410894632679],
        [-0.47815010455296, 51.622361161572798],
        [-0.47813581512827, 51.622356480357816],
        [-0.477719678361354, 51.622229693753383],
        [-0.477372162486263, 51.622124477177174],
        [-0.477067184864932, 51.622043190531336],
        [-0.47692724099987, 51.621994616843921],
        [-0.476712332429476, 51.621898312018921],
        [-0.476499681448013, 51.621777757685834],
        [-0.47625770204857, 51.621627148738085],
        [-0.476152386246399, 51.621536761099151],
        [-0.475781395538376, 51.621140793402681],
        [-0.475633819557784, 51.62097522302782],
        [-0.475443312865214, 51.620926890257898],
        [-0.474854030638894, 51.620536177636644],
        [-0.474264155667906, 51.620163438291357],
        [-0.473927323516743, 51.619912679701855],
        [-0.473472375068046, 51.619565968375703],
        [-0.472941386722068, 51.619247040678076],
        [-0.47296945802934, 51.619185360925805],
        [-0.472553675752413, 51.618963245046949],
        [-0.471494459065889, 51.618416233931441],
        [-0.471491601567277, 51.618415297529083],
        [-0.471107320308587, 51.618244840997129],
        [-0.470751894701856, 51.618032496586395],
        [-0.469190510084196, 51.616827900587417],
        [-0.468926077481571, 51.616702161040791],
        [-0.468658728522205, 51.616577282051743],
        [-0.4679302535712, 51.616248561553682],
        [-0.467129086188288, 51.615934173824826],
        [-0.466381389528149, 51.615576418145388],
        [-0.465104795721495, 51.61505528303941],
        [-0.464504838400143, 51.614814544498849],
        [-0.463901939342674, 51.614575562765999],
        [-0.463261570847567, 51.614334289043121],
        [-0.462619704754707, 51.61409479057756],
        [-0.462413210623533, 51.61413614729431],
        [-0.462238079049065, 51.614018755591495],
        [-0.462153036493141, 51.613970883122363],
        [-0.461967816232079, 51.613895621378596],
        [-0.460699434588434, 51.613476155234174],
        [-0.460355429927585, 51.61335564719213],
        [-0.459826395950543, 51.613154480253023],
        [-0.458799445891328, 51.612814592653315],
        [-0.457841909940548, 51.612515172747038],
        [-0.457399435921808, 51.612360091908243],
        [-0.457151909754565, 51.612291197407259],
        [-0.456847719594222, 51.612360034897975],
        [-0.456510202701847, 51.612432030269304],
        [-0.456086137232567, 51.612543350676034],
        [-0.455985762956326, 51.612564510717043],
        [-0.455660494007709, 51.612615983057431],
        [-0.455577595737727, 51.612632876618875],
        [-0.455368834759946, 51.612698469619858],
        [-0.454907400244374, 51.61288932322919],
        [-0.454581474351672, 51.613045091548869],
        [-0.453805612562949, 51.613350496312997],
        [-0.452488615554563, 51.613896045326584],
        [-0.451793474425655, 51.614162935901426],
        [-0.450591457618852, 51.614638942903937],
        [-0.450135141339125, 51.6148055669317],
        [-0.44975981883308, 51.614926500112873],
        [-0.449642820533475, 51.614969016135916],
        [-0.449411496335672, 51.61506037755553],
        [-0.449191414714649, 51.615160879065847],
        [-0.4488999189242, 51.615322481736925],
        [-0.448762403688774, 51.615415980432246],
        [-0.448264312021866, 51.615790660510463],
        [-0.448200361010154, 51.615844666670306],
        [-0.448131373535557, 51.615919287907026],
        [-0.448058701264197, 51.61601723968996],
        [-0.447997364140436, 51.616121635697176],
        [-0.447944474690912, 51.616232437774144],
        [-0.447827582182082, 51.616568093783528],
        [-0.447725580505413, 51.616805933358705],
        [-0.447620347859584, 51.616969096224551],
        [-0.447457365173882, 51.617173757900176],
        [-0.44739338283637, 51.617270924978719],
        [-0.447207426192794, 51.617598473373107],
        [-0.446967094594623, 51.617953177522139],
        [-0.446498770062936, 51.618681630874676],
        [-0.4462883771558, 51.618962995087259],
        [-0.446118407494141, 51.619160368812857],
        [-0.445961399480298, 51.619316550502852],
        [-0.445724579398119, 51.619525627635333],
        [-0.445628455783584, 51.619590896130227],
        [-0.445569626281497, 51.619621589381659],
        [-0.445483148215149, 51.619658210953368],
        [-0.445383736605343, 51.619692862799845],
        [-0.445289608621419, 51.619699709223212],
        [-0.445132349650906, 51.61969402987723],
        [-0.4448688588402, 51.619668959193874],
        [-0.444455021684961, 51.619647291274497],
        [-0.444354104597805, 51.619641458148756],
        [-0.444302647844871, 51.619625489875709],
        [-0.444156910261183, 51.619578598521258],
        [-0.443615984774957, 51.619513880067409],
        [-0.443464563656619, 51.619506477463069],
        [-0.443369699250616, 51.619492630899785],
        [-0.443277015275771, 51.619499494853727],
        [-0.443064888750731, 51.619535347791022],
        [-0.442851779478268, 51.619557699257378],
        [-0.442515972289772, 51.619577523527333],
        [-0.442143206454271, 51.619622034148982],
        [-0.441860510825526, 51.619693815877305],
        [-0.441342976849947, 51.619873980798268],
        [-0.441153548748417, 51.619921821277394],
        [-0.441004918375174, 51.619959412747143],
        [-0.440707194814788, 51.620048077035236],
        [-0.440596659074579, 51.620069988252531],
        [-0.440305550250457, 51.620049935720623],
        [-0.439979542087986, 51.620036612385348],
        [-0.439402828972935, 51.619962406948964],
        [-0.439170981920198, 51.619941340890797],
        [-0.438462040139691, 51.619931913973382],
        [-0.438303584369806, 51.619919015926087],
        [-0.438194714022768, 51.619892390018371],
        [-0.438119237968039, 51.619860813037413],
        [-0.437930289263937, 51.619768378867846],
        [-0.437738909816549, 51.619704686577009],
        [-0.437441796365502, 51.619607215462906],
        [-0.437038078296683, 51.619543393441887],
        [-0.436979157965445, 51.619534516219794],
        [-0.436824518216572, 51.619494690840057],
        [-0.436772940811693, 51.619482314461706],
        [-0.436324813189147, 51.619365744819056],
        [-0.436201815772455, 51.619329936852594],
        [-0.43621107402618, 51.61927071268093],
        [-0.436122706679157, 51.619194002476874],
        [-0.435886626353779, 51.619170175898979],
        [-0.435769250688607, 51.619138938389881],
        [-0.435587458478827, 51.619090656763937],
        [-0.43541973417571, 51.619053352780433],
        [-0.435112823148326, 51.618989015715243],
        [-0.434776489128349, 51.618898208655523],
        [-0.434486142679486, 51.618814308272462],
        [-0.434240153983666, 51.618742688401561],
        [-0.433893716766839, 51.618651744050659],
        [-0.43375189159188, 51.618617480752484],
        [-0.433511216250546, 51.618559418293685],
        [-0.433446832089782, 51.618541474338208],
        [-0.433305193307127, 51.618501817754797],
        [-0.433159285212932, 51.618460305613205],
        [-0.433033436105945, 51.618423557034006],
        [-0.432923438267259, 51.618387919100357],
        [-0.432751573120351, 51.618345160776229],
        [-0.431979123561496, 51.618251220720062],
        [-0.431418948604746, 51.618159212625741],
        [-0.431350271098646, 51.618223937009162],
        [-0.431217626184663, 51.618216769436479],
        [-0.430844763501708, 51.618180314430369],
        [-0.430349098098219, 51.618102651461463],
        [-0.430105046138523, 51.618058924114926],
        [-0.429456912944562, 51.617920770182558],
        [-0.429159876648964, 51.61786374319415],
        [-0.428994770605362, 51.61783455785045],
        [-0.428573475742461, 51.617778564202631],
        [-0.428417064227231, 51.617748595210408],
        [-0.428288302379067, 51.617712701724528],
        [-0.427971413239054, 51.617603252024374],
        [-0.427186930613868, 51.617231264677159],
        [-0.427036002951645, 51.617168096687173],
        [-0.426833597030753, 51.617089851433569],
        [-0.426702230488567, 51.617045828435749],
        [-0.426612018722795, 51.617023038561925],
        [-0.426502913685691, 51.617003592226226],
        [-0.426359002810691, 51.616988175295866],
        [-0.426194692715173, 51.616977879971131],
        [-0.426113841559571, 51.616976796127524],
        [-0.425836202289639, 51.61698566271231],
        [-0.425716431525885, 51.616982258337906],
        [-0.425273025690613, 51.616939444368619],
        [-0.424495612594647, 51.616906534255946],
        [-0.424143395695434, 51.616900008718162],
        [-0.423838449583812, 51.61690490722124],
        [-0.423424037465408, 51.616942504823086],
        [-0.423230292288181, 51.61694799577208],
        [-0.422808587571838, 51.616945928198561],
        [-0.422321539428665, 51.616953771509216],
        [-0.421751313853193, 51.61694430896889],
        [-0.421176507772569, 51.616941975707803],
        [-0.420924160668533, 51.616929589848496],
        [-0.420594380804034, 51.616900875277047],
        [-0.419897066077007, 51.616849229661554],
        [-0.419743145422736, 51.616830972264893],
        [-0.419296165297967, 51.616766506611462],
        [-0.418775554879211, 51.616701047593601],
        [-0.418395708765607, 51.616616800911729],
        [-0.418243452014506, 51.616592269510228],
        [-0.418102214223897, 51.616583172892021],
        [-0.417728032324678, 51.616585324185635],
        [-0.417408394685807, 51.616555838118899],
        [-0.416973064561958, 51.616488823005291],
        [-0.416638860555093, 51.61642137174568],
        [-0.416321195693742, 51.616335259290011],
        [-0.416058550631931, 51.616245392248658],
        [-0.415915611658418, 51.616160736669009],
        [-0.41584342050319, 51.616118399074701],
        [-0.415711625360839, 51.616045583297343],
        [-0.415559649699543, 51.615971595810954],
        [-0.415340695740846, 51.615871526297163],
        [-0.414714317581102, 51.615608594380724],
        [-0.413355027175294, 51.614990460717038],
        [-0.41320613435334, 51.614911116553579],
        [-0.412884464251641, 51.614691857874128],
        [-0.41268629834078, 51.614575878622105],
        [-0.412684854655709, 51.614575859102779],
        [-0.412023890443302, 51.614187455142257],
        [-0.412006848671731, 51.614179131763962],
        [-0.411877733073441, 51.614112642295872],
        [-0.411693350101269, 51.614015731135652],
        [-0.411305976031667, 51.613858523630562],
        [-0.411156149025407, 51.613806140401408],
        [-0.411022453624929, 51.613788145206655],
        [-0.410448003090582, 51.613776771923447],
        [-0.410022469459692, 51.613761118290128],
        [-0.408999859553045, 51.613720288106386],
        [-0.40832665228693, 51.613600560297762],
        [-0.408136593430068, 51.613583596046077],
        [-0.407640886756297, 51.613592160062105],
        [-0.407202083580157, 51.613543045506155],
        [-0.405396626394822, 51.613420522656725],
        [-0.405046614172259, 51.613351924220154],
        [-0.404071930241956, 51.613180417694821],
        [-0.403880568411261, 51.612294793432191],
        [-0.403683158455011, 51.61178765329997],
        [-0.40357150236361, 51.611388684767704],
        [-0.403415247573687, 51.610655503102258],
        [-0.403436415989501, 51.610175613464747],
        [-0.403407551208189, 51.609763383222365],
        [-0.40331023566656, 51.609408670550685],
        [-0.403237454096272, 51.609095655092354],
        [-0.403128470097657, 51.608908935610017],
        [-0.402957409507077, 51.608762735158734],
        [-0.402841707252769, 51.608602900269496],
        [-0.402624693223378, 51.608367052393874],
        [-0.402514987852531, 51.608201004295921],
        [-0.402498761052677, 51.607881564187849],
        [-0.402370788579607, 51.607413133007149],
        [-0.402218256280093, 51.607233013599433],
        [-0.401987212455411, 51.606903455703524],
        [-0.401782113684801, 51.606616513395188],
        [-0.401934510139194, 51.606512481344851],
        [-0.402197544493505, 51.606259787026552],
        [-0.402372946496782, 51.606117401523001],
        [-0.402421815019757, 51.605547967694093],
        [-0.402529759366694, 51.605187954376355],
        [-0.402527501230513, 51.604840828700254],
        [-0.402491823991897, 51.604334987301051],
        [-0.402447605918417, 51.603866796429877],
        [-0.402447762705222, 51.603697747104107],
        [-0.402540187667406, 51.603244903864862],
        [-0.402546581520335, 51.602939259480912],
        [-0.402359388682396, 51.601936790347906],
        [-0.402154608912083, 51.601559032472444],
        [-0.401980661078437, 51.601249134699387],
        [-0.401811865674564, 51.600915927320898],
        [-0.401680052048828, 51.600639873471131],
        [-0.401586434929849, 51.600304092468463],
        [-0.401407465641367, 51.599890716152167],
        [-0.401281917847003, 51.599683087118073],
        [-0.40122295319292, 51.5995941614025],
        [-0.400958855474209, 51.599261453022855],
        [-0.400559585512812, 51.598872050427133],
        [-0.400275409198023, 51.598576833695283],
        [-0.399967439103917, 51.598219246364494],
        [-0.400063746712467, 51.597984965804052],
        [-0.400065546983566, 51.597933735317106],
        [-0.400067084882951, 51.597931058645692],
        [-0.400333369199902, 51.597420339104694],
        [-0.399791466344843, 51.597310442892493],
        [-0.398918089996063, 51.597183434439621],
        [-0.398094532158129, 51.597076881982197],
        [-0.397638739633202, 51.59702300276787],
        [-0.397679075744588, 51.596943523569706],
        [-0.397700904277077, 51.596856598035515],
        [-0.397712808911405, 51.596805505488732],
        [-0.397737049100623, 51.596732101036459],
        [-0.397739895637176, 51.596651210868224],
        [-0.397697049100506, 51.596514845089168],
        [-0.397544203373827, 51.596304141548998],
        [-0.397338755663683, 51.596070239324249],
        [-0.397128031628095, 51.595863241017625],
        [-0.397064212795719, 51.595789533403838],
        [-0.39692836030504, 51.595629416914853],
        [-0.396696006859594, 51.595380758667645],
        [-0.396573049453375, 51.595223515512153],
        [-0.396507118777698, 51.595086833910791],
        [-0.396490429255452, 51.594986793418748],
        [-0.396497613964214, 51.594782770499748],
        [-0.396493254270976, 51.594578589869094],
        [-0.396471288623865, 51.594095413046084],
        [-0.396419525222367, 51.593802462029281],
        [-0.396364660577806, 51.593597591374959],
        [-0.39629297379627, 51.593419467212065],
        [-0.396211616637302, 51.593269985652718],
        [-0.396080889672709, 51.593005629499089],
        [-0.395952593600523, 51.59279525912703],
        [-0.395689608826566, 51.592269222722607],
        [-0.395611299876663, 51.592115286300768],
        [-0.395594662958848, 51.592054811676675],
        [-0.395548384669054, 51.591893220108069],
        [-0.395488781344899, 51.591618145616714],
        [-0.395471069267034, 51.591301380753364],
        [-0.395503936798429, 51.590942145089443],
        [-0.395521292937569, 51.590818291026402],
        [-0.395549287684412, 51.590679295769732],
        [-0.395548297372344, 51.590543501152496],
        [-0.395535858796109, 51.590404852404397],
        [-0.395489690958246, 51.590199200857548],
        [-0.395159636587966, 51.590307090174868],
        [-0.394891524248895, 51.590254866589405],
        [-0.394645297766503, 51.590318940147618],
        [-0.394698307858828, 51.590412284050309],
        [-0.394471820318396, 51.590448751617323],
        [-0.394146495126472, 51.590217699629569],
        [-0.393672392768345, 51.589661793363959],
        [-0.393495550258239, 51.589395903719449],
        [-0.39307145673845, 51.589018723490973],
        [-0.392871803536339, 51.588867619815296],
        [-0.392536809142855, 51.58870656942976],
        [-0.392179065558934, 51.588494850517016],
        [-0.39203337381551, 51.588328298704788],
        [-0.391942379090632, 51.587716486336276],
        [-0.3918905708319, 51.587466694463735],
        [-0.391837161638939, 51.587221376687225],
        [-0.391739041028358, 51.587015910839753],
        [-0.391730464768171, 51.586972631085374],
        [-0.391540807050193, 51.586048338423026],
        [-0.39151891596784, 51.585441968495125],
        [-0.391526096710007, 51.584993359303965],
        [-0.391411647366389, 51.584473843717717],
        [-0.391349576189027, 51.584106113781807],
        [-0.391208254663341, 51.584102378342294],
        [-0.391121190284527, 51.583584136948367],
        [-0.39103415950232, 51.583064996683902],
        [-0.391171594170485, 51.583056090075793],
        [-0.391143935989752, 51.58289924771703],
        [-0.391067952824488, 51.58206733234919],
        [-0.391048404272213, 51.581721766136596],
        [-0.391504973132174, 51.581708241481429],
        [-0.391572337273284, 51.581558096698288],
        [-0.391363179713707, 51.581350209342112],
        [-0.391272519969565, 51.581260843731577],
        [-0.391114964095108, 51.581104019190896],
        [-0.391227092383143, 51.581075882139494],
        [-0.390830274304, 51.580501239536368],
        [-0.390194775981169, 51.57965625524573],
        [-0.389660793972003, 51.578920565975778],
        [-0.389020642452229, 51.578126766293622],
        [-0.388613808486989, 51.577755200758176],
        [-0.388413602790889, 51.57725428666398],
        [-0.38827700901865, 51.576791113577244],
        [-0.387878152528132, 51.575664314029225],
        [-0.387849769367623, 51.575609971223031],
        [-0.387772427626344, 51.57551179352339],
        [-0.38751337059929, 51.575287926717756],
        [-0.388075885663985, 51.574970138083117],
        [-0.387458790796467, 51.574383465221942],
        [-0.387186377516335, 51.574047911357688],
        [-0.386857036889365, 51.573567699835309],
        [-0.38666202140847, 51.57328806066181],
        [-0.38598684231292, 51.572509048188529],
        [-0.385708194366523, 51.572146428453316],
        [-0.38605479133909, 51.571853554965465],
        [-0.386460772863609, 51.571554303222648],
        [-0.385934799179105, 51.570963479178573],
        [-0.385685334282091, 51.570632733186208],
        [-0.385023190580562, 51.569853893865144],
        [-0.384630339662264, 51.56933503439727],
        [-0.384507483855831, 51.56913731403116],
        [-0.384547203061773, 51.569034450882654],
        [-0.38433010950724, 51.568767991792377],
        [-0.383297459890909, 51.56724938047298],
        [-0.383480981877361, 51.567160188466573],
        [-0.382972432142867, 51.56620270968692],
        [-0.382866921874003, 51.565963862440938],
        [-0.382670293774209, 51.565487265194186],
        [-0.38249424170782, 51.565000160563599],
        [-0.382399238990399, 51.564709303043273],
        [-0.382375270406315, 51.56453092759152],
        [-0.382377821975647, 51.564459025365075],
        [-0.382402054739411, 51.564304693990714],
        [-0.382503135568157, 51.56397697366868],
        [-0.382514619303839, 51.563856636802612],
        [-0.382503540378833, 51.563721601460607],
        [-0.382443655106361, 51.563579598850424],
        [-0.382188493457432, 51.563289230971314],
        [-0.382060164207378, 51.563165168109649],
        [-0.381969685853066, 51.563072200405756],
        [-0.382146946809779, 51.562996412437506],
        [-0.382381307352425, 51.562897132439431],
        [-0.381994658022574, 51.562531215630962],
        [-0.381876074545519, 51.562417178310383],
        [-0.381763259687924, 51.562303220414435],
        [-0.381391710386348, 51.561918626185751],
        [-0.38096106669887, 51.561451386573992],
        [-0.380708852850284, 51.561241086352993],
        [-0.380580943052972, 51.561064872918436],
        [-0.380508190444417, 51.560960458802143],
        [-0.380309100157487, 51.560676255709403],
        [-0.380262271973024, 51.560573098468467],
        [-0.380262087205715, 51.560375267899367],
        [-0.380355426669393, 51.560103193871399],
        [-0.380420102456963, 51.559703934369665],
        [-0.380157284125734, 51.559670632506752],
        [-0.380109850528425, 51.559584551974211],
        [-0.380089562955785, 51.559546504740467],
        [-0.380033957138675, 51.559446823082972],
        [-0.380137057764727, 51.559346634669716],
        [-0.380207121737787, 51.559242393270999],
        [-0.380292658124868, 51.559108691187028],
        [-0.380123729110103, 51.558828500833812],
        [-0.379809928721463, 51.558443799128021],
        [-0.379599282033695, 51.558119869456362],
        [-0.379386653352872, 51.557811198720117],
        [-0.379257471722546, 51.557590005167931],
        [-0.379140780540092, 51.557301542578138],
        [-0.379034894607064, 51.55707437599839],
        [-0.378970635089063, 51.55689364452806],
        [-0.37887948872658, 51.556657689213495],
        [-0.378774923299564, 51.556474602335271],
        [-0.378625403104133, 51.55625762309738],
        [-0.378359535177526, 51.55590505216724],
        [-0.378221684314861, 51.555725101628063],
        [-0.37806265206572, 51.555491804209069],
        [-0.377994619762462, 51.555336198117203],
        [-0.377952667828213, 51.555177355623371],
        [-0.377861564956882, 51.554980965659439],
        [-0.377807995535834, 51.554986519631107],
        [-0.37780020819298, 51.55496213305301],
        [-0.37777659041822, 51.554896163533598],
        [-0.377688788057053, 51.554688129197679],
        [-0.378471381933182, 51.55438242126197],
        [-0.380193996757228, 51.553683241206635],
        [-0.380657755231819, 51.553459442077916],
        [-0.380852913839772, 51.553325453874855],
        [-0.381509071047477, 51.553004492793185],
        [-0.381838680296888, 51.552821101906034],
        [-0.381957492875509, 51.552724725435077],
        [-0.381958934580227, 51.552724745315402],
        [-0.382972163581349, 51.552218064933825],
        [-0.38391573231809, 51.551763470399784],
        [-0.384688452278967, 51.551408128260206],
        [-0.385269481007893, 51.551170638644358],
        [-0.386193129137041, 51.5509108823329],
        [-0.386999421628537, 51.550665691537191],
        [-0.387535995772727, 51.550542679686558],
        [-0.388067773134153, 51.550351258859081],
        [-0.388575514726334, 51.550146017265234],
        [-0.388903913246096, 51.550036326008893],
        [-0.388953608146013, 51.550058589588694],
        [-0.389094913575091, 51.550141459338683],
        [-0.390199360286814, 51.549784340392506],
        [-0.3919554924223, 51.549269788537721],
        [-0.392829305825898, 51.548989514483573],
        [-0.3934851634931, 51.548836636696819],
        [-0.393944391527242, 51.548697249953619],
        [-0.394188476614458, 51.548646637547996],
        [-0.394986518751639, 51.548756470562132],
        [-0.39508002991708, 51.54847629426331],
        [-0.395084987174899, 51.548458377698857],
        [-0.395008128621736, 51.548019406977147],
        [-0.394888883776245, 51.547637406332967],
        [-0.39567578232601, 51.547653563584248],
        [-0.39650287520061, 51.547716124996377],
        [-0.396966203670552, 51.547746734816954],
        [-0.397237963343767, 51.547770230094692],
        [-0.397539806607678, 51.54779953091063],
        [-0.397841429280049, 51.547835122463717],
        [-0.398372966391156, 51.547935897858821],
        [-0.39860092301405, 51.54793361393795],
        [-0.398698770041421, 51.547898980591242],
        [-0.398720677484981, 51.547891186601298],
        [-0.398582189745162, 51.547645608425846],
        [-0.398558008905328, 51.547594922173928],
        [-0.398553621129156, 51.547596660723968],
        [-0.398538679180697, 51.547570379457703],
        [-0.398464939044022, 51.547575667510131],
        [-0.398428805526027, 51.547577871963448],
        [-0.398337122758479, 51.547272684705071],
        [-0.398326474106195, 51.547247361232721],
        [-0.398329388753186, 51.547246501800679],
        [-0.398318992597349, 51.547213988027373],
        [-0.398407557850752, 51.547197212591556],
        [-0.398442407317658, 51.547190494527804],
        [-0.39806927830636, 51.546152198906498],
        [-0.397905841578154, 51.545713846415119],
        [-0.397886018515751, 51.545662320283704],
        [-0.397050886584522, 51.545788494528111],
        [-0.397087311888834, 51.545860030422666],
        [-0.396557310589931, 51.545962493449657],
        [-0.396342326654535, 51.545678099875801],
        [-0.396242185318111, 51.545531956918609],
        [-0.396197807897602, 51.545440529240039],
        [-0.396094398204242, 51.545223303182361],
        [-0.395926729323739, 51.544864920388015],
        [-0.395858157611061, 51.544682340682854],
        [-0.395832887525728, 51.54462174752156],
        [-0.395766541599539, 51.544334888778394],
        [-0.395741827668921, 51.544094459389179],
        [-0.395715881717925, 51.544094104630403],
        [-0.395592012570121, 51.544089713232189],
        [-0.395581935152204, 51.544048211354337],
        [-0.395507176994744, 51.543713578781166],
        [-0.395375542600791, 51.542987007947509],
        [-0.395272744230398, 51.542547682226441],
        [-0.397266910334993, 51.542349235584616],
        [-0.397672982080562, 51.542325107619355],
        [-0.399168944257196, 51.542392287231628],
        [-0.400054044234924, 51.542443026466771],
        [-0.400409532514821, 51.542463160188575],
        [-0.401308419478778, 51.542532062276926],
        [-0.40152491237227, 51.542526918950081],
        [-0.402190246171641, 51.542511702489982],
        [-0.402264254446968, 51.542539686874726],
        [-0.403263394767427, 51.542546094589575],
        [-0.403853272642227, 51.542544229294499],
        [-0.404349868291626, 51.54252940262554],
        [-0.404852512098359, 51.542506563116909],
        [-0.405415949196165, 51.542435989896916],
        [-0.407093941271182, 51.542122475136786],
        [-0.407950444991549, 51.541959651826311],
        [-0.407876469882174, 51.541806680164939],
        [-0.408726509094469, 51.541704910332015],
        [-0.409456127415048, 51.541541254357966],
        [-0.41075247821043, 51.541335814731767],
        [-0.411945915734174, 51.541103789838964],
        [-0.412599562160448, 51.540967861061368],
        [-0.413400882505886, 51.540856406134779],
        [-0.413963470395539, 51.54076779615842],
        [-0.414446407243134, 51.54068889774895],
        [-0.414811245852934, 51.540605704182639],
        [-0.415252406631582, 51.540483974809831],
        [-0.415370091805349, 51.540458587781714],
        [-0.415458700328469, 51.540440001696737],
        [-0.415828733001174, 51.540331697034176],
        [-0.416041602115922, 51.540264432024415],
        [-0.416150544688312, 51.540241623842938],
        [-0.416462303335356, 51.54019187888268],
        [-0.416703380251672, 51.54018434174219],
        [-0.416833124728684, 51.540143829288589],
        [-0.417293252594413, 51.540140145700597],
        [-0.417406300024498, 51.54012368625154],
        [-0.417574367343168, 51.540100775026914],
        [-0.417709096877924, 51.540082809279134],
        [-0.41807672966977, 51.540085068937046],
        [-0.418321693597023, 51.540090169925158],
        [-0.418385836873861, 51.540111716606994],
        [-0.418545209854163, 51.540173213224584],
        [-0.418591216195073, 51.540218794195148],
        [-0.41851999882311, 51.540234919404497],
        [-0.41853397601478, 51.540247696845782],
        [-0.418644927752037, 51.54025009152037],
        [-0.418716745361115, 51.540258253193002],
        [-0.418796961821952, 51.540273721748996],
        [-0.4189196397911, 51.540312242885676],
        [-0.418955050323398, 51.540330704405427],
        [-0.419064889793671, 51.540406819510714],
        [-0.419121827161034, 51.540428268689624],
        [-0.419201981779461, 51.540445534567262],
        [-0.419266686508253, 51.540450902415579],
        [-0.419307137534766, 51.540448749739369],
        [-0.419344923844518, 51.540440266629503],
        [-0.419407897994052, 51.540412340047524],
        [-0.419452094446217, 51.540343695701573],
        [-0.41948147261733, 51.540286541549499],
        [-0.419507563279023, 51.540241032929536],
        [-0.419520018916634, 51.54017286020202],
        [-0.419521513405173, 51.54012971790452],
        [-0.419494794873118, 51.540026847218797],
        [-0.419468935272527, 51.539982437220132],
        [-0.419408163483932, 51.539905185077529],
        [-0.419162044082382, 51.539766986618048],
        [-0.419045155090774, 51.539686280512861],
        [-0.418959539429313, 51.539618584755381],
        [-0.418892193904993, 51.539564623403407],
        [-0.418826227556254, 51.539512479032851],
        [-0.418698432335736, 51.539413641244998],
        [-0.418616954707927, 51.539351396305001],
        [-0.418568324076302, 51.539339950226278],
        [-0.418412646618429, 51.539255123778496],
        [-0.418332619022706, 51.539234262188536],
        [-0.418269482076732, 51.539225318080355],
        [-0.418236830643207, 51.539210490411861],
        [-0.418229748765464, 51.539206798066687],
        [-0.41817738653067, 51.539178216382915],
        [-0.418161056892104, 51.539150120480386],
        [-0.418176435881218, 51.53912245207836],
        [-0.418249560310301, 51.539092864529614],
        [-0.418328605626792, 51.539058860666337],
        [-0.418407214644013, 51.539037439914374],
        [-0.418564050355902, 51.53896401970389],
        [-0.418689145959685, 51.538891070721952],
        [-0.419136810163342, 51.538830561278246],
        [-0.419339525152796, 51.538806315947589],
        [-0.419459267780727, 51.538762968210769],
        [-0.419590002037492, 51.538693691104513],
        [-0.419613240204503, 51.538647244813738],
        [-0.419621629633666, 51.538613187553977],
        [-0.419614102660201, 51.538580714337293],
        [-0.419593573015962, 51.538548965191211],
        [-0.419474719573567, 51.53835852848772],
        [-0.419380231090688, 51.538255644002234],
        [-0.419305151346483, 51.538216865371801],
        [-0.419192100446213, 51.538191962574096],
        [-0.419083124351236, 51.538174308313394],
        [-0.418946857637654, 51.538153588542961],
        [-0.418852169846358, 51.538139723480164],
        [-0.418746481478706, 51.538110423382747],
        [-0.418454167949907, 51.538015662422758],
        [-0.418163335997266, 51.537961385499152],
        [-0.417854648630899, 51.537923052991459],
        [-0.417678339622267, 51.537892799585748],
        [-0.417602513849329, 51.537875591018363],
        [-0.417564005039209, 51.537863381807519],
        [-0.417554009732072, 51.537860549342433],
        [-0.417506097920593, 51.537828430497079],
        [-0.417466646686399, 51.537801821057585],
        [-0.417431768659496, 51.537768079548172],
        [-0.417414809235103, 51.537716595372324],
        [-0.417426355921896, 51.537633123864005],
        [-0.417466104112086, 51.537568017105009],
        [-0.417509888042206, 51.537469693706043],
        [-0.41753973427337, 51.537399058056792],
        [-0.417612982399091, 51.537199520400186],
        [-0.41767377246239, 51.53706815523833],
        [-0.417680309094346, 51.53700439892458],
        [-0.417700276769326, 51.536885971454545],
        [-0.417668118369117, 51.536815398750953],
        [-0.417639005834318, 51.536781735052166],
        [-0.417594164544638, 51.536744262336235],
        [-0.417480199604735, 51.536662694799944],
        [-0.417396913191758, 51.536611215170808],
        [-0.417307456819406, 51.536571342083882],
        [-0.417218880645287, 51.536547666726243],
        [-0.417157407099406, 51.536532449910013],
        [-0.417029637599131, 51.536516338604102],
        [-0.416876930944296, 51.536512479725062],
        [-0.416757309935629, 51.536510865561738],
        [-0.416508484938332, 51.536534484073997],
        [-0.416114258768535, 51.536593007181096],
        [-0.415939372047124, 51.536605033576194],
        [-0.415789298019372, 51.536608402571282],
        [-0.415619296568039, 51.536604308527274],
        [-0.41545819215543, 51.536593140651071],
        [-0.415339413783466, 51.536567257531367],
        [-0.415266031214031, 51.536521305451053],
        [-0.415172013767284, 51.536322207490024],
        [-0.415111815961703, 51.536228774840481],
        [-0.415022638225856, 51.536139446753111],
        [-0.414942737504227, 51.536073623603755],
        [-0.41485820118924, 51.536016729951065],
        [-0.414708119379946, 51.535937369361491],
        [-0.414646647518316, 51.535922151242133],
        [-0.414553563064497, 51.53590380824739],
        [-0.41418320257027, 51.535856539585573],
        [-0.414027049542635, 51.535827452283925],
        [-0.413946873795934, 51.535811081739297],
        [-0.413904169107534, 51.535795217713108],
        [-0.413850965899765, 51.535749537529519],
        [-0.413714661909981, 51.53556425413737],
        [-0.413676687229992, 51.535204952502355],
        [-0.413647125670968, 51.535018414556681],
        [-0.413602437920068, 51.534893718151409],
        [-0.413543807513093, 51.534755344913037],
        [-0.413504767456233, 51.534717049820756],
        [-0.413481142716446, 51.534691552232609],
        [-0.413404695211373, 51.53465095281544],
        [-0.413316187336272, 51.534625476960393],
        [-0.41321333052667, 51.534598008533166],
        [-0.413086852791173, 51.534586406456995],
        [-0.412700873797995, 51.534573991316535],
        [-0.412520979831181, 51.534564363588686],
        [-0.41242479784289, 51.534552271501219],
        [-0.412326233933915, 51.534525759600875],
        [-0.41226927586791, 51.534505205988587],
        [-0.412202417443376, 51.534479123048833],
        [-0.412154325302916, 51.534452394835618],
        [-0.412099246404556, 51.534419277508881],
        [-0.41205037003456, 51.534373655042742],
        [-0.412009984246681, 51.534332643571815],
        [-0.411961639775361, 51.534271741546107],
        [-0.411920907753231, 51.534199252696339],
        [-0.411883151971388, 51.534124106461725],
        [-0.411832647313571, 51.53408385717232],
        [-0.41108445508353, 51.534287740794234],
        [-0.410965087668134, 51.534196202231008],
        [-0.41093842585665, 51.53417515908032],
        [-0.410681590098797, 51.534180672308054],
        [-0.410284962948413, 51.534142926815015],
        [-0.409570126926242, 51.53401004562042],
        [-0.409395781182817, 51.534006782828897],
        [-0.407417907276627, 51.533585193706656],
        [-0.406941307350401, 51.533525669198085],
        [-0.40565024189889, 51.533296814694857],
        [-0.405500024731952, 51.533263300523288],
        [-0.405249684224686, 51.533206843951817],
        [-0.405061496376544, 51.533187200587882],
        [-0.404959460739892, 51.533177720431006],
        [-0.404827696068859, 51.533152549239688],
        [-0.404658714264494, 51.533119678066846],
        [-0.404583902681707, 51.53311506387174],
        [-0.404396873795508, 51.533103528175779],
        [-0.402530051290137, 51.532889287784649],
        [-0.401399917543442, 51.532718329086791],
        [-0.400104761478545, 51.532525326316609],
        [-0.398605741326254, 51.532307945368075],
        [-0.396978587080791, 51.532044732652643],
        [-0.396826497549119, 51.532023770816458],
        [-0.396268356811417, 51.531946902506654],
        [-0.395881249207325, 51.53192632344814],
        [-0.3953420536356, 51.531884779363459],
        [-0.394464301532863, 51.531754073317238],
        [-0.39355564250246, 51.531600456944155],
        [-0.392345827739599, 51.531401342889069],
        [-0.390569117776942, 51.531006503463139],
        [-0.389844081691232, 51.530879656036404],
        [-0.389603068594746, 51.530845774430411],
        [-0.389278889205017, 51.530799060644263],
        [-0.389273705132773, 51.530619145150155],
        [-0.388873812443875, 51.530430212895382],
        [-0.388390332306905, 51.530199666052546],
        [-0.387861697808676, 51.5299415200395],
        [-0.387155190013902, 51.529576616633605],
        [-0.387115541406323, 51.529556288664118],
        [-0.386878042611055, 51.529912712056813],
        [-0.386722388771802, 51.530156059291883],
        [-0.386640828052285, 51.530383340058854],
        [-0.386637564786065, 51.530394085845053],
        [-0.385868387499832, 51.530374513315543],
        [-0.385683250875769, 51.530309919622567],
        [-0.384531699876101, 51.530014410274418],
        [-0.383998898014214, 51.529915351670162],
        [-0.382474577283705, 51.529643461738651],
        [-0.381627167569251, 51.529513077495338],
        [-0.380990564702202, 51.529414371623957],
        [-0.379633568382269, 51.529222086743587],
        [-0.379052341529657, 51.529147514934586],
        [-0.377664916826904, 51.529041112157756],
        [-0.376968195931097, 51.528971227350937],
        [-0.376524700521568, 51.528915633606616],
        [-0.376377241974846, 51.528886616213526],
        [-0.376282073363131, 51.528846632467754],
        [-0.376205317450787, 51.528815895731427],
        [-0.376204100333609, 51.528809584322801],
        [-0.376202659388447, 51.5288095643783],
        [-0.376203011118597, 51.52879967779181],
        [-0.37627082107553, 51.527379843587354],
        [-0.376238168697208, 51.526919888487363],
        [-0.37615064611738, 51.526665096022697],
        [-0.376111856230049, 51.526377706790441],
        [-0.375987119210708, 51.525912879935817],
        [-0.375954483658741, 51.525736180313743],
        [-0.375929148487612, 51.525556884071882],
        [-0.375969768402445, 51.525306563000704],
        [-0.376096933357184, 51.525054742276488],
        [-0.37618119835821, 51.524914730569002],
        [-0.376374480919456, 51.524708785902561],
        [-0.376547978835, 51.524572706577345],
        [-0.376633043103641, 51.524450690081906],
        [-0.37698362464577, 51.524239727242112],
        [-0.377154550895086, 51.524013689073136],
        [-0.377700489096637, 51.523335132420975],
        [-0.378375643089519, 51.522467724058714],
        [-0.378547772944408, 51.522247995069222],
        [-0.378916424230275, 51.521811571073684],
        [-0.379107369269121, 51.521548938522322],
        [-0.379337466493748, 51.521279652777665],
        [-0.379929829127283, 51.520631401538857],
        [-0.380209091279103, 51.520357397727274],
        [-0.380831530220359, 51.519754518455052],
        [-0.380920972387388, 51.519711690998456],
        [-0.381404906992869, 51.519152757403575],
        [-0.381733964222906, 51.518693297672634],
        [-0.381776404235845, 51.518634534347001],
        [-0.381901207343106, 51.518529248261189],
        [-0.38209137177894, 51.518369111647253],
        [-0.382471863649713, 51.518084808712601],
        [-0.382572563266454, 51.518008863947195],
        [-0.382569228411995, 51.517980942019463],
        [-0.382609525655122, 51.517941931779191],
        [-0.382618519500222, 51.517932164319753],
        [-0.382866017350341, 51.517943669518012],
        [-0.383402345902542, 51.517532023536702],
        [-0.383442546575175, 51.517495709354257],
        [-0.38372999815209, 51.517233499993942],
        [-0.383930616521532, 51.517062713772845],
        [-0.384258621176207, 51.516794767238672],
        [-0.384587468122176, 51.516584381735044],
        [-0.384650875013707, 51.516543890595003],
        [-0.384844749078708, 51.516441350979775],
        [-0.384988753233963, 51.516363302735684],
        [-0.385240597616232, 51.516251669111853],
        [-0.386108962433394, 51.515904829076995],
        [-0.386776817436061, 51.515644248480967],
        [-0.388618441910449, 51.514916910685471],
        [-0.38902261939075, 51.51473542357725],
        [-0.389383627915793, 51.514511078843313],
        [-0.389569015783507, 51.514362554542195],
        [-0.390017847437432, 51.513936188952918],
        [-0.390170908863383, 51.51372337512197],
        [-0.390385199134559, 51.513408889761031],
        [-0.390441270878386, 51.513208232999432],
        [-0.390442869728411, 51.5132037588183],
        [-0.390518695555761, 51.513015062983058],
        [-0.390633159533783, 51.512834091009061],
        [-0.3907578335226, 51.512567832711348],
        [-0.390916428531415, 51.512197729606783],
        [-0.391086860898109, 51.511818796402245],
        [-0.39154730006135, 51.510734352105729],
        [-0.392248182319217, 51.509164023780912],
        [-0.392639976238579, 51.508308835552],
        [-0.392769737180162, 51.508020164141584],
        [-0.392861275489183, 51.507793914595368],
        [-0.392946833360808, 51.507655707040065],
        [-0.393020520600914, 51.507527228262212],
        [-0.393117410017604, 51.507394571172782],
        [-0.393297262262932, 51.507197407055401],
        [-0.393415771963588, 51.507105510974867],
        [-0.39358627105839, 51.506969365577156],
        [-0.393723345007598, 51.506882219555195],
        [-0.393893260067188, 51.50680361608778],
        [-0.393943082261267, 51.506780019221829],
        [-0.393992904404061, 51.506756422334171],
        [-0.394044103558502, 51.50673464272802],
        [-0.39409527106619, 51.506713761890936],
        [-0.394359970603233, 51.506603184112485],
        [-0.395002937047098, 51.506348511065433],
        [-0.395735045327209, 51.506058185559667],
        [-0.396494571880461, 51.505766431898202],
        [-0.397755557075106, 51.505268408191689],
        [-0.399070243435507, 51.504758514853592],
        [-0.399869903367209, 51.50443041905406],
        [-0.400489884400792, 51.504213169979757],
        [-0.401225287436631, 51.504032560720589],
        [-0.40130509502325, 51.504016563258205],
        [-0.401518436978158, 51.503972711238582],
        [-0.401730432687207, 51.503926142815594],
        [-0.40194111355698, 51.503875959200393],
        [-0.402150448104909, 51.503823059195462],
        [-0.402210061130186, 51.503807685237391],
        [-0.402282729987483, 51.503789791418761],
        [-0.40235399004721, 51.503770979141962],
        [-0.402425218618054, 51.503753065617325],
        [-0.402496509992924, 51.50373335445677],
        [-0.402566361134854, 51.503713623638319],
        [-0.402636275070672, 51.503692095185393],
        [-0.40270478019574, 51.503669648281743],
        [-0.402770436337715, 51.503646263318331],
        [-0.402782114818519, 51.503641926228347],
        [-0.402856663276659, 51.503611468513554],
        [-0.402931243056798, 51.503580111954086],
        [-0.40300300523928, 51.503546918536387],
        [-0.403073358569613, 51.503512806669676],
        [-0.403142303046608, 51.503477776356441],
        [-0.40320987008443, 51.503440928802704],
        [-0.403276028264361, 51.503403162807253],
        [-0.403339306011529, 51.503365357564569],
        [-0.403402615065275, 51.503326653490049],
        [-0.403464546672371, 51.503286132184257],
        [-0.403525069420171, 51.503244692445882],
        [-0.40358274315198, 51.503202314675733],
        [-0.403639008027473, 51.503159018478669],
        [-0.40369386404716, 51.503114803856775],
        [-0.403889369755322, 51.502921433602339],
        [-0.404272955739, 51.502540885670214],
        [-0.405141901547105, 51.501587836779329],
        [-0.40516438164222, 51.501562964172258],
        [-0.40634157473404, 51.500321849501567],
        [-0.406905196963529, 51.499693754753068],
        [-0.4069801450506, 51.499610245638742],
        [-0.407270687360541, 51.49970681151688],
        [-0.407689049417988, 51.499897732097033],
        [-0.408369756743146, 51.500085017707349],
        [-0.40928526408195, 51.500315049836374],
        [-0.40968083642353, 51.499960724441316],
        [-0.410659838846565, 51.498199825617675],
        [-0.4108670533297, 51.497792587143891],
        [-0.410891435139291, 51.497712886540931],
        [-0.41090670593155, 51.497605186540717],
        [-0.410902631734665, 51.497515208921996],
        [-0.41088901120646, 51.497451179461997],
        [-0.410606862240671, 51.496616473077587],
        [-0.410574423582223, 51.496430793265404],
        [-0.410562585773832, 51.496315532121066],
        [-0.410565962122114, 51.496218461641085],
        [-0.410590843743983, 51.496124380264938],
        [-0.410625210849516, 51.496047512687632],
        [-0.410685934282522, 51.495958413109371],
        [-0.410969429222935, 51.495677200198642],
        [-0.411044331934881, 51.495594587112031],
        [-0.411202773578319, 51.495388113460919],
        [-0.411309785805576, 51.495210617376181],
        [-0.411408248834988, 51.494988943396294],
        [-0.41160451011098, 51.494025834366553],
        [-0.411647910495234, 51.493813305898669],
        [-0.411889954625371, 51.492444366680743],
        [-0.411947209659816, 51.492123219459586],
        [-0.411950963743009, 51.492098091995373],
        [-0.412483913795124, 51.489320407295317],
        [-0.412618405687528, 51.488682878578246],
        [-0.412623407617124, 51.488621798960146],
        [-0.412637800755778, 51.488580629407643],
        [-0.412672786657049, 51.488527149416484],
        [-0.412723453108819, 51.488478377766342],
        [-0.412871983580153, 51.488390465386111],
        [-0.412926687887162, 51.488349841320669],
        [-0.412976070206578, 51.488296556058231],
        [-0.413007988872532, 51.488248429813368],
        [-0.413030609759573, 51.488177697113237],
        [-0.413043674684682, 51.488008819540816],
        [-0.413089482006389, 51.487892540080701],
        [-0.41315100073214, 51.487780070089627],
        [-0.41319193131396, 51.487721275025784],
        [-0.413307060610445, 51.487599638828613],
        [-0.413372340428893, 51.487544770029928],
        [-0.413389019126454, 51.487520716586118],
        [-0.413405537206575, 51.487459792726483],
        [-0.413401026410241, 51.487423762686646],
        [-0.413375139021005, 51.487381148871492],
        [-0.413342298381709, 51.487289882807289],
        [-0.413365141210622, 51.487254222830693],
        [-0.413415181562847, 51.487223426920238],
        [-0.413458839301884, 51.487210529152549],
        [-0.413541118272046, 51.48720534762235],
        [-0.413718825142308, 51.487231131255754],
        [-0.413803203727752, 51.48724845857501],
        [-0.413855062722274, 51.487248260738205],
        [-0.413927638328525, 51.487232156996818],
        [-0.413985001322456, 51.487197862975307],
        [-0.414002932119645, 51.487179221730123],
        [-0.414222496934036, 51.486828795227012],
        [-0.414535484560206, 51.486525491823436],
        [-0.414586047554085, 51.486438051282263],
        [-0.414644893749261, 51.486277885432671],
        [-0.414645828881259, 51.486250921310905],
        [-0.414633745003001, 51.486225579647481],
        [-0.414609988248803, 51.486204576312218],
        [-0.414576029429036, 51.486187031955936],
        [-0.414534716630703, 51.486173884298601],
        [-0.414494594092542, 51.486167946521789],
        [-0.414462984632036, 51.486165720727001],
        [-0.414137758855711, 51.486199090815042],
        [-0.414081831621537, 51.486192039952854],
        [-0.414057669767784, 51.486182720957586],
        [-0.414014382189022, 51.486143468871205],
        [-0.414007807725176, 51.486125395451303],
        [-0.414008743227829, 51.486098431337126],
        [-0.414025639329123, 51.486068086162902],
        [-0.414042005302042, 51.486053020651049],
        [-0.414686680660871, 51.485654387827054],
        [-0.415174334624344, 51.484840885130311],
        [-0.415618579447262, 51.48411581727526],
        [-0.41586789399117, 51.483862006715498],
        [-0.415961032280821, 51.483709497193175],
        [-0.41605147768861, 51.483551555871138],
        [-0.416150454334687, 51.483147341852444],
        [-0.416191151617605, 51.483053472783084],
        [-0.416233388929806, 51.482998291204012],
        [-0.416282761505689, 51.482945004419271],
        [-0.41635087893547, 51.482891071517876],
        [-0.4166533355748, 51.482724302576834],
        [-0.416699050156357, 51.482693446874066],
        [-0.416776301830279, 51.482625249436161],
        [-0.416841375725591, 51.482534406907895],
        [-0.416860050456526, 51.482494193851494],
        [-0.416867240177525, 51.482452926524644],
        [-0.416861443161603, 51.482412383108226],
        [-0.416838434284414, 51.482369808884648],
        [-0.416799528608229, 51.482328818500129],
        [-0.416757432735859, 51.482296777290898],
        [-0.416705042494922, 51.482270891663624],
        [-0.416575634966226, 51.482223283954092],
        [-0.416531881938094, 51.482197514867856],
        [-0.416489000606551, 51.4821465792118],
        [-0.416478480760573, 51.48211766193716],
        [-0.416476722453163, 51.482085266064431],
        [-0.416502026944772, 51.482019964258363],
        [-0.416614130500901, 51.481569167287155],
        [-0.416757783376829, 51.481163757424312],
        [-0.416828604951195, 51.48086527128897],
        [-0.416801994118785, 51.480635609406761],
        [-0.416744159177812, 51.480434301196631],
        [-0.416664616300908, 51.480277661166099],
        [-0.416427475304126, 51.48005594722018],
        [-0.416351512742082, 51.479962301137945],
        [-0.416312041749732, 51.479896124596621],
        [-0.416076597671287, 51.47933452530021],
        [-0.416047296889193, 51.479265788344335],
        [-0.415888327832779, 51.479032539896572],
        [-0.415784718336685, 51.478822519750437],
        [-0.415603095605252, 51.478578174133162],
        [-0.415318339669686, 51.477736247405936],
        [-0.415275768763848, 51.477634958748069],
        [-0.415233166892262, 51.477534568880337],
        [-0.415031513246529, 51.477203625826206],
        [-0.414966169375774, 51.476720757109867],
        [-0.414950423930953, 51.476053317993859],
        [-0.415464023166713, 51.475194303499038],
        [-0.41569585489392, 51.474903388642183],
        [-0.415723595231314, 51.474642987600348],
        [-0.415788444564968, 51.474392080146984],
        [-0.415844823196208, 51.474011569523782],
        [-0.415816467093645, 51.473957232828653],
        [-0.41577503333407, 51.473906316358637],
        [-0.415691162762356, 51.473791880640832],
        [-0.415540184738267, 51.473702615721884],
        [-0.415360080069295, 51.473622848508064],
        [-0.414974315485232, 51.473494440771802],
        [-0.414891494390852, 51.473474437506169],
        [-0.414838928306021, 51.473453943940008],
        [-0.414786704962473, 51.473423563483493],
        [-0.414747497029778, 51.473391560499635],
        [-0.414571289741443, 51.473199441332277],
        [-0.414482838904559, 51.472968043236179],
        [-0.414403882938527, 51.472836587685606],
        [-0.414238974660344, 51.472650915356333],
        [-0.413978618669522, 51.472518804740893],
        [-0.413832282786508, 51.472461972542142],
        [-0.413747333838595, 51.472420358210762],
        [-0.413685256263336, 51.472383549355477],
        [-0.413608033546024, 51.472326752571959],
        [-0.413545140561869, 51.472271948058847],
        [-0.413524300977082, 51.472250084657553],
        [-0.413280140134454, 51.471983307428012],
        [-0.413135035501342, 51.471725064010734],
        [-0.413121516954174, 51.471699702695197],
        [-0.413046131460259, 51.471548511482396],
        [-0.412978508182188, 51.471422603644392],
        [-0.412853728831582, 51.471325596685041],
        [-0.412080082937546, 51.470923958727376],
        [-0.411640995107285, 51.470632057452512],
        [-0.411333194887385, 51.470457034445879],
        [-0.411282685250143, 51.470253124592972],
        [-0.411154483182527, 51.469881804833484],
        [-0.41119071076834, 51.469875101874315],
        [-0.412857302031257, 51.469355436771295],
        [-0.414498207538994, 51.468869571474521],
        [-0.416136542773772, 51.468373757114492],
        [-0.417443193615989, 51.467975955942627],
        [-0.417781127599228, 51.467862717444341],
        [-0.417782566653114, 51.467862736861953],
        [-0.418858496015106, 51.467558023950801],
        [-0.419679308855658, 51.467302917672541],
        [-0.420161652443858, 51.467134967157691],
        [-0.420238415252502, 51.466996621082302],
        [-0.420267658756935, 51.466858534002846],
        [-0.420290412329028, 51.466783305418318],
        [-0.420512848151079, 51.466720658250935],
        [-0.420813285478986, 51.466817325242488],
        [-0.420997387375946, 51.466822502184669],
        [-0.421436140944683, 51.46674927759058],
        [-0.421725681828007, 51.466702818364382],
        [-0.421963869771072, 51.466600814461962],
        [-0.422097871492435, 51.466555857918472],
        [-0.422367251170553, 51.466467761346173],
        [-0.423468777549421, 51.466003288256239],
        [-0.424349434792841, 51.465639248317999],
        [-0.425832060748748, 51.465018012654781],
        [-0.427058874606579, 51.464508428151909],
        [-0.428385855783021, 51.463931832235531],
        [-0.429551221198851, 51.463449274252611],
        [-0.429900244319698, 51.463304676606171],
        [-0.430625510108338, 51.462977175763442],
        [-0.431694227877978, 51.46254096207165],
        [-0.432638534836967, 51.462121959520026],
        [-0.433598860175446, 51.461739132491076],
        [-0.433860169608466, 51.461464761859595],
        [-0.434002252233476, 51.461267031122489],
        [-0.434291632811373, 51.460971452986549],
        [-0.434560558357609, 51.460684593320451],
        [-0.434852053018939, 51.46032699535813],
        [-0.435108605882243, 51.46002288396631],
        [-0.435453911788201, 51.45964891736444],
        [-0.435661962399364, 51.459373832069055],
        [-0.435714850769821, 51.45921627367894],
        [-0.435942641409632, 51.458953141193149],
        [-0.436207908895473, 51.45860418228294],
        [-0.43634149323559, 51.458401839233005],
        [-0.436457452030604, 51.458125524352674],
        [-0.436633732149207, 51.457684555825082],
        [-0.435742693812283, 51.457391213530059],
        [-0.434747586756722, 51.457110862793208],
        [-0.435061510914167, 51.456854277149539],
        [-0.435331129737065, 51.456883053829358],
        [-0.435635554771417, 51.456904201233378],
        [-0.436153678947085, 51.456905717611079],
        [-0.436770649560395, 51.456878875098283],
        [-0.437293185715995, 51.45683548388913],
        [-0.438434744179646, 51.456705018195343],
        [-0.438841137094951, 51.456690646943358],
        [-0.439570965293912, 51.456688672240794],
        [-0.43981873116889, 51.456682977119236],
        [-0.440316589868991, 51.456645538670578],
        [-0.440808569194932, 51.456696144186928],
        [-0.441479838726052, 51.456807580705153],
        [-0.441609874133136, 51.456581804652984],
        [-0.441917418185982, 51.456130882973447],
        [-0.442615041765333, 51.455171683745277],
        [-0.443153445221136, 51.454449560748465],
        [-0.444003987325655, 51.453266677595948],
        [-0.444813746582545, 51.453325080252156],
        [-0.44633899854504, 51.453463100319674],
        [-0.447340777802519, 51.453546510486305],
        [-0.448146816156074, 51.453630019142615],
        [-0.448805294746729, 51.453735849226931],
        [-0.449421934241608, 51.453844719194876],
        [-0.450245726582472, 51.454041750714481],
        [-0.451221627436486, 51.454252475710433],
        [-0.452385373235234, 51.454526819523579],
        [-0.452960534396737, 51.454671092319032],
        [-0.453783404520547, 51.454853699012745],
        [-0.453947861055969, 51.454927805757578],
        [-0.454092158003728, 51.455044809322892],
        [-0.454126611618544, 51.455217914994364],
        [-0.454035797034622, 51.455349803073851],
        [-0.453930632711093, 51.455395176162298],
        [-0.453934929933423, 51.455438395677916],
        [-0.453981768990184, 51.455457897041867],
        [-0.453988871341212, 51.455460688369513],
        [-0.454128860921487, 51.455492208601477],
        [-0.454517471066307, 51.455535099067383],
        [-0.454739588125548, 51.455564104167948],
        [-0.455155474001394, 51.455609150434249],
        [-0.455229454205666, 51.455592140632824],
        [-0.455432717309735, 51.455625392141926],
        [-0.455475778643755, 51.455500966993199],
        [-0.455454986997368, 51.455477313229501],
        [-0.455353663760658, 51.455366272874073],
        [-0.455370750606024, 51.455286466865296],
        [-0.455395481264287, 51.455278699628053],
        [-0.455410019784094, 51.455274395023181],
        [-0.455440565834568, 51.455264905933795],
        [-0.455455134680922, 51.455259702496896],
        [-0.455471111872501, 51.455255416836351],
        [-0.455487089061124, 51.45525113117359],
        [-0.45550303591267, 51.455247744335011],
        [-0.455518952428088, 51.455245256320588],
        [-0.455534868941817, 51.455242768304018],
        [-0.455553662819621, 51.455240318186917],
        [-0.455573865045568, 51.455238785843775],
        [-0.45559403693791, 51.455238152323538],
        [-0.455614208829767, 51.455237518799827],
        [-0.455634350389606, 51.455237784099069],
        [-0.455654491949755, 51.45523804939485],
        [-0.455674603179465, 51.455239213513629],
        [-0.455694684079919, 51.455241276455411],
        [-0.455700438811961, 51.455241352251605],
        [-0.455720519714611, 51.455243415188974],
        [-0.455739161935975, 51.455245459174392],
        [-0.455759182184125, 51.455249319758117],
        [-0.455779232764424, 51.455252281511974],
        [-0.45579781433553, 51.455256123141098],
        [-0.455816365581828, 51.455260863593779],
        [-0.455834916832022, 51.455265604043568],
        [-0.455853468086113, 51.455270344490458],
        [-0.455871958690281, 51.455276882587469],
        [-0.456362365431368, 51.455374161841029],
        [-0.456814610615827, 51.455493417416847],
        [-0.457335081890301, 51.455681010840117],
        [-0.457870307985348, 51.455943431717415],
        [-0.458660936760938, 51.45631531644915]
      ]
    ]
  }
}
