{
  "type": "Feature",
  "properties": {
    "name": "Maldon",
    "level": 1,
    "center": [0.74, 51.72]
  },
  "geometry": {
    "type": "Polygon",
    "coordinates": [
      [
        [0.593463477072487, 51.755444901637546],
        [0.593594051005801, 51.7554160215108],
        [0.593679128975627, 51.75538351329754],
        [0.593721794423767, 51.755371409770355],
        [0.593932857943228, 51.75531153126994],
        [0.594034717598798, 51.75528263992519],
        [0.594276387102776, 51.7551851189264],
        [0.594428933084103, 51.755097153908636],
        [0.594455219221126, 51.75508613932473],
        [0.594473158303673, 51.75507861519461],
        [0.594495407909054, 51.755073031132],
        [0.594530296927967, 51.75506428544413],
        [0.594884621568724, 51.75500460294627],
        [0.594937631174293, 51.75488665820869],
        [0.59493720040244, 51.75488639144358],
        [0.594856943077672, 51.754836508991225],
        [0.594791426829356, 51.75479579572578],
        [0.594791133654985, 51.75479559959578],
        [0.594790378844055, 51.75479356259074],
        [0.594768604812257, 51.75473417377592],
        [0.594786700016216, 51.754686659347705],
        [0.59480961149297, 51.75467191576605],
        [0.595044806086579, 51.754520541964844],
        [0.595047210392582, 51.75451899695341],
        [0.595048827605475, 51.75451536960493],
        [0.59505841120764, 51.754493847598674],
        [0.595059844667478, 51.754490638727304],
        [0.59504617931011, 51.75445777784687],
        [0.595038851786146, 51.75444954080349],
        [0.594853565919943, 51.75424169011556],
        [0.594857264367758, 51.754100660016746],
        [0.594857415258448, 51.75410044487022],
        [0.59488567437571, 51.754059143247595],
        [0.594978389212819, 51.75394998209792],
        [0.594990022943747, 51.753936270352185],
        [0.595004142199367, 51.75392683208167],
        [0.596052377208577, 51.7532257872289],
        [0.596259786154489, 51.75308377362713],
        [0.596402228661553, 51.75297790524122],
        [0.596441206405766, 51.752946828120145],
        [0.596895608148355, 51.75248486594069],
        [0.597110848619761, 51.752290396384204],
        [0.597323584987442, 51.75214723159439],
        [0.597403830604049, 51.752093231559],
        [0.597508741105908, 51.75201034910359],
        [0.597913247440945, 51.751690756713366],
        [0.598229666357945, 51.7515709178336],
        [0.598418219138085, 51.75148787926194],
        [0.598513211396665, 51.751446040113315],
        [0.59853398066847, 51.751436159617164],
        [0.598621636410708, 51.75139446422631],
        [0.598820768275314, 51.75128534043546],
        [0.598849034820102, 51.751269851334975],
        [0.598790297249401, 51.75123217678461],
        [0.598718636020089, 51.751186223402684],
        [0.598718343380746, 51.75118603647995],
        [0.598823605931404, 51.75095296865176],
        [0.598820762192558, 51.750872919700186],
        [0.598820646162534, 51.75087012263416],
        [0.598801577184754, 51.750695318749386],
        [0.598752483204831, 51.750557316369495],
        [0.598702254976954, 51.75041610667774],
        [0.598702221644422, 51.75041604294987],
        [0.598953163200893, 51.75044913430925],
        [0.59895751471028, 51.75045153377057],
        [0.599085465908236, 51.75052200936366],
        [0.599086200948794, 51.75052240752208],
        [0.599086689848948, 51.750523170289135],
        [0.599106697740947, 51.75055431562604],
        [0.599106827375346, 51.750554506153854],
        [0.599105060527434, 51.75056818424223],
        [0.599100560458544, 51.750603260787855],
        [0.599103979427504, 51.750710123758594],
        [0.599104176291013, 51.750710193078014],
        [0.599116472852261, 51.750714525704495],
        [0.599347016875324, 51.750795725743146],
        [0.599348000668535, 51.75079606314047],
        [0.599392563328753, 51.750909889774704],
        [0.599401072874745, 51.750925790180155],
        [0.599429075641495, 51.750978078148556],
        [0.599497361211418, 51.751069894523305],
        [0.599535066817114, 51.751120614012706],
        [0.599566795167573, 51.751168527973405],
        [0.599604605350138, 51.75124329065814],
        [0.599632834486233, 51.751279098099204],
        [0.599633906018801, 51.75128044657785],
        [0.599667307130343, 51.75131007062925],
        [0.599780895473041, 51.75138733749809],
        [0.599931179091247, 51.751489569099064],
        [0.599964790217075, 51.75152297345024],
        [0.599981840201514, 51.751567703379905],
        [0.59997473100133, 51.75160332579267],
        [0.59997199800023, 51.75161697001882],
        [0.59994921243235, 51.75164599551803],
        [0.599856027097457, 51.75169499753703],
        [0.599830465150131, 51.75172296091317],
        [0.599804014226012, 51.75176696816891],
        [0.599799302119044, 51.75179989445056],
        [0.599797553620374, 51.751812080232725],
        [0.599798951213891, 51.751817556478606],
        [0.599809236384988, 51.7518579143498],
        [0.599830272708487, 51.75189299681547],
        [0.599913594678713, 51.751971955545955],
        [0.599890491973988, 51.75202698595377],
        [0.599848459073876, 51.752052090555914],
        [0.599783214698119, 51.752067025963456],
        [0.599759952972647, 51.75206580013946],
        [0.599758657920728, 51.752065727493815],
        [0.599725067531889, 51.75206395663199],
        [0.599707190195164, 51.7520596002065],
        [0.599613815829777, 51.75203684720148],
        [0.599613123599746, 51.75203667833191],
        [0.599612309617956, 51.75203671476128],
        [0.59951637246842, 51.752041167453434],
        [0.599452993221263, 51.75206300523433],
        [0.599444437608926, 51.75206594811585],
        [0.599442778256269, 51.75206728334324],
        [0.599404629521557, 51.75209802083179],
        [0.599419471932472, 51.75211231683932],
        [0.599472683601207, 51.75216354974082],
        [0.599487596219351, 51.75217131478058],
        [0.599515632736785, 51.75218592666252],
        [0.599539696529746, 51.75221068301325],
        [0.599556093662381, 51.75224404472815],
        [0.599552759450662, 51.75226892840234],
        [0.599541507695627, 51.752352576936715],
        [0.599541965237581, 51.75237139986667],
        [0.599544266915195, 51.752463948622896],
        [0.599674242420131, 51.752481968645746],
        [0.599810844114965, 51.75250091017994],
        [0.599919897862535, 51.75257008097752],
        [0.599964985053533, 51.752598672760676],
        [0.600004994108667, 51.75263211049513],
        [0.600077233143424, 51.75269245369645],
        [0.600157714513693, 51.752784957565005],
        [0.600157598515111, 51.752785779761474],
        [0.600153314727409, 51.7528189268077],
        [0.60012068964872, 51.75284999353609],
        [0.600098266757769, 51.752882759221066],
        [0.600098129658742, 51.752882955650826],
        [0.600097129911029, 51.7528875087601],
        [0.600089506861628, 51.75292193612383],
        [0.600110268446715, 51.75297340799548],
        [0.600229290454927, 51.75298772823682],
        [0.600230142015077, 51.75298782911136],
        [0.600272682436306, 51.75299299338447],
        [0.600275685918581, 51.75299335974874],
        [0.600279213241864, 51.75299483805591],
        [0.600350812918172, 51.75302491500744],
        [0.600399336323629, 51.75306759450501],
        [0.60040249303925, 51.753070370315776],
        [0.600403100934981, 51.75307242895752],
        [0.60046046821714, 51.75326701377541],
        [0.600463011983231, 51.75327565106807],
        [0.600496115616758, 51.75329993086228],
        [0.600663253098168, 51.753386740492175],
        [0.600663360003285, 51.753386793381694],
        [0.600664502648599, 51.75338705357759],
        [0.600665631002929, 51.7533873232991],
        [0.600743384086709, 51.7533971598671],
        [0.600743504226187, 51.75339718483565],
        [0.600798627883344, 51.75339511734158],
        [0.600862928109217, 51.753379216888376],
        [0.601051842372436, 51.75323113911462],
        [0.601073812964062, 51.75322486004917],
        [0.601092833921479, 51.75321941065536],
        [0.601108385001302, 51.753220456974084],
        [0.601144656389799, 51.7532229048362],
        [0.601180468911383, 51.753243192087396],
        [0.601192401485961, 51.753249954611256],
        [0.601196643860155, 51.75325767939672],
        [0.601205539784532, 51.753273828981236],
        [0.601351848349619, 51.753392705174456],
        [0.601444272196389, 51.7534334544582],
        [0.601470903207707, 51.75346902978427],
        [0.601450595709302, 51.75354918609143],
        [0.601449772439493, 51.7535524183726],
        [0.601708951947396, 51.75373472438949],
        [0.601762177131669, 51.75377216962726],
        [0.602068701502454, 51.753732071216355],
        [0.602567490347507, 51.75369671990404],
        [0.602619175613775, 51.75371356078323],
        [0.60269200374316, 51.7537432775763],
        [0.602769421112593, 51.75377487266189],
        [0.602934901097367, 51.75385210128718],
        [0.602955805509969, 51.75386186049993],
        [0.602957406498955, 51.753862607822434],
        [0.603068526077639, 51.75392085376877],
        [0.603245813702905, 51.754041352814085],
        [0.603284356986108, 51.75406755577643],
        [0.603495572834537, 51.75413398070674],
        [0.603544151327653, 51.75415845088135],
        [0.603592576917279, 51.754182841540654],
        [0.603595782085328, 51.75418516493679],
        [0.603598073759476, 51.75418682708637],
        [0.603702201686271, 51.754262283043204],
        [0.60370319192614, 51.75426298863471],
        [0.603703462893015, 51.75426357202631],
        [0.603736330316107, 51.75433633402546],
        [0.603812478724878, 51.75440027206525],
        [0.603908145225631, 51.75450480500799],
        [0.604178791418941, 51.75471128386283],
        [0.604261465485909, 51.75477436785773],
        [0.604381224504663, 51.75484085682268],
        [0.60439471966809, 51.754859547297904],
        [0.60451113114082, 51.75502079137592],
        [0.604595101457343, 51.75516467662363],
        [0.604655811892124, 51.75526870380004],
        [0.604815726791438, 51.75540560067411],
        [0.604903488854738, 51.75548073693862],
        [0.604905309839389, 51.755535593332624],
        [0.604905333124531, 51.75553625588754],
        [0.604904493141062, 51.75553816242196],
        [0.604903505489809, 51.75553956571766],
        [0.60487312115845, 51.75558273118138],
        [0.60487312750923, 51.75558284155241],
        [0.604873107917284, 51.75558430626895],
        [0.604871768159711, 51.755700797053755],
        [0.604895411401728, 51.755796814176804],
        [0.604916105295511, 51.75583435302919],
        [0.604919682720754, 51.75584082154064],
        [0.604951773814409, 51.75587863262708],
        [0.604955625956098, 51.75588317029842],
        [0.605009108812904, 51.755930416308146],
        [0.605019552186532, 51.75593964272999],
        [0.605061074247302, 51.75602761967078],
        [0.605168083151797, 51.756254356470734],
        [0.605169167677795, 51.75625876210673],
        [0.605170294547742, 51.75626338782754],
        [0.605189434437046, 51.7563419886166],
        [0.6050337922802, 51.756501703401725],
        [0.604912910861118, 51.75660457173795],
        [0.604804914079608, 51.75671396918707],
        [0.604739179532006, 51.75678056403434],
        [0.604619014799516, 51.75684871544755],
        [0.604592145741808, 51.75686969131682],
        [0.604591709062288, 51.756870354858975],
        [0.604556940848078, 51.7569245212411],
        [0.604556832339443, 51.75692469862358],
        [0.604556927083052, 51.75692479782584],
        [0.604773678840011, 51.75714467244499],
        [0.604776309987028, 51.7571473308622],
        [0.604776594220697, 51.75714762846834],
        [0.604794682955443, 51.75717856675721],
        [0.604803764549286, 51.75721054278064],
        [0.604801491565772, 51.757236029313354],
        [0.6048004641171, 51.75724757295061],
        [0.604785950378395, 51.757282374411695],
        [0.604784554581236, 51.75728571150203],
        [0.604782950763899, 51.7572895597167],
        [0.604781843990634, 51.7572891514157],
        [0.604704851043561, 51.75726119509554],
        [0.604704047562097, 51.75726089979123],
        [0.604655463948848, 51.75724285829416],
        [0.60458947616774, 51.757240333509486],
        [0.604589015144102, 51.757240316101615],
        [0.604588912988103, 51.75724034599418],
        [0.604544558199138, 51.75725479327706],
        [0.604271552008399, 51.75746853346774],
        [0.604658587297817, 51.75766258665136],
        [0.604815666920293, 51.757905306219214],
        [0.605072098911145, 51.757957188286],
        [0.605224391189172, 51.75798800573278],
        [0.605224434063406, 51.75798797715416],
        [0.605400032676532, 51.757876610625864],
        [0.605383873737997, 51.75800297086001],
        [0.605377537697758, 51.75805248252229],
        [0.605320481961293, 51.75814122703177],
        [0.605306874998887, 51.75816238786376],
        [0.605395046242342, 51.75824452300002],
        [0.605434169870629, 51.75828098080131],
        [0.605455576070025, 51.758294771347224],
        [0.605582797160603, 51.75837674950993],
        [0.605666688688617, 51.75841803472178],
        [0.605788023890054, 51.75846452155068],
        [0.605800533371638, 51.758470699844935],
        [0.606055576043197, 51.758596579863045],
        [0.60632579811049, 51.758712093666354],
        [0.60641308375893, 51.758749416728904],
        [0.606428031533025, 51.758757990546606],
        [0.606749374281784, 51.75894247982651],
        [0.606873172928577, 51.75895336291178],
        [0.607294268400525, 51.758973645524904],
        [0.607294625695145, 51.75897366522415],
        [0.60730653981886, 51.75897568474812],
        [0.607585496711233, 51.759022990988555],
        [0.607909386094042, 51.759098050740036],
        [0.60809684004753, 51.75914148358478],
        [0.608364970534169, 51.75922055180933],
        [0.608453465393061, 51.75924739393603],
        [0.608630470241724, 51.75930107765649],
        [0.608669147650648, 51.75932046100667],
        [0.608991432438717, 51.759481927644494],
        [0.609065943646651, 51.75954240835535],
        [0.609145000227069, 51.759606563904526],
        [0.609266994945088, 51.759705562482665],
        [0.60935062466223, 51.75976614442626],
        [0.609396496699638, 51.75979936592883],
        [0.610049385635189, 51.76006351995082],
        [0.610387917775061, 51.760182811608146],
        [0.610716347734434, 51.7602985417442],
        [0.610755764079105, 51.76031243766694],
        [0.610797426643828, 51.76032385240348],
        [0.611080652594308, 51.76040147399192],
        [0.611392664253072, 51.760432436143205],
        [0.611560745456396, 51.7604491173983],
        [0.612246200577627, 51.760498787129826],
        [0.612293144670752, 51.76050219152594],
        [0.612434870525147, 51.760512458408584],
        [0.613057126487997, 51.760543443060115],
        [0.613125473665007, 51.760550496902866],
        [0.613318095220756, 51.76057656673028],
        [0.613570671124153, 51.760621111895496],
        [0.613745828705017, 51.7606585378054],
        [0.613745994397474, 51.76065858016612],
        [0.614241905593044, 51.76079448215307],
        [0.614361451502786, 51.76081948705264],
        [0.614371276032435, 51.76082154315346],
        [0.61437153118672, 51.760821592732036],
        [0.614378907393794, 51.760823141540314],
        [0.61437564461303, 51.760815984816254],
        [0.61436821876013, 51.76079970218486],
        [0.614368662607699, 51.76079839379339],
        [0.614323373543271, 51.760701349770244],
        [0.614284217169996, 51.760617467549565],
        [0.614090992253174, 51.76036152023089],
        [0.614041110497818, 51.7602689619262],
        [0.613988536811113, 51.760171416778185],
        [0.613976302757436, 51.76014202570672],
        [0.613954881941715, 51.760090524810735],
        [0.613905497591326, 51.75987859326211],
        [0.613908339263803, 51.759834002933104],
        [0.613923077325803, 51.75960249323917],
        [0.613972342420042, 51.75896537320332],
        [0.613988407480942, 51.758757621639205],
        [0.613988750486288, 51.758757650845325],
        [0.614677330493242, 51.75882969818282],
        [0.614983930503161, 51.75815550188934],
        [0.615012449837636, 51.758092777803455],
        [0.615012494831033, 51.75809278601138],
        [0.618061867778478, 51.758470709846556],
        [0.618690614470284, 51.758548625488],
        [0.618691705433246, 51.75854875773111],
        [0.618579465235922, 51.75897268788693],
        [0.618428018456917, 51.75925968306836],
        [0.618397432625472, 51.75931765598094],
        [0.618352041605789, 51.75950373836583],
        [0.618330515240017, 51.759596725866764],
        [0.618325217546525, 51.759619563358335],
        [0.618299813870379, 51.75970401731881],
        [0.618234387016653, 51.75992138820148],
        [0.618124646616488, 51.76028603678493],
        [0.618123313246301, 51.76041923348145],
        [0.618120237584075, 51.7607265346341],
        [0.618136820940791, 51.76093061232923],
        [0.618137520031829, 51.760939106176146],
        [0.61854693679532, 51.76098488838398],
        [0.618818094426031, 51.76101521251946],
        [0.6187825258851, 51.76148057939733],
        [0.618767457622546, 51.76159925519311],
        [0.618763856611855, 51.761627562063495],
        [0.618720577763779, 51.761884785602064],
        [0.618684764834776, 51.762097656332884],
        [0.618606135543651, 51.76256499582188],
        [0.61865734320956, 51.76257073391509],
        [0.618800766739388, 51.76258532050106],
        [0.618856855178798, 51.76259102339595],
        [0.619300622449417, 51.76263615711847],
        [0.619300665851154, 51.76263613773224],
        [0.619354536187618, 51.76261723184739],
        [0.619368478353074, 51.762612339384674],
        [0.619379518600102, 51.76260846478062],
        [0.619423619860832, 51.76257680530493],
        [0.619428222682557, 51.76257350705071],
        [0.619462781654058, 51.76252237074008],
        [0.619462986950882, 51.762522071464424],
        [0.619463585641138, 51.76252036359959],
        [0.619463560704935, 51.7625201891782],
        [0.619439263732836, 51.76230501142395],
        [0.619438627228135, 51.76229939871118],
        [0.619438435524024, 51.76229916354239],
        [0.619302267568267, 51.762134515661046],
        [0.619263241926368, 51.76200845340188],
        [0.619249899597311, 51.761965365664274],
        [0.61920528550074, 51.7616014219248],
        [0.61918553764188, 51.761479184599985],
        [0.61914304005722, 51.76128951714027],
        [0.619126915254627, 51.76121757410045],
        [0.619125485820125, 51.76114593891928],
        [0.6191297476368, 51.761130851118715],
        [0.619138271794449, 51.761100684714656],
        [0.619154517315536, 51.761066487474785],
        [0.61916330131211, 51.76104799271336],
        [0.619192674472416, 51.761010095371965],
        [0.619199537300656, 51.76100123035279],
        [0.619203290976785, 51.76099813522206],
        [0.619242766718464, 51.760965556677064],
        [0.619309620151858, 51.76093138238547],
        [0.619328993154729, 51.76092148330005],
        [0.619592412472337, 51.760852204214956],
        [0.619629601015776, 51.7608424235917],
        [0.619629659237232, 51.76084240387493],
        [0.61963966000764, 51.7608436543914],
        [0.619677897652409, 51.760848410322275],
        [0.620017419673843, 51.76089067143859],
        [0.620696230242466, 51.76100649847778],
        [0.620696811478656, 51.76100654076931],
        [0.620702072780357, 51.76100692992914],
        [0.621161076200897, 51.761040674714096],
        [0.621480699586346, 51.76109600152959],
        [0.621900388453749, 51.76116863674637],
        [0.622283300411823, 51.761207666774354],
        [0.62281993603079, 51.76126235502578],
        [0.622912719712739, 51.761271813861036],
        [0.622955440057801, 51.7612806681146],
        [0.623096999586379, 51.76130999836547],
        [0.623213891426304, 51.76133621387419],
        [0.62327596058651, 51.761350124785686],
        [0.623443216454609, 51.76142283707338],
        [0.623610733026133, 51.76150003746102],
        [0.623718304839348, 51.76155312162295],
        [0.624226191416177, 51.761803738717234],
        [0.624536878815484, 51.76189137901449],
        [0.624598225906385, 51.7619086851889],
        [0.624598420723324, 51.7619087176744],
        [0.624608267344578, 51.761910118562085],
        [0.624991889037165, 51.76196481665553],
        [0.625345260531478, 51.76198207196901],
        [0.626016756803625, 51.761893289728945],
        [0.627291991745056, 51.761687583960736],
        [0.62743977988599, 51.76165412776021],
        [0.627884578936333, 51.76155344045723],
        [0.627958069797598, 51.76153680390726],
        [0.627958135492424, 51.76153691295],
        [0.628057391283085, 51.76170279102399],
        [0.628084376006576, 51.76171921551173],
        [0.628173823781223, 51.76177367720454],
        [0.628255961076326, 51.761819295622566],
        [0.628297382168751, 51.76184229492702],
        [0.628651753408521, 51.7619705365685],
        [0.62873631478481, 51.76199169565764],
        [0.628785836324006, 51.76199930892843],
        [0.628793443786751, 51.76200048328405],
        [0.628817657958994, 51.762004205441585],
        [0.628883215353618, 51.76200990350253],
        [0.628944989665926, 51.76201000400876],
        [0.628959312462273, 51.76201002427776],
        [0.62895941621482, 51.76201002195624],
        [0.6289884422025, 51.762007668757164],
        [0.629050364654866, 51.76200265470688],
        [0.629060258909455, 51.762000784838634],
        [0.629182984557869, 51.76197762152141],
        [0.629219030544309, 51.76196684118479],
        [0.62926934352803, 51.7619517999713],
        [0.629673694030033, 51.76191078507952],
        [0.629674579060132, 51.76191069159649],
        [0.629802665391267, 51.76195885375112],
        [0.629841628699105, 51.761973508603226],
        [0.629883413546428, 51.761989214618154],
        [0.629884794393053, 51.76198973627106],
        [0.630090827574577, 51.761887744775585],
        [0.630248117532984, 51.76169475985206],
        [0.630268841753753, 51.76166932937191],
        [0.63029545412938, 51.76163668508376],
        [0.630327779771305, 51.76153789108027],
        [0.630367754496362, 51.76141570905945],
        [0.63036674354861, 51.761368690348164],
        [0.630366137747588, 51.761340900892165],
        [0.63036562129722, 51.76131669187169],
        [0.630378298261546, 51.76126975351452],
        [0.630403201707817, 51.761218434063906],
        [0.63040493860963, 51.76121486799861],
        [0.630404992550618, 51.76121477469752],
        [0.63044363585785, 51.76116289897948],
        [0.630450836405655, 51.76115605178653],
        [0.630489128332357, 51.76111958194809],
        [0.630502172132495, 51.76110960168282],
        [0.630508637417153, 51.76110465886392],
        [0.63054116169839, 51.76107977456578],
        [0.6305740378654, 51.76106222222988],
        [0.630612325976394, 51.76104177670002],
        [0.630680590931707, 51.76101313593843],
        [0.630688370435847, 51.761009867413115],
        [0.630762207639997, 51.760986710332205],
        [0.63096347292474, 51.76092816320571],
        [0.631123320416415, 51.760881668138275],
        [0.631162330111583, 51.76087032352216],
        [0.631359902285547, 51.760812853023516],
        [0.631403201152397, 51.76079794034193],
        [0.63155422301601, 51.760745923337645],
        [0.631560028718332, 51.76074393301506],
        [0.631615650655076, 51.76072477501607],
        [0.631966169308944, 51.76059661263347],
        [0.632121308426699, 51.76053987958889],
        [0.632270751146822, 51.76048523554617],
        [0.632340284953467, 51.76045981628904],
        [0.632413557532692, 51.7604346355505],
        [0.63304349865663, 51.76021811697384],
        [0.63318657891909, 51.76016893732881],
        [0.633224447678618, 51.76016248934028],
        [0.633282507302313, 51.76015260498657],
        [0.633298686250333, 51.76014984794581],
        [0.633327773446896, 51.76015035640519],
        [0.633358539177394, 51.76015089170192],
        [0.633402350523476, 51.76015679834805],
        [0.633447141359245, 51.76017316326857],
        [0.633479165468989, 51.7601848689032],
        [0.633538616843959, 51.760225687558865],
        [0.633575007417165, 51.760276729749634],
        [0.6335751043712, 51.76027686571673],
        [0.633577159082067, 51.76028667366956],
        [0.63358262772148, 51.76031281616846],
        [0.633581718760341, 51.76031938439331],
        [0.633578093826083, 51.760345334720654],
        [0.633573998328913, 51.76037467542816],
        [0.633573685336201, 51.76037694794487],
        [0.633654674060615, 51.760601719518114],
        [0.633654708519565, 51.76060180162989],
        [0.633723396277151, 51.76094187371319],
        [0.633760307146246, 51.76118904499556],
        [0.633777671105289, 51.76130534747609],
        [0.633800581508802, 51.76145881429232],
        [0.634366481450117, 51.76144686422804],
        [0.634391798788578, 51.76144633341658],
        [0.634983030455811, 51.76143384923601],
        [0.635012634851005, 51.7612479575342],
        [0.635083852368232, 51.76080077482923],
        [0.63518919283459, 51.76004295945724],
        [0.635919454246606, 51.759812985758394],
        [0.635899258995351, 51.759776840838974],
        [0.635744531140577, 51.759500025152704],
        [0.635561119330327, 51.759118967315565],
        [0.635512548416592, 51.758953818693364],
        [0.635412686725727, 51.75859769468092],
        [0.635337661792685, 51.75833016006966],
        [0.636825584596325, 51.757953192878794],
        [0.637050730082848, 51.757887928841086],
        [0.637112810275332, 51.75786994014836],
        [0.637453533350025, 51.75777117442024],
        [0.637506665095087, 51.75769384779935],
        [0.63753782653207, 51.757648482796824],
        [0.637537867777398, 51.757648426614665],
        [0.637676130102525, 51.75775158961541],
        [0.637945039499545, 51.75795223816983],
        [0.638301667575481, 51.75864755025424],
        [0.63843448503417, 51.75896833232402],
        [0.63849470006334, 51.75905326264322],
        [0.638501507658336, 51.759093419162156],
        [0.638515377938295, 51.759175052618744],
        [0.638548775180352, 51.75927700546127],
        [0.638581489295905, 51.75937691073791],
        [0.638586233683902, 51.75939414542673],
        [0.638607934158902, 51.7594731349131],
        [0.638551697415049, 51.75965453305931],
        [0.638551508877845, 51.75965511748341],
        [0.639149734712977, 51.75942906471027],
        [0.639476691953211, 51.75931983672519],
        [0.639475680680976, 51.7593821516119],
        [0.639471952261227, 51.759611392082206],
        [0.63948099773431, 51.75990063009859],
        [0.639485585121608, 51.760046992825544],
        [0.63948613618119, 51.760047026492714],
        [0.639938337494671, 51.760075748762226],
        [0.640579126733783, 51.7600980207697],
        [0.64122649785941, 51.76014304503082],
        [0.641226676785211, 51.7601430594273],
        [0.641524001264407, 51.760149848489185],
        [0.641524179653569, 51.76014985368791],
        [0.641578247388688, 51.760158565795656],
        [0.642679972597167, 51.76033619410402],
        [0.64389004689915, 51.760551996627946],
        [0.643942221020765, 51.760561302830396],
        [0.644413070631841, 51.760636003562745],
        [0.644498665444147, 51.760673493178466],
        [0.644673358410142, 51.760750005010244],
        [0.644759417542259, 51.760778670613135],
        [0.6448046416359, 51.76079373218414],
        [0.644835017665749, 51.7608038417953],
        [0.645191259745089, 51.76085498306217],
        [0.64550774486688, 51.760883028010134],
        [0.645662922178495, 51.760896783045666],
        [0.645767543458177, 51.76093654166642],
        [0.645876915264824, 51.76097809955817],
        [0.646160076395851, 51.76115806519178],
        [0.646188628956113, 51.76117352933916],
        [0.646306012804664, 51.7612371194204],
        [0.646558257991192, 51.761334500000345],
        [0.646782354168674, 51.761421020858926],
        [0.646646691337639, 51.761687980921806],
        [0.647051958989008, 51.76179260549999],
        [0.647053209614299, 51.76179292728076],
        [0.64721072248995, 51.76155906105351],
        [0.647486672203413, 51.761513592984905],
        [0.647503209101706, 51.76151087196326],
        [0.647503286974643, 51.76151093467425],
        [0.647780977542546, 51.76172228562196],
        [0.648313557774075, 51.76199588387901],
        [0.64831423144911, 51.76199623706976],
        [0.648248409376445, 51.762031970385934],
        [0.648143031103553, 51.76208918739439],
        [0.648044546624784, 51.76221730854437],
        [0.647928787903773, 51.762483959665175],
        [0.647910685497622, 51.76254592315112],
        [0.647877495222407, 51.762600628915436],
        [0.647851207517194, 51.76264394366584],
        [0.647775647628448, 51.762714928642694],
        [0.647718015561442, 51.76275191374113],
        [0.647655595386965, 51.76278392312714],
        [0.647601056693141, 51.762811886939126],
        [0.64749636071407, 51.762896034609334],
        [0.647324120981125, 51.763255729200196],
        [0.647242079401893, 51.76342703949459],
        [0.647193302129078, 51.7635068326217],
        [0.647159948537596, 51.76361789403794],
        [0.6471568077922, 51.76373471211463],
        [0.647156809406083, 51.76373473970642],
        [0.647139240470991, 51.763806103013316],
        [0.647117177315423, 51.76384706610119],
        [0.647083565619449, 51.76389180734582],
        [0.647046397602815, 51.76392243704487],
        [0.647022024803367, 51.76393457153076],
        [0.647009434673476, 51.763940841264144],
        [0.646956428808046, 51.76395621783551],
        [0.646930159789525, 51.763963845586225],
        [0.646872477213177, 51.763968791944535],
        [0.646826785865224, 51.763966109856135],
        [0.646799010101886, 51.76396447004626],
        [0.646701580021969, 51.763958735501156],
        [0.646594944951276, 51.763963099090056],
        [0.646586909029926, 51.763964256292134],
        [0.646504206504185, 51.76397611129794],
        [0.646437202012224, 51.763991950288066],
        [0.646373248458893, 51.76401377108471],
        [0.646302627343611, 51.76404543028106],
        [0.646234676025639, 51.76408315354138],
        [0.646192082182056, 51.764106795520405],
        [0.646117882002098, 51.76413766031678],
        [0.646117795219413, 51.76413769910869],
        [0.646029512569001, 51.76416175293704],
        [0.64593805574196, 51.7641777186698],
        [0.645863605820675, 51.764182738204866],
        [0.64582020099207, 51.76418565879105],
        [0.645818944322402, 51.76418574234527],
        [0.645658755313361, 51.764172772528234],
        [0.645581231527135, 51.764175733731705],
        [0.645578314221462, 51.76417584546515],
        [0.645578137429134, 51.76417586786458],
        [0.645561068827405, 51.76417839796739],
        [0.645492102053082, 51.76418860761757],
        [0.645399298147182, 51.764212762764714],
        [0.645298362664996, 51.764252692382776],
        [0.645206895469146, 51.764299720996966],
        [0.645148600018131, 51.76434066132714],
        [0.645107861098202, 51.76437472299389],
        [0.645107139023141, 51.764375319439935],
        [0.64506461575152, 51.76442278406317],
        [0.64502785748617, 51.7644787388662],
        [0.645003897161719, 51.76451521322371],
        [0.644891470883527, 51.764622150693874],
        [0.64481924716807, 51.76470387957631],
        [0.644746180070256, 51.76481765759563],
        [0.644692390608375, 51.76496670639646],
        [0.644687233715723, 51.76500265614121],
        [0.644707226782408, 51.76509663904154],
        [0.644708450819226, 51.76516406093918],
        [0.644693271462804, 51.76523003780429],
        [0.644692910601185, 51.765230847142135],
        [0.644666039685195, 51.76529092608912],
        [0.644601351149279, 51.765377679297146],
        [0.64445378914193, 51.76550339301729],
        [0.644405033724143, 51.7655526921613],
        [0.644366101357494, 51.765600425643285],
        [0.644362778208061, 51.76560451571837],
        [0.644315774063309, 51.765678963040436],
        [0.6443005854737, 51.76570300978132],
        [0.644233094661765, 51.76583479519169],
        [0.644183766180744, 51.7659611711476],
        [0.644183456647393, 51.7659619701192],
        [0.644184780220361, 51.76601561254728],
        [0.644178221802151, 51.76603850728252],
        [0.644163712087974, 51.76608916301594],
        [0.644104854850818, 51.766156868645204],
        [0.6441042847261, 51.76615752613071],
        [0.644092096657909, 51.766165867807935],
        [0.644052020317014, 51.76619327420665],
        [0.643987791038727, 51.76622441973658],
        [0.643964812945221, 51.766235564402564],
        [0.643925676671456, 51.766263566630826],
        [0.643851330619701, 51.76632453864064],
        [0.643846490179886, 51.766329335123984],
        [0.643787095057032, 51.76638810117868],
        [0.643755405465549, 51.766425688516044],
        [0.643731183946683, 51.76645442337858],
        [0.643718411932495, 51.76647462140256],
        [0.643685571446452, 51.76652655518305],
        [0.643657863256516, 51.76657945097695],
        [0.643641993816882, 51.76662640743206],
        [0.643612306952152, 51.76671428807641],
        [0.64360926842325, 51.766723252689665],
        [0.643609206127979, 51.766723456697356],
        [0.643603522658021, 51.7667336411987],
        [0.643576393973467, 51.76678223236557],
        [0.64354643707714, 51.76682458794685],
        [0.64352953229786, 51.76684848899915],
        [0.643513139483199, 51.76686006560522],
        [0.643495605934491, 51.766872441459775],
        [0.643492957222537, 51.76687359696457],
        [0.643442602023213, 51.76689555221172],
        [0.643428436766558, 51.76689825611686],
        [0.643417897384858, 51.7669002706305],
        [0.643371218349621, 51.766909185562604],
        [0.643370866352953, 51.76690925794693],
        [0.643370584711655, 51.76690926428292],
        [0.643303624852237, 51.7669099510031],
        [0.643303432150285, 51.76690995533813],
        [0.643301207054501, 51.76690997776597],
        [0.643159143131043, 51.76688169594131],
        [0.643085633489944, 51.766874941355105],
        [0.64300066282227, 51.76686712758291],
        [0.642856111985291, 51.766874025859295],
        [0.642832932897368, 51.76687792704511],
        [0.642758321342858, 51.76689042619619],
        [0.642707669144514, 51.7669039980709],
        [0.642665566047918, 51.76691527791336],
        [0.642583143969094, 51.7669467857689],
        [0.642569092724284, 51.76695423903831],
        [0.642548001293648, 51.766965423871376],
        [0.642544928586482, 51.76696796108545],
        [0.642471958726396, 51.767028403926325],
        [0.642409542158751, 51.767057840902545],
        [0.642404067528044, 51.76706042291884],
        [0.642383138646068, 51.767066004771436],
        [0.642332701502265, 51.76707945192261],
        [0.642265174815348, 51.76708644999975],
        [0.642193909051341, 51.767082793997304],
        [0.642187031152276, 51.76708244214246],
        [0.642179519832293, 51.76708115596601],
        [0.642111988328468, 51.767069514308595],
        [0.642034579653559, 51.76704250324908],
        [0.64202042862563, 51.76703757209952],
        [0.641930197161461, 51.76704668293076],
        [0.641870347746603, 51.767052725366014],
        [0.641870022708083, 51.76705275109286],
        [0.641762401530068, 51.76713569745858],
        [0.641723525704403, 51.76716565466413],
        [0.641588042329353, 51.767250350883785],
        [0.641529494320401, 51.7672797096454],
        [0.641506190461192, 51.76729139529246],
        [0.641467110438352, 51.7673081968346],
        [0.641330323522346, 51.767367016095754],
        [0.641076323335875, 51.767507744118284],
        [0.640838885100612, 51.767639295194265],
        [0.640501384876637, 51.76775017230343],
        [0.640422885671049, 51.76777595435259],
        [0.640203456333474, 51.767816562128914],
        [0.640058241450377, 51.76784342856177],
        [0.640058094824502, 51.7678434594843],
        [0.639382710325958, 51.766950284869246],
        [0.63923618730556, 51.76680249654457],
        [0.639213304512606, 51.76677941614578],
        [0.638756728387801, 51.766785756546696],
        [0.637559523096488, 51.76680235884828],
        [0.63751915234191, 51.76685433092132],
        [0.637172727306377, 51.76730034302589],
        [0.636419781961716, 51.76830919864095],
        [0.636504872128797, 51.76832184021856],
        [0.636820063108489, 51.76836865154876],
        [0.636973909807436, 51.76838184956272],
        [0.637596725243928, 51.76843525565012],
        [0.637696189701422, 51.76845333876552],
        [0.637726749281419, 51.76845889670725],
        [0.637808564834994, 51.76847926383518],
        [0.637883319278719, 51.76850301270418],
        [0.637893415554749, 51.76850739072841],
        [0.63802460212534, 51.768564205121855],
        [0.638044575538918, 51.76857582096862],
        [0.638089299911568, 51.76860181871157],
        [0.638247334629963, 51.768709482802564],
        [0.6382840768006, 51.76873451773289],
        [0.638418571369518, 51.76882615170251],
        [0.638415035051857, 51.768829399129444],
        [0.638311094683716, 51.768925244875746],
        [0.638238074583745, 51.76902468785318],
        [0.638220658658602, 51.769060249451265],
        [0.638212181952723, 51.76907754156527],
        [0.638191591214267, 51.769144191582406],
        [0.638181052262742, 51.76921216308481],
        [0.638181754280312, 51.769229295160635],
        [0.638183134377388, 51.76926340329045],
        [0.638191489534771, 51.76931352645959],
        [0.638191507576364, 51.7693135813107],
        [0.638192514688367, 51.76931659778923],
        [0.638218969930222, 51.76939609765383],
        [0.638246398057704, 51.76958214643643],
        [0.638253413511865, 51.769629656591924],
        [0.638253417265775, 51.769629720973185],
        [0.638261753392594, 51.76963903786862],
        [0.63832804940292, 51.769713195042044],
        [0.638347358041598, 51.76974420226799],
        [0.63836902664061, 51.76977902443415],
        [0.638394934273129, 51.7698503954749],
        [0.638399551087265, 51.769874586112834],
        [0.638406696426614, 51.769912101181625],
        [0.638400413018693, 51.76997464492165],
        [0.638396947043133, 51.7700091381406],
        [0.638301093835694, 51.770351659258836],
        [0.638300984013068, 51.77035206693669],
        [0.638030648907021, 51.770342655522526],
        [0.637986859989472, 51.77034113365974],
        [0.637517939184999, 51.770301073121395],
        [0.63710038387171, 51.770302359148],
        [0.637089490427561, 51.770302391811384],
        [0.636833607301716, 51.77034228255334],
        [0.636771140030024, 51.77036334632192],
        [0.636547691723793, 51.770438673759706],
        [0.636036579174459, 51.770611000928426],
        [0.634518899029182, 51.77106000276859],
        [0.632711231940487, 51.77161374620858],
        [0.632681655156676, 51.77162280781186],
        [0.632652188183135, 51.77178656570846],
        [0.632600071998565, 51.77207615194298],
        [0.632579633765385, 51.77218971914601],
        [0.632554603812268, 51.77260245380679],
        [0.632551444376838, 51.7726545390253],
        [0.632551428640971, 51.77265477882106],
        [0.632581204795075, 51.772792758554004],
        [0.632633215151483, 51.77303374406955],
        [0.632633218362691, 51.77303379925374],
        [0.632640758226211, 51.77306872717662],
        [0.632640759831823, 51.77306875476874],
        [0.632750054849775, 51.77341709953287],
        [0.632836535786808, 51.77369275942022],
        [0.632836565599507, 51.77369301661413],
        [0.632866537883635, 51.773960346447936],
        [0.632896801380882, 51.77423037729109],
        [0.632896829053276, 51.774230597695514],
        [0.632935401201942, 51.7743951978687],
        [0.633020841725342, 51.774759797211715],
        [0.63305083908605, 51.77488775206924],
        [0.633163242130665, 51.77536739816666],
        [0.633340448881868, 51.77612349202313],
        [0.633358980088332, 51.77618654745892],
        [0.633430850090307, 51.77643113912219],
        [0.633448623758816, 51.77649163290791],
        [0.633485079797335, 51.776615731279406],
        [0.633568706000712, 51.77683119734407],
        [0.633643041225022, 51.77702272471528],
        [0.633692961946125, 51.77715138377712],
        [0.633714331312366, 51.77719151798547],
        [0.633958137298473, 51.777613292697865],
        [0.63395818713455, 51.77761338367414],
        [0.633989899003365, 51.777609311448316],
        [0.636323138632067, 51.77730970856001],
        [0.636339141805011, 51.777307655008904],
        [0.637072821304379, 51.777213438027196],
        [0.637072867392926, 51.777213464620935],
        [0.638395260991782, 51.77811669629885],
        [0.638584690735747, 51.77824607052617],
        [0.639167588354334, 51.77865416994599],
        [0.640592309710397, 51.77965160258699],
        [0.641172605471929, 51.779964931422704],
        [0.641388580254637, 51.78008154831138],
        [0.643076004820978, 51.780920475239114],
        [0.643111542467509, 51.78093890505218],
        [0.643124679685653, 51.78094571918653],
        [0.644064745377402, 51.78143321301133],
        [0.644463843792506, 51.78161600814869],
        [0.644464209883054, 51.7816161748881],
        [0.644652131516818, 51.78160036971343],
        [0.644653594650539, 51.78160025390149],
        [0.644757919398054, 51.78172831966023],
        [0.644864468830565, 51.78185912569399],
        [0.644875374539453, 51.78196487067203],
        [0.644877036176179, 51.78198109698913],
        [0.644882353607171, 51.78199737916617],
        [0.644904637704918, 51.782065634639764],
        [0.644942428751229, 51.78213856018725],
        [0.644984660308648, 51.78219423796494],
        [0.645031086457195, 51.78224420361168],
        [0.645096431931865, 51.7822995544962],
        [0.645221780428711, 51.782405725694225],
        [0.645355406865223, 51.782536640137636],
        [0.645472153302671, 51.78267341399849],
        [0.645489543740805, 51.78269784171345],
        [0.645551730043544, 51.782785210716725],
        [0.645575832838336, 51.78281904661621],
        [0.645582651566975, 51.78287926041345],
        [0.645583317831447, 51.782885065724734],
        [0.64560079533709, 51.782936106492],
        [0.645622138612194, 51.78297581560812],
        [0.64562215505479, 51.782975842865994],
        [0.645676490535747, 51.783037123478756],
        [0.645761556028512, 51.78309703993176],
        [0.645830707635759, 51.78312985233226],
        [0.645837060324248, 51.7831328589022],
        [0.645847617492433, 51.783136415463666],
        [0.645923833295043, 51.78316206044419],
        [0.645923954613758, 51.783162103759395],
        [0.645956110009643, 51.78316911561912],
        [0.646018511239335, 51.78318273105027],
        [0.646537515953046, 51.78334825026647],
        [0.646774203838685, 51.783442776703055],
        [0.647053447829431, 51.783554302347646],
        [0.647507006925885, 51.7837474184399],
        [0.647945180597665, 51.78388565097952],
        [0.647966828107933, 51.78389247543466],
        [0.647995393148793, 51.783905608982344],
        [0.648309561399646, 51.7840500141568],
        [0.648351857778683, 51.78410695099406],
        [0.648360817372763, 51.784114153403856],
        [0.648391810262335, 51.78413907537472],
        [0.648441367672498, 51.78416508008135],
        [0.648504156314021, 51.78418502151541],
        [0.64858370312206, 51.78419700592261],
        [0.648656087434327, 51.784194950879396],
        [0.648761140668567, 51.78417392492965],
        [0.648785078107007, 51.78416913987742],
        [0.648810493427009, 51.7841667711982],
        [0.648850883733537, 51.78416301510866],
        [0.648861932492738, 51.78416354886249],
        [0.648934492758389, 51.78416703371441],
        [0.649006917935333, 51.78418113995647],
        [0.649070093666379, 51.78420768468356],
        [0.649116230492164, 51.78423713684089],
        [0.649132047234768, 51.78425189284867],
        [0.649144031321953, 51.7842630699282],
        [0.649147788101761, 51.784269155510245],
        [0.649168065294602, 51.784302008654365],
        [0.649170564845763, 51.78431400735707],
        [0.64918431013177, 51.78437958124579],
        [0.649184412292828, 51.78438005782939],
        [0.649292912030597, 51.78444979482069],
        [0.64933225754418, 51.78447509001823],
        [0.64935535165304, 51.784483787944666],
        [0.64942241782309, 51.78450905677133],
        [0.649577854353329, 51.78456764184839],
        [0.649784469826806, 51.784722194645184],
        [0.649828633886955, 51.78476433546022],
        [0.649897458494386, 51.78479426114322],
        [0.649898250898319, 51.78479435378762],
        [0.649981406146793, 51.78480403643642],
        [0.650073532662269, 51.78478665302014],
        [0.650074986718932, 51.784786380787104],
        [0.650087176205458, 51.78478407984845],
        [0.6501383303653, 51.78476002260364],
        [0.650318097260064, 51.7847191495148],
        [0.650433372164059, 51.784706575974276],
        [0.650491220224215, 51.78470400959736],
        [0.650772129079927, 51.78476512297952],
        [0.65089080823853, 51.78476984105571],
        [0.650893844671196, 51.78476996595804],
        [0.650948771903397, 51.784779124293124],
        [0.651061261580638, 51.78481199669468],
        [0.651073426705597, 51.78481738601902],
        [0.651107786728503, 51.78483258912703],
        [0.651111114071746, 51.78483489007954],
        [0.651141781402795, 51.78485599679837],
        [0.651171697026228, 51.78488707578684],
        [0.651173743685844, 51.784890326565694],
        [0.651195675937295, 51.784925039161934],
        [0.651204817510616, 51.78495939565859],
        [0.651204969573726, 51.7849599632084],
        [0.651202380533227, 51.78500849969247],
        [0.651290263260987, 51.78534826718451],
        [0.651337757823582, 51.78539373976981],
        [0.651372840981186, 51.78542734520977],
        [0.651442470622595, 51.78548818608063],
        [0.651774046955062, 51.78577789986541],
        [0.652107653886838, 51.78623786641353],
        [0.652177349849935, 51.786333977215726],
        [0.652192263533106, 51.78647381632019],
        [0.652215592708169, 51.78669257390321],
        [0.652211051072694, 51.786797423664765],
        [0.652202888386919, 51.786985856412954],
        [0.652232353586525, 51.78713529479013],
        [0.652245465061273, 51.787201868045706],
        [0.652432641328627, 51.78744412291078],
        [0.652496550799878, 51.7875268539999],
        [0.652496619291174, 51.78752700901314],
        [0.652659850383451, 51.78791564340277],
        [0.653106206011743, 51.788185771434065],
        [0.653103493472984, 51.78830935781709],
        [0.653109797902219, 51.78834821712952],
        [0.65311654547593, 51.788389820035796],
        [0.653124802087515, 51.78844069032718],
        [0.65327684641219, 51.7885297196796],
        [0.653407477780222, 51.78863975076084],
        [0.653511379060302, 51.7886366588549],
        [0.653643520545999, 51.78863273579441],
        [0.653643624357495, 51.788632733450314],
        [0.653695940795141, 51.78867119842036],
        [0.654139991961002, 51.78899770830445],
        [0.654246595919958, 51.78898423102233],
        [0.65429833503888, 51.78897768420221],
        [0.654476319766981, 51.78888296115443],
        [0.654476752256655, 51.788882739570354],
        [0.654596705155942, 51.78895726901994],
        [0.654710046758857, 51.789027692968524],
        [0.654805723829488, 51.789067627653516],
        [0.65482246922848, 51.789074616863026],
        [0.654869190992054, 51.78910300373195],
        [0.654896725105408, 51.78911973215594],
        [0.654923633629672, 51.78914578537126],
        [0.654952462742699, 51.78917369232072],
        [0.654980855350996, 51.789211361838944],
        [0.654990792033821, 51.78922454618524],
        [0.654995245624973, 51.78923590201794],
        [0.655008921966012, 51.789270791228326],
        [0.655015736208637, 51.789306415654075],
        [0.655018072639443, 51.789318638949446],
        [0.655015397447051, 51.78936563950445],
        [0.654999967682352, 51.78941165731414],
        [0.654957533379143, 51.78947627107359],
        [0.654903244008227, 51.789508689632434],
        [0.654903019141593, 51.789508906527644],
        [0.654846638495805, 51.78956337346726],
        [0.65484611170061, 51.78956451811914],
        [0.65481852044904, 51.789624716767705],
        [0.654817849432528, 51.7896497077136],
        [0.654817661778926, 51.78965662818294],
        [0.654824992021599, 51.78968864930983],
        [0.654846165249349, 51.78972526631019],
        [0.654856607664297, 51.78973593429672],
        [0.6548857088151, 51.789765686199345],
        [0.654945903144679, 51.78980296883971],
        [0.655004393591137, 51.78982666008855],
        [0.655052981114625, 51.78983900807785],
        [0.655063292669532, 51.789841630021],
        [0.655499969867967, 51.79011604756262],
        [0.655776206956593, 51.79059067229275],
        [0.655815515360442, 51.79064905544684],
        [0.655836780486904, 51.790680641886105],
        [0.655869709200518, 51.79074291740403],
        [0.655871446110881, 51.790746193522196],
        [0.655871551844675, 51.79074647662295],
        [0.655890340522397, 51.79079809412288],
        [0.655896307798127, 51.790814480863425],
        [0.655902434103854, 51.79084292827342],
        [0.655913746801374, 51.79089545146809],
        [0.655915828527843, 51.79091572027444],
        [0.655922196798413, 51.79097761061593],
        [0.655915872715291, 51.791039585187285],
        [0.655891118496485, 51.79109649668965],
        [0.655870068872731, 51.79112394660474],
        [0.655849019763988, 51.79115140571348],
        [0.655800808791646, 51.791194793795064],
        [0.655744175088313, 51.791233592531405],
        [0.655744146506743, 51.79123361159599],
        [0.65572121614736, 51.791245227044726],
        [0.655663198564991, 51.79127462662738],
        [0.655445090584564, 51.79143147259594],
        [0.655444905342866, 51.79143160571251],
        [0.655463862518398, 51.79161554876045],
        [0.655670791348671, 51.791820533283484],
        [0.655677236571064, 51.791935311243996],
        [0.655690537055837, 51.79217209644163],
        [0.655951850356274, 51.7924378762592],
        [0.655952750332475, 51.79243878606472],
        [0.655944529905093, 51.79244977440422],
        [0.655786077568689, 51.79266122856092],
        [0.655720760738808, 51.79274840673265],
        [0.655635464143663, 51.79290097143802],
        [0.655607300557236, 51.79292716376301],
        [0.655583896580287, 51.79294892935011],
        [0.655554361888848, 51.79298641567333],
        [0.655533320894482, 51.793029189631795],
        [0.655529538928115, 51.79304444287998],
        [0.655522324050315, 51.79307356008686],
        [0.655524797874854, 51.79311566457755],
        [0.655527543827853, 51.79312701291209],
        [0.655529897502967, 51.79313674005592],
        [0.655533175764804, 51.79315032344318],
        [0.655583438915546, 51.79323434654762],
        [0.655590320830591, 51.793274380632994],
        [0.655583647960051, 51.79331499727847],
        [0.655561423585301, 51.793353303816644],
        [0.655532436966407, 51.793384450923675],
        [0.655505571186744, 51.79340543824085],
        [0.655437807724512, 51.793436337937976],
        [0.655432296783512, 51.793438847674665],
        [0.655383399628842, 51.79347059195545],
        [0.655339380023988, 51.79350825813495],
        [0.655327340428046, 51.79352603711642],
        [0.655310189252138, 51.793551354316],
        [0.655296188293204, 51.79359363762777],
        [0.655294019783742, 51.79360020683741],
        [0.655294024646783, 51.79360028961164],
        [0.655294022352734, 51.79360151450635],
        [0.655294264996967, 51.79365064087965],
        [0.655305477383797, 51.793685769859906],
        [0.655309809225942, 51.793699338657625],
        [0.655309956761318, 51.79369957476731],
        [0.655314252280401, 51.79370645840109],
        [0.655355859781178, 51.7937733359619],
        [0.655359787994154, 51.793809357050975],
        [0.655347694940579, 51.7938492304589],
        [0.655347631047911, 51.793849406880014],
        [0.655322369970278, 51.79388229320376],
        [0.655282320072877, 51.793910181434185],
        [0.655231833002405, 51.7939302933225],
        [0.655121621098183, 51.79395231624858],
        [0.655016747287661, 51.79398784830757],
        [0.65496737061694, 51.79401144375426],
        [0.654924561202898, 51.794034835570386],
        [0.654919063969441, 51.794037833066874],
        [0.654889654674612, 51.794060028856904],
        [0.65486264930204, 51.79408042056108],
        [0.654852175073504, 51.79408970995011],
        [0.654810956017396, 51.794126271995545],
        [0.654801952104731, 51.794139101392076],
        [0.654771634875241, 51.79418225049568],
        [0.654762356362107, 51.794249568562854],
        [0.654753838036282, 51.7943113714795],
        [0.654731626537694, 51.79439618472672],
        [0.654710228956341, 51.79444327653586],
        [0.65468025426018, 51.79450920178522],
        [0.654602617383794, 51.79460946771808],
        [0.654422424540294, 51.794842168676595],
        [0.654270380428056, 51.79497230464179],
        [0.654042665711487, 51.79516719634796],
        [0.65398501543279, 51.79520951658563],
        [0.653983933547266, 51.79521031460064],
        [0.653981825864685, 51.79521185410803],
        [0.653971429166247, 51.79521791839132],
        [0.653842475262063, 51.79529313278721],
        [0.653628619370662, 51.79538719077452],
        [0.653588973704152, 51.795426553305],
        [0.653559235299035, 51.79545606838012],
        [0.653548821318568, 51.79547423408397],
        [0.653523060966452, 51.795519140230205],
        [0.653500816291717, 51.795588509879735],
        [0.653500464707481, 51.795589604519314],
        [0.653500689931013, 51.795590151994645],
        [0.653529143809366, 51.79565764026068],
        [0.653579703395198, 51.79569006678069],
        [0.653590614425036, 51.79569705897214],
        [0.653652041126838, 51.795718023131705],
        [0.653709951676966, 51.79573778655287],
        [0.653776551153067, 51.79577121380862],
        [0.653804279880116, 51.79578512004057],
        [0.65389050833801, 51.795848798739385],
        [0.653914783074932, 51.79587621936318],
        [0.653931647728815, 51.79591630437967],
        [0.653934656205554, 51.795967532459485],
        [0.653922538099701, 51.79600827192637],
        [0.653908654033744, 51.796025263547776],
        [0.65387771120069, 51.796063103508565],
        [0.653826355199882, 51.79609831004973],
        [0.653814976514268, 51.7961061186344],
        [0.653814335843593, 51.7961073487331],
        [0.653798300743063, 51.79613829500956],
        [0.65379822200937, 51.796138471764735],
        [0.653798275148767, 51.796138617914266],
        [0.653819318713623, 51.79619068202899],
        [0.653819389926378, 51.79619088302645],
        [0.653819754010616, 51.79619101294559],
        [0.653884132305558, 51.796214931010056],
        [0.653885756663901, 51.796215529775914],
        [0.653887193267442, 51.79621546049966],
        [0.653951668622068, 51.79621219958037],
        [0.653966210486112, 51.79621146600126],
        [0.654008806658045, 51.79619603626135],
        [0.654214227807051, 51.79623446026809],
        [0.654223283155021, 51.79623615289404],
        [0.654287196225713, 51.79629007606383],
        [0.654307081184004, 51.796320128317014],
        [0.65433095788811, 51.79638703828467],
        [0.654324623460996, 51.79644886549185],
        [0.654308938491241, 51.79647818308901],
        [0.654305834392527, 51.79648399981853],
        [0.654295664625498, 51.79649696600485],
        [0.654260292326443, 51.79654208017215],
        [0.65417657146723, 51.79669889953353],
        [0.654154132583398, 51.79674093116377],
        [0.654144990357084, 51.79674914053122],
        [0.654105051398896, 51.79678503792112],
        [0.654086475211978, 51.796815203566474],
        [0.654086014650261, 51.796815959923116],
        [0.654080293029236, 51.796841948947026],
        [0.654090119387558, 51.7968858489863],
        [0.654130616945669, 51.796927232959135],
        [0.654173490190706, 51.79694635034765],
        [0.654192997802675, 51.79695505468799],
        [0.654233702436193, 51.796964053919275],
        [0.654242595594876, 51.796966017279175],
        [0.654268349717611, 51.796968290563996],
        [0.654290878339281, 51.79697026831275],
        [0.654301080636856, 51.79696999186225],
        [0.654375059556646, 51.79696794354829],
        [0.654427930865227, 51.796972938155704],
        [0.654475785028262, 51.79698506356795],
        [0.654525228332623, 51.79700401402679],
        [0.654527705515987, 51.79700497110567],
        [0.654567080588173, 51.79702698541918],
        [0.654594843181357, 51.7970520708488],
        [0.654605298046451, 51.79706696565785],
        [0.654616610376809, 51.79708305673183],
        [0.654628451501955, 51.79711497592388],
        [0.654628685837033, 51.79712301038382],
        [0.654630227707402, 51.79717605818685],
        [0.654596743158453, 51.797238645973124],
        [0.654578574292226, 51.797254251742125],
        [0.654534602758459, 51.797292045383585],
        [0.654451305279459, 51.79734001940181],
        [0.65441993346214, 51.79737132134181],
        [0.654418937046669, 51.79737231082577],
        [0.654418451188527, 51.79737364794324],
        [0.654404107357864, 51.79741366413533],
        [0.654403979557107, 51.79741401697644],
        [0.654404111233889, 51.79741474154029],
        [0.654412184793256, 51.79745610252668],
        [0.654444030284991, 51.79749405332159],
        [0.654477040991996, 51.797515935125766],
        [0.654503511268759, 51.79752761334181],
        [0.654515206406757, 51.79753277350522],
        [0.654524762894516, 51.797535154702835],
        [0.654560289441797, 51.797543985287554],
        [0.654583780967984, 51.797546926635626],
        [0.654607766849099, 51.797549939697596],
        [0.654676403878356, 51.797559845858764],
        [0.654676703240309, 51.797559885143905],
        [0.654676728093827, 51.79756030821211],
        [0.654679869172201, 51.79761453552443],
        [0.654679904291408, 51.7976151333382],
        [0.654679060234036, 51.797615935196305],
        [0.654650689919673, 51.797642960735104],
        [0.65464870651762, 51.79764484740051],
        [0.654608801345946, 51.797660087643706],
        [0.654536669118904, 51.7976685593357],
        [0.654516976658193, 51.79767087359074],
        [0.654506836243395, 51.79767397592677],
        [0.654455521965666, 51.79768968560665],
        [0.654405242849483, 51.79771239860964],
        [0.654397241670046, 51.79771601439255],
        [0.654380124055754, 51.79772828102309],
        [0.654353442403109, 51.797747394366084],
        [0.654350264281376, 51.797749676380896],
        [0.654316315412274, 51.79778894730631],
        [0.654295264642284, 51.797831859327516],
        [0.654287934708232, 51.79787699405267],
        [0.654291636240039, 51.79789753016539],
        [0.654296009665206, 51.79792191902591],
        [0.654302248490595, 51.79793659595587],
        [0.65430653997844, 51.797946693775785],
        [0.654628452549533, 51.798395847457684],
        [0.654676119041967, 51.79844495253599],
        [0.654952680939378, 51.798729849708806],
        [0.654718324818138, 51.79879955334429],
        [0.654703810599521, 51.79880658556658],
        [0.654648985263196, 51.79883789234571],
        [0.65460529157323, 51.79887892139558],
        [0.654603447269378, 51.79888064835874],
        [0.654579871442358, 51.798926849928115],
        [0.654578790881634, 51.79894739273428],
        [0.654577303292362, 51.79897567136634],
        [0.654587244041344, 51.79906777044728],
        [0.654595799407837, 51.79908622612697],
        [0.654608010811482, 51.799112556099196],
        [0.65462254095143, 51.799129053385144],
        [0.654634937525499, 51.79914311233675],
        [0.654639091117476, 51.79914782579835],
        [0.654666645176583, 51.799170097876036],
        [0.654672399713812, 51.79917475675892],
        [0.654722035252577, 51.799201742573565],
        [0.654742493134954, 51.79920941234512],
        [0.654778579462818, 51.79922294541795],
        [0.654806203966755, 51.79922897060336],
        [0.654860309434877, 51.79924077050469],
        [0.654860578059696, 51.79924079206511],
        [0.654909482071807, 51.79924470651872],
        [0.655047956319303, 51.79925578858436],
        [0.65511215798211, 51.799268529891386],
        [0.65514630856614, 51.7992774282378],
        [0.655175677484942, 51.7992850808211],
        [0.655182287342395, 51.799287611419615],
        [0.655233191387127, 51.79930710880426],
        [0.655297560561193, 51.79933811755386],
        [0.655348497075401, 51.799371814955634],
        [0.655397436854178, 51.799417787447815],
        [0.655435437218529, 51.7994628743207],
        [0.655441677335164, 51.799474530503296],
        [0.655447801188685, 51.79948597749749],
        [0.655456829300397, 51.79950286606087],
        [0.655472064415731, 51.79956168264745],
        [0.655468606103162, 51.79962466055942],
        [0.655466878266218, 51.79965591925185],
        [0.655466370965156, 51.799665232144505],
        [0.655496990993642, 51.79975937811648],
        [0.655564844597598, 51.7999679469276],
        [0.65557391993452, 51.79998841684838],
        [0.655610840781107, 51.800071737603645],
        [0.655660870655197, 51.80009580397982],
        [0.655784332481881, 51.80015518664171],
        [0.655920573558685, 51.80022071774205],
        [0.656078484834748, 51.8003044171164],
        [0.656154512259171, 51.800344712055654],
        [0.656490593622213, 51.80064865897723],
        [0.656435681062556, 51.800756516217284],
        [0.656393882412377, 51.80083858568389],
        [0.656394253575215, 51.80083883515625],
        [0.656647950370155, 51.801011725080095],
        [0.656691614927836, 51.80113763323477],
        [0.656627081469393, 51.80131980611393],
        [0.656689622650759, 51.801519901441715],
        [0.656714089174775, 51.801535087146384],
        [0.656836422033642, 51.80161101559092],
        [0.656903637812697, 51.801640835532126],
        [0.656941600222792, 51.80165767770983],
        [0.657017224693593, 51.80169004267829],
        [0.657046694434484, 51.80170265633193],
        [0.657316593687208, 51.801791300232445],
        [0.657368501249459, 51.80180834272918],
        [0.657369349828863, 51.80180862745167],
        [0.657274736886892, 51.80192235564725],
        [0.657274515230578, 51.801922627728274],
        [0.657720223815677, 51.802104569381925],
        [0.657720405887662, 51.80210463433492],
        [0.657964270525967, 51.80224478374641],
        [0.658211165121367, 51.80238666917297],
        [0.658647914667755, 51.802606287323435],
        [0.658648419367692, 51.80260653376854],
        [0.659199211442194, 51.80299948670614],
        [0.659398105753624, 51.80313685638757],
        [0.659539445965457, 51.80323447285994],
        [0.659596965663249, 51.80333693275435],
        [0.659665037964082, 51.80345815266592],
        [0.65968724500923, 51.80350455322568],
        [0.659705353457502, 51.803542398975296],
        [0.659833445973578, 51.80362514713375],
        [0.659833539316149, 51.803625218696055],
        [0.659725269671932, 51.80372645695511],
        [0.659614196343103, 51.80387443135147],
        [0.659567213030878, 51.80393702184485],
        [0.659474897137029, 51.804030457750876],
        [0.659398379755669, 51.80410788951845],
        [0.659359294448197, 51.804147452921676],
        [0.659183091977906, 51.804434874277455],
        [0.659171926541173, 51.80446347313437],
        [0.659163395365876, 51.80448534485383],
        [0.659152451628069, 51.80453284541184],
        [0.659146781275073, 51.80455738757664],
        [0.659142904839198, 51.80464544262417],
        [0.659159900147752, 51.80473401089906],
        [0.65920072630503, 51.804826672338635],
        [0.659220076565056, 51.80486012485088],
        [0.659241095815613, 51.804896440535956],
        [0.659333853144283, 51.80501479064415],
        [0.659340262045113, 51.80502297086874],
        [0.659342270275546, 51.80502554087955],
        [0.659345153129564, 51.80502757538143],
        [0.659423307783154, 51.80508260102326],
        [0.659456535419361, 51.80510600528542],
        [0.659507205599102, 51.805150389713106],
        [0.659534526654981, 51.80518624965279],
        [0.659568128080532, 51.805230375591435],
        [0.659608835976306, 51.805336393081085],
        [0.659618208715293, 51.805464761440014],
        [0.659630650673318, 51.8055067690911],
        [0.659664867909324, 51.805574208261085],
        [0.659671674722284, 51.80558762877398],
        [0.659692374833062, 51.80560968638013],
        [0.659755840519326, 51.805677347820584],
        [0.659847549993278, 51.80574103636139],
        [0.659914754179009, 51.805773801921646],
        [0.659960392243181, 51.80579427293744],
        [0.660375314502923, 51.80594226094044],
        [0.660566100824653, 51.80601031883903],
        [0.660808824484534, 51.80614421697969],
        [0.660910248449527, 51.80618717567735],
        [0.661023632396202, 51.80623519573638],
        [0.661135185266078, 51.80626625674448],
        [0.661213727648818, 51.80627586132992],
        [0.661250323691506, 51.80627673653373],
        [0.661289091706538, 51.80627766385504],
        [0.661335978053981, 51.80627442893594],
        [0.661364932879695, 51.80627243803004],
        [0.66141291915792, 51.8062631644927],
        [0.661476107474861, 51.80625094970912],
        [0.661499056808924, 51.80624334813008],
        [0.661629073039685, 51.806200270037984],
        [0.661691656765635, 51.80618536128641],
        [0.661771582067453, 51.8061723068891],
        [0.661967010753049, 51.80616382929307],
        [0.662073428545999, 51.806192445514235],
        [0.662077050907861, 51.80619341334168],
        [0.662287712595624, 51.80625005007703],
        [0.662303095652334, 51.80625093572006],
        [0.662370133716577, 51.80625136053975],
        [0.662380454542174, 51.80624953356733],
        [0.662443715966516, 51.8062383112096],
        [0.662507594466041, 51.80621437518739],
        [0.662539228570651, 51.806197358157625],
        [0.662739418408338, 51.80604036321955],
        [0.662899548059507, 51.80599935513154],
        [0.662903777510269, 51.805998273920444],
        [0.662912679658771, 51.80599632248018],
        [0.663448028561271, 51.80587929004881],
        [0.66357564505344, 51.805875412967964],
        [0.663710462292335, 51.805855348348715],
        [0.66379701221975, 51.80583146882772],
        [0.66384343933564, 51.80581265191764],
        [0.663872281832083, 51.805800956304424],
        [0.663932730395542, 51.80576825626341],
        [0.663941699467595, 51.805763411498994],
        [0.664001795895336, 51.80572172189028],
        [0.664059922848925, 51.80566629052443],
        [0.664061878093853, 51.80566443197375],
        [0.664124358196158, 51.805634697235774],
        [0.664406718887263, 51.80550035216393],
        [0.664442763641288, 51.80545034811927],
        [0.664507353458783, 51.80539267950415],
        [0.664553971328107, 51.80536829554343],
        [0.664620784408068, 51.80534201710896],
        [0.66462486360077, 51.80534040509944],
        [0.664654850786391, 51.8053322565564],
        [0.664689121222357, 51.805322933415596],
        [0.66475377748334, 51.80531247016674],
        [0.664831399578973, 51.80530649258071],
        [0.664911179984493, 51.8053063784004],
        [0.664990535251401, 51.805314414844204],
        [0.665054664116128, 51.80532546709832],
        [0.665171005643232, 51.805360117734196],
        [0.665239247126012, 51.805380442525134],
        [0.665280667016177, 51.80538804957334],
        [0.665337315168401, 51.80539845167375],
        [0.665445566493974, 51.80540626532159],
        [0.665448043293648, 51.805406448597985],
        [0.665448415808614, 51.805406467778504],
        [0.665559636856267, 51.80540142221756],
        [0.665629129099397, 51.80538957785675],
        [0.665670942025886, 51.80538245013503],
        [0.665776959173353, 51.805350400905205],
        [0.665779975455058, 51.805349153702295],
        [0.6658495454656, 51.80532050962485],
        [0.665912844783888, 51.805285294127344],
        [0.665918008367799, 51.80528242342222],
        [0.666368727129022, 51.80522245099979],
        [0.666667276114568, 51.80522677533299],
        [0.66666730687148, 51.805226793053855],
        [0.666868959983049, 51.805371574884774],
        [0.666869487330305, 51.80538050518333],
        [0.666873559480988, 51.80544946437801],
        [0.666880816189016, 51.805483549243704],
        [0.666884844903403, 51.80550246590138],
        [0.666908452814755, 51.805549303070784],
        [0.666910540072517, 51.80555345516866],
        [0.666948160816021, 51.805607406320625],
        [0.666976193094466, 51.80563583493365],
        [0.666988676783667, 51.805648500003585],
        [0.667049599616468, 51.80569756638374],
        [0.667254668518302, 51.80589962582188],
        [0.667285606816395, 51.80591336399771],
        [0.667427848311129, 51.8059764985759],
        [0.667607154491326, 51.80604943779686],
        [0.668050752996176, 51.805930459814334],
        [0.668109953451064, 51.805919418579364],
        [0.668324069307326, 51.80590640780662],
        [0.668384935482718, 51.80591476032077],
        [0.668428488407421, 51.80593959456701],
        [0.668454736704774, 51.80596949078967],
        [0.6684648169261, 51.8060098567069],
        [0.668464742854785, 51.80601136871996],
        [0.668440134146491, 51.80608087770919],
        [0.668430318500463, 51.806108599628814],
        [0.66843049994764, 51.80613932707015],
        [0.668430523526062, 51.80614274319923],
        [0.668441646404886, 51.80617762430989],
        [0.668446102420582, 51.80618364735815],
        [0.668465295667936, 51.80620954112406],
        [0.668496798801851, 51.80623836027024],
        [0.668501714628434, 51.80624286254618],
        [0.66857060866408, 51.806288514722596],
        [0.668587672416994, 51.80631255969259],
        [0.668595337495796, 51.806323363200065],
        [0.668602949450698, 51.80634483232674],
        [0.668610561412827, 51.80636630145279],
        [0.668609106410632, 51.806385674096596],
        [0.668607520009032, 51.80640684554447],
        [0.66859079411592, 51.80644584003453],
        [0.668590780910525, 51.80644586796233],
        [0.668590223891793, 51.80644649763418],
        [0.668561048697701, 51.8064797058061],
        [0.668513307070408, 51.80651623642108],
        [0.668477774571165, 51.8065434278515],
        [0.668433188812754, 51.80660232073164],
        [0.668432432916815, 51.80660499018112],
        [0.668417411171326, 51.80665749288973],
        [0.668419326729812, 51.80668991231665],
        [0.668424111069554, 51.80670475966681],
        [0.668430424746443, 51.80672437036255],
        [0.668462507174651, 51.80677606157266],
        [0.668610823073198, 51.806907730900335],
        [0.668699377761358, 51.80702160146949],
        [0.668710920182086, 51.80703642430335],
        [0.668913526482214, 51.80744444849714],
        [0.669077316946735, 51.80777429160798],
        [0.669174370679137, 51.80806634452217],
        [0.669146519948649, 51.80810010293615],
        [0.669111766137636, 51.8081422420315],
        [0.669081890840337, 51.808219919683545],
        [0.669079647167457, 51.808258622218865],
        [0.669083121823155, 51.80828046154239],
        [0.66908831210251, 51.808313230229636],
        [0.669092925634543, 51.808323421508874],
        [0.669112302165357, 51.80836621936119],
        [0.669143906895037, 51.8084100472656],
        [0.669185282763246, 51.808450282663976],
        [0.669226083176889, 51.808480529775785],
        [0.669245970699145, 51.80849527357198],
        [0.669255234027061, 51.80850721954244],
        [0.669345118521391, 51.808623149990396],
        [0.669417735480381, 51.808722158961494],
        [0.669442748626177, 51.8087562548646],
        [0.669609892245188, 51.809037303069005],
        [0.669881974512332, 51.80931413469106],
        [0.670057894927858, 51.809452348946735],
        [0.670152019670891, 51.809479864852435],
        [0.670246114033469, 51.809507367560414],
        [0.670433019135233, 51.80948165008863],
        [0.67043322576047, 51.80948162697589],
        [0.670592534310938, 51.80955346877252],
        [0.670615435678706, 51.80955836353955],
        [0.670896515942711, 51.80961850523826],
        [0.67112608814198, 51.809708512962104],
        [0.671257636096766, 51.8097600979879],
        [0.671445258505784, 51.80982005065346],
        [0.671713700202215, 51.80994322991845],
        [0.671769074266353, 51.809959846594516],
        [0.671871230807022, 51.809990493945776],
        [0.671943575787217, 51.81001220432998],
        [0.672033120387002, 51.81000522347882],
        [0.672111469965134, 51.80999911407079],
        [0.67225411810808, 51.81000402152313],
        [0.672324432585451, 51.81001225856257],
        [0.672334485676641, 51.81001443364621],
        [0.672416277467751, 51.81003208869383],
        [0.672521415005297, 51.810061884923655],
        [0.672548460652293, 51.810071777848094],
        [0.672572393431586, 51.81008053512068],
        [0.673360205380085, 51.81042950147959],
        [0.673362066683401, 51.81043032482432],
        [0.673498362574702, 51.81043983256279],
        [0.673731763789501, 51.81045611973491],
        [0.673962121526663, 51.81047219018895],
        [0.674237467029616, 51.81047573428384],
        [0.674510255693655, 51.810479253024106],
        [0.675550474110079, 51.81031322314169],
        [0.676099202348799, 51.810179205780656],
        [0.67609930511618, 51.81017918502238],
        [0.676107523858936, 51.810178482190985],
        [0.676333290770475, 51.81015922422379],
        [0.676461096565389, 51.81014832056065],
        [0.676541060536377, 51.810090009807766],
        [0.676579000520631, 51.81007214549432],
        [0.676666739860623, 51.81004349582286],
        [0.676670616644199, 51.810042228750696],
        [0.676670941417288, 51.81004219372729],
        [0.676699083979092, 51.810039250556706],
        [0.676775153294278, 51.81003127441227],
        [0.676842437636775, 51.810034245559514],
        [0.676850688271249, 51.810035835071815],
        [0.676854085007433, 51.81003649446553],
        [0.676919564818805, 51.81004912120069],
        [0.676837625632946, 51.81022068746062],
        [0.676823510779992, 51.8102502392933],
        [0.676875627872519, 51.810258243365574],
        [0.677064184746732, 51.81028719493506],
        [0.677224997624141, 51.81027820942985],
        [0.677331702990425, 51.8102722519202],
        [0.677762722899837, 51.8103688017188],
        [0.677862006994752, 51.81037623738539],
        [0.677886563903174, 51.81038147061837],
        [0.677912068632694, 51.81038690327742],
        [0.677918027501033, 51.810388176552756],
        [0.6779606233112, 51.81040322117134],
        [0.678010285662, 51.8104301966336],
        [0.67804868032537, 51.81045731827202],
        [0.678052882253521, 51.81046028003859],
        [0.678056771757245, 51.810465238138306],
        [0.67807250498916, 51.81048526914926],
        [0.678092092919593, 51.81053521633563],
        [0.678095995695252, 51.81054515637959],
        [0.678064962936591, 51.81058954324983],
        [0.678063316374917, 51.81063767188611],
        [0.678102668955473, 51.81068820022166],
        [0.678177059395754, 51.81071727373123],
        [0.678275036625355, 51.8107151887593],
        [0.678276564832978, 51.81071515393986],
        [0.678276724493055, 51.810715090441434],
        [0.678406784680837, 51.81066328532267],
        [0.67841797481376, 51.810658324379496],
        [0.678511912466779, 51.81061670349845],
        [0.678563348546753, 51.81061221607682],
        [0.678607095780501, 51.81061586070416],
        [0.678648543683401, 51.810626575222805],
        [0.678690460263561, 51.81064543851517],
        [0.678691683678229, 51.81064627631313],
        [0.678729237539638, 51.810672238102484],
        [0.678751277784868, 51.81069915202103],
        [0.678754657230941, 51.81070327446377],
        [0.678760434628309, 51.81072101811885],
        [0.678765739499195, 51.81073730825808],
        [0.678760125607473, 51.81078015828331],
        [0.678804618145839, 51.810811883527954],
        [0.678818031009476, 51.81083912297464],
        [0.678817984759103, 51.81083934505261],
        [0.678811908599773, 51.81087190037214],
        [0.678811445447711, 51.81087436060932],
        [0.678809129067117, 51.81087613554246],
        [0.678774795056205, 51.810902437034514],
        [0.678773558808137, 51.81090338614022],
        [0.678771616147451, 51.81090369748152],
        [0.678711794252516, 51.81091333991719],
        [0.678594481246587, 51.8108867735782],
        [0.678592643845846, 51.810886354980774],
        [0.678564988622795, 51.81088199370361],
        [0.678534648112144, 51.81087719630487],
        [0.678485047396001, 51.810877064850686],
        [0.678473873044135, 51.81087703398232],
        [0.678422604829883, 51.81088410535716],
        [0.678380826535314, 51.81089812533814],
        [0.678343916613894, 51.810918075698964],
        [0.678314520604398, 51.81094222006794],
        [0.678291003980385, 51.810973809749065],
        [0.678277165642263, 51.81100350281296],
        [0.678274911142203, 51.8110083246136],
        [0.67827090160026, 51.811032397065105],
        [0.678268896827943, 51.81104443329076],
        [0.678273720228787, 51.811080156897305],
        [0.678288452172811, 51.81111410757549],
        [0.678303667735081, 51.81113367146814],
        [0.678309057215397, 51.81114062143658],
        [0.678311350776214, 51.811142217648715],
        [0.678341217594805, 51.81116306855401],
        [0.678382414330544, 51.811184066508005],
        [0.678396263609186, 51.81119111841222],
        [0.678396401508497, 51.81119118894477],
        [0.678379151444649, 51.81123474612504],
        [0.678248930447012, 51.81156384316753],
        [0.677952841438436, 51.811938050307596],
        [0.677944307326792, 51.81203412304302],
        [0.677939249222532, 51.81209111508385],
        [0.677865924390416, 51.81224609316882],
        [0.677813659526982, 51.8122732080349],
        [0.677699069281364, 51.81233266752857],
        [0.677632779213659, 51.81236705483281],
        [0.677652247229989, 51.81239668904108],
        [0.677717514397652, 51.81249609050339],
        [0.677742758209003, 51.81256999129542],
        [0.677761966514148, 51.812649094698315],
        [0.677784386811027, 51.812834188747686],
        [0.677790383448765, 51.81288368120842],
        [0.677808083287131, 51.81292883655028],
        [0.677810691826334, 51.81293549072743],
        [0.677843547249094, 51.81298491469467],
        [0.677872729906743, 51.81301575501475],
        [0.677886123256199, 51.813029890133684],
        [0.677893213773186, 51.81303545680972],
        [0.67793746980942, 51.81307018081575],
        [0.678014554264057, 51.81311154281006],
        [0.678037696712394, 51.81312396390206],
        [0.678240285895456, 51.81320089699888],
        [0.678314174783033, 51.8132289596647],
        [0.678407292483858, 51.81328536331243],
        [0.678564384238832, 51.81338050790514],
        [0.678754130605391, 51.81357473730179],
        [0.678772938616776, 51.813593979836035],
        [0.678803335141577, 51.81364225316328],
        [0.678823986349323, 51.813675028237775],
        [0.67887885547328, 51.81372858257189],
        [0.678901868716724, 51.813743824499596],
        [0.678941168932319, 51.813769875382675],
        [0.679002777190871, 51.81379953443169],
        [0.679010351075483, 51.81380222592623],
        [0.679068558587738, 51.81382290046395],
        [0.679129300725508, 51.81383796398173],
        [0.679129480418474, 51.81383798751438],
        [0.679129660111439, 51.81383801104703],
        [0.679129974437648, 51.813838049929934],
        [0.679193304727722, 51.8138469025969],
        [0.679229508433998, 51.813851068918034],
        [0.679237138019689, 51.81385194489077],
        [0.679577776359537, 51.813830974492944],
        [0.679624537952885, 51.81383528682124],
        [0.679664412855515, 51.813838973322476],
        [0.679738806716188, 51.81385498701017],
        [0.679821249145704, 51.813880684969966],
        [0.679821975836309, 51.81388091245112],
        [0.679831013054285, 51.8138854768661],
        [0.679893018695641, 51.8139168117069],
        [0.679924145695802, 51.81393832421011],
        [0.679961113989902, 51.81396387536413],
        [0.68000743235108, 51.81401102104066],
        [0.680030380044566, 51.814046672128256],
        [0.680036239725389, 51.81405577549678],
        [0.680036418232524, 51.8140560292884],
        [0.680042356829696, 51.81407722271033],
        [0.680065153686143, 51.814158380539666],
        [0.680121471614079, 51.81422103694599],
        [0.680146032511503, 51.8142680892236],
        [0.680146034149691, 51.81426811681424],
        [0.680146131180294, 51.81426875004593],
        [0.680153592603764, 51.8143190931165],
        [0.680151880359842, 51.814328792743765],
        [0.680145439051329, 51.814364948088944],
        [0.680134517434555, 51.81438170021593],
        [0.680119673549235, 51.814404463366095],
        [0.680083492475572, 51.8144304665667],
        [0.680074443218322, 51.814436962851254],
        [0.680058950030835, 51.81444303506867],
        [0.679925551146618, 51.814495309371566],
        [0.679871708903078, 51.81452816166185],
        [0.679870160983064, 51.81452911788268],
        [0.679808311413389, 51.814598032236326],
        [0.679812150363625, 51.81466269552572],
        [0.679812160191704, 51.81466286106961],
        [0.679860354459901, 51.81471081130254],
        [0.679879316237235, 51.81473988573013],
        [0.679881033373563, 51.814744782785986],
        [0.679891305526527, 51.814773898749266],
        [0.679892773781205, 51.81479862916758],
        [0.679893280490623, 51.81480716387497],
        [0.67989034142199, 51.814817223000475],
        [0.679876693273509, 51.81486388469625],
        [0.679806936370877, 51.814956536767745],
        [0.679794763478235, 51.81499376209507],
        [0.67978083097735, 51.81503638736263],
        [0.679785237918384, 51.81506481740651],
        [0.679798635742365, 51.815091771606205],
        [0.679802338330556, 51.81509557353894],
        [0.679821815389585, 51.815115555830296],
        [0.679855898234223, 51.81513979140447],
        [0.679898747036682, 51.815158762001225],
        [0.679938474650247, 51.81517120985683],
        [0.680024343884288, 51.815181758514846],
        [0.680029159777779, 51.815183039331096],
        [0.680161656802922, 51.81521839386993],
        [0.680283276658178, 51.81527375027913],
        [0.680293080876628, 51.815278214290714],
        [0.680295988454764, 51.81528013721276],
        [0.680336498944326, 51.81530701652769],
        [0.680394481957528, 51.81535564588036],
        [0.680413809655657, 51.815371855657915],
        [0.680706007973903, 51.81559411839333],
        [0.680706350806615, 51.81559438685543],
        [0.680715987175568, 51.815599775593896],
        [0.680798274965739, 51.81564582446183],
        [0.680851690460947, 51.81566832037147],
        [0.680935021703134, 51.8157034138734],
        [0.681031874913819, 51.81572875936539],
        [0.681051088844021, 51.815733791507384],
        [0.68109803598014, 51.81573669001869],
        [0.681102196688622, 51.81573694508024],
        [0.681165772374304, 51.81574087334443],
        [0.681234376101622, 51.81573239243425],
        [0.681239287830569, 51.81573178310291],
        [0.681280116669236, 51.81572673529354],
        [0.681444210588267, 51.81568013220218],
        [0.681444403488872, 51.81568012780214],
        [0.681547215426022, 51.81567371209995],
        [0.681649510357494, 51.81568585570044],
        [0.681722189598224, 51.815710959999905],
        [0.681738406612015, 51.81571656689433],
        [0.681742876442305, 51.81571927376942],
        [0.681774150976638, 51.81573823142551],
        [0.68181087429822, 51.81576911978458],
        [0.681824746993118, 51.8157807846371],
        [0.681846715830241, 51.81580417245081],
        [0.681883801237575, 51.815843654046255],
        [0.681968634895343, 51.815958778430144],
        [0.682042027023621, 51.81598211649945],
        [0.682060155535151, 51.81598788234365],
        [0.682060522045046, 51.815988048958715],
        [0.682196137270099, 51.81604705322498],
        [0.682197936868075, 51.81604783179404],
        [0.682291578237381, 51.81611286801624],
        [0.682330662847642, 51.81614972524456],
        [0.682332897826761, 51.816151829230634],
        [0.68237804454407, 51.81620968354218],
        [0.682476340945434, 51.816520806575106],
        [0.682533126551706, 51.8165757245296],
        [0.68254853814453, 51.81659352443779],
        [0.682563311376842, 51.816610583746034],
        [0.682583649727105, 51.816647776593406],
        [0.682585899683221, 51.81665463225042],
        [0.682599172640793, 51.816695200388054],
        [0.682602506933294, 51.81673755170761],
        [0.682602855598651, 51.81674191818534],
        [0.682597666911644, 51.81676412058053],
        [0.682582616458775, 51.816828653106484],
        [0.682554286512168, 51.81687076002891],
        [0.682513477495804, 51.816916660469445],
        [0.682217630459974, 51.817218644011355],
        [0.682217207622435, 51.817219279893294],
        [0.682212786806339, 51.81722590096459],
        [0.682089485723116, 51.817410405007486],
        [0.682002359285087, 51.81744178900422],
        [0.681935075777969, 51.81743602107582],
        [0.681830198488135, 51.81738374722061],
        [0.681830062750303, 51.817383713479984],
        [0.681775065328154, 51.81737165148147],
        [0.681715583512673, 51.817372142763155],
        [0.681715331248613, 51.81737214851799],
        [0.681715155912617, 51.817372198564506],
        [0.681648552889887, 51.81739463231376],
        [0.681604967687513, 51.817440586444015],
        [0.681603006500938, 51.81752860783595],
        [0.681607453829752, 51.81757794203089],
        [0.681608319544589, 51.8175875091877],
        [0.681612878526352, 51.81759871424159],
        [0.681629565344612, 51.817639720295254],
        [0.681663066837597, 51.817684625105265],
        [0.681690240175013, 51.817705306380596],
        [0.68170771728074, 51.81771860194614],
        [0.681759971769523, 51.81774326044263],
        [0.681811759543236, 51.81776006480248],
        [0.681987083072434, 51.81778079196764],
        [0.682020004785743, 51.817784682354684],
        [0.682034717882046, 51.81778847244785],
        [0.682109337449009, 51.81780765669741],
        [0.682195656841453, 51.817840682632465],
        [0.682259565877698, 51.8178861643424],
        [0.682241869486, 51.817915181491216],
        [0.682241774357943, 51.81791533101095],
        [0.682241481946583, 51.8179154113575],
        [0.682155886595106, 51.81793931938816],
        [0.682141883245301, 51.81794322131918],
        [0.68211523014757, 51.81795629886235],
        [0.682102236149534, 51.817962682694976],
        [0.682093721014213, 51.817970170758656],
        [0.682069476848139, 51.81799152776639],
        [0.682050044070038, 51.818015583838466],
        [0.682052348229969, 51.81819160430614],
        [0.682208514379459, 51.818255490289864],
        [0.682338123679988, 51.818284572195324],
        [0.682374818944133, 51.81829844217313],
        [0.682408640160308, 51.81831120813687],
        [0.682429102222665, 51.81832046626881],
        [0.682464558611947, 51.818336491842174],
        [0.682479958675706, 51.81834633514996],
        [0.682503204951756, 51.81836118426083],
        [0.682529212398473, 51.81838673605797],
        [0.682532466688176, 51.818395235677],
        [0.682541036237946, 51.81841765822252],
        [0.682544577996473, 51.818452489945976],
        [0.682545399333584, 51.81846055698931],
        [0.682544420722184, 51.81846509188916],
        [0.682533308120483, 51.81851662298452],
        [0.68250749664074, 51.818570607639714],
        [0.682495766699171, 51.818585508921],
        [0.682472914898487, 51.818614542439505],
        [0.682464413843852, 51.8186225183015],
        [0.682429111610097, 51.818655584108406],
        [0.682384933368817, 51.81868457010289],
        [0.682375866826818, 51.81869053281043],
        [0.682279855207893, 51.81873471807642],
        [0.682256684224705, 51.81874538623473],
        [0.682209864618708, 51.818768437159974],
        [0.68190509789607, 51.818918521772446],
        [0.681868299076975, 51.819042176798774],
        [0.681852172265609, 51.81909636397979],
        [0.681904566893913, 51.81914310318123],
        [0.681921137285435, 51.81915788368729],
        [0.681931103838077, 51.81916331083275],
        [0.682063600917726, 51.81923543601625],
        [0.682074237108121, 51.81936837855114],
        [0.682074238748085, 51.81936840614168],
        [0.682089898251945, 51.81941835938571],
        [0.682098341580076, 51.81942990863185],
        [0.682110632740122, 51.819446693074575],
        [0.682173827190023, 51.81950286475353],
        [0.682178408131202, 51.81950493363405],
        [0.68226608357593, 51.81954446722607],
        [0.682307031239614, 51.81957711010724],
        [0.682330840806903, 51.81961142411845],
        [0.682333076756256, 51.81961979041959],
        [0.682339003963171, 51.81964200619883],
        [0.682336279792907, 51.81967242228055],
        [0.682322650540174, 51.81970487379547],
        [0.682321972904203, 51.81970647326059],
        [0.682321890425849, 51.819706585654345],
        [0.682296669845808, 51.819738528065045],
        [0.682268784022747, 51.819762132381435],
        [0.682267312297956, 51.819763372382596],
        [0.682266407456981, 51.819763899540845],
        [0.68223664875988, 51.81978149605828],
        [0.682129306038681, 51.81981859066462],
        [0.682106881800041, 51.81982633160229],
        [0.68205941071013, 51.81985144178343],
        [0.682020472515804, 51.81988310770142],
        [0.682016781328759, 51.81988800838915],
        [0.681993575702641, 51.81991885489732],
        [0.681980407137647, 51.81995681224021],
        [0.681979789068493, 51.81997641456492],
        [0.681979138425201, 51.81999646888938],
        [0.681993198663886, 51.820034514141426],
        [0.682019815249176, 51.8200703021296],
        [0.682031130863322, 51.82007892175205],
        [0.682060657093227, 51.82010140955563],
        [0.682100500240673, 51.8201242145281],
        [0.682101976810332, 51.820125055725114],
        [0.68216680760027, 51.82014774182863],
        [0.682598772256347, 51.82036539245663],
        [0.682707857273905, 51.820415322598116],
        [0.682858020636448, 51.820454332266685],
        [0.683068193314146, 51.820465412456365],
        [0.683378951921153, 51.82050817872932],
        [0.683380030250632, 51.820508319883054],
        [0.683649466379073, 51.82069230508183],
        [0.683964295640804, 51.8208464373475],
        [0.683993508941057, 51.820868885777436],
        [0.684042235019336, 51.820906341938255],
        [0.684105750294095, 51.82093735462907],
        [0.684167773970217, 51.82095828029656],
        [0.684217355300309, 51.82096839279465],
        [0.68426370899565, 51.820973209934316],
        [0.684263888719489, 51.82097323345857],
        [0.68437270154102, 51.82097257227384],
        [0.684387934757911, 51.82097009707668],
        [0.684431088383193, 51.8209630887753],
        [0.684563866232553, 51.820923385191854],
        [0.684616779328381, 51.82091331748055],
        [0.684671754070576, 51.82090742974359],
        [0.684734519731722, 51.820910352357046],
        [0.684747597654881, 51.820912613881006],
        [0.684804173222576, 51.82092239142281],
        [0.684851761676973, 51.820940966491435],
        [0.68486266969502, 51.82094522072791],
        [0.684922720050249, 51.82098292441361],
        [0.684940873170895, 51.82099430695691],
        [0.685143284353399, 51.82099327549137],
        [0.685495783653978, 51.820991467442596],
        [0.68592721722087, 51.82112339778553],
        [0.686318764669871, 51.82122532229635],
        [0.686671537092803, 51.82127873284606],
        [0.686813920850844, 51.82130028866014],
        [0.687197764848553, 51.82148614520258],
        [0.687252380710775, 51.82151888839788],
        [0.687259840048645, 51.82152336859767],
        [0.687270619469067, 51.82153194472999],
        [0.68732649557312, 51.82157636414332],
        [0.687387034017463, 51.82163344108261],
        [0.687433355703323, 51.82169533714651],
        [0.687500597108913, 51.821819286307544],
        [0.687552501936117, 51.82186713018294],
        [0.687600413335503, 51.82191129871671],
        [0.687603294183352, 51.82191325890834],
        [0.687653352938514, 51.8219473217396],
        [0.687731749219476, 51.8219873397682],
        [0.687784319789253, 51.82201417104913],
        [0.687852039484252, 51.82203960607727],
        [0.687858513397687, 51.822041511739485],
        [0.688093005261278, 51.82211068123195],
        [0.688273273108373, 51.82217864055555],
        [0.688317557370775, 51.822195337427694],
        [0.688485443334849, 51.822285184671884],
        [0.688625791236556, 51.82236029111436],
        [0.688885602277687, 51.82251338483494],
        [0.688922844061509, 51.82253533532475],
        [0.688938429924446, 51.822545505098844],
        [0.689053082601046, 51.82262032388196],
        [0.689108867155166, 51.82270205158063],
        [0.689152977843153, 51.822766686697655],
        [0.68917632654223, 51.82280088099695],
        [0.689188383642771, 51.82280844233394],
        [0.68932707686682, 51.822895382972455],
        [0.689402826039083, 51.822954763235856],
        [0.689495147208398, 51.82302713627909],
        [0.689495490701204, 51.823027413910154],
        [0.689703410914305, 51.82295760227354],
        [0.689763159966185, 51.82293754028761],
        [0.689763327052656, 51.822937600930054],
        [0.689765669004942, 51.822938495907884],
        [0.689802148737299, 51.82295238697551],
        [0.689839713467463, 51.82297400746673],
        [0.689857564806064, 51.82298428184572],
        [0.6898959328561, 51.823019375614734],
        [0.689903911544148, 51.82303156119097],
        [0.689921878037811, 51.82305897149813],
        [0.689934078281073, 51.823096349311946],
        [0.689933353888746, 51.82312981419155],
        [0.689919224553489, 51.82316227806691],
        [0.68990702845671, 51.82319027722499],
        [0.689837282680458, 51.82328321124142],
        [0.689818527890242, 51.82333381281175],
        [0.689813005410198, 51.823393238071404],
        [0.689820158786637, 51.82343719632125],
        [0.689854994748091, 51.82350427205468],
        [0.689927086909485, 51.82357232797802],
        [0.68996951982015, 51.823599316597054],
        [0.690071149481927, 51.82364557035629],
        [0.690072997885373, 51.82364641215661],
        [0.690088820220835, 51.82370664752523],
        [0.690123468981195, 51.823838616438515],
        [0.690116200211579, 51.823916104339666],
        [0.690101853052284, 51.82406928917014],
        [0.690091191218813, 51.824103331395214],
        [0.690035572659729, 51.82428117462583],
        [0.690027826186774, 51.82432298727711],
        [0.690025962446257, 51.824333104933885],
        [0.690015633639938, 51.824351548127424],
        [0.690003008248863, 51.824374095976175],
        [0.68995946857808, 51.824419785119126],
        [0.689919902261174, 51.82444387953781],
        [0.689904328045961, 51.82445336233714],
        [0.68983591307726, 51.82447741689115],
        [0.689761530427943, 51.824492610423704],
        [0.689669285435868, 51.824497106121655],
        [0.689572101915253, 51.82451025178112],
        [0.689242764350343, 51.82455477974122],
        [0.689194541950817, 51.82456755104349],
        [0.689146994944111, 51.824587913784185],
        [0.689143241491962, 51.824589519181046],
        [0.689104864392503, 51.824615124073716],
        [0.689104641183807, 51.82461536862198],
        [0.689075844114153, 51.82464586555086],
        [0.689056241087591, 51.82468200930779],
        [0.689050637736869, 51.824725135841554],
        [0.689058577047886, 51.8247668290702],
        [0.689098284699682, 51.8248243816467],
        [0.689111747594618, 51.82489441456853],
        [0.68914299091723, 51.825057045810546],
        [0.689190453658649, 51.825204801338856],
        [0.689197570159023, 51.82522695276097],
        [0.689207485873111, 51.82535066511479],
        [0.689229340583332, 51.82562306560565],
        [0.689269303652204, 51.82563901378301],
        [0.689347233773108, 51.825661856917094],
        [0.689354237033555, 51.82566390695761],
        [0.689355260520296, 51.82566412298778],
        [0.689440563452107, 51.82568175067681],
        [0.689500496359307, 51.82568714848469],
        [0.689532681335062, 51.825690040671496],
        [0.689594436028715, 51.825691344638216],
        [0.689606786967695, 51.825691605427664],
        [0.68962531365051, 51.825692001207806],
        [0.689763333958748, 51.82567899869312],
        [0.689865682296703, 51.825653725702644],
        [0.689876857896303, 51.825650974267795],
        [0.69001074187419, 51.82559900921588],
        [0.69017514220939, 51.825587511537755],
        [0.690286918110443, 51.82559099508193],
        [0.69039842321944, 51.82560489129206],
        [0.690419533918804, 51.82560949174493],
        [0.690506869130313, 51.825628545654766],
        [0.690548385378195, 51.82564137272543],
        [0.690592808832576, 51.82565510022946],
        [0.690631453020964, 51.82567185172404],
        [0.690670097237212, 51.82568860320579],
        [0.690697388999929, 51.82570339504571],
        [0.690766639460353, 51.82574092222995],
        [0.690792236844975, 51.82575795386649],
        [0.690850722136213, 51.8257968877755],
        [0.690911716977384, 51.8258435092884],
        [0.690918195003331, 51.82584846299877],
        [0.691045507231076, 51.82597213154659],
        [0.691216693757436, 51.82613842037638],
        [0.691555363266721, 51.82644796664398],
        [0.691670997902977, 51.82653103997943],
        [0.691807482549223, 51.82659888242464],
        [0.6918918401482, 51.82662926658049],
        [0.691939276818311, 51.82664240888381],
        [0.691981304064558, 51.82665406339319],
        [0.692146415717298, 51.82668456906739],
        [0.692296801802141, 51.826696440443285],
        [0.692379284581832, 51.82669539879149],
        [0.692425067975406, 51.826702500583195],
        [0.692430870447373, 51.82670434771172],
        [0.692477775061779, 51.82671927939462],
        [0.692504079705421, 51.82673344878872],
        [0.692514321234851, 51.82673895167071],
        [0.692534921427484, 51.82676138357272],
        [0.692549815754079, 51.826777610106184],
        [0.692550213148771, 51.82677804305442],
        [0.692553203200876, 51.82678755231548],
        [0.692558049600417, 51.8268030143587],
        [0.692558852824087, 51.8268316647192],
        [0.692544968506527, 51.82687245786741],
        [0.692533843625139, 51.827014776329165],
        [0.692526975141418, 51.827102901492495],
        [0.692526985569652, 51.827103076231616],
        [0.692527750811072, 51.827114404644256],
        [0.6925420934938, 51.82732584552378],
        [0.692622433736817, 51.82745025672441],
        [0.692639038172703, 51.82747595735872],
        [0.692791531423362, 51.82764460619083],
        [0.692870048675191, 51.82771405145225],
        [0.692977441628563, 51.827795903343294],
        [0.693086306976447, 51.82786556505144],
        [0.693116100573865, 51.827884636671534],
        [0.693361411993295, 51.827960879189376],
        [0.69365218485755, 51.82805123826073],
        [0.69427245631444, 51.828117054840455],
        [0.694272980192256, 51.82811711650996],
        [0.694332580840434, 51.82811265630458],
        [0.694411150659215, 51.82810677593702],
        [0.694493744611791, 51.82810755375972],
        [0.694504132006505, 51.828109019430336],
        [0.694647439200101, 51.82812919122647],
        [0.694670584240871, 51.8281354756821],
        [0.694717525198522, 51.828148241477344],
        [0.694795441031603, 51.828176947831395],
        [0.694871012071547, 51.82821392264375],
        [0.694885143965205, 51.82822084649456],
        [0.694925432009627, 51.82822872717792],
        [0.695215226075798, 51.82828545385329],
        [0.695487289696095, 51.8283386999748],
        [0.695697470466957, 51.82837984501462],
        [0.696118222678581, 51.82847462215665],
        [0.696129476550067, 51.82847715452276],
        [0.696949879431848, 51.82866195743348],
        [0.697055863749235, 51.828704919244174],
        [0.697102111751586, 51.82873491234368],
        [0.697143455795695, 51.82877386814351],
        [0.697170098018082, 51.828809799779805],
        [0.697175269977373, 51.82882446218961],
        [0.697195200853334, 51.828880891312494],
        [0.697194210287756, 51.82893965148098],
        [0.697194197097071, 51.828939928065076],
        [0.697224441144303, 51.829014723541476],
        [0.697269340948802, 51.82912582691963],
        [0.697269792839372, 51.82912692167846],
        [0.697535292489803, 51.829104069299945],
        [0.697665994196616, 51.82909281880901],
        [0.69787360507559, 51.82901484037038],
        [0.697996240643644, 51.828956944868395],
        [0.698110324159613, 51.82889249501162],
        [0.69815079853387, 51.82886370776609],
        [0.698293921780858, 51.82876194712207],
        [0.698420290250979, 51.828645218943436],
        [0.698450412112597, 51.82862574969268],
        [0.698772274000664, 51.82841764370976],
        [0.698864333193479, 51.828318988571326],
        [0.698925100023216, 51.82824632223143],
        [0.699095454242057, 51.828042558677645],
        [0.699203807725054, 51.827912954004084],
        [0.699259612105825, 51.82780555305188],
        [0.69943252679117, 51.82747273418868],
        [0.699482104304016, 51.82737728251285],
        [0.699544650428179, 51.82725688870983],
        [0.699684964625464, 51.82707727021696],
        [0.699954478034132, 51.82673227697539],
        [0.69996255350253, 51.82672193356565],
        [0.70005695080619, 51.826601102701],
        [0.700461683170017, 51.825991050642266],
        [0.700517901972312, 51.82590630378341],
        [0.700645295794057, 51.82565521188849],
        [0.700683345327669, 51.82553334477283],
        [0.700757372812044, 51.82539084219792],
        [0.700804171040223, 51.82532427939378],
        [0.700911173005825, 51.825205810973635],
        [0.7009368882005, 51.82517733427041],
        [0.701077798886956, 51.82506126392125],
        [0.701158848547338, 51.82501225910348],
        [0.701294011554117, 51.82493052410449],
        [0.701892605987782, 51.8244549562272],
        [0.702081967604729, 51.82430450683745],
        [0.70231719242814, 51.82415036906648],
        [0.70262398661454, 51.82394931230797],
        [0.702686504707154, 51.823909057626274],
        [0.702907585457383, 51.823766709399834],
        [0.7031750839936, 51.82359446811847],
        [0.703722147502322, 51.823294215010854],
        [0.70419422852643, 51.82303510008966],
        [0.704543275723574, 51.822843518700175],
        [0.704669448338101, 51.82276942753391],
        [0.704690479725865, 51.822757082001665],
        [0.704789593571702, 51.82268552876165],
        [0.70489606346259, 51.82260059071906],
        [0.704954793440035, 51.82254455413104],
        [0.704991299293266, 51.82250972234747],
        [0.705084549277075, 51.822405813048434],
        [0.705089925941948, 51.8223998137462],
        [0.705111653144985, 51.82237057132022],
        [0.705186443880886, 51.82226985869583],
        [0.705259534685509, 51.822186406683244],
        [0.705443671211147, 51.82197614615874],
        [0.705677148332645, 51.8216343540253],
        [0.705744544819053, 51.82157121048761],
        [0.705757868904157, 51.82155871980431],
        [0.705766803377109, 51.82155084275009],
        [0.705837115654117, 51.82148874637994],
        [0.70595533551984, 51.82143428697003],
        [0.706012760596743, 51.821407832751255],
        [0.706044219276915, 51.821379066040535],
        [0.706225146323215, 51.82121352512589],
        [0.707925173477389, 51.81975577180792],
        [0.708042702159948, 51.8196549843592],
        [0.708909165544686, 51.81890415368768],
        [0.709020204007028, 51.81885955915795],
        [0.708943194210142, 51.81904536960338],
        [0.710538967639848, 51.817184220056674],
        [0.721616879905997, 51.810009013752754],
        [0.715055047612101, 51.81051617172206],
        [0.715046448955413, 51.81050592228918],
        [0.71502762660663, 51.810507377119464],
        [0.713302294832381, 51.808450869962215],
        [0.717329354912984, 51.80694946844911],
        [0.719008560119293, 51.80515332652925],
        [0.71814319923501, 51.797354504637745],
        [0.721540781537419, 51.79649794110403],
        [0.721556490116544, 51.796509413587565],
        [0.721568362914832, 51.79650642032794],
        [0.722615375406353, 51.79727112848425],
        [0.72682915821524, 51.79748513197086],
        [0.733610942162772, 51.79932140841941],
        [0.733826971249557, 51.798408948507216],
        [0.737620812778545, 51.79854186672721],
        [0.73764794737264, 51.79855050152751],
        [0.73764828086279, 51.79855051321406],
        [0.742834598113109, 51.80020098009581],
        [0.746467099497208, 51.79944344111701],
        [0.754202429974416, 51.80096036404511],
        [0.754227357342025, 51.80096865321587],
        [0.754229983698904, 51.80096916827332],
        [0.760299576169155, 51.802987553809885],
        [0.763372652395198, 51.8032308758732],
        [0.763388535586541, 51.80323883992854],
        [0.763400320130077, 51.803239773080385],
        [0.76860494752054, 51.80584949061794],
        [0.770342940274043, 51.805901505758285],
        [0.770356133168469, 51.805910059025486],
        [0.77037070234738, 51.805910495137475],
        [0.779070023297289, 51.81155055745101],
        [0.790604443475861, 51.80684669437061],
        [0.794765702153379, 51.80425121088259],
        [0.797901413324292, 51.80398233615799],
        [0.801118642033139, 51.801472947053426],
        [0.808926610200475, 51.800412400386264],
        [0.80899582350848, 51.7998225685801],
        [0.811826480460242, 51.799110033254685],
        [0.80808327760972, 51.79330967231676],
        [0.816647729584767, 51.79103167408417],
        [0.815906866053705, 51.78925296265419],
        [0.805730318458606, 51.79194813513385],
        [0.805719532947671, 51.79193470343347],
        [0.805702277592613, 51.791939273402924],
        [0.80390103360193, 51.789696111190295],
        [0.816310648885934, 51.78753136464281],
        [0.816129966048417, 51.78635394070581],
        [0.819600848832708, 51.78613309894374],
        [0.825639608839651, 51.7835192905955],
        [0.834464011816181, 51.78267808526057],
        [0.83684453227453, 51.77952952792432],
        [0.844246884276432, 51.778823533431385],
        [0.844236301427631, 51.7788360202144],
        [0.844275241347825, 51.77883230649853],
        [0.842907954381025, 51.780445606110725],
        [0.846720280044359, 51.78240608646062],
        [0.847914376660623, 51.78226379118739],
        [0.847932933966233, 51.78227383239197],
        [0.847942804045797, 51.78227265625389],
        [0.85163011626721, 51.784267859508844],
        [0.854566537133164, 51.78377157762342],
        [0.859209285466552, 51.78477479795674],
        [0.86982122746351, 51.78171724413189],
        [0.879237646366585, 51.779989408223194],
        [0.893254997364864, 51.76939849972108],
        [0.902370281733215, 51.765748804603575],
        [0.901569681732843, 51.765885702558876],
        [0.901618083904473, 51.76587228706778],
        [0.901931597488097, 51.76580242425578],
        [0.902192619109248, 51.76576183651555],
        [0.902208289018759, 51.765760150880794],
        [0.902391036561391, 51.765740494517786],
        [0.902430066924824, 51.76572486703749],
        [0.904094336199747, 51.76570621927289],
        [0.904105075109508, 51.765715175185065],
        [0.904122893770184, 51.76571498009987],
        [0.904121873818429, 51.76571412116933],
        [0.903269313973718, 51.76499239312396],
        [0.903105349496941, 51.764850939013584],
        [0.902263292869809, 51.764124459495996],
        [0.901262530057323, 51.763289073567485],
        [0.90103907845897, 51.76310253943369],
        [0.900157867180305, 51.76228659099241],
        [0.899591466754858, 51.76180267156099],
        [0.899407570013986, 51.7616539131056],
        [0.899229357017458, 51.76150975716338],
        [0.898566108949785, 51.76115371546822],
        [0.897868496589437, 51.7608552958827],
        [0.897178127312402, 51.76054143283967],
        [0.896817935207219, 51.76037767699278],
        [0.896685514463562, 51.76033259976194],
        [0.896586987670794, 51.76031481342969],
        [0.896563624426415, 51.76031059113276],
        [0.896409929191197, 51.76025380750259],
        [0.895973560465605, 51.760092562484076],
        [0.895321427038925, 51.75993303220062],
        [0.894849951224906, 51.75981769320847],
        [0.894536036015609, 51.759712893173514],
        [0.893699435321519, 51.75943357562924],
        [0.8933145464386, 51.75928360576233],
        [0.893109545942943, 51.75920372141676],
        [0.892570627128154, 51.75893745564541],
        [0.892332249223118, 51.75881968297157],
        [0.892123273173589, 51.75870587371178],
        [0.891662180502493, 51.75845477181236],
        [0.891293185623659, 51.75823675809752],
        [0.891292899395713, 51.758236691463075],
        [0.891055702321018, 51.75817768235392],
        [0.891055333780314, 51.75817748880738],
        [0.890979019152033, 51.758139792215786],
        [0.890905802682333, 51.75809971689505],
        [0.890874493669757, 51.75807958106087],
        [0.890722543612588, 51.75798182794048],
        [0.889551353264991, 51.75734383166346],
        [0.889504151918974, 51.75732044847225],
        [0.888987354041469, 51.75706454496855],
        [0.888724698601433, 51.75690882822689],
        [0.88868313587286, 51.75688286547867],
        [0.887878496570825, 51.756380304521294],
        [0.887611823575983, 51.75624661260194],
        [0.887071648391458, 51.75598585086224],
        [0.885807654430051, 51.755381844695336],
        [0.885718639300416, 51.75534729333439],
        [0.885014520474543, 51.755073888555906],
        [0.884614781201616, 51.75492687992058],
        [0.882287966893304, 51.75409229677199],
        [0.881965688087392, 51.75397669983514],
        [0.881964717611189, 51.753976373670106],
        [0.881855098747177, 51.75393975532195],
        [0.881304960495797, 51.75375597555848],
        [0.880441061986573, 51.75341166089637],
        [0.880345021603352, 51.7533733820797],
        [0.879885037325141, 51.75318276218188],
        [0.879568273884185, 51.75305149603415],
        [0.878249509828818, 51.75245199484551],
        [0.877965273687994, 51.75231196108506],
        [0.877853803591513, 51.75225218504996],
        [0.877501129928168, 51.75206307160467],
        [0.877103908321719, 51.75181225591317],
        [0.876913611360008, 51.75171081041501],
        [0.875867218390106, 51.75117810668452],
        [0.87571213027419, 51.75108915153486],
        [0.87562906698159, 51.75104012581702],
        [0.875557828051474, 51.75099807712188],
        [0.875003323908353, 51.75060635431411],
        [0.87491968292773, 51.75054727597029],
        [0.874565217265873, 51.750341924281834],
        [0.874264511934422, 51.75020828043831],
        [0.874165416868621, 51.750164232456825],
        [0.874096078324051, 51.75013734175289],
        [0.8735414606058, 51.74992219403512],
        [0.873456250253062, 51.74988064244726],
        [0.872667654159902, 51.74949611758638],
        [0.872217017725078, 51.74925923713744],
        [0.872039234837761, 51.749155203254006],
        [0.87162918356851, 51.748915256193506],
        [0.871157651136435, 51.74865613446468],
        [0.871030545856449, 51.74858629963485],
        [0.870776160884209, 51.74843076543415],
        [0.870549900913207, 51.74824727339599],
        [0.870162848653501, 51.74807025136817],
        [0.869615205388452, 51.74773813544993],
        [0.86957612050403, 51.74771443567752],
        [0.86931963476783, 51.74758247140971],
        [0.869222258768899, 51.74753237259749],
        [0.868704199984866, 51.747274699921434],
        [0.868419986512219, 51.74713332614886],
        [0.873812399178199, 51.74229590009229],
        [0.879213218573801, 51.73740852144083],
        [0.879927869219596, 51.7377549733124],
        [0.880011398565013, 51.73778622797893],
        [0.880364706206833, 51.73791838279037],
        [0.880420040016128, 51.737936394131744],
        [0.88043496027601, 51.73794125021681],
        [0.88044399200313, 51.7379437824719],
        [0.880506867038165, 51.73796141544141],
        [0.880771717849363, 51.73802285183637],
        [0.880825498251504, 51.73803532915682],
        [0.880825738733803, 51.738035378517765],
        [0.881475718360704, 51.73837526579045],
        [0.881605810165224, 51.73843932446542],
        [0.881676545368919, 51.73847415211142],
        [0.882966572136512, 51.73910935218819],
        [0.88362682161343, 51.7394569147016],
        [0.884072022960829, 51.73969126955585],
        [0.884412428023898, 51.73993222078744],
        [0.884538131983307, 51.74001527335748],
        [0.885191205394591, 51.740371808066456],
        [0.885203224599222, 51.74037837415986],
        [0.885311419232849, 51.74045247118862],
        [0.88554690538236, 51.74061375268442],
        [0.885719872730706, 51.74069929929179],
        [0.885797905017192, 51.74073027053564],
        [0.885861118144614, 51.74075194470814],
        [0.885932127396763, 51.74077630077253],
        [0.886065021765021, 51.740808244848786],
        [0.886115115172049, 51.74082028542193],
        [0.886277629690656, 51.740827252073494],
        [0.886442667146201, 51.740831209366746],
        [0.886690349246436, 51.740796314687536],
        [0.886690902118459, 51.74079614453423],
        [0.887938656720703, 51.7404082631633],
        [0.888017913175094, 51.7403944615705],
        [0.888127599284186, 51.74037537132092],
        [0.888182811033612, 51.740451357844016],
        [0.888248690335012, 51.74054201115921],
        [0.888359844764069, 51.740675896443584],
        [0.888430149947861, 51.74076057418261],
        [0.888555159056165, 51.74088931108825],
        [0.88868912079294, 51.74101628966865],
        [0.888844991766054, 51.74114717763496],
        [0.888985705018797, 51.74126532341399],
        [0.889029076358967, 51.741310554471674],
        [0.88907009543093, 51.74135332908774],
        [0.889155781724996, 51.74141909796712],
        [0.88923676235157, 51.74147110333577],
        [0.889250204853794, 51.74147973385248],
        [0.889369059069582, 51.741540330529936],
        [0.889822179007225, 51.74184425198876],
        [0.890308003357012, 51.74219233856176],
        [0.890411850942852, 51.74225879239363],
        [0.89089789960067, 51.74252521646061],
        [0.890898158453839, 51.7425253206079],
        [0.891278146214585, 51.74268014248393],
        [0.891524253336231, 51.74279071772201],
        [0.891575086906173, 51.74281544729095],
        [0.891763492803557, 51.74290709792057],
        [0.892008969647245, 51.743036098085476],
        [0.892109950815578, 51.743097325394395],
        [0.89226425393922, 51.743190864770874],
        [0.89231475505016, 51.743216182432285],
        [0.89233730407005, 51.74322684477583],
        [0.892411867885796, 51.743262133569495],
        [0.892573057182666, 51.74331901374493],
        [0.892606956738608, 51.74332481926825],
        [0.892755245540343, 51.74335022461064],
        [0.893075264949513, 51.74350526501918],
        [0.893407489355688, 51.74366622978909],
        [0.894352744679099, 51.744047106698886],
        [0.894611537676324, 51.744171850096194],
        [0.894844576398137, 51.74430238510063],
        [0.895235151483132, 51.74452115359971],
        [0.895292644880708, 51.744546260841204],
        [0.895349725456473, 51.74457117561432],
        [0.895413005138239, 51.744612054737175],
        [0.895483408891706, 51.7446791811815],
        [0.895547448620888, 51.74470549920703],
        [0.895689865953205, 51.74476402597872],
        [0.896110030392641, 51.7450210197817],
        [0.896173321214877, 51.745059733928045],
        [0.896256809236924, 51.74510710463795],
        [0.896607436853938, 51.74530605785236],
        [0.896960746699523, 51.74552183470821],
        [0.897095582859212, 51.745604169957105],
        [0.897211290908511, 51.745700110009366],
        [0.897243996605048, 51.7457363636862],
        [0.897379932126514, 51.74588707280913],
        [0.897416403373072, 51.74593926785527],
        [0.897419587436192, 51.74594381264925],
        [0.897419800609707, 51.74594412973496],
        [0.897418450788219, 51.74602200439056],
        [0.897444309770267, 51.746044004314584],
        [0.897467297798173, 51.74605661656434],
        [0.897477123663096, 51.74606201061662],
        [0.897477154466751, 51.7460620282765],
        [0.89760330932206, 51.7460940059929],
        [0.898023557087271, 51.74635054906888],
        [0.898195882823425, 51.74644806621219],
        [0.898280968992756, 51.74649622498853],
        [0.898281015199079, 51.74649625147798],
        [0.898281149696201, 51.746496266579314],
        [0.898384841228034, 51.746505496783904],
        [0.898456063625977, 51.74646365834063],
        [0.898457036187666, 51.74646309096443],
        [0.898457279769762, 51.746462956016856],
        [0.898577329388036, 51.7464852840142],
        [0.898625196902497, 51.74648326478036],
        [0.898638175683051, 51.74648159067978],
        [0.898711427587261, 51.74647213897958],
        [0.899248237728324, 51.74633390489589],
        [0.899248617571894, 51.74633381263271],
        [0.899273612156962, 51.74633512059731],
        [0.8994476061231, 51.746344217207984],
        [0.89965688461223, 51.746388093806694],
        [0.900033980590537, 51.74645649734238],
        [0.900134225409188, 51.74647468013979],
        [0.900164482029589, 51.746478455173836],
        [0.900409913615229, 51.74650905065673],
        [0.900592558435978, 51.746586904326435],
        [0.900627763017652, 51.7466019035647],
        [0.900867994345369, 51.74671894094367],
        [0.900868384129203, 51.74671923524225],
        [0.900870802203534, 51.74672108196202],
        [0.901226042559141, 51.74699284008705],
        [0.901351701675532, 51.74705726296164],
        [0.901359940055836, 51.74706148940912],
        [0.901455925776858, 51.74709235689821],
        [0.90145598679934, 51.74709238302046],
        [0.90145610766526, 51.74709241687443],
        [0.901458422544195, 51.74709288465796],
        [0.901534084252694, 51.74710805399875],
        [0.901656945640649, 51.7471211916905],
        [0.901933458074985, 51.747150749192414],
        [0.90204308480203, 51.747180772682995],
        [0.902044066548211, 51.747181043143804],
        [0.902207451332303, 51.74729996703313],
        [0.902876610750133, 51.747684336570366],
        [0.902877828214298, 51.74768504327081],
        [0.903025536702412, 51.747742942326795],
        [0.90310854686933, 51.74776647577674],
        [0.903108921930379, 51.74776654018629],
        [0.903276382972307, 51.74779928686873],
        [0.903968942344276, 51.74786941297191],
        [0.903969121288868, 51.74786942696792],
        [0.904215589311119, 51.747848036312945],
        [0.904215884404926, 51.74784801059774],
        [0.904548419259608, 51.747864940940616],
        [0.90472659016196, 51.74786502979852],
        [0.904726827771302, 51.74786503313292],
        [0.904807625755326, 51.74783998300284],
        [0.904903267512168, 51.747779439476],
        [0.904958840473299, 51.74777655480186],
        [0.90496021578326, 51.7477764839522],
        [0.905301772135735, 51.74782115930378],
        [0.905714048705239, 51.74785297732568],
        [0.906029116228444, 51.7478940968925],
        [0.906086700989668, 51.74793293769033],
        [0.906094439633854, 51.74793815241352],
        [0.906154504150021, 51.74804910924476],
        [0.906196152471542, 51.74812604927722],
        [0.906200063998737, 51.74813081529558],
        [0.906202784828365, 51.748134137199145],
        [0.906243974701182, 51.748184297170994],
        [0.906246214767822, 51.74818590873008],
        [0.906378705209493, 51.74824702593315],
        [0.906391029171553, 51.74825455858485],
        [0.906421129018023, 51.74827296109989],
        [0.906425804705223, 51.74827622542223],
        [0.906426969480752, 51.748277034698],
        [0.90650200514058, 51.74832929511006],
        [0.906502222573727, 51.74832944629731],
        [0.906502306141626, 51.74832936134121],
        [0.906530773688775, 51.74830063148179],
        [0.906532362067263, 51.748299026510665],
        [0.906476289736136, 51.7481730880122],
        [0.9064642145458, 51.74809781093612],
        [0.906461197822208, 51.74807902384993],
        [0.906411125182749, 51.747976265367825],
        [0.906419450601846, 51.7479728267342],
        [0.906471106224794, 51.74795145283452],
        [0.90656042768709, 51.747945697017194],
        [0.906563102470602, 51.7479455295273],
        [0.906567471030688, 51.74794955664901],
        [0.906724815559876, 51.748094558663965],
        [0.906768119381704, 51.74812033378343],
        [0.906784348442505, 51.74812698692864],
        [0.906813697749606, 51.74813901629535],
        [0.9068368364721, 51.7481430578494],
        [0.906849231518392, 51.74814522857473],
        [0.906905292769692, 51.74815502204047],
        [0.907048441859659, 51.74814206717568],
        [0.907123539572884, 51.74813015157745],
        [0.90712822499354, 51.74812940935601],
        [0.907192280210756, 51.7481132818027],
        [0.907195068878129, 51.74811257730997],
        [0.907365146833365, 51.748053422220174],
        [0.907432003258358, 51.748022931551425],
        [0.907444328121735, 51.748017312435906],
        [0.907556473938527, 51.7479587435877],
        [0.907682698743676, 51.747953961516615],
        [0.907706440402598, 51.74795306992625],
        [0.908233197063757, 51.74804711282206],
        [0.909396367374054, 51.74822207783723],
        [0.910508182815863, 51.74838347594918],
        [0.91062771572989, 51.74840082196741],
        [0.911557585420026, 51.74862328499986],
        [0.911560025565179, 51.748623160051096],
        [0.911793801837403, 51.74861112131463],
        [0.911794067895061, 51.74861110550992],
        [0.91179414790343, 51.74861096537919],
        [0.91180954563692, 51.74858416069451],
        [0.911429586524557, 51.74839318155225],
        [0.911340682008635, 51.74836160328578],
        [0.911115665129266, 51.748281675695075],
        [0.911114906105127, 51.748281409000114],
        [0.911113478792445, 51.74828021025357],
        [0.911113247739836, 51.7482798475861],
        [0.911096442556655, 51.74825317792446],
        [0.911096359615489, 51.74825304183234],
        [0.911096808247031, 51.748252404445914],
        [0.911113494739445, 51.74822856111193],
        [0.911154658051905, 51.74821617607551],
        [0.911883007977451, 51.74827612193729],
        [0.911975183855136, 51.74827944581649],
        [0.912661816534409, 51.74830417106388],
        [0.913884039364719, 51.74835522878892],
        [0.915179738002821, 51.748436206572926],
        [0.915223382083698, 51.74843724186778],
        [0.916151123245709, 51.74845917983389],
        [0.916698876474008, 51.74848521231241],
        [0.917191965252288, 51.74851003005233],
        [0.917244913650501, 51.74851269395053],
        [0.918269370078904, 51.748600237458426],
        [0.91850777645549, 51.748614245346396],
        [0.919112961812777, 51.74864982716142],
        [0.919673887541197, 51.74865527522637],
        [0.920039808960169, 51.74867021854797],
        [0.920627998595478, 51.74870520189129],
        [0.921462380416613, 51.748788794562465],
        [0.921616978246945, 51.74880428153059],
        [0.922145478332689, 51.74886842641036],
        [0.922572294037923, 51.74893549452468],
        [0.923119838933836, 51.7490215411595],
        [0.923749223146176, 51.749129982281524],
        [0.924668472687541, 51.749288369864864],
        [0.924803514423502, 51.74929967929051],
        [0.924871528034879, 51.74930538154167],
        [0.925044699298277, 51.74930837353666],
        [0.925190481078812, 51.749300820448234],
        [0.925295625675643, 51.749295384218804],
        [0.925943465130297, 51.74921821782909],
        [0.926247343991491, 51.74918201587887],
        [0.926526556548088, 51.749158345119056],
        [0.926806735465836, 51.749135625862785],
        [0.927107644432581, 51.74912211503915],
        [0.92766457451244, 51.749097103038004],
        [0.927707204816666, 51.749093231687],
        [0.928210166551215, 51.74904753204517],
        [0.928845426680078, 51.74899873474491],
        [0.92918791140788, 51.748972421125764],
        [0.930638731224413, 51.74885166507856],
        [0.93089214025332, 51.748830561659545],
        [0.930974721349321, 51.748824532004924],
        [0.931213292040614, 51.74880708599282],
        [0.931481619611556, 51.748787469467054],
        [0.93246549752762, 51.74875153416083],
        [0.932683374006766, 51.74875683486533],
        [0.932724984875226, 51.74875785004994],
        [0.933001562102751, 51.74876457685475],
        [0.933272679556462, 51.74874590040807],
        [0.933625468371153, 51.74872159235402],
        [0.933755297793608, 51.74870764886491],
        [0.93415696955155, 51.74866448177573],
        [0.934327283176929, 51.74862983599534],
        [0.934421548347497, 51.74861065538937],
        [0.934502165087876, 51.74859379570092],
        [0.934683337009461, 51.74855591263484],
        [0.935031539817126, 51.74845109184619],
        [0.936896099566119, 51.748003420346436],
        [0.937617349291352, 51.7478837866234],
        [0.939192872514429, 51.747545902145795],
        [0.939680736188202, 51.74738880734005],
        [0.941127515070031, 51.74688195764056],
        [0.941824819239258, 51.746700923956226],
        [0.942372893988302, 51.74657518937259],
        [0.942574311244125, 51.74652897698407],
        [0.943562549419048, 51.74632871930714],
        [0.943651335072586, 51.74631073681404],
        [0.94440693382412, 51.74614916108117],
        [0.944947692328443, 51.745971165855856],
        [0.945275765408078, 51.74586318083086],
        [0.945346722092341, 51.745848941107404],
        [0.945694092325718, 51.745779198662426],
        [0.946707124778429, 51.74560290132144],
        [0.946889461819746, 51.74557116818782],
        [0.946973826678105, 51.74555027319091],
        [0.947425959347294, 51.745438258487034],
        [0.947849388518354, 51.745349360620935],
        [0.948699480581754, 51.745151373946946],
        [0.950909556349595, 51.74481286627841],
        [0.951136819218406, 51.74478466751487],
        [0.951233631037298, 51.74477997010269],
        [0.951413041871626, 51.74477126362843],
        [0.95145174378005, 51.74477253862135],
        [0.951726118572975, 51.74478153282075],
        [0.952376595194819, 51.74484742406805],
        [0.95263311875294, 51.74487341491055],
        [0.95273709870786, 51.74487852885018],
        [0.952748499892613, 51.74487908962714],
        [0.9530171710301, 51.74487500796351],
        [0.953017524118349, 51.74487496224932],
        [0.953018128410636, 51.74487490101142],
        [0.953568550540982, 51.74481799980572],
        [0.953934730573674, 51.74479558686013],
        [0.955141684659667, 51.74480753637541],
        [0.95589064339486, 51.74482334354076],
        [0.955949624569255, 51.744824585763666],
        [0.956133498537379, 51.7448115324243],
        [0.956241014268458, 51.74479945150765],
        [0.95627374019482, 51.744795772991196],
        [0.956491243975027, 51.74475699693815],
        [0.957128620162069, 51.74458004085562],
        [0.957150288521705, 51.74457402478995],
        [0.95756140621934, 51.744352309038],
        [0.957645843201534, 51.74430061573982],
        [0.957933190897653, 51.744124711463954],
        [0.958133203835775, 51.74397070540729],
        [0.958225221197734, 51.743882248260256],
        [0.958285502031065, 51.74384868915985],
        [0.958315738543533, 51.74383462870621],
        [0.958352296421354, 51.74381763688939],
        [0.958435381927512, 51.74379091746137],
        [0.958618350828129, 51.74373209127337],
        [0.958701404663247, 51.743700353048474],
        [0.959185687817916, 51.743434773191574],
        [0.959878821097571, 51.743079778823294],
        [0.960616456577215, 51.742701969408984],
        [0.96112701594341, 51.742533813901126],
        [0.961427086579353, 51.74238698730035],
        [0.961459907225989, 51.74236460878164],
        [0.961713131102202, 51.7421920232578],
        [0.962071638011386, 51.741858915400925],
        [0.962433728520078, 51.74155298661903],
        [0.962807289548808, 51.7412149931526],
        [0.963645469425591, 51.74057439252535],
        [0.963731283290901, 51.74041932451106],
        [0.963740179182886, 51.74040905206353],
        [0.963860919333328, 51.7402694781159],
        [0.96408124550597, 51.740080531420624],
        [0.964286536381177, 51.73992683245597],
        [0.964332410661646, 51.739892482376895],
        [0.965332926412202, 51.73935358613443],
        [0.96579213399172, 51.73903802088849],
        [0.966035676213518, 51.738830488192846],
        [0.966178664616322, 51.73874649387163],
        [0.966215453979676, 51.73872657414066],
        [0.966322927297994, 51.73866837076572],
        [0.966576686200059, 51.73856134485117],
        [0.966819110692627, 51.738452283701854],
        [0.967041044722786, 51.738352452128126],
        [0.967060039130603, 51.738340331064414],
        [0.967685016313934, 51.7379415687009],
        [0.968831210840887, 51.73716764523014],
        [0.970506046295773, 51.73596521576625],
        [0.970928221842205, 51.73562456642278],
        [0.971169640716489, 51.735412867416564],
        [0.971397059397021, 51.735194909251526],
        [0.971747462883549, 51.73482290708629],
        [0.972438440739893, 51.734004446226265],
        [0.972457282016162, 51.7339821327176],
        [0.972479433251175, 51.73395397923831],
        [0.972632756358451, 51.73375916822709],
        [0.97280021948537, 51.73353822967541],
        [0.972939129992254, 51.7333098626103],
        [0.973071816976315, 51.733083190923324],
        [0.97314995692402, 51.73288081393052],
        [0.973199042500186, 51.732718240838814],
        [0.974330868562433, 51.727883509749745],
        [0.974452546239911, 51.72510504234557],
        [0.974374751186198, 51.72414098822631],
        [0.974062363705297, 51.723243162105554],
        [0.973744195380943, 51.722560221107194],
        [0.973660158628021, 51.72223153579504],
        [0.97360498018384, 51.72190104232452],
        [0.973604976562482, 51.72190098715641],
        [0.973587285007997, 51.72164525061387],
        [0.973588034048316, 51.72153354239944],
        [0.973588038945641, 51.721532713378565],
        [0.973588035324351, 51.72153265821045],
        [0.973597153608934, 51.72131305520846],
        [0.973605977872564, 51.72122022561561],
        [0.973618035905055, 51.721093301752475],
        [0.973635935195199, 51.72097313748749],
        [0.973695932501575, 51.720570368003365],
        [0.973783971023232, 51.72010550411096],
        [0.973895608293752, 51.719641451760396],
        [0.973928509739479, 51.719527796645075],
        [0.973970865759642, 51.71938152909968],
        [0.974082972035783, 51.71910582690936],
        [0.974852601447272, 51.71721319497243],
        [0.975079669664894, 51.71665479024656],
        [0.975686255667106, 51.71533570668453],
        [0.976128019657449, 51.71466301680975],
        [0.976604971222548, 51.713837109561915],
        [0.977486444909697, 51.71129036718024],
        [0.978467403928955, 51.70789073468533],
        [0.979055866668369, 51.705941360413064],
        [0.979198663367683, 51.70565336116014],
        [0.979847520099078, 51.704344635907006],
        [0.979961865109029, 51.703669993876034],
        [0.979964216458088, 51.70365615604925],
        [0.979966227744709, 51.703636017997404],
        [0.980075198511566, 51.70255070902706],
        [0.980636717794764, 51.700482287257195],
        [0.981200780574676, 51.699388667920466],
        [0.981430449355147, 51.698905584194975],
        [0.981565597271821, 51.69859466777149],
        [0.98168258435772, 51.698282803018756],
        [0.981770431863624, 51.69803674665845],
        [0.9819188660126, 51.69754279313557],
        [0.982015027942853, 51.697106808303666],
        [0.982044293849923, 51.69691901894277],
        [0.982074579042938, 51.696673945012776],
        [0.982090334522897, 51.69654641906817],
        [0.982102556433547, 51.69636088606399],
        [0.982112083506264, 51.695927966746495],
        [0.982112081692108, 51.69592793916251],
        [0.982097557661523, 51.69570710178988],
        [0.982097555847392, 51.6957070742059],
        [0.98206460665842, 51.69538499848829],
        [0.982011782044955, 51.69506311432173],
        [0.981979385344314, 51.694900634153356],
        [0.981888536755682, 51.69455400110578],
        [0.981882782619882, 51.69453208001428],
        [0.981524893487955, 51.69366518379991],
        [0.98132010525196, 51.69316912755147],
        [0.98099489993185, 51.69192326363278],
        [0.980524970333243, 51.69075977080025],
        [0.979726958146069, 51.68918622667735],
        [0.97947748473123, 51.68840359792894],
        [0.97841989229487, 51.68636022428731],
        [0.977944344491145, 51.685161534761214],
        [0.977778335961526, 51.68474306880483],
        [0.977554039714063, 51.683902456191085],
        [0.977553702233767, 51.68390182925661],
        [0.977129746296018, 51.68311441990005],
        [0.976538803883455, 51.68190887058622],
        [0.976511797307862, 51.68182603869781],
        [0.976388232388696, 51.68144709311122],
        [0.976198917395477, 51.68031248307672],
        [0.976079770763239, 51.67959831852181],
        [0.975753205983811, 51.67816247264254],
        [0.975619793821539, 51.677727530184406],
        [0.975598913054793, 51.677616958825396],
        [0.975590702703518, 51.67757353900729],
        [0.975647513007416, 51.67722653002331],
        [0.975667144355593, 51.67715315359969],
        [0.975691082058796, 51.67706367022513],
        [0.97569077822592, 51.677031930970934],
        [0.975689215569126, 51.67686963468069],
        [0.975478761087624, 51.676128596770525],
        [0.975439681315502, 51.675711783501164],
        [0.975384232640154, 51.675528103927135],
        [0.975286212320515, 51.67535688646661],
        [0.974822839623196, 51.674095109411375],
        [0.974300207925234, 51.67256317265087],
        [0.97392741175418, 51.67124780724391],
        [0.973733784596171, 51.669976237167845],
        [0.973673317590342, 51.6694257005457],
        [0.973673311565908, 51.669425608597905],
        [0.973701003420615, 51.668565122410726],
        [0.973703615143133, 51.66810832115828],
        [0.973606129196587, 51.66777941305208],
        [0.973581770153476, 51.667724557939415],
        [0.973547804135865, 51.66764808150679],
        [0.973547785735006, 51.66764802671259],
        [0.972899122411483, 51.666065637145],
        [0.972801132261798, 51.6658265575296],
        [0.972742605725538, 51.66567533704503],
        [0.972525838819691, 51.66511511739247],
        [0.972442324353323, 51.664630895755636],
        [0.972365537759194, 51.66418560955075],
        [0.972281359135194, 51.66334172488149],
        [0.972247690883716, 51.662648130954466],
        [0.972247668007419, 51.66264778155204],
        [0.972775570253919, 51.66308974098812],
        [0.972990431315198, 51.663303259554766],
        [0.973142960499944, 51.66345482547212],
        [0.973241098885624, 51.663517823442554],
        [0.973289587892947, 51.663540688861026],
        [0.973325973162096, 51.66355783744331],
        [0.973401515992633, 51.66358426345176],
        [0.973416627887641, 51.6635895540895],
        [0.973423000697777, 51.66359120705901],
        [0.973498466376254, 51.663610801107446],
        [0.973671346408019, 51.663633490516574],
        [0.973671704868325, 51.66363353669707],
        [0.973730215909571, 51.66363440316284],
        [0.973759463736787, 51.663634831974626],
        [0.973799370540748, 51.663632485644264],
        [0.973864829999167, 51.66362864468938],
        [0.973968710293131, 51.66361379145838],
        [0.974069277594456, 51.663589738336306],
        [0.974149832184371, 51.66356380672866],
        [0.974195872190455, 51.66354431234579],
        [0.974208754031881, 51.66353884678433],
        [0.974271446438248, 51.663502269512364],
        [0.974291089678877, 51.663488113346425],
        [0.974325822531123, 51.66346308462943],
        [0.974402469757885, 51.66337752467536],
        [0.974419361068611, 51.66334126041378],
        [0.974424657801539, 51.66332988074446],
        [0.974444316036333, 51.663271202797034],
        [0.97444688615117, 51.663241490533075],
        [0.974449455660937, 51.663211769074216],
        [0.974446703033074, 51.66318309425556],
        [0.974443790657043, 51.66315288540616],
        [0.974411811506007, 51.663064883151065],
        [0.974396880323483, 51.66304404150186],
        [0.974360075553701, 51.662992688549785],
        [0.974326288557773, 51.66295981737698],
        [0.974236235312081, 51.66289590629536],
        [0.973429791115605, 51.661996398566245],
        [0.972705184984004, 51.66113149698717],
        [0.972638069480496, 51.66096230412006],
        [0.972570940323968, 51.66079312077472],
        [0.972413388179407, 51.66052643612874],
        [0.972330138031349, 51.66037043518049],
        [0.972189822569529, 51.66010754124705],
        [0.972120159738029, 51.65995457623993],
        [0.97205049739984, 51.659801611183525],
        [0.971987684744168, 51.659673873980005],
        [0.971702248452471, 51.6590932873829],
        [0.971597826124384, 51.6589064893655],
        [0.971412753816608, 51.658501713786826],
        [0.97130354906615, 51.65826284312161],
        [0.970984715852283, 51.65752032149535],
        [0.970903706650254, 51.65730425934618],
        [0.97086650599558, 51.65721933554025],
        [0.970824836707647, 51.65714871750142],
        [0.970785885617119, 51.65709157864083],
        [0.970680871947759, 51.6569374811908],
        [0.970572540316712, 51.65674601034619],
        [0.970291196015174, 51.65632745040606],
        [0.970137583815356, 51.65606530497584],
        [0.969859156390926, 51.655746451934036],
        [0.96983936511923, 51.65572571427975],
        [0.969567097914216, 51.655440312197875],
        [0.969057060672167, 51.654951505701405],
        [0.969037588302361, 51.654936313511435],
        [0.968853257478293, 51.65479250973152],
        [0.96860042608463, 51.654624161782344],
        [0.968569805830764, 51.65460378067519],
        [0.968405445784166, 51.654481170040796],
        [0.968090490217074, 51.65421158027079],
        [0.967950754503457, 51.65407851927144],
        [0.96774882061937, 51.653851034356414],
        [0.967467278284018, 51.653427158873534],
        [0.967291758554078, 51.65316287445542],
        [0.967210242339717, 51.653047645144376],
        [0.967061745474837, 51.65283772575036],
        [0.967002086968105, 51.6527710333427],
        [0.966910644307955, 51.65266882907344],
        [0.966765653602697, 51.65252613692011],
        [0.966635396211536, 51.65239795566679],
        [0.966358174586016, 51.65210406957215],
        [0.966284889301224, 51.65202638362021],
        [0.966266526814842, 51.65200026746422],
        [0.966161366503842, 51.651850747319294],
        [0.966070524349743, 51.65173274124337],
        [0.966026119453497, 51.65167716626951],
        [0.965930777080941, 51.65155780019866],
        [0.965877846961588, 51.65149863683663],
        [0.965833285104271, 51.65144881282687],
        [0.965665340635765, 51.651284843923605],
        [0.965553237139878, 51.651189920831],
        [0.9654893420529, 51.651135823549644],
        [0.965398826960168, 51.65103910233871],
        [0.96537859732354, 51.65101748167298],
        [0.965364461196881, 51.65099757670226],
        [0.965203433354578, 51.65077077652149],
        [0.965106403297026, 51.650654749648524],
        [0.964975467920808, 51.65055185613267],
        [0.964901604708096, 51.650493819571004],
        [0.964634621189676, 51.65029383347864],
        [0.96442841726727, 51.65012720887301],
        [0.963960186890413, 51.64974886652684],
        [0.963408910595653, 51.64931883213838],
        [0.963156756904855, 51.649109709706025],
        [0.963123277174859, 51.649081939169506],
        [0.96312305524831, 51.64908171452006],
        [0.963105538438254, 51.64906397603424],
        [0.963024579801887, 51.64898197782397],
        [0.962996418866011, 51.6489363344505],
        [0.962969002895686, 51.64889189720399],
        [0.962963777956804, 51.64883926471771],
        [0.962963748780062, 51.64883904441298],
        [0.962975393633876, 51.648781979757594],
        [0.963000438468895, 51.648736513100594],
        [0.963007439289029, 51.64873081036691],
        [0.963044198556739, 51.64870083404225],
        [0.963050370260438, 51.64869808102888],
        [0.963110520565349, 51.64867127196703],
        [0.963110764636377, 51.64867115528574],
        [0.963111307317851, 51.6486710771173],
        [0.963161966649064, 51.64866399605739],
        [0.963258419281266, 51.64867169241911],
        [0.963360792797321, 51.64870592074991],
        [0.963786910369786, 51.64896301910743],
        [0.963810140760635, 51.64897415699658],
        [0.963967359825297, 51.649049550524076],
        [0.963968674766098, 51.649050189657196],
        [0.963973498884426, 51.649050380995966],
        [0.96409838328849, 51.64905543390726],
        [0.964099274329011, 51.649055475878995],
        [0.964099702147095, 51.649055225615335],
        [0.964144270146634, 51.649029666006776],
        [0.964144755286586, 51.64902938666541],
        [0.964144795206544, 51.64902909093577],
        [0.964154730552244, 51.6489499375587],
        [0.96411990773302, 51.648789981720505],
        [0.964101826513932, 51.648706884687776],
        [0.963965667723526, 51.6484620104293],
        [0.963872239530692, 51.64833197486644],
        [0.963842983329604, 51.64828520808384],
        [0.96383076247681, 51.648250389499395],
        [0.963833321273508, 51.64820633769178],
        [0.963842162181973, 51.648181192079626],
        [0.963845036143102, 51.648176228980965],
        [0.963874901126655, 51.648159725760756],
        [0.963875086671458, 51.648159619765536],
        [0.963878044807855, 51.648157988579264],
        [0.963915088390445, 51.64815439158435],
        [0.96392114970406, 51.64815380567254],
        [0.963924006356718, 51.648154249308966],
        [0.963974095059335, 51.648162028898874],
        [0.96400152288771, 51.64817510539661],
        [0.964032848138872, 51.64819005443117],
        [0.964137152066859, 51.64827905156556],
        [0.964214896642437, 51.648378030627846],
        [0.964229799773309, 51.64839700462658],
        [0.964321821291906, 51.64856093159056],
        [0.964522845184856, 51.64880119255944],
        [0.964598201935544, 51.648891233463466],
        [0.964686521933316, 51.64901225190553],
        [0.964788738229408, 51.64916583605291],
        [0.964909948527174, 51.64934797047899],
        [0.965459349641718, 51.649970847165775],
        [0.965563533142906, 51.65009916355178],
        [0.965603815443728, 51.65014877347578],
        [0.965861386386242, 51.650439916092424],
        [0.965893597380429, 51.65046816912709],
        [0.966021468808408, 51.65058033994944],
        [0.966133878022316, 51.650668844678094],
        [0.966166867427657, 51.650703571024025],
        [0.966257730823545, 51.65083575994874],
        [0.966328976870632, 51.65091376452884],
        [0.966422213005306, 51.651015850205795],
        [0.966466355952239, 51.65105177741619],
        [0.966469936646227, 51.65105468939804],
        [0.966520191765378, 51.651090802891076],
        [0.966619660813208, 51.65115003312587],
        [0.966631137135945, 51.651156862441354],
        [0.966729477632351, 51.6512235167755],
        [0.966855515567362, 51.65127899914063],
        [0.966900668538359, 51.651298875185326],
        [0.967026557925692, 51.65134459847727],
        [0.96727066615975, 51.65140723613271],
        [0.967584435167425, 51.65148775718803],
        [0.967690747008733, 51.651498276590694],
        [0.967723606093404, 51.65150152586983],
        [0.967862974282813, 51.651500866464396],
        [0.967990042325313, 51.65150026002519],
        [0.967990102051676, 51.65150026772504],
        [0.968152621161821, 51.65152580541731],
        [0.968636231546388, 51.65163850985289],
        [0.96894512876614, 51.65171895711541],
        [0.969471157179796, 51.65181709252753],
        [0.969816724066857, 51.65186414442117],
        [0.970159205832875, 51.65187782245445],
        [0.970429926292773, 51.651913273692],
        [0.970532489999343, 51.65191965797299],
        [0.970555146259633, 51.65192106477336],
        [0.970745501928235, 51.65191624727417],
        [0.970801062580456, 51.65189736961792],
        [0.970828596115374, 51.651888006101224],
        [0.970849506153295, 51.65187064089675],
        [0.970857749780397, 51.651863801013455],
        [0.970862336106573, 51.651858315472445],
        [0.970880383878067, 51.651836804499595],
        [0.970887992026143, 51.65182319288675],
        [0.97091435886642, 51.65177607922847],
        [0.970901163948209, 51.651601762900924],
        [0.970887723659701, 51.651424146369564],
        [0.970878456230246, 51.65136576813],
        [0.970869262043226, 51.65130783011853],
        [0.970800272368969, 51.651095829235004],
        [0.97080008391258, 51.651095437972295],
        [0.970709052622304, 51.6509169853195],
        [0.970668989134461, 51.65085701027349],
        [0.970666600903756, 51.650854224808235],
        [0.97057898180947, 51.65075191734099],
        [0.970249157138047, 51.65041391052794],
        [0.970179919485439, 51.65034293990878],
        [0.970128409097008, 51.65029468398896],
        [0.970022044045198, 51.65019502397239],
        [0.96987701549017, 51.650068536948545],
        [0.969829426597241, 51.650027033967056],
        [0.969720719267635, 51.649939986263774],
        [0.969500625225431, 51.64978014184401],
        [0.969400547779882, 51.6497007501309],
        [0.969101503810875, 51.64943904956927],
        [0.968372585615872, 51.64894607853103],
        [0.968162736592127, 51.64882821913062],
        [0.967498341804556, 51.64845509183964],
        [0.967210494737212, 51.64828198980081],
        [0.96698949837299, 51.64814908461244],
        [0.96616879821039, 51.64768906208738],
        [0.96592414711942, 51.64754590326238],
        [0.965739450515828, 51.64743781142472],
        [0.9653648431673, 51.6472360526349],
        [0.964645958093161, 51.6468541082295],
        [0.963977832811178, 51.64650779068864],
        [0.963230041472799, 51.64612015643071],
        [0.962479212968916, 51.645774278885305],
        [0.96218025024334, 51.645623585551675],
        [0.961631462648574, 51.64534146771316],
        [0.961520479729634, 51.64526064971397],
        [0.961430058189442, 51.64521795825186],
        [0.961339622039241, 51.64517526709054],
        [0.960783577618105, 51.644892481151246],
        [0.960410577348612, 51.644687018271306],
        [0.960219716928872, 51.64456278959131],
        [0.960111471012972, 51.644492327057],
        [0.960065051649759, 51.644459908574454],
        [0.959893752168647, 51.644340279274665],
        [0.959631587152325, 51.64414766707633],
        [0.95956826234665, 51.644101150402214],
        [0.959450163285395, 51.64401779297038],
        [0.959259523623454, 51.64388323276214],
        [0.958893055321304, 51.643625315137164],
        [0.958762897770029, 51.64354133078317],
        [0.958537981983175, 51.643417285525985],
        [0.958125928982727, 51.64322235071975],
        [0.957719364325173, 51.64301434531847],
        [0.957363131619614, 51.6428163159501],
        [0.957030025944218, 51.64264219243086],
        [0.95687115994969, 51.64255915949888],
        [0.956298578954006, 51.6422433278744],
        [0.956166293686673, 51.64218201417764],
        [0.956144193336818, 51.642174281722724],
        [0.955912966479793, 51.64209339222887],
        [0.955866176094716, 51.64208248692902],
        [0.955813513220996, 51.642078471230114],
        [0.95564224536955, 51.64208460740072],
        [0.955641723934475, 51.64208455606002],
        [0.955416741880728, 51.642062323619186],
        [0.955397770121876, 51.64206240525147],
        [0.955376178979222, 51.64206249756966],
        [0.955376090308245, 51.64206249980216],
        [0.955361561932864, 51.6420676271735],
        [0.955314270647703, 51.64208429067982],
        [0.955274866130694, 51.64211296810727],
        [0.955259050304847, 51.642124473590506],
        [0.955237846072262, 51.64218740539459],
        [0.955249147632758, 51.642268298114736],
        [0.955249167794503, 51.64226838049746],
        [0.95524898696358, 51.64226924158338],
        [0.955229930424151, 51.64236109411152],
        [0.955229671861879, 51.64236235318587],
        [0.955229276004928, 51.64236263945301],
        [0.95518043735131, 51.642398075075654],
        [0.955180196881027, 51.64239824691024],
        [0.955180094028856, 51.64239825870967],
        [0.955121920784693, 51.642405341362554],
        [0.954710706093977, 51.64229598099284],
        [0.954708205006909, 51.64229530714651],
        [0.9543775341598, 51.64219823978612],
        [0.953921470387204, 51.64207634704526],
        [0.953801147091671, 51.64203366553974],
        [0.953775357980465, 51.642024515021596],
        [0.95358190683331, 51.641939437673486],
        [0.953521185028431, 51.641895016714095],
        [0.953418621109984, 51.64180922711982],
        [0.953400807404472, 51.64179433141734],
        [0.953193316090816, 51.641576807312646],
        [0.953064818778678, 51.64149009495506],
        [0.953029901884742, 51.64147122708128],
        [0.952882224492564, 51.64139139801792],
        [0.952601551210678, 51.641229399105],
        [0.952487868443536, 51.64118292970565],
        [0.952470883104316, 51.641175988913375],
        [0.952470685609212, 51.64117591099068],
        [0.952481108896382, 51.64122560400031],
        [0.952494257564046, 51.64128830669539],
        [0.952505283547097, 51.64131971185056],
        [0.952515330459849, 51.641348350993326],
        [0.952585505841218, 51.641496810588535],
        [0.952617745219026, 51.64153165165885],
        [0.952788590622698, 51.64171627938218],
        [0.952868358471495, 51.641786147817086],
        [0.9528891874493, 51.64180439387605],
        [0.953026902438214, 51.64194933057715],
        [0.953055376956579, 51.64198431229546],
        [0.953055931913471, 51.64198579035844],
        [0.953072897780604, 51.6420313676217],
        [0.953036118512314, 51.64204944196711],
        [0.953035409577375, 51.642049238761416],
        [0.952947779984608, 51.64202467892099],
        [0.952800836163602, 51.64195980679283],
        [0.952518028949434, 51.641834950113854],
        [0.952361482679227, 51.6417753660696],
        [0.952144855645997, 51.64166274187634],
        [0.95196314333344, 51.641568257952294],
        [0.951946206276892, 51.64155682137716],
        [0.95185825233799, 51.64149739973792],
        [0.951761145221116, 51.64140736383301],
        [0.951710877257232, 51.64137070100966],
        [0.951699502760295, 51.641362403291396],
        [0.951438814048291, 51.64119557038862],
        [0.951272477346235, 51.641089121816265],
        [0.951151583804874, 51.64102231249998],
        [0.9504688213707, 51.64066438879031],
        [0.949047553398353, 51.63998043379024],
        [0.94878427483026, 51.639850048987924],
        [0.948577093837925, 51.639747441014556],
        [0.948199419245938, 51.63955189392851],
        [0.94799871374115, 51.63943818054005],
        [0.947905711846267, 51.639377694572275],
        [0.947693097141973, 51.63923941269419],
        [0.947238271235455, 51.63899187486844],
        [0.94702444636549, 51.638875495986035],
        [0.946901028871072, 51.63880358797927],
        [0.946634812680124, 51.63864847848369],
        [0.946446063889849, 51.63854349738908],
        [0.94627772316875, 51.63844986627719],
        [0.945729619486655, 51.638124242020304],
        [0.945713963194359, 51.63811493675885],
        [0.945695839624053, 51.63810341853574],
        [0.945053470603438, 51.63769528637547],
        [0.944680521922443, 51.63746664662889],
        [0.944603792900782, 51.6374196017547],
        [0.944131605908684, 51.637113497523856],
        [0.9440360945613, 51.63705158869336],
        [0.943287219755751, 51.63657766022012],
        [0.942897213199763, 51.63631662737807],
        [0.942632809475475, 51.63615363507244],
        [0.942632209363446, 51.63615328171585],
        [0.94260541310218, 51.636137633312586],
        [0.942291996594602, 51.635954602994346],
        [0.941089118797396, 51.635179212594124],
        [0.940532624973218, 51.63480162780064],
        [0.94007141598444, 51.63449986527605],
        [0.940059099135663, 51.63449181108704],
        [0.940013130524164, 51.63445545008124],
        [0.939759208334532, 51.634254648940605],
        [0.939450168064227, 51.63398764449192],
        [0.939197540552068, 51.633755062904484],
        [0.939109962563902, 51.63368585063935],
        [0.939029996925938, 51.63362266446253],
        [0.938718992516594, 51.63342287601011],
        [0.938548880822902, 51.63332075920657],
        [0.938457301391617, 51.63325578192681],
        [0.938350072617441, 51.63317972065666],
        [0.938004286765044, 51.632972935658906],
        [0.937795280263761, 51.632827933261694],
        [0.937351620077661, 51.6325600837349],
        [0.937190879988931, 51.63245563059527],
        [0.937115893660735, 51.63240689797321],
        [0.936671049293571, 51.63214876446423],
        [0.936425178886766, 51.63199036959039],
        [0.936225249510916, 51.631861558797226],
        [0.935467567296245, 51.63134690964117],
        [0.934945577441506, 51.631026615746016],
        [0.934757656514261, 51.63092802417589],
        [0.934646391422656, 51.63086512948253],
        [0.934350795719763, 51.630698017502866],
        [0.933976494338817, 51.63049686101117],
        [0.933738952220613, 51.630356921092975],
        [0.933370924558413, 51.63018272013187],
        [0.933011827536495, 51.62999298785808],
        [0.932803946237907, 51.6298722906197],
        [0.932582981882855, 51.62974399007471],
        [0.932582432191653, 51.629743727508135],
        [0.932347098978622, 51.62962986760141],
        [0.931936022424897, 51.62941809247473],
        [0.931879567290289, 51.629394939551716],
        [0.93171705717997, 51.62932828422984],
        [0.931422638339433, 51.62924471689495],
        [0.930186354404777, 51.62882798306244],
        [0.929984811162303, 51.62877005517717],
        [0.929925610001923, 51.62874835154647],
        [0.929908042986735, 51.62874190101618],
        [0.929637750497571, 51.62862638564187],
        [0.92934696545715, 51.62851502830261],
        [0.929153450832112, 51.62842618331371],
        [0.929098461824683, 51.62840093882504],
        [0.928874176747621, 51.62831360734028],
        [0.928428628620915, 51.62814010185482],
        [0.928286130976972, 51.62808716324019],
        [0.927730817912419, 51.627921275093776],
        [0.927455275575789, 51.627820124437584],
        [0.927455139646554, 51.62782008177816],
        [0.927435309899162, 51.62780904549457],
        [0.927232197983883, 51.627696067195274],
        [0.927163206216976, 51.62767188024527],
        [0.927063919496743, 51.62763706527707],
        [0.926700869035182, 51.62750976541423],
        [0.926011084153942, 51.627290507496504],
        [0.925638654424653, 51.62717212327632],
        [0.925502775504305, 51.62713547461306],
        [0.925449315071324, 51.627121048929155],
        [0.925335872038638, 51.627094552033824],
        [0.925162304606232, 51.62705400714427],
        [0.925158686648646, 51.62705297370089],
        [0.925102504316489, 51.62703694869615],
        [0.924885302259287, 51.62694609003088],
        [0.92453440839848, 51.62677939351385],
        [0.924325382305481, 51.62668010559885],
        [0.924237187990182, 51.62666514491983],
        [0.924211245854273, 51.62666074423146],
        [0.924179008580327, 51.62665187697737],
        [0.924063210384132, 51.626620022092624],
        [0.923988991535091, 51.626588825822274],
        [0.923859930238898, 51.626534580167835],
        [0.923679391434427, 51.62642446887248],
        [0.923642766560468, 51.626402135272315],
        [0.923531122323709, 51.62632326077928],
        [0.923399304907044, 51.62625374868303],
        [0.923358572863324, 51.62623818532667],
        [0.923290159556484, 51.626225457379235],
        [0.923262587882189, 51.62622033264718],
        [0.92308311029153, 51.62623829557435],
        [0.922988132414091, 51.6262400164133],
        [0.922937864812807, 51.6262409275875],
        [0.922478966929054, 51.62612700797445],
        [0.922286489577223, 51.626069117715744],
        [0.922177780706242, 51.62602964282889],
        [0.922104313459036, 51.626002967199874],
        [0.92201276974297, 51.625976612647555],
        [0.922008608855484, 51.62597541763739],
        [0.921697388580691, 51.62589687762002],
        [0.921145343889419, 51.625766999148944],
        [0.920879733719842, 51.62570000387474],
        [0.920589021090276, 51.62562667917491],
        [0.920544671578005, 51.625611674593934],
        [0.920483773998913, 51.62559106768162],
        [0.920396812346908, 51.6255450266909],
        [0.920393448133419, 51.62554379338034],
        [0.920356117965191, 51.625530023186386],
        [0.920294454546411, 51.62551522830605],
        [0.92012312583409, 51.62547412307992],
        [0.919660109022105, 51.6253241737008],
        [0.919533791026904, 51.625286930447324],
        [0.919201669515699, 51.625189001179315],
        [0.919127581876805, 51.62517312403122],
        [0.918690675973372, 51.62507944819093],
        [0.918406696529968, 51.62500048003159],
        [0.918275034770334, 51.624963865665244],
        [0.917975944838777, 51.62489105606811],
        [0.917479410756122, 51.62475331508136],
        [0.916972030779983, 51.62464366487586],
        [0.916516001291183, 51.62453175093687],
        [0.916399115577248, 51.62451114259463],
        [0.91624560835298, 51.6244840853874],
        [0.915759670794238, 51.62437898107868],
        [0.915598112234517, 51.62434403672701],
        [0.915067718712369, 51.62421316857969],
        [0.914827810394644, 51.62416178642459],
        [0.914401284278856, 51.62407317024939],
        [0.913832624715931, 51.6239651674064],
        [0.913611174533192, 51.62391729410713],
        [0.913041369057173, 51.62379411025975],
        [0.911497463846035, 51.623490081578055],
        [0.911096015141801, 51.623412067377586],
        [0.91064507050846, 51.62334000415178],
        [0.910283030225993, 51.623282146565266],
        [0.910134139059244, 51.62325562107041],
        [0.909923816169816, 51.62321502625429],
        [0.909898650356751, 51.62320905595357],
        [0.909628547408339, 51.623145048429436],
        [0.908976246968128, 51.623056106628766],
        [0.908313449695958, 51.62291612194027],
        [0.908207453171546, 51.62289673701009],
        [0.90820380098967, 51.62289608151231],
        [0.908203621364527, 51.622896049123995],
        [0.907908972562726, 51.62284702266656],
        [0.907713588784989, 51.62281762140629],
        [0.907510495539799, 51.622787047758685],
        [0.905901051957172, 51.62258702997324],
        [0.90469009610132, 51.62239004902147],
        [0.904445819621552, 51.622343091845885],
        [0.904343567297899, 51.62232343577271],
        [0.903975765449128, 51.62229277858111],
        [0.903678084600756, 51.62226795580751],
        [0.903407105457012, 51.62225301704166],
        [0.90338212912848, 51.62225230874593],
        [0.90305155517873, 51.62224297882967],
        [0.902527907720478, 51.6222874112105],
        [0.902164970739808, 51.6223260157286],
        [0.902164632729541, 51.62232605171754],
        [0.901840946536295, 51.62234838682113],
        [0.9010487058221, 51.62244061317305],
        [0.901026998473079, 51.622443139142376],
        [0.900402455480381, 51.619573267049546],
        [0.900380689838242, 51.619473213975226],
        [0.89913443433474, 51.61957365462638],
        [0.899134198573568, 51.61957366966074],
        [0.898451823093595, 51.61962866395469],
        [0.897029589634551, 51.61975638748054],
        [0.89536476463757, 51.61988910256709],
        [0.895177245152895, 51.61990152038954],
        [0.894654375799911, 51.61993613532443],
        [0.893775297622248, 51.61999997783844],
        [0.892097795920717, 51.620089948524864],
        [0.891780360702534, 51.62009306451701],
        [0.891492259626081, 51.620095880566595],
        [0.891348462306984, 51.62010604533503],
        [0.891181202312078, 51.62011787471772],
        [0.890746795713398, 51.62013097036463],
        [0.889866464362251, 51.620129101503025],
        [0.889327958548106, 51.62012796552227],
        [0.888817052936567, 51.620116928544924],
        [0.88842971353081, 51.62011774983847],
        [0.888042080435799, 51.62011394448736],
        [0.887744853275025, 51.620125891105744],
        [0.887441595843414, 51.62015098974542],
        [0.887394514411451, 51.62015489266859],
        [0.887276002544396, 51.62015972405109],
        [0.887168440324693, 51.620164110949595],
        [0.886950490105295, 51.62017311974106],
        [0.886553212460606, 51.62018823363946],
        [0.885600522016841, 51.62024496526983],
        [0.885070179672636, 51.620226524588624],
        [0.884580894670234, 51.620228863022604],
        [0.883746519736281, 51.62018620673857],
        [0.883600656710973, 51.62017874812165],
        [0.883519549359422, 51.620177093844895],
        [0.883106975571822, 51.62016867214912],
        [0.882692149185029, 51.62013473761498],
        [0.882673463087858, 51.620134036153175],
        [0.882264903228296, 51.62011866993886],
        [0.881194045829568, 51.620049117537256],
        [0.881089673129345, 51.62003940314802],
        [0.881065056714207, 51.62003710636265],
        [0.881064788487863, 51.620037076108],
        [0.881064698690877, 51.62003705989271],
        [0.880852536802529, 51.62000643252497],
        [0.880788002578422, 51.619997112176115],
        [0.880053974108989, 51.61991338673374],
        [0.879926550832654, 51.619903196290956],
        [0.879232585182038, 51.61984767798552],
        [0.878556380190633, 51.619778678738236],
        [0.87813686376016, 51.619765252683585],
        [0.877897648625549, 51.61975759908581],
        [0.876634484005476, 51.619659980405984],
        [0.875886462470464, 51.61962617656153],
        [0.875829201025144, 51.619621178919196],
        [0.875399764134067, 51.61958371815484],
        [0.875134321020755, 51.61956930603119],
        [0.875053441046986, 51.619564914282655],
        [0.874771831798274, 51.61954963563789],
        [0.874577059729426, 51.619529770254715],
        [0.874327400169701, 51.6195043046514],
        [0.873930633283691, 51.61948465153816],
        [0.873610707320058, 51.61943753970147],
        [0.873193077032721, 51.61938761555784],
        [0.872723423789437, 51.61931464934498],
        [0.872272088628771, 51.61926512336039],
        [0.871921419351374, 51.61922663385851],
        [0.871393382698176, 51.619144416894976],
        [0.870624557772806, 51.619052486281824],
        [0.869797890727653, 51.61897418667088],
        [0.869433614278546, 51.61893967887006],
        [0.868877911967358, 51.61887681397926],
        [0.868386747295507, 51.618834859543725],
        [0.868337493465945, 51.61882989279571],
        [0.86776151908951, 51.61877185598961],
        [0.866608659391823, 51.618647129739124],
        [0.865328341316258, 51.61854854742405],
        [0.864980325153466, 51.61852851200498],
        [0.863961003416606, 51.618459102504985],
        [0.863959967072409, 51.61845909095754],
        [0.86391378168817, 51.618458670846486],
        [0.862794571380605, 51.61844849526598],
        [0.862149132961628, 51.61846592436518],
        [0.861503693915068, 51.61848334991819],
        [0.860045725073596, 51.61854642933037],
        [0.86004554838908, 51.618546442846295],
        [0.857837250787029, 51.618604745151686],
        [0.857837073523622, 51.61860474946852],
        [0.857662269487342, 51.61861642019083],
        [0.85637405304594, 51.618702470593284],
        [0.855964228024325, 51.6187429848503],
        [0.855819444188084, 51.618757293014625],
        [0.855350920779902, 51.61877766413051],
        [0.855350271965057, 51.61877769833669],
        [0.855174104882033, 51.618778282235255],
        [0.855092189358725, 51.61877855296037],
        [0.854748094708979, 51.61877970347709],
        [0.854570826810281, 51.61878466949422],
        [0.854482185168038, 51.618787147984236],
        [0.854349676863792, 51.61879079468305],
        [0.854217168532684, 51.61879444123241],
        [0.853883339442007, 51.618813243428015],
        [0.853550480960923, 51.61883313545627],
        [0.853264472957686, 51.61885721072212],
        [0.853263928698314, 51.618857260794265],
        [0.853235279374063, 51.618859744061425],
        [0.852977442227821, 51.61888220350222],
        [0.852861554377499, 51.61889444244595],
        [0.852097441795046, 51.61897512658341],
        [0.8505424423396, 51.61910411297831],
        [0.850542074763867, 51.61910414953623],
        [0.849544422842664, 51.61921603742131],
        [0.848979385020325, 51.619263067982395],
        [0.848551126286596, 51.61926928269502],
        [0.848359575342125, 51.61927206248923],
        [0.848242221910915, 51.619278889376645],
        [0.848135555252224, 51.61928508836917],
        [0.847472730565597, 51.619328019210506],
        [0.847208993194835, 51.619352266682334],
        [0.847113598711631, 51.61936104630638],
        [0.846583904139486, 51.619381659534405],
        [0.845753379803861, 51.61941398618853],
        [0.845345053053247, 51.61946899649205],
        [0.843865897184994, 51.61958397100119],
        [0.843675668583129, 51.61959065277843],
        [0.843646040365887, 51.619591693037215],
        [0.843644714869184, 51.6195917896235],
        [0.843643360402655, 51.61959189612156],
        [0.843248865398514, 51.61962281186169],
        [0.842943509397219, 51.61963385649262],
        [0.842942534987695, 51.61963388930718],
        [0.842600228527669, 51.61966185320298],
        [0.84203613617774, 51.61969533463503],
        [0.841277090379006, 51.61976550983964],
        [0.841257731863688, 51.61976729551737],
        [0.840903603398706, 51.619793855263815],
        [0.840726539283791, 51.61980713933677],
        [0.839853556704129, 51.61993800199461],
        [0.839853380581219, 51.619938024676074],
        [0.838785754443173, 51.62000615509034],
        [0.838480783625092, 51.620028875191274],
        [0.838199723774028, 51.62004981895988],
        [0.8378754067505, 51.62007398158902],
        [0.837875230052076, 51.62007399507162],
        [0.837449811044109, 51.62010119989542],
        [0.834956584074841, 51.620260606481736],
        [0.834663815790481, 51.620276206610754],
        [0.833943159887862, 51.62031460015592],
        [0.832641438484036, 51.62037693460477],
        [0.831919210422302, 51.6204115131473],
        [0.83180084589748, 51.62041050116686],
        [0.831682481945911, 51.620409498262866],
        [0.831269528094936, 51.62038084518212],
        [0.831204534251226, 51.620376343947164],
        [0.831177896490266, 51.62037694974879],
        [0.830805064389999, 51.620385556942686],
        [0.830497958870169, 51.62040354654303],
        [0.830344398907325, 51.62041254581885],
        [0.829593550659493, 51.62044584845974],
        [0.829379036880196, 51.62045535832222],
        [0.828575995040011, 51.62050942830503],
        [0.828460997357232, 51.62051354464331],
        [0.828239017334325, 51.62052148250408],
        [0.827687066318391, 51.620601333025476],
        [0.827575845896476, 51.62061742228392],
        [0.827518264986395, 51.62062078052995],
        [0.827403087792674, 51.62062748809743],
        [0.827243433961339, 51.62063034904403],
        [0.826794185061369, 51.62061662716683],
        [0.82626360084025, 51.62060041407996],
        [0.826096626950752, 51.62060190251159],
        [0.825926459585329, 51.62060914082414],
        [0.825898496746434, 51.620610329917504],
        [0.825597342149376, 51.62063675605059],
        [0.825150348176332, 51.620675985019986],
        [0.824860446755424, 51.620706853746476],
        [0.82442909211847, 51.620752785804214],
        [0.824354372048118, 51.62076104934988],
        [0.824008470041321, 51.620799305297],
        [0.822756173563262, 51.62097726864029],
        [0.822038270604881, 51.62113731308222],
        [0.821735062536217, 51.62119677717128],
        [0.821601342387683, 51.62122299827109],
        [0.821305280810259, 51.62128105530224],
        [0.820366324313203, 51.62146517288071],
        [0.81964576384529, 51.62167614101515],
        [0.819394250240393, 51.62174977405769],
        [0.81876284189679, 51.62192928938817],
        [0.81873934643532, 51.62193596899025],
        [0.818084437160045, 51.62212216032487],
        [0.817467261160941, 51.622285108414324],
        [0.817399394435106, 51.622303029748544],
        [0.817362741314775, 51.62231227212183],
        [0.817309233802395, 51.62232577797766],
        [0.817071528932337, 51.62238574793964],
        [0.816884097607445, 51.62243303538895],
        [0.816648926897419, 51.622492372649006],
        [0.81630928829986, 51.62257806968635],
        [0.815666877993953, 51.62274778421747],
        [0.815453192113039, 51.62282439679661],
        [0.815400968294667, 51.622843120523946],
        [0.815396198141188, 51.62284398094745],
        [0.815191977445793, 51.622880874594195],
        [0.81487849244093, 51.62293311649996],
        [0.814777238330943, 51.62294998590974],
        [0.814223081227247, 51.62302873841083],
        [0.814137176892471, 51.62304093823751],
        [0.81394529602933, 51.62307786531623],
        [0.81382771002405, 51.62310387474634],
        [0.813355218448358, 51.62324687391884],
        [0.813082290002914, 51.62330446582264],
        [0.813029711082753, 51.62331556211074],
        [0.813011118781406, 51.62331948903335],
        [0.812916114287868, 51.62334460631554],
        [0.81252953053136, 51.62344682530359],
        [0.812012235495891, 51.62353682235022],
        [0.811891599383048, 51.62355780992495],
        [0.811472421509678, 51.62364289339931],
        [0.811162742763763, 51.62368218651709],
        [0.811128330948747, 51.623686556535084],
        [0.810752345169575, 51.62375472525029],
        [0.810095044630524, 51.62384452106523],
        [0.809473184981187, 51.62395286048605],
        [0.809317551242533, 51.62397620280446],
        [0.80925127192342, 51.62398614257509],
        [0.809150204707007, 51.62399820436008],
        [0.808802146049402, 51.62403974529192],
        [0.808661199775847, 51.62405151776006],
        [0.808443664191604, 51.624069690893506],
        [0.808083829708812, 51.624066724532774],
        [0.808066212997762, 51.62406657504118],
        [0.807836474082993, 51.62406468551411],
        [0.80772989934017, 51.624062326454975],
        [0.807488317789401, 51.62405698962352],
        [0.807251881261957, 51.62407459040588],
        [0.806983329464695, 51.6240836846282],
        [0.806958190928191, 51.62408272943137],
        [0.806457390479374, 51.62406366013531],
        [0.805540326549274, 51.62401265442539],
        [0.805352394883643, 51.624002015224185],
        [0.805352186907449, 51.624002001776084],
        [0.805351830620008, 51.62400198266345],
        [0.804960573439241, 51.62395470380264],
        [0.804500117651315, 51.62386860046681],
        [0.804478113174221, 51.62386184139086],
        [0.804298517675616, 51.62380666563663],
        [0.803716610082469, 51.62372810291721],
        [0.80294119268273, 51.62366019145231],
        [0.801477585840025, 51.623591574244486],
        [0.801322754062338, 51.62358234880718],
        [0.801135325625924, 51.62357118430396],
        [0.80104975706258, 51.62356608904897],
        [0.800780970731929, 51.623556690727476],
        [0.800560137886729, 51.62354896567684],
        [0.80022927598251, 51.62352889051974],
        [0.799952350534544, 51.62352763249616],
        [0.799816618194679, 51.6235270117798],
        [0.799443387065412, 51.62352529630942],
        [0.798941381892103, 51.62354177322189],
        [0.798927839620268, 51.62354170938084],
        [0.798591798979495, 51.62354012652387],
        [0.798306876340475, 51.62354427723055],
        [0.798153283360542, 51.62354651183552],
        [0.79765673869915, 51.623566380441616],
        [0.797562320603333, 51.623570150754226],
        [0.797252554311961, 51.6235944894358],
        [0.79633734427781, 51.62366638202592],
        [0.796035112522455, 51.62370450910341],
        [0.795955609043657, 51.623714544579464],
        [0.795488490970595, 51.623740426015445],
        [0.795435556228146, 51.62374436691282],
        [0.795319495601008, 51.6237530255332],
        [0.795112582574386, 51.62377773610357],
        [0.795112391637382, 51.62377775907042],
        [0.795016706053898, 51.62379100668694],
        [0.795016588423679, 51.62379101869809],
        [0.794499892332207, 51.62386247695889],
        [0.794054728544177, 51.623907363712796],
        [0.793901923787877, 51.62396313769599],
        [0.793692873321342, 51.624026291943295],
        [0.79355702137314, 51.62406733159542],
        [0.793493994537002, 51.624079450607894],
        [0.793275870967556, 51.62412137983359],
        [0.793110873173917, 51.624158378847206],
        [0.79305852077182, 51.62417012385373],
        [0.792314486191542, 51.62426033659782],
        [0.791931771118517, 51.624310277508016],
        [0.791871911430454, 51.624318083826424],
        [0.791769319828525, 51.62434058303744],
        [0.791503898154271, 51.624398793216606],
        [0.791406603243432, 51.624411652487794],
        [0.791196616773661, 51.624439403918416],
        [0.791192488698858, 51.6244401283555],
        [0.790791615904508, 51.6245103166455],
        [0.790421073475988, 51.62457518677178],
        [0.789991787437375, 51.62466342656856],
        [0.789968173792483, 51.624668270432544],
        [0.789968013527114, 51.624668311081244],
        [0.789959330572664, 51.62467100411484],
        [0.789813817286619, 51.62471623841519],
        [0.78956908556692, 51.62473119165747],
        [0.789462226707222, 51.62475579796643],
        [0.789196732937404, 51.62482955976308],
        [0.789172558868696, 51.6248368481462],
        [0.789038890074632, 51.62487715828706],
        [0.788763400042326, 51.62497926466068],
        [0.787621017292039, 51.625363059082815],
        [0.787461513672863, 51.625413310439015],
        [0.787431421740535, 51.625422792771325],
        [0.78735058365458, 51.62546061208995],
        [0.787287437864042, 51.625490155301655],
        [0.787279141051385, 51.62549746223274],
        [0.787196608761764, 51.62557016190331],
        [0.78711820955779, 51.6256200154031],
        [0.787107072593453, 51.62562709504722],
        [0.787024365399462, 51.6256764337365],
        [0.787012117333257, 51.625683733159725],
        [0.78694178356352, 51.6257200962209],
        [0.786806392861068, 51.625790081364364],
        [0.786785843409724, 51.625798581733754],
        [0.786692777399849, 51.62583705005499],
        [0.786517566910563, 51.6258780488411],
        [0.786398066375591, 51.62590601923667],
        [0.786347378911523, 51.62592495125923],
        [0.78625061853157, 51.62596109399272],
        [0.786110297004495, 51.62605857576898],
        [0.785819395996498, 51.6262192183345],
        [0.785668268307276, 51.62631737970612],
        [0.785520839829183, 51.62641700030693],
        [0.785507792319163, 51.626426473608326],
        [0.785430622003454, 51.62648243042813],
        [0.785250185009578, 51.626613281275816],
        [0.784922982313551, 51.62681525958578],
        [0.78389250063292, 51.62752323096209],
        [0.783458364779413, 51.62786714832226],
        [0.783191886111439, 51.62807198240279],
        [0.782881311307078, 51.62831070312501],
        [0.782796915282411, 51.62837273287042],
        [0.782551145420522, 51.62855335950198],
        [0.782017964565948, 51.6290206069135],
        [0.781656369509674, 51.62931229195285],
        [0.78164356531576, 51.629322624789864],
        [0.781600132874659, 51.6293651809516],
        [0.781395603497073, 51.62956556972003],
        [0.781121287383326, 51.6298059154398],
        [0.780930962358404, 51.629993275722555],
        [0.780893820931434, 51.63002983435275],
        [0.780436008847753, 51.63042853175301],
        [0.780287543221193, 51.63055782658948],
        [0.779950398119767, 51.630878778615276],
        [0.779851578175644, 51.630955313170844],
        [0.779484709650264, 51.63123944786428],
        [0.77919986550392, 51.631470331337674],
        [0.77906217515728, 51.631570478587534],
        [0.778940423886912, 51.63165903076577],
        [0.778670289739774, 51.63187959041859],
        [0.778644692898888, 51.63189903961822],
        [0.778486443969791, 51.63201927123548],
        [0.778380015667778, 51.63209585575433],
        [0.778106272843616, 51.632272228653235],
        [0.778085911963601, 51.63228897504003],
        [0.777868056339294, 51.63246814996083],
        [0.777739830618298, 51.63254285545407],
        [0.777667162770706, 51.632611309113166],
        [0.777623684921442, 51.63265226233567],
        [0.777560585530109, 51.63274313596438],
        [0.777368845203042, 51.63289831753883],
        [0.777217167176105, 51.633021081060065],
        [0.776376394119106, 51.63352664230541],
        [0.776183432467058, 51.63362511926102],
        [0.776038261929366, 51.63369920152059],
        [0.776004749216434, 51.63371507987956],
        [0.775880247325943, 51.633774047963826],
        [0.775630220471972, 51.633880578783575],
        [0.775351643562255, 51.63404138480869],
        [0.775282953316994, 51.63408103638783],
        [0.774888351691067, 51.63431999449025],
        [0.77453873951715, 51.63448214698339],
        [0.773974605787443, 51.63480000387049],
        [0.773415034408244, 51.63508895146196],
        [0.772958410068007, 51.635347917161624],
        [0.772518343180886, 51.635552806621625],
        [0.772106346068921, 51.63575790610188],
        [0.772056316718753, 51.63578281221339],
        [0.772025337069206, 51.635796833687415],
        [0.771800515526285, 51.63589860711586],
        [0.771683043384448, 51.635957027006626],
        [0.771438526400851, 51.636095044519266],
        [0.7710245554863, 51.63635142923955],
        [0.770716916475002, 51.6365419666674],
        [0.770472596334265, 51.636653693069626],
        [0.77044436803079, 51.636662123350185],
        [0.77016118772385, 51.636746769297325],
        [0.769796855387192, 51.63690668522334],
        [0.769564691099486, 51.6370085999342],
        [0.769371887187194, 51.63707444110972],
        [0.769104515542014, 51.637165747488844],
        [0.768936684832431, 51.63725767891141],
        [0.768883262702178, 51.63728306891579],
        [0.768719831909911, 51.63736075015571],
        [0.76861798731828, 51.63742460939354],
        [0.768541461635369, 51.63747260151651],
        [0.768029151765712, 51.63767861640899],
        [0.767461823253213, 51.63785668607509],
        [0.767398183004666, 51.63787666166717],
        [0.767236700854798, 51.63792735659383],
        [0.767110633908365, 51.637958805996526],
        [0.766422490994533, 51.63813050084339],
        [0.765853136728018, 51.63829007131864],
        [0.765219727320295, 51.63840646340566],
        [0.765214556766751, 51.63840711021092],
        [0.765091296365206, 51.638422457276],
        [0.764705984679984, 51.63847043163492],
        [0.764304274832462, 51.638475396286296],
        [0.763792996887849, 51.63842105266593],
        [0.763251359383537, 51.63836348036905],
        [0.762589219055212, 51.63827021082228],
        [0.762510783092778, 51.63825916474794],
        [0.762341086825765, 51.63823525626079],
        [0.76191955875789, 51.63821145738384],
        [0.761514421527013, 51.638204557559476],
        [0.761456506355704, 51.6382014083991],
        [0.761308674622674, 51.63819337679208],
        [0.760644468309193, 51.638142002791334],
        [0.760644289833982, 51.63814198857284],
        [0.760298100791957, 51.63807945244186],
        [0.760016466800523, 51.63800850745529],
        [0.759936483142325, 51.63798292649226],
        [0.759556748890582, 51.6378615084787],
        [0.759160835279382, 51.637723689982856],
        [0.759058389730372, 51.637671127734514],
        [0.758944517371543, 51.63761270059031],
        [0.758639066621425, 51.637417531641056],
        [0.758614783038998, 51.63739712329949],
        [0.758428705385178, 51.63724077358372],
        [0.75817582649035, 51.63706332969952],
        [0.758018279575642, 51.6369646513205],
        [0.757901627802906, 51.63689159006479],
        [0.757880810091071, 51.63688170034662],
        [0.757723625669928, 51.63680702252298],
        [0.757496079191597, 51.63669891019352],
        [0.756857929726243, 51.63633518538998],
        [0.755674351712406, 51.63564673291076],
        [0.755304253023069, 51.63547232294086],
        [0.754590739599517, 51.63506572747093],
        [0.754415401970274, 51.634965804733675],
        [0.754105199888675, 51.6347958878602],
        [0.753116044016077, 51.63433302088067],
        [0.752890616856053, 51.63422041142092],
        [0.752310612753134, 51.63403996007189],
        [0.751969655289691, 51.63389885809359],
        [0.75171365425415, 51.63383190656632],
        [0.751671368178801, 51.6338208433246],
        [0.750935109018348, 51.633610601164996],
        [0.750875241353894, 51.63359073120765],
        [0.7507765587504, 51.633557966413065],
        [0.749742995822209, 51.63330086875779],
        [0.748312021166249, 51.63304393984515],
        [0.74740246091353, 51.63292500254216],
        [0.747069867746943, 51.632889331740145],
        [0.746737855870089, 51.6328537200796],
        [0.746611196513354, 51.63284281618011],
        [0.746523647748681, 51.63283527888244],
        [0.746079566549524, 51.632797039859675],
        [0.745996200451225, 51.63279455242529],
        [0.745506743408865, 51.63277995542286],
        [0.744771535731753, 51.63274475834876],
        [0.74475025259477, 51.632743745980626],
        [0.744546515341219, 51.63273398951652],
        [0.744157330207295, 51.63270536303483],
        [0.744020288634933, 51.6326952886687],
        [0.743419883122284, 51.63264618215359],
        [0.743284096624367, 51.63263507374193],
        [0.742690382763074, 51.63261565529687],
        [0.74261719269551, 51.63261551543915],
        [0.742379624365831, 51.63261505588914],
        [0.742157051447063, 51.632638945389],
        [0.742008303103741, 51.63264577484992],
        [0.742001218959354, 51.63264609700853],
        [0.741986488692373, 51.63264625714405],
        [0.741869428135068, 51.63264749226373],
        [0.741576965073655, 51.63262610071885],
        [0.741570930143428, 51.63262566156377],
        [0.741563407001704, 51.63262459410164],
        [0.74141149244098, 51.632602974772134],
        [0.741237712329506, 51.632604788841725],
        [0.741018824045384, 51.63260708571907],
        [0.740345624074882, 51.63254271901362],
        [0.740319393038772, 51.632550211347066],
        [0.740143167588838, 51.63260056924941],
        [0.740025772651141, 51.63262399616461],
        [0.740001250009277, 51.6326288974699],
        [0.739888989998942, 51.63264274608443],
        [0.73985511522734, 51.63264692642525],
        [0.739718298068747, 51.63265503991076],
        [0.739670331701681, 51.632654999799875],
        [0.739654170498811, 51.63265499045201],
        [0.739433768335226, 51.632644205311585],
        [0.739121474116054, 51.63262892547524],
        [0.739121296222056, 51.63262892041968],
        [0.738941486236936, 51.6326249777693],
        [0.738494733253708, 51.63263091406537],
        [0.738464136228332, 51.6326303021917],
        [0.738460224223463, 51.632630218537216],
        [0.738141126608485, 51.632623843997415],
        [0.737901950161128, 51.63262690332547],
        [0.737763553993649, 51.632632638473815],
        [0.737661369712201, 51.63263687445706],
        [0.737645454532493, 51.63263800107354],
        [0.737449110715459, 51.63265194012831],
        [0.737239919875761, 51.63267298447989],
        [0.737004201845512, 51.63270349776833],
        [0.736706974900715, 51.632751405719304],
        [0.736660673717452, 51.63275886812986],
        [0.736547241760189, 51.63276285900802],
        [0.736458767543314, 51.632765972858174],
        [0.736296059856537, 51.63277890424833],
        [0.736133641227621, 51.63279688469699],
        [0.735981533871664, 51.63282095136097],
        [0.735832483248952, 51.63285056434034],
        [0.735708724368963, 51.63288042534984],
        [0.735560512088518, 51.63292421950098],
        [0.735354189812915, 51.63299296329357],
        [0.735176378524894, 51.633022988182844],
        [0.735051952781416, 51.63304399524702],
        [0.735028282451083, 51.633048562486664],
        [0.734793007803298, 51.633093878970044],
        [0.734348647272801, 51.633199933779316],
        [0.733920234586089, 51.633330775525245],
        [0.733565482330908, 51.63345483391575],
        [0.733162890924806, 51.63354951311474],
        [0.733154053541208, 51.633551938508596],
        [0.732920278864232, 51.633615874561045],
        [0.732851695177839, 51.6336362505115],
        [0.732796051606893, 51.63365277930999],
        [0.73249500740006, 51.63375380259321],
        [0.732433347239077, 51.633777341639835],
        [0.732208900620443, 51.63386305095145],
        [0.732177037050124, 51.6338768334855],
        [0.731934215610516, 51.633981866502815],
        [0.731605828212681, 51.6341042425169],
        [0.731561374499045, 51.63412081298563],
        [0.73144485009202, 51.634167977578],
        [0.731107224701618, 51.63430464329035],
        [0.730639119579633, 51.6345116999945],
        [0.730335224279431, 51.634655858076826],
        [0.730313280016699, 51.63466626845491],
        [0.729411319925973, 51.63506496199621],
        [0.729267698875901, 51.63513120982891],
        [0.72886108392631, 51.63531875185243],
        [0.728019234512523, 51.63566545960091],
        [0.727314812070298, 51.635969331813186],
        [0.727201259244393, 51.63600400890059],
        [0.727135438871698, 51.63602293428],
        [0.726685327062027, 51.636152299884984],
        [0.726054557714996, 51.63631393794005],
        [0.725920039869357, 51.63634530633329],
        [0.725584745856464, 51.63640192797082],
        [0.725565009644564, 51.636405259469605],
        [0.725269291478974, 51.63647521743363],
        [0.725134392774485, 51.636515305771084],
        [0.72480510369086, 51.63662792576622],
        [0.724582699883606, 51.636685221300716],
        [0.724465554668787, 51.63670521653783],
        [0.724305060715226, 51.6367252413797],
        [0.724117767293261, 51.63673521424266],
        [0.723823805206285, 51.63672910487974],
        [0.723820656544607, 51.63672916872175],
        [0.723782311519955, 51.63672995704609],
        [0.723720048816803, 51.636731235782456],
        [0.723536461817317, 51.636742797821924],
        [0.72339076538574, 51.63675883124049],
        [0.723339023966077, 51.63676452562352],
        [0.723301374924007, 51.63677001281446],
        [0.723142899179697, 51.63679310199167],
        [0.723095149860562, 51.63680268209324],
        [0.72267428447669, 51.63688715826853],
        [0.722442721872231, 51.63691219928235],
        [0.722230910084736, 51.63692006697234],
        [0.722016590423779, 51.63691324831714],
        [0.722013684190064, 51.63691315914075],
        [0.721765777372594, 51.63692157736889],
        [0.721444035056687, 51.63691919118015],
        [0.721154861227333, 51.636905559838084],
        [0.721122430458531, 51.636904027603684],
        [0.720797127269123, 51.63687207740636],
        [0.720777092784707, 51.63686944737408],
        [0.720637792500642, 51.63685118101135],
        [0.720623033543465, 51.63684890758412],
        [0.720583088562873, 51.636842751280746],
        [0.720151118451139, 51.63670595497972],
        [0.720133376693564, 51.636700333947665],
        [0.720132818276283, 51.63670015349031],
        [0.719708203702885, 51.636578887024655],
        [0.719160866657381, 51.636441536354155],
        [0.719095578479722, 51.63642514558421],
        [0.717921455604965, 51.636202208209035],
        [0.716797734518766, 51.63600024120572],
        [0.716785870688974, 51.63599811211704],
        [0.716785496797189, 51.63599804709477],
        [0.716131735386852, 51.63586618417676],
        [0.715707079103844, 51.63577412544117],
        [0.715472419051999, 51.635740367707164],
        [0.715046496777833, 51.63567909494569],
        [0.714580352014644, 51.635625012577954],
        [0.714551662960597, 51.635621679058104],
        [0.713973902370781, 51.6355671633533],
        [0.713697283151562, 51.63554595703227],
        [0.713634495746105, 51.63554114592462],
        [0.711332761042612, 51.63532203157407],
        [0.711332418370626, 51.63532199344092],
        [0.71125406052889, 51.63531442787558],
        [0.710826366790453, 51.63527311830368],
        [0.710068535507687, 51.63521346696276],
        [0.710034925023639, 51.63521147997682],
        [0.70953190445832, 51.63518186881765],
        [0.709075424153294, 51.63516457197736],
        [0.708983250109541, 51.63516108108119],
        [0.708874125882126, 51.63515999803318],
        [0.708306276929974, 51.63515435726363],
        [0.707993053198422, 51.635158064152726],
        [0.707515912186486, 51.63517005372397],
        [0.706669093232067, 51.6351630192204],
        [0.706352960832279, 51.63516584943334],
        [0.706231223170787, 51.635166933375125],
        [0.705709475697523, 51.6351791793856],
        [0.705579049858334, 51.63518224027173],
        [0.705271376869335, 51.635177265726774],
        [0.705210135457495, 51.635176273174785],
        [0.705117567517191, 51.635176352320485],
        [0.704968970972977, 51.635176488199065],
        [0.704926962669311, 51.63517712448457],
        [0.704476209846215, 51.635183907499275],
        [0.704288755718063, 51.635190619741046],
        [0.704234629818959, 51.63519255712039],
        [0.703860349694972, 51.63521454916288],
        [0.703557715524902, 51.63523232084418],
        [0.703372202139767, 51.635234345432465],
        [0.703186688727873, 51.63523636972797],
        [0.703168487982109, 51.63523691770769],
        [0.702871101406743, 51.635245882402984],
        [0.702488296190447, 51.63526514697646],
        [0.702459522533829, 51.635266592074274],
        [0.702154561916606, 51.63528781193695],
        [0.701627415342511, 51.63533970895034],
        [0.701379330591314, 51.63535148620513],
        [0.701259892565438, 51.63535715358544],
        [0.701259700430494, 51.63535715800597],
        [0.700971265436274, 51.63535365431629],
        [0.700928136981961, 51.63535312693608],
        [0.700651629561762, 51.63533616029964],
        [0.700070943676321, 51.63535184589362],
        [0.699776810394697, 51.635359788585774],
        [0.699392718413701, 51.635373869389475],
        [0.698716831078222, 51.635398634869986],
        [0.698243195468441, 51.635423850822534],
        [0.698187865423928, 51.63542744335469],
        [0.69778427915008, 51.63545365509546],
        [0.697709311065387, 51.63545976160555],
        [0.697283361497494, 51.63549444241292],
        [0.697245037677994, 51.6354975608553],
        [0.697096573672151, 51.63550964721676],
        [0.696642934858052, 51.63550671548098],
        [0.695978630566361, 51.63551565629641],
        [0.69567848177095, 51.635524722588414],
        [0.695649511475431, 51.63552559966249],
        [0.694377387978653, 51.63558107922743],
        [0.693303863652799, 51.635627881233354],
        [0.691933877518258, 51.6356875871006],
        [0.691450540192349, 51.63570148786277],
        [0.691175484994132, 51.63570547311396],
        [0.690966779665418, 51.6357084985452],
        [0.690319090664765, 51.635708166992906],
        [0.690015832623157, 51.635709498928165],
        [0.687976502345379, 51.63571840865025],
        [0.687517060127834, 51.63573947264548],
        [0.687361333838938, 51.63574092879026],
        [0.687205592752594, 51.63574238506678],
        [0.686975094803851, 51.635739787258274],
        [0.686846121251495, 51.63573264588773],
        [0.686781159359099, 51.635729049186416],
        [0.686550550833901, 51.635709314539106],
        [0.686323125640726, 51.6356823417469],
        [0.686014072646321, 51.635634470853105],
        [0.685064445019287, 51.63558439051522],
        [0.684450715246885, 51.63554559293242],
        [0.684099730646247, 51.635523402895835],
        [0.683798227758435, 51.63551283545461],
        [0.683301363987656, 51.63549542392514],
        [0.68257151264493, 51.635462540084006],
        [0.682378439786257, 51.63545383792561],
        [0.681916966164831, 51.6354279497253],
        [0.681522520494626, 51.635405814752154],
        [0.681296313132922, 51.63539312487988],
        [0.681050332247867, 51.63538191761687],
        [0.680729322202671, 51.63536728443265],
        [0.680028681290682, 51.635346546222756],
        [0.679890506997647, 51.63534245293445],
        [0.679731279053782, 51.63534022148121],
        [0.679204330395213, 51.63533282676093],
        [0.679165484302765, 51.63533162282482],
        [0.678898455290757, 51.635323359516846],
        [0.678382761316113, 51.63529423739353],
        [0.677898215683511, 51.635257237627314],
        [0.67770269437433, 51.63527023467537],
        [0.67762468047504, 51.6352754215963],
        [0.677453370552253, 51.63528012095675],
        [0.677442510137298, 51.63528041470698],
        [0.677239225267873, 51.63527970963914],
        [0.677036484946374, 51.63527267422291],
        [0.676725003137357, 51.63524464350952],
        [0.676663327980345, 51.63523375538606],
        [0.676459368276725, 51.63519772828541],
        [0.676392901837539, 51.635187907026335],
        [0.676338185742911, 51.63517983467606],
        [0.67610012059064, 51.63516126253667],
        [0.676010586069077, 51.63515427846353],
        [0.675807288920257, 51.63515209771001],
        [0.675729482859257, 51.63515126496254],
        [0.675688839967208, 51.63515347143326],
        [0.6754512492899, 51.635166318486895],
        [0.675184857517331, 51.63519824919681],
        [0.674877541087082, 51.6352562623956],
        [0.674110476027109, 51.635249204683724],
        [0.673458584247973, 51.635243193572826],
        [0.673191331586055, 51.63526052419838],
        [0.672859626329081, 51.63527257132844],
        [0.672590439829932, 51.63527238249661],
        [0.672308356024333, 51.63526377465526],
        [0.672252891058843, 51.635262081069506],
        [0.672252698921194, 51.635262085443244],
        [0.671912881451356, 51.63527108209486],
        [0.671215484884074, 51.6352789780148],
        [0.67058501214605, 51.63528612090783],
        [0.670171248468091, 51.635269820715486],
        [0.670148740936014, 51.635269614341844],
        [0.669855836970369, 51.6352670117263],
        [0.669743914790595, 51.63526789025538],
        [0.669620188010928, 51.635268862151804],
        [0.669192242652936, 51.6352880052233],
        [0.668797682098696, 51.63532171200742],
        [0.668744952622531, 51.635324761819135],
        [0.668111126376104, 51.63536150180279],
        [0.667493242588463, 51.63539730511647],
        [0.667052006746065, 51.63543613709903],
        [0.666706809168709, 51.63544932058175],
        [0.666705861632451, 51.63544931447837],
        [0.666390672894229, 51.63544552412256],
        [0.666265868547559, 51.63544403044412],
        [0.66626569010857, 51.63544401607836],
        [0.665913032312313, 51.63542238061344],
        [0.665277419656294, 51.63542090889481],
        [0.664582303978259, 51.6354192921345],
        [0.664581403479172, 51.635419330991986],
        [0.664452100016023, 51.63542489961813],
        [0.664057900684616, 51.6354418762834],
        [0.663992926913908, 51.63544383879817],
        [0.663593407025432, 51.63545589716133],
        [0.663440235473797, 51.63546052351466],
        [0.66281876422834, 51.63554149929256],
        [0.662354095123361, 51.63560204447044],
        [0.662353742558085, 51.6356020893031],
        [0.66233941339519, 51.63560380486329],
        [0.661936622985547, 51.635652013659254],
        [0.661827938678709, 51.63566674474485],
        [0.661716155638101, 51.63568188672923],
        [0.661294500990292, 51.63575168391443],
        [0.661242011965908, 51.635760370134136],
        [0.660892228637384, 51.63586183732192],
        [0.66089205396907, 51.635861887327266],
        [0.660880713222115, 51.63586560705878],
        [0.660736072113761, 51.63591306222162],
        [0.660523846402405, 51.635988424211774],
        [0.660338746492183, 51.63605415524266],
        [0.660338397152818, 51.636054255251736],
        [0.660332717425801, 51.63605582981506],
        [0.660091637157073, 51.63612270928511],
        [0.659969720325833, 51.63614704903613],
        [0.659840737727191, 51.63617280120707],
        [0.65965702284853, 51.63619775796887],
        [0.659261022019498, 51.636284722042085],
        [0.659260654126906, 51.63628475800329],
        [0.659123796318353, 51.63629987608755],
        [0.658268397282854, 51.63639432219181],
        [0.657759777673749, 51.636475441520425],
        [0.657376116383444, 51.636536637789916],
        [0.657158968681498, 51.63656164747755],
        [0.657045423382542, 51.63658164130678],
        [0.656906309126794, 51.63661261095167],
        [0.656683377449384, 51.636677663593076],
        [0.656550786977357, 51.63672731811909],
        [0.656469423293497, 51.63675527669878],
        [0.656360392068299, 51.63679274819263],
        [0.65634554505368, 51.636797007279156],
        [0.656207581731361, 51.63683654228299],
        [0.656079259361259, 51.63686656685725],
        [0.655850677037508, 51.63690614399395],
        [0.6558458561767, 51.63690697137634],
        [0.655789287879, 51.63691275440807],
        [0.655704306858739, 51.63691150883556],
        [0.655619311598012, 51.63691027273285],
        [0.655509362009777, 51.63691458323855],
        [0.655412096400552, 51.63692674773016],
        [0.655299521311214, 51.63694083319239],
        [0.655294165919544, 51.63694188445488],
        [0.655254862044648, 51.63694956984864],
        [0.655114904311904, 51.63698944335914],
        [0.655002518822297, 51.637021463881275],
        [0.654828593161504, 51.637059545062],
        [0.654612734315952, 51.637075523409386],
        [0.654445963548952, 51.63711245684096],
        [0.654307967345776, 51.63713146289605],
        [0.654166660268357, 51.63714041345799],
        [0.654089292762496, 51.63713725403448],
        [0.654058196988921, 51.63713597703745],
        [0.653971986913452, 51.63713244646833],
        [0.653914044776287, 51.63712409581213],
        [0.65387086418092, 51.63711787030593],
        [0.653824566162495, 51.637115030586294],
        [0.653817376867806, 51.637114585290824],
        [0.653703010594538, 51.63712082657866],
        [0.653595962186932, 51.63714390263356],
        [0.653435615119265, 51.63719783705591],
        [0.653261801278507, 51.63723786573001],
        [0.653156088800879, 51.63725290834365],
        [0.653043673028417, 51.63726163744935],
        [0.653042859015447, 51.637261637426334],
        [0.652853171353044, 51.637263271670385],
        [0.652821376505286, 51.63726244297675],
        [0.652395389153063, 51.6372514117299],
        [0.651888988979901, 51.637211418061],
        [0.65162378951182, 51.637202378770354],
        [0.651487831775383, 51.63719015292353],
        [0.651457614086985, 51.63718743718032],
        [0.651261885761281, 51.63716164198849],
        [0.651245970156655, 51.637158759758364],
        [0.651067427112427, 51.63712640594474],
        [0.650769522337282, 51.63705247813833],
        [0.650516062843348, 51.63701253209313],
        [0.650464938624512, 51.63700306804779],
        [0.650201929278665, 51.636954422375595],
        [0.649976493724749, 51.6369013916397],
        [0.649577289428952, 51.63680747939505],
        [0.649170036325218, 51.63673235932199],
        [0.649169806571158, 51.63673222636776],
        [0.649162270103185, 51.636727856272415],
        [0.649071862161147, 51.63667541442134],
        [0.649007025089888, 51.636598669805565],
        [0.649007202574243, 51.636598264926995],
        [0.640483049427003, 51.63876615067241],
        [0.628711912523701, 51.63951505664736],
        [0.62916117932504, 51.642882006757276],
        [0.627549557817246, 51.64483277130381],
        [0.628443184666823, 51.64598640181919],
        [0.626426023987762, 51.65807549293304],
        [0.623293513267231, 51.66234640048414],
        [0.623322437997086, 51.66562479928023],
        [0.619516117017689, 51.67041431033234],
        [0.619765727553512, 51.6753399021686],
        [0.616142074091885, 51.6786259965536],
        [0.6088364738294, 51.681947073912895],
        [0.609157828486538, 51.684199327968436],
        [0.611124908102372, 51.68409258378372],
        [0.611129833793618, 51.68409932362117],
        [0.611152112729988, 51.68409811467514],
        [0.612204396318405, 51.685537955020514],
        [0.611303687983403, 51.689422377231914],
        [0.612826787651674, 51.68947590394616],
        [0.612822845089641, 51.689480452184355],
        [0.612854038519919, 51.6894815484605],
        [0.612381857351809, 51.690026269186966],
        [0.610562157302656, 51.68976095960619],
        [0.610548563896165, 51.691184035398315],
        [0.610905334873083, 51.69423929193822],
        [0.61225684129623, 51.69494040672023],
        [0.611185089433983, 51.696383418357655],
        [0.612602676021339, 51.69875765077588],
        [0.6103624105568, 51.70057019516274],
        [0.604563969039766, 51.70038776472628],
        [0.602989964310812, 51.7029210534994],
        [0.60378643787113, 51.705069927470845],
        [0.601864939201391, 51.71022800306215],
        [0.602074318095516, 51.71168120655171],
        [0.611152936693817, 51.72278721775366],
        [0.604108987633239, 51.72494374165116],
        [0.595366917958665, 51.72578296029036],
        [0.591189831434052, 51.72820268382947],
        [0.589497961542667, 51.73017268224754],
        [0.589128749706232, 51.73182122204091],
        [0.591200783629467, 51.73338635071481],
        [0.5951307110546, 51.73405410696979],
        [0.595130170480435, 51.7340559782698],
        [0.59515765057727, 51.73406064759146],
        [0.591805312526582, 51.74566516320118],
        [0.591694112839263, 51.75131550762087],
        [0.593365345187133, 51.75544889698599],
        [0.593365475996907, 51.755448656976014],
        [0.593365871797684, 51.7554486032299],
        [0.593388007757411, 51.75544776467916],
        [0.593463477072487, 51.755444901637546]
      ]
    ]
  }
}
