{
  "type": "Feature",
  "properties": { "name": "Central London", "level": 1 },
  "geometry": {
    "type": "Polygon",
    "coordinates": [
      [
        [-0.060004514144596, 51.575423129595372],
        [-0.059741609981113, 51.575022212856787],
        [-0.059686040649795, 51.57493766360821],
        [-0.059372780587561, 51.574431600107829],
        [-0.059079360630905, 51.574069744160262],
        [-0.058864751224103, 51.573755053028393],
        [-0.058748029284603, 51.5735139210745],
        [-0.058742720289901, 51.573503042221049],
        [-0.058593801416263, 51.573204724560128],
        [-0.058532953859551, 51.572939337718751],
        [-0.058496379669921, 51.572713919548761],
        [-0.058450170090097, 51.572579166397034],
        [-0.058430836401894, 51.572524891367159],
        [-0.058225795670715, 51.572324562279412],
        [-0.057590274155562, 51.571897690039812],
        [-0.057106084838146, 51.571610905706748],
        [-0.056770647272662, 51.57135535892958],
        [-0.056621585059439, 51.57099318923725],
        [-0.056399178169226, 51.570794367703492],
        [-0.056172111174004, 51.570671005757752],
        [-0.056010289803643, 51.570608075002184],
        [-0.055869562324715, 51.57055808305374],
        [-0.055780502576312, 51.570548514161551],
        [-0.055576043526831, 51.570537932232305],
        [-0.055290295008054, 51.570538592269564],
        [-0.054980277991159, 51.570499282211465],
        [-0.05479158210859, 51.570457486351053],
        [-0.05467919790138, 51.57041965311204],
        [-0.054556083497544, 51.570362757549596],
        [-0.054439044357572, 51.570298768564193],
        [-0.054291893054252, 51.570196511519057],
        [-0.05417594528337, 51.570073189663013],
        [-0.053534657005389, 51.569005930968984],
        [-0.053384250881742, 51.568743551649973],
        [-0.053293902012255, 51.568662918443913],
        [-0.053159198570054, 51.568573455968924],
        [-0.052824905870299, 51.56839345379629],
        [-0.051934442622265, 51.567991994388343],
        [-0.05117548191377, 51.567721305565939],
        [-0.050852681651857, 51.567576559434201],
        [-0.050787929436528, 51.567538614369326],
        [-0.05068855170957, 51.567466821646349],
        [-0.050446827311758, 51.56721461154951],
        [-0.049851937855526, 51.566853117547332],
        [-0.049150187529004, 51.566392724347899],
        [-0.049053852489252, 51.566317383768016],
        [-0.048959536683879, 51.566228587869517],
        [-0.048567607395442, 51.565912726753638],
        [-0.048433652475402, 51.565806185323403],
        [-0.048306330216415, 51.565713242874899],
        [-0.048239083892777, 51.565666262333046],
        [-0.047666531698754, 51.565323113578167],
        [-0.047547516910049, 51.565238401800407],
        [-0.047483502217278, 51.565183381297281],
        [-0.04683679690606, 51.564517061243009],
        [-0.04680044808144, 51.564456206099337],
        [-0.046770307135044, 51.5644188349073],
        [-0.046727266969324, 51.564379450461182],
        [-0.046701396169141, 51.564309777167345],
        [-0.0466866531285, 51.564283453344636],
        [-0.046673351910564, 51.564257153522981],
        [-0.046662934318153, 51.564230901705926],
        [-0.046652516737336, 51.564204649887905],
        [-0.046643579484247, 51.564177523458618],
        [-0.046638582523192, 51.564159455174284],
        [-0.046631087088664, 51.564132352747272],
        [-0.04662503346388, 51.564105274323239],
        [-0.046620421646248, 51.564078219902242],
        [-0.046617290146063, 51.564050290870981],
        [-0.046615561934964, 51.56402328445661],
        [-0.046615275523306, 51.563996302045638],
        [-0.046617911218154, 51.563968469027927],
        [-0.04661958409153, 51.563963101349778],
        [-0.046623314963523, 51.563943379857541],
        [-0.04662844911502, 51.563924580981997],
        [-0.046635063569364, 51.563904907495719],
        [-0.0466430812999, 51.563886156625692],
        [-0.046651099023672, 51.563867405754955],
        [-0.046660558533818, 51.563848678886494],
        [-0.046670018035961, 51.563829952017144],
        [-0.046680919322131, 51.563811249149502],
        [-0.04669322387955, 51.563793468896854],
        [-0.046705566937993, 51.563774790029065],
        [-0.046717871475595, 51.563757009773511],
        [-0.046725504041149, 51.563747245033568],
        [-0.04674236499166, 51.563724145099158],
        [-0.046762070992388, 51.563701991778963],
        [-0.046781776973751, 51.563679838455236],
        [-0.046802886214297, 51.563658607742667],
        [-0.04682399543502, 51.563637377026083],
        [-0.046847988207807, 51.563616194306434],
        [-0.046853947889846, 51.563611797239496],
        [-0.047028224186244, 51.56341686211961],
        [-0.047200094695338, 51.563244368073399],
        [-0.047216724214473, 51.563226659748572],
        [-0.04723187344751, 51.563209826039575],
        [-0.047245619395646, 51.56319206971893],
        [-0.047259403831984, 51.563173414782462],
        [-0.047271707986376, 51.563155634463094],
        [-0.047282608858354, 51.563136931533236],
        [-0.047293509721164, 51.563118228602171],
        [-0.047299777279692, 51.563106642598434],
        [-0.047302968804868, 51.563099501675261],
        [-0.047311024609039, 51.563079852138692],
        [-0.047315927384116, 51.563066444911001],
        [-0.047322541408171, 51.563046771378815],
        [-0.047329116928774, 51.563027996460242],
        [-0.04733284740681, 51.563008274938419],
        [-0.047338058145124, 51.562987678796524],
        [-0.047340308352488, 51.562968831894089],
        [-0.04734119378668, 51.562948163769043],
        [-0.047342040722741, 51.562928394258023],
        [-0.04734144589381, 51.562908600752749],
        [-0.047339409301822, 51.562888783253143],
        [-0.04733733421427, 51.562869864367634],
        [-0.047332414101018, 51.562849998879301],
        [-0.047331241819074, 51.562843684585985],
        [-0.047324764457907, 51.562826490945426],
        [-0.047318325598826, 51.562808398690386],
        [-0.047311848247205, 51.562791205049145],
        [-0.047302487380852, 51.56277396341828],
        [-0.047294529782816, 51.56275764439556],
        [-0.047283727170934, 51.562740378768474],
        [-0.047272886068985, 51.562724011754582],
        [-0.047260603217104, 51.562707620744597],
        [-0.047248320373896, 51.562691229733353],
        [-0.047234557284077, 51.562675713339587],
        [-0.047219352447446, 51.56266017294859],
        [-0.047204109121713, 51.562645531169849],
        [-0.047187424050596, 51.562630865393118],
        [-0.04718605929497, 51.562629044168894],
        [-0.047167893981057, 51.56261525300755],
        [-0.047151170432153, 51.562601485839991],
        [-0.047132928138219, 51.562589491901562],
        [-0.04711324410052, 51.562577473963515],
        [-0.047092118320262, 51.562565432025082],
        [-0.047072395801858, 51.56255431269436],
        [-0.047051231540916, 51.562543169362783],
        [-0.04702862553848, 51.562532002029556],
        [-0.04700598104408, 51.562521733306113],
        [-0.046983336559903, 51.562511464578343],
        [-0.046960653582007, 51.562502094460314],
        [-0.046937970613478, 51.562492724337993],
        [-0.046913845904177, 51.562483330212004],
        [-0.046903907673244, 51.562479567760356],
        [-0.046871286502463, 51.562466435172894],
        [-0.046835743345881, 51.562454153189982],
        [-0.046801603450389, 51.562442793811059],
        [-0.046765983315922, 51.562432309035188],
        [-0.046728921449997, 51.562421800247044],
        [-0.046693262840003, 51.562412214063265],
        [-0.046656123987957, 51.562403502480173],
        [-0.046617504892619, 51.562395665496375],
        [-0.046580289046429, 51.562388751117162],
        [-0.046568870605869, 51.562385863248032],
        [-0.04606418791917, 51.56231181411772],
        [-0.045726325120406, 51.562250433303497],
        [-0.045705469561296, 51.562232100826527],
        [-0.045354751848483, 51.561932202196132],
        [-0.045103965969966, 51.561758064759481],
        [-0.044740427428933, 51.561689958479306],
        [-0.044474417901421, 51.561702611081088],
        [-0.044364268617046, 51.561714264013716],
        [-0.044145450170153, 51.561736694987431],
        [-0.043735021651642, 51.561719061487899],
        [-0.043373607124195, 51.561601527318032],
        [-0.042793425556618, 51.561438077903567],
        [-0.042712058196392, 51.561417836197663],
        [-0.042539115947642, 51.561379880085475],
        [-0.042389641068998, 51.561366595167222],
        [-0.042192796464826, 51.56138129581813],
        [-0.041888415837152, 51.561413985146132],
        [-0.041714059197873, 51.56144254913022],
        [-0.041079113379093, 51.561613599530389],
        [-0.04074140298002, 51.561716770627434],
        [-0.040610412031632, 51.561743359357095],
        [-0.04047680790521, 51.561763609508027],
        [-0.040314523751939, 51.561779783463301],
        [-0.040191552365828, 51.561787621300184],
        [-0.040076523689028, 51.561778505825501],
        [-0.039910547161817, 51.561712785258962],
        [-0.039725275915892, 51.561626059204571],
        [-0.039375139832409, 51.561414279195105],
        [-0.039233740512001, 51.561313897361011],
        [-0.039109023741351, 51.561228182259882],
        [-0.038982954361123, 51.561173918377435],
        [-0.03883780642035, 51.5611607012398],
        [-0.038726486101578, 51.561166034511402],
        [-0.038485721980512, 51.561162009652008],
        [-0.038367154448775, 51.561168120679362],
        [-0.03813824407145, 51.561190371718276],
        [-0.03794958510698, 51.561215993195979],
        [-0.03768331644092, 51.561268193326505],
        [-0.037241073158513, 51.56141996438388],
        [-0.037086588120007, 51.561456047978027],
        [-0.0369644396617, 51.561478284296797],
        [-0.036814975994469, 51.561498264934485],
        [-0.036691888752148, 51.561508794930731],
        [-0.036608076008904, 51.56151188871808],
        [-0.036416522069211, 51.561504186812378],
        [-0.036014701775048, 51.561454297090769],
        [-0.035263335452636, 51.561279851323803],
        [-0.035026995718709, 51.561206650698956],
        [-0.034907907427868, 51.561157894859853],
        [-0.03472841492434, 51.561071257615538],
        [-0.03426687041533, 51.560867487827558],
        [-0.033877933172643, 51.560719787586777],
        [-0.03367102112032, 51.560666860968809],
        [-0.033516366240816, 51.560639989042038],
        [-0.033307981708579, 51.560621208858336],
        [-0.032874818680615, 51.560629234618048],
        [-0.032569738934565, 51.560678074672367],
        [-0.032177970016675, 51.560763228816931],
        [-0.031690905191818, 51.560916925055338],
        [-0.031197687849357, 51.561112781127193],
        [-0.03114621942682, 51.561135298146745],
        [-0.031093386888898, 51.561155993738481],
        [-0.03103915142411, 51.561175766506338],
        [-0.030983513034091, 51.561194616448347],
        [-0.03092791341678, 51.561212567757785],
        [-0.030872352575519, 51.561229620434865],
        [-0.030838766531648, 51.561238948583458],
        [-0.030781802749457, 51.561255078414895],
        [-0.030723474874248, 51.561269386809577],
        [-0.0306651857866, 51.561282796569323],
        [-0.030605493791406, 51.561295283495049],
        [-0.030545840590108, 51.561306871784694],
        [-0.030486226186309, 51.561317561438315],
        [-0.030425208884104, 51.561327328254556],
        [-0.030364269215567, 51.561335297828215],
        [-0.030301926657479, 51.56134234456178],
        [-0.030291757097156, 51.561343972350599],
        [-0.030230895049104, 51.561350144644067],
        [-0.030170071818788, 51.561355418300671],
        [-0.030117937610823, 51.561359938552506],
        [-0.030109248575199, 51.561360691925536],
        [-0.030048502989914, 51.561364168308579],
        [-0.029793399757879, 51.561358086333421],
        [-0.029756070928709, 51.56135386246649],
        [-0.029720222648516, 51.561348764193028],
        [-0.029589377606844, 51.561338473550315],
        [-0.029376511206714, 51.561323208151848],
        [-0.029170460780822, 51.561283776911736],
        [-0.028552028572921, 51.561071953519054],
        [-0.028127727366103, 51.560908352508541],
        [-0.027891126040904, 51.560808155292541],
        [-0.027531824697841, 51.560676219377974],
        [-0.026852695431173, 51.560367145905225],
        [-0.026506334458638, 51.560203051143993],
        [-0.026371905650999, 51.56014233816984],
        [-0.026200694514266, 51.560064819615242],
        [-0.025890887143413, 51.559922920124407],
        [-0.025534438496415, 51.559692107620741],
        [-0.025138950037463, 51.559396789567643],
        [-0.02494962334953, 51.559238030997804],
        [-0.024759167844964, 51.559072059041377],
        [-0.024656303737571, 51.558982199938526],
        [-0.024545413381711, 51.558877817471362],
        [-0.024447146828962, 51.558748468227698],
        [-0.024377557913406, 51.558656471381227],
        [-0.024278200583657, 51.558485737739815],
        [-0.024204130095984, 51.558297444680029],
        [-0.024071575703514, 51.557927415702927],
        [-0.023982505171889, 51.557619268487812],
        [-0.023968670751262, 51.557372638680803],
        [-0.02391981321781, 51.557368218757752],
        [-0.023553498910786, 51.55733237288284],
        [-0.023094184853066, 51.557278772207056],
        [-0.023033950869035, 51.557270563186869],
        [-0.022557264429552, 51.557052103337448],
        [-0.021933858510394, 51.556757428719401],
        [-0.020774883358187, 51.556238794113682],
        [-0.019159891606044, 51.555492130979886],
        [-0.018827502882188, 51.555339939285254],
        [-0.018471118694801, 51.555175650986833],
        [-0.01807561154336, 51.554086261889722],
        [-0.017950462358196, 51.554210943262014],
        [-0.017799644697579, 51.553963796602105],
        [-0.017675825458683, 51.553726098510815],
        [-0.0175042572535, 51.553392271880931],
        [-0.01730706729765, 51.552387164101532],
        [-0.017189429449812, 51.55170893246499],
        [-0.017169966733888, 51.55159259897858],
        [-0.01716782641657, 51.551575476863718],
        [-0.018082364549392, 51.551574743452257],
        [-0.018995692610698, 51.551601859528652],
        [-0.018972402481005, 51.551540316589289],
        [-0.018887995248013, 51.551424685269858],
        [-0.018844298254031, 51.551301648026211],
        [-0.018855532850145, 51.551142668744269],
        [-0.018902996618033, 51.550979804948753],
        [-0.018922020156305, 51.550840740901073],
        [-0.018948721922084, 51.550657742766717],
        [-0.018941921131527, 51.550482272234085],
        [-0.018875442942663, 51.550286010227424],
        [-0.018724515506109, 51.550041560487436],
        [-0.018341305465557, 51.549400210471802],
        [-0.018192237329082, 51.54894716300327],
        [-0.017930919622986, 51.548388803930813],
        [-0.017621179101696, 51.547915954962335],
        [-0.017508558940061, 51.547653266314562],
        [-0.0174587914933, 51.547537319939032],
        [-0.017342374136292, 51.54712978597513],
        [-0.017225637638142, 51.546795985840447],
        [-0.017051636569815, 51.546220215749059],
        [-0.016985298373389, 51.545954711737366],
        [-0.016907761941548, 51.545548733676704],
        [-0.016885129743732, 51.545273177252],
        [-0.016875572000493, 51.54509496201419],
        [-0.016838197761792, 51.544959441063604],
        [-0.016842652090274, 51.544857000610797],
        [-0.016748436087622, 51.544536170188955],
        [-0.01662082647501, 51.544319988637994],
        [-0.016527213443109, 51.543885861283705],
        [-0.01653344098901, 51.543643166057521],
        [-0.016572154615562, 51.543383034859822],
        [-0.016571534095849, 51.543364139882527],
        [-0.016568153268177, 51.543309227785613],
        [-0.016540243834117, 51.543188254895014],
        [-0.016502051382115, 51.543071604435042],
        [-0.016454777843655, 51.542997964954402],
        [-0.016312288882073, 51.542825595198408],
        [-0.016092544041841, 51.54253951108322],
        [-0.016114253654737, 51.542438261687906],
        [-0.016195824417756, 51.542353312048625],
        [-0.016207900264301, 51.542340926600666],
        [-0.016342028591829, 51.542141760173919],
        [-0.016436532858073, 51.541759373529402],
        [-0.016515282244431, 51.541507113328237],
        [-0.016634947841979, 51.541375146637272],
        [-0.016787170920808, 51.541257219167385],
        [-0.017004622415858, 51.54119794688269],
        [-0.017233797054495, 51.5411343760371],
        [-0.017461178516814, 51.541078867794788],
        [-0.017622622759381, 51.541014151517864],
        [-0.017751664467219, 51.540931801528565],
        [-0.017801842670936, 51.540805853555824],
        [-0.017769431803544, 51.540522937797114],
        [-0.017811907925499, 51.540308732041645],
        [-0.017879533658659, 51.540179481798489],
        [-0.017945948619979, 51.540078088165693],
        [-0.018106696402408, 51.539929728150888],
        [-0.018310985667779, 51.539774909387006],
        [-0.018646525033371, 51.539586336738786],
        [-0.01881042098036, 51.539465006791197],
        [-0.018916325043492, 51.539350790616716],
        [-0.01902858633513, 51.5391233747538],
        [-0.01914778916414, 51.538769280122011],
        [-0.019234266410493, 51.538537831615443],
        [-0.019426986351915, 51.538283896810363],
        [-0.0194963890483, 51.538246400324972],
        [-0.019500867975487, 51.538242878897364],
        [-0.019508501901052, 51.538233115904902],
        [-0.019671727493931, 51.538127060901736],
        [-0.019767847073925, 51.538072030051175],
        [-0.019903496221494, 51.538003278195454],
        [-0.020004950057438, 51.53795822907091],
        [-0.020202715346627, 51.537886928264363],
        [-0.020558560436763, 51.537728368558064],
        [-0.020600037582177, 51.53770298986236],
        [-0.020825259684678, 51.537563807441934],
        [-0.021089933955868, 51.537346155137804],
        [-0.021245912570162, 51.537141056950801],
        [-0.021264142547608, 51.53701996415662],
        [-0.021242376286195, 51.536923376010456],
        [-0.021220569959094, 51.536860959121363],
        [-0.021175012286213, 51.536681237561325],
        [-0.021170383781565, 51.536521990180823],
        [-0.020975247027598, 51.536300177640904],
        [-0.020867806054038, 51.536217431416645],
        [-0.020598673346692, 51.536139150889966],
        [-0.020439476553834, 51.536086105818178],
        [-0.02014242446641, 51.53598667005496],
        [-0.019917773224272, 51.535813816942294],
        [-0.019704962736058, 51.535633969182882],
        [-0.019555552305273, 51.535455191429463],
        [-0.019346255818156, 51.53519446873716],
        [-0.019164064857568, 51.534940498201856],
        [-0.01908296394183, 51.534749384360929],
        [-0.019037062731693, 51.53461102210359],
        [-0.01903147449765, 51.534374421788584],
        [-0.019003331979282, 51.534225568263871],
        [-0.018963231057874, 51.534119677356323],
        [-0.018876282533866, 51.534030081209409],
        [-0.018668037946025, 51.533878185686184],
        [-0.018375996386499, 51.533696997061277],
        [-0.018190495710297, 51.533552678982119],
        [-0.018125978195592, 51.53347784942374],
        [-0.017987915554845, 51.53327048486112],
        [-0.017986787026421, 51.533263271693144],
        [-0.017972942849709, 51.533084084542729],
        [-0.018010917872034, 51.5330064903645],
        [-0.018041607321894, 51.532963844310608],
        [-0.01817834639845, 51.532770115408844],
        [-0.018237278881748, 51.532608344563279],
        [-0.018232504545629, 51.5324526914887],
        [-0.018197389383098, 51.532364869754126],
        [-0.018033349989175, 51.532224511000017],
        [-0.017778983606993, 51.531972915588746],
        [-0.017546558635878, 51.531581405445074],
        [-0.017452218684734, 51.531496179552491],
        [-0.017443925592512, 51.53148794602086],
        [-0.017184416270149, 51.531321692287264],
        [-0.016858947482436, 51.531147128720484],
        [-0.0164720722034, 51.530992208906653],
        [-0.015512364901815, 51.530648644522856],
        [-0.014958878470649, 51.530512483067866],
        [-0.014578821810951, 51.53039993768116],
        [-0.014280502300109, 51.530264494683749],
        [-0.014175271246742, 51.53016469349442],
        [-0.014083476207469, 51.530054328526013],
        [-0.014067361047146, 51.530027077785647],
        [-0.014048168978809, 51.530004271264957],
        [-0.013966140208325, 51.52993453840147],
        [-0.013647297328494, 51.529840112375553],
        [-0.013174622200956, 51.529702613050361],
        [-0.012675807518548, 51.529635710751513],
        [-0.011875077936734, 51.529549301191942],
        [-0.011178471836716, 51.5294556590094],
        [-0.010928586167533, 51.529400163785532],
        [-0.010786564297988, 51.52931772087085],
        [-0.010636221061169, 51.529194669774093],
        [-0.010568701569216, 51.529056836503742],
        [-0.010487194183012, 51.5288099549973],
        [-0.010431288118323, 51.528637247317754],
        [-0.010353637400284, 51.528533414089829],
        [-0.010212451070343, 51.528398827303718],
        [-0.010051705280443, 51.528316065827696],
        [-0.00943419852509, 51.527962968418059],
        [-0.008932969296499, 51.527720652509345],
        [-0.008726452281595, 51.527596645314375],
        [-0.008586165282191, 51.527474661471238],
        [-0.008458571951299, 51.527226995960675],
        [-0.008368660384513, 51.527007847325009],
        [-0.00822917091787, 51.526834618491755],
        [-0.008044368194284, 51.526642634663673],
        [-0.007760167129665, 51.526448962288271],
        [-0.007636937707371, 51.52633266255998],
        [-0.007524538277031, 51.526199460637557],
        [-0.00746842199177, 51.525998870609818],
        [-0.007505521816559, 51.525776483188601],
        [-0.007548978349238, 51.525639633883586],
        [-0.007693558364642, 51.52546493461093],
        [-0.007789675766333, 51.525376640720246],
        [-0.007827219073193, 51.525342207058763],
        [-0.007896839222612, 51.525200406412011],
        [-0.007981013710415, 51.52495633672023],
        [-0.008081995998412, 51.524128929515818],
        [-0.008111253338883, 51.523821877779177],
        [-0.008153218438442, 51.523586983025027],
        [-0.008143265674533, 51.523418651456979],
        [-0.008112733213814, 51.523325508651453],
        [-0.00785697275589, 51.523009119961507],
        [-0.007832338557112, 51.522979025807579],
        [-0.007812802992523, 51.522832113786812],
        [-0.007928360091745, 51.522562498414352],
        [-0.008042022987624, 51.522369288292829],
        [-0.008175702289596, 51.522278934208892],
        [-0.008237037015043, 51.522095626429746],
        [-0.00847329413744, 51.521636516653146],
        [-0.008503210544538, 51.521578572381323],
        [-0.008524121371754, 51.521561841393371],
        [-0.008673299170895, 51.52144657047748],
        [-0.008897799622895, 51.521091575007823],
        [-0.009043770319391, 51.520752332144767],
        [-0.009061897258, 51.520535017656563],
        [-0.00903841930855, 51.520280127048231],
        [-0.008922835910121, 51.519889682340668],
        [-0.008849484896958, 51.519786820122079],
        [-0.008598979317245, 51.519647677294017],
        [-0.007928128527682, 51.519363807667034],
        [-0.007738689734658, 51.519278756808234],
        [-0.007553611918155, 51.519192880455591],
        [-0.007192610391481, 51.51900959193997],
        [-0.006972282800193, 51.518872756840203],
        [-0.00681345930936, 51.51874685846628],
        [-0.006734656037933, 51.518669980916734],
        [-0.00637746406126, 51.518300606535412],
        [-0.006029543993029, 51.517818081125675],
        [-0.005900066903187, 51.517614444224314],
        [-0.005820373111606, 51.517426041891468],
        [-0.005797116320918, 51.516935546424868],
        [-0.00578351062124, 51.516884056914236],
        [-0.005758265012625, 51.516835067281967],
        [-0.005726983604515, 51.516792269875928],
        [-0.005686903620738, 51.516752919914424],
        [-0.005621095136875, 51.516708636106671],
        [-0.005375552839992, 51.516588455147804],
        [-0.005312691576331, 51.516575695604125],
        [-0.005180697686138, 51.516561760210671],
        [-0.005068474914813, 51.51655715362697],
        [-0.004997744939378, 51.516559547598476],
        [-0.004855499584032, 51.516582307379188],
        [-0.00468035081158, 51.516632384473702],
        [-0.004606845114437, 51.516665306043073],
        [-0.004556462142685, 51.516696822439989],
        [-0.004478818854502, 51.516758450056791],
        [-0.004220316086286, 51.517033723343033],
        [-0.004131057719684, 51.517130224470677],
        [-0.003999283560829, 51.5173420073438],
        [-0.003802550082127, 51.517621927983306],
        [-0.003703875554352, 51.517702980999083],
        [-0.003649169906409, 51.517734423436394],
        [-0.003473190142157, 51.517803369202291],
        [-0.003252442537148, 51.517874250355675],
        [-0.002531775996005, 51.517972588787337],
        [-0.002429317685292, 51.517975340125417],
        [-0.002360261644009, 51.517972365430701],
        [-0.00229436147565, 51.517963149583721],
        [-0.002217253479523, 51.517946548659779],
        [-0.002081068492792, 51.517896567749311],
        [-0.001454059446635, 51.517567544805623],
        [-0.000662702189804, 51.517173667521199],
        [0.000571293608907, 51.516586087064169],
        [0.001711904348655, 51.516203321617645],
        [0.001953002948932, 51.516113776085916],
        [0.002310229818945, 51.515977284154623],
        [0.002545210361338, 51.515879748430905],
        [0.00266542305592, 51.515827336833439],
        [0.002983089152669, 51.515676230785353],
        [0.00317738554308, 51.515571295170034],
        [0.003614234977636, 51.515278765216998],
        [0.003808035982532, 51.515129772882048],
        [0.00389774516612, 51.515039212645185],
        [0.003999371247892, 51.514891794852311],
        [0.004047510999682, 51.514806441120221],
        [0.004112145131297, 51.514637173617835],
        [0.00408967664115, 51.514486480585191],
        [0.004057816672626, 51.514384508480184],
        [0.0040241019456, 51.514305949019239],
        [0.003980384943157, 51.514229358992431],
        [0.003806562727904, 51.513979634721956],
        [0.003610095904696, 51.513673643186983],
        [0.003495085786008, 51.513483164646672],
        [0.003285309395034, 51.513103659978256],
        [0.002762020817579, 51.512312248858109],
        [0.002481500667899, 51.511798161368439],
        [0.00235381879, 51.51154854639659],
        [0.002303974514757, 51.511430694037088],
        [0.00225427033801, 51.511283163423229],
        [0.002233285526253, 51.511198990503118],
        [0.00222244635957, 51.511017523432329],
        [0.002258337939775, 51.510882919747566],
        [0.002306398143295, 51.510795769495104],
        [0.002382983794188, 51.510701837310826],
        [0.002453174786708, 51.51065927253542],
        [0.0025026315303, 51.510636845648825],
        [0.002589411807329, 51.510611083622692],
        [0.003069233396565, 51.510543537724274],
        [0.003285401068239, 51.510543442526689],
        [0.003539207582319, 51.510547200267581],
        [0.003711521779136, 51.510565838818074],
        [0.00386898118237, 51.510607212638121],
        [0.003937965697245, 51.510635709766163],
        [0.004002787829482, 51.5106678750521],
        [0.004079998229431, 51.510719612509838],
        [0.004258130245962, 51.510903616197062],
        [0.004319440860188, 51.510987099608997],
        [0.004380573804617, 51.511099362608007],
        [0.004430481833304, 51.511251385222828],
        [0.004524065759371, 51.51147909911068],
        [0.004619878433203, 51.511921699908903],
        [0.004664145417035, 51.512207809781628],
        [0.004624944624561, 51.512529518530641],
        [0.004615098808989, 51.512797668688876],
        [0.004681560726615, 51.513096888172811],
        [0.004754613075799, 51.513283586464588],
        [0.004821214983263, 51.513421834506403],
        [0.004877420523947, 51.513487419530833],
        [0.004917883144765, 51.513588345104338],
        [0.005076459595266, 51.513786170878895],
        [0.005252811979334, 51.513896463525285],
        [0.005477856626111, 51.514130921537159],
        [0.005558960995676, 51.514172699507839],
        [0.006106450515199, 51.514332398317485],
        [0.006275070429525, 51.514332211747494],
        [0.006404115470832, 51.514349788064514],
        [0.006647388028881, 51.514342928200364],
        [0.006909756624876, 51.514311460824743],
        [0.007103883317864, 51.514268570988683],
        [0.007292227415876, 51.514192506877905],
        [0.007362357964124, 51.514115768034507],
        [0.007432585197225, 51.514008452373922],
        [0.007543154656205, 51.51386807246589],
        [0.007633701438951, 51.513764005929133],
        [0.007847504634959, 51.513578693623607],
        [0.007887192476741, 51.513497979281823],
        [0.007896790686789, 51.513355730562985],
        [0.007990668181221, 51.51322912499873],
        [0.00802900283113, 51.512986565461418],
        [0.007989587526907, 51.512712963446759],
        [0.007855076671403, 51.512308797045691],
        [0.007690579103603, 51.512173125830316],
        [0.007640092168896, 51.512106544964745],
        [0.007572855503132, 51.512019567624293],
        [0.007405871082166, 51.511827284671554],
        [0.007274225762431, 51.511750402279546],
        [0.007192643706973, 51.511566549255079],
        [0.006913679665891, 51.511121689074756],
        [0.006634375476277, 51.510931327043878],
        [0.006211437124244, 51.510587848068468],
        [0.006176992231838, 51.510525488499788],
        [0.006168626452607, 51.510466279885264],
        [0.006108576451444, 51.510411552445866],
        [0.005999482684513, 51.510224572126518],
        [0.005935367536147, 51.510077289475262],
        [0.005931459773278, 51.509988328729804],
        [0.005995924141595, 51.509881112413524],
        [0.00614103044105, 51.509772516626107],
        [0.006239701405208, 51.509722268215576],
        [0.00648243392366, 51.509638080669092],
        [0.006775882573208, 51.509560218947961],
        [0.007249768381387, 51.509489160309805],
        [0.007649640364806, 51.509439150719139],
        [0.007688481610984, 51.509437586524079],
        [0.007823607163294, 51.509429877586186],
        [0.008054915921077, 51.509380953816446],
        [0.00845456614573, 51.509293175968644],
        [0.008841904076878, 51.509187622266531],
        [0.009050107978956, 51.509104920056522],
        [0.009205307373257, 51.509029420452549],
        [0.00941117707183, 51.508893700702949],
        [0.009589504222155, 51.508721582506126],
        [0.00966494774597, 51.508634859142553],
        [0.009734591449551, 51.508547335848974],
        [0.009814489363539, 51.508430860164594],
        [0.009863260747508, 51.508327507640026],
        [0.009863919118395, 51.508211490622841],
        [0.00981506440785, 51.50808373237863],
        [0.009648032671367, 51.50775926076291],
        [0.009525701110825, 51.507631862219242],
        [0.009346006955043, 51.507281528336563],
        [0.009178411378817, 51.506976849638058],
        [0.009050498503683, 51.506820769606264],
        [0.008768880480142, 51.506577395395652],
        [0.00827869897354, 51.506146047925441],
        [0.007597973806166, 51.505510229288461],
        [0.007320807707391, 51.505630080243385],
        [0.005965152994215, 51.50616226295385],
        [0.005174199875736, 51.506428484102102],
        [0.004146198654571, 51.506711340853869],
        [0.003954586585641, 51.506745190367262],
        [0.003871345691423, 51.506752907618257],
        [0.003609748451929, 51.506768168472156],
        [0.003156501347451, 51.506750731710774],
        [0.002697809985232, 51.506740580319054],
        [0.002181836036136, 51.506738599259307],
        [0.001364524437804, 51.506667119557733],
        [0.000954089543764, 51.506574304388167],
        [0.000647269800836, 51.50651119460008],
        [0.000143579699028, 51.506394787951272],
        [-0.000156628295345, 51.506318074281751],
        [-0.000918753100627, 51.506058589835703],
        [-0.001317546545664, 51.505869346624578],
        [-0.00200014171485, 51.5054511278448],
        [-0.002454195359057, 51.50515131302101],
        [-0.002662593934465, 51.504966016234434],
        [-0.00287506082637, 51.504819456895724],
        [-0.003049278010926, 51.504657857567004],
        [-0.003228442148019, 51.504481953923225],
        [-0.003362968744465, 51.504305290035653],
        [-0.003554434776681, 51.504111609984221],
        [-0.003717219715298, 51.503914743594883],
        [-0.004034303458473, 51.503616188139837],
        [-0.004326041090081, 51.503238064913141],
        [-0.004510494346354, 51.502940848138252],
        [-0.0045623396419, 51.502809537901015],
        [-0.00466759944046, 51.502510973325464],
        [-0.004821927177061, 51.502111626161735],
        [-0.004863115613466, 51.50196035057305],
        [-0.004937995493834, 51.501829432052531],
        [-0.00503541373843, 51.501677314463322],
        [-0.005080319521733, 51.501572863986617],
        [-0.005137096579565, 51.50146052201881],
        [-0.005175388829643, 51.501243550459186],
        [-0.005177124812519, 51.501071819731187],
        [-0.005177843301512, 51.501022372192104],
        [-0.005178142282117, 51.500949536538315],
        [-0.005179488618952, 51.50088571138398],
        [-0.005082692695681, 51.500726692812307],
        [-0.004994491876014, 51.500370880577059],
        [-0.004947026876272, 51.500138061803206],
        [-0.004603275419984, 51.499002731732716],
        [-0.004476680463512, 51.498635474431069],
        [-0.004376971696162, 51.498378385306658],
        [-0.004331214526434, 51.498271492886332],
        [-0.004163409832274, 51.497924217039674],
        [-0.004005476045246, 51.497614878230294],
        [-0.003658164690577, 51.497122461535433],
        [-0.00282415303147, 51.495668530103572],
        [-0.002469777360487, 51.495107644770968],
        [-0.002308864254047, 51.494899870121834],
        [-0.00221051887051, 51.494776793280124],
        [-0.002142233596014, 51.494691098554505],
        [-0.002111898962826, 51.494660006560409],
        [-0.002020084447248, 51.494552328402563],
        [-0.001600942749814, 51.494089256371524],
        [-0.001441059005373, 51.493858116979148],
        [-0.00121373535584, 51.4934891388029],
        [-0.001081648373043, 51.493314227416889],
        [-0.001024408235641, 51.493074945112411],
        [-0.000802257179315, 51.492554976856916],
        [-0.000676888840866, 51.492160757599635],
        [-0.000415335019702, 51.491389220247342],
        [-0.000449130044641, 51.490913183273328],
        [-0.000447145224556, 51.490662252998405],
        [-0.000475709825996, 51.490305729744598],
        [-0.00051016688849, 51.490077902620406],
        [-0.000580923550671, 51.489843500280976],
        [-0.000703961016969, 51.489533551322424],
        [-0.000941383136914, 51.489111345006648],
        [-0.001177778910589, 51.488712501748928],
        [-0.001476417062319, 51.488306625454157],
        [-0.00174555160487, 51.488015352252134],
        [-0.002175264545732, 51.487642283064595],
        [-0.002953226536017, 51.487144749817418],
        [-0.003410333690025, 51.486902536953799],
        [-0.004554821305068, 51.486323105196007],
        [-0.004744991530333, 51.486256198256378],
        [-0.00514300605923, 51.486080418439933],
        [-0.005381192874872, 51.485969363852377],
        [-0.00555537131286, 51.485905780655436],
        [-0.005650494118065, 51.485871427790549],
        [-0.005926637844511, 51.48578170091443],
        [-0.006244363172146, 51.485696277519736],
        [-0.006736173719674, 51.485582338289511],
        [-0.006966833694271, 51.485511619720612],
        [-0.007464642867502, 51.485359110794839],
        [-0.007958052599209, 51.48520832356941],
        [-0.010605945434719, 51.484732601577633],
        [-0.010831839640177, 51.484704959552353],
        [-0.011057694481299, 51.484678215695297],
        [-0.012785469525496, 51.484526757429521],
        [-0.012887116329223, 51.484507796887272],
        [-0.013192669265296, 51.484503082752944],
        [-0.013802564513159, 51.484521508944844],
        [-0.014557279426342, 51.484554974026608],
        [-0.014802227442515, 51.484552826544345],
        [-0.015134268139474, 51.484568339727332],
        [-0.015473700491812, 51.484579480725195],
        [-0.015662127189683, 51.484585367501765],
        [-0.015932978178642, 51.48461692898227],
        [-0.016362656008701, 51.484639486377795],
        [-0.016545985409512, 51.484663270882102],
        [-0.016586089960934, 51.484668445622923],
        [-0.016786573869677, 51.484695217732302],
        [-0.017428209767365, 51.484778909252285],
        [-0.017451277112579, 51.484778400010029],
        [-0.017650286536991, 51.484772772017941],
        [-0.018031262870294, 51.484822377243439],
        [-0.018813827858443, 51.485044232808697],
        [-0.018968995971936, 51.485086422320862],
        [-0.019472934528928, 51.485223530758496],
        [-0.020020365363258, 51.485387450221431],
        [-0.021080967478191, 51.485774954188351],
        [-0.021391274338952, 51.485893498641119],
        [-0.021883948748458, 51.486091556768287],
        [-0.023018186974345, 51.486575607606888],
        [-0.023444083277539, 51.486786022169674],
        [-0.02351741346765, 51.486822329703131],
        [-0.023554098036576, 51.486840034146553],
        [-0.023824546049492, 51.486981281165896],
        [-0.024143275243698, 51.487171901595957],
        [-0.024399022710369, 51.487320093688162],
        [-0.024692974410672, 51.487484216352783],
        [-0.024843687844213, 51.487596465832056],
        [-0.025122200764819, 51.487784607561089],
        [-0.025981682805917, 51.488395294387502],
        [-0.026598571650173, 51.488853513137009],
        [-0.026797500953491, 51.489016930432342],
        [-0.027103857240762, 51.489294563308313],
        [-0.027285086224083, 51.489434300983206],
        [-0.027516907798646, 51.489703484633239],
        [-0.027846003061332, 51.490055237888797],
        [-0.028169592586295, 51.49050132062392],
        [-0.028386957373123, 51.490805330752053],
        [-0.029006996001556, 51.491625993780559],
        [-0.029333116023753, 51.492180926856939],
        [-0.029629743987429, 51.492685004452092],
        [-0.029769226435636, 51.492924754455508],
        [-0.029815077132195, 51.493030738999273],
        [-0.029947689447916, 51.493563534184105],
        [-0.030435132679896, 51.493451220627492],
        [-0.031060964386432, 51.493336732450324],
        [-0.0319380028575, 51.493176098379884],
        [-0.032064513267341, 51.49311527293704],
        [-0.032412829590946, 51.493055471503531],
        [-0.032581171200707, 51.493026821710814],
        [-0.032550313718944, 51.493007419397159],
        [-0.032910879974975, 51.492930735964798],
        [-0.0332477548693, 51.492868941600598],
        [-0.033304047027207, 51.493000279305342],
        [-0.033327273139681, 51.49299617251264],
        [-0.03523867920262, 51.492633436233852],
        [-0.037315037950445, 51.492219474015215],
        [-0.037376821718603, 51.492223205901958],
        [-0.037475917362949, 51.492230260015226],
        [-0.037500350694531, 51.492231568197695],
        [-0.037530503535403, 51.492233871360661],
        [-0.037560656379486, 51.49223617451581],
        [-0.037590809226854, 51.492238477663321],
        [-0.037620923486495, 51.49224167942284],
        [-0.037650999160192, 51.492245779794587],
        [-0.037653839621129, 51.492246726594267],
        [-0.037693876213377, 51.492253691443409],
        [-0.037732434703278, 51.492261530809998],
        [-0.037770916030612, 51.492271167403743],
        [-0.037809358787136, 51.492281702605005],
        [-0.037846362034413, 51.492292213706307],
        [-0.037883288127238, 51.492304522035937],
        [-0.037917373769232, 51.49231588356087],
        [-0.037954299900741, 51.492328191868545],
        [-0.037989709355799, 51.492342273318933],
        [-0.03802367930343, 51.492356330673459],
        [-0.038057610689558, 51.492371286638367],
        [-0.038091542098048, 51.492386242593689],
        [-0.038123995416682, 51.49240207307524],
        [-0.038234979249953, 51.492467777698707],
        [-0.03838674551888, 51.492556646080295],
        [-0.038410368962645, 51.492576825099064],
        [-0.038443876312309, 51.49260166577691],
        [-0.03847882323666, 51.492626530525328],
        [-0.038513770198924, 51.492651395263678],
        [-0.038551634852338, 51.492675409529724],
        [-0.038589576690643, 51.492697626543297],
        [-0.038627479994054, 51.492720742165218],
        [-0.038666900020183, 51.492742084612203],
        [-0.038707798196359, 51.492762552503102],
        [-0.038717682145467, 51.492767214144223],
        [-0.038751536926829, 51.492783967153663],
        [-0.038788270821256, 51.492800768305806],
        [-0.038823603766319, 51.492816646750633],
        [-0.038860376281226, 51.492832549260314],
        [-0.038898626934243, 51.492847577213148],
        [-0.038935476632455, 51.492861682458859],
        [-0.03897380446545, 51.492874913146721],
        [-0.039013571867896, 51.492888167895671],
        [-0.039051938309929, 51.492900499937917],
        [-0.039093222431619, 51.492911981492213],
        [-0.039133105588283, 51.492922540339713],
        [-0.039174466873631, 51.492932224624745],
        [-0.039191625773288, 51.492935209342676],
        [-0.039223025921345, 51.492942029249882],
        [-0.039255865628137, 51.492948873219305],
        [-0.039287304354761, 51.492954794488924],
        [-0.039320182639307, 51.492960739819885],
        [-0.039353099490552, 51.49296578652104],
        [-0.03938601634929, 51.4929708332131],
        [-0.039420411322307, 51.492975005343709],
        [-0.039453405307523, 51.492978254775601],
        [-0.039486399297679, 51.492981504198234],
        [-0.039519431847427, 51.492983854990896],
        [-0.039553942505368, 51.492985331220403],
        [-0.039587013615208, 51.492986783373389],
        [-0.039620123280084, 51.492987336896228],
        [-0.039654749600739, 51.49298611723377],
        [-0.039687936369127, 51.492984873495871],
        [-0.039703809977427, 51.492984239590911],
        [-0.039737035293891, 51.492982097218238],
        [-0.039771777257454, 51.492978181658572],
        [-0.039803640114491, 51.492974217961091],
        [-0.039836942516549, 51.492970278318211],
        [-0.039870322008538, 51.492964541423987],
        [-0.039902261942404, 51.492958780457634],
        [-0.039934240414881, 51.492952120861595],
        [-0.039966218878223, 51.492945461256625],
        [-0.040370215355147, 51.492829913200517],
        [-0.040553023974252, 51.492799695222587],
        [-0.040563331996484, 51.492794471875747],
        [-0.040070366798995, 51.492163042680637],
        [-0.041055669756823, 51.491827894167713],
        [-0.040343734268685, 51.491062414256611],
        [-0.042508026044792, 51.490240664430836],
        [-0.042225838788101, 51.490035417236058],
        [-0.042357253094201, 51.490027719321219],
        [-0.042740688297314, 51.490021530338758],
        [-0.044498765237576, 51.490106616504583],
        [-0.044552657389681, 51.490126399790114],
        [-0.044576474619561, 51.490142084470435],
        [-0.044737027071112, 51.490362383843696],
        [-0.044758114671731, 51.490441870787322],
        [-0.045135415036227, 51.490377119432772],
        [-0.045115744989812, 51.490331828262185],
        [-0.045521777481343, 51.490235181127893],
        [-0.045831727565576, 51.490162110831243],
        [-0.045927228990148, 51.49021945675662],
        [-0.046164390445741, 51.490366391752332],
        [-0.046567348136625, 51.490341630960103],
        [-0.046566096741964, 51.49047200351071],
        [-0.046567412988907, 51.490744502666601],
        [-0.047595726963948, 51.490445986660056],
        [-0.047550009764375, 51.490369687226107],
        [-0.049220097426986, 51.489985619782594],
        [-0.049260903099382, 51.490042053027842],
        [-0.049358306267936, 51.49002119175703],
        [-0.049713025802247, 51.489945258912172],
        [-0.049657421050722, 51.489864299540329],
        [-0.050345208020226, 51.48974714230387],
        [-0.050817456655338, 51.489617405796174],
        [-0.051151635190099, 51.489550119822667],
        [-0.051466098439691, 51.489438441339381],
        [-0.05195868867435, 51.489135480267258],
        [-0.050169544032563, 51.488361152577312],
        [-0.050108722753847, 51.48833496179612],
        [-0.050344179488582, 51.488116758559251],
        [-0.050308922707907, 51.488099086316019],
        [-0.050384458097309, 51.488016710615383],
        [-0.050464349746748, 51.487933508028661],
        [-0.050644194079772, 51.487870851634433],
        [-0.050738027575242, 51.487933561511149],
        [-0.050770001011341, 51.487926898900376],
        [-0.051115699120625, 51.487825632523645],
        [-0.051308441807425, 51.487798260810251],
        [-0.051750260254574, 51.487807400936354],
        [-0.052119802596144, 51.487822532902563],
        [-0.052174921036358, 51.487813556592855],
        [-0.052412820534326, 51.487774343467628],
        [-0.05250050203349, 51.4877110527162],
        [-0.05262208636851, 51.487561995556362],
        [-0.052631143898192, 51.487552254069541],
        [-0.052889820578206, 51.48763388647312],
        [-0.053977464865547, 51.487935210203659],
        [-0.053728778579458, 51.487517421190795],
        [-0.053564524521353, 51.487281785305456],
        [-0.053515385752084, 51.487218021108923],
        [-0.053406129434858, 51.487077720690927],
        [-0.05332191026489, 51.487025963741019],
        [-0.053254542721594, 51.486984378412863],
        [-0.053186065247903, 51.486968853287244],
        [-0.053156068089792, 51.486962959661312],
        [-0.053030505763648, 51.486867351373228],
        [-0.052994192317548, 51.486840669744794],
        [-0.052933899782484, 51.486734454656563],
        [-0.052901690279936, 51.486679064677709],
        [-0.052880513466593, 51.486601376277513],
        [-0.052844323165046, 51.486470381952358],
        [-0.052856756823567, 51.486449006071375],
        [-0.052893981162538, 51.48638667567716],
        [-0.052920326008839, 51.486343049173271],
        [-0.052940507650165, 51.486275040179613],
        [-0.052946418334689, 51.486102479518671],
        [-0.052949151636199, 51.486004505059121],
        [-0.053079687684274, 51.485983291643628],
        [-0.053181245411003, 51.485966093285299],
        [-0.053140162531542, 51.485848506779448],
        [-0.053560134491847, 51.48579522821386],
        [-0.053551847128743, 51.485516318612895],
        [-0.053423086379539, 51.485292962027664],
        [-0.053314823011113, 51.485230913967897],
        [-0.053249341584949, 51.485212740805082],
        [-0.05319581891127, 51.485218147038864],
        [-0.053169099442929, 51.485169143119712],
        [-0.05309732502517, 51.485163455093819],
        [-0.053040884858354, 51.484831588525431],
        [-0.053001173563727, 51.484614206320998],
        [-0.05299996393415, 51.484608790646568],
        [-0.052964379481127, 51.484395973269066],
        [-0.053013659894568, 51.484388698175486],
        [-0.053117977840063, 51.48437424351593],
        [-0.052984704654402, 51.483580677486131],
        [-0.052982362001663, 51.483568048876862],
        [-0.05289021073218, 51.483567417938985],
        [-0.052832640116064, 51.483566461922706],
        [-0.052800907629615, 51.483466116546246],
        [-0.052922264996828, 51.48345734062525],
        [-0.052921491768246, 51.483407868210371],
        [-0.052978656403907, 51.483384537287961],
        [-0.052949510956238, 51.482919133300406],
        [-0.052955926168032, 51.482802335367019],
        [-0.052959661996469, 51.482748441496248],
        [-0.052857514259577, 51.482745845998032],
        [-0.052818693071559, 51.482744302057156],
        [-0.052811428155027, 51.482644362984644],
        [-0.052942666604377, 51.482640247470336],
        [-0.052974436535745, 51.482401570496904],
        [-0.053017504912493, 51.481965242778713],
        [-0.053052711229104, 51.481747305925559],
        [-0.053118782995018, 51.481447149149979],
        [-0.053250680642467, 51.481055460929127],
        [-0.053260387270994, 51.481030442659772],
        [-0.053168202837338, 51.481030710623898],
        [-0.053156651080602, 51.481031418086744],
        [-0.053187730970581, 51.480977978208756],
        [-0.05321888732402, 51.480922741061519],
        [-0.053268576605271, 51.480838135851847],
        [-0.05330602521075, 51.480770413436275],
        [-0.05342778552746, 51.480515245023803],
        [-0.053489378549682, 51.480489289587489],
        [-0.053514303572875, 51.480478912181987],
        [-0.053506922573197, 51.480381668994191],
        [-0.053388237121758, 51.480361713341807],
        [-0.053356766819606, 51.480356694543538],
        [-0.05335883314362, 51.480308168518853],
        [-0.053413176971474, 51.480317164120102],
        [-0.05357340678008, 51.480342305732357],
        [-0.053573474549293, 51.480273063425344],
        [-0.053573221476018, 51.480245181998178],
        [-0.053520278599089, 51.480237108992995],
        [-0.05347020545827, 51.480161638701638],
        [-0.05347811962253, 51.480077239139902],
        [-0.053521759545069, 51.479965555431669],
        [-0.053621325925394, 51.47979185151997],
        [-0.053654081983901, 51.479800488654639],
        [-0.053695396426171, 51.479811066374914],
        [-0.053707980823811, 51.479786095835941],
        [-0.053999784664101, 51.47925767481442],
        [-0.054018469512625, 51.479224712101029],
        [-0.053952958084391, 51.479207438031885],
        [-0.053947278072192, 51.479205545228233],
        [-0.054328519794642, 51.478605767275432],
        [-0.052699249892264, 51.478008585163323],
        [-0.05274746695852, 51.476301680042049],
        [-0.052763032069983, 51.473839747791359],
        [-0.052756998416973, 51.472933187058501],
        [-0.052173765686466, 51.471210396142489],
        [-0.051980512542101, 51.470609172929869],
        [-0.051801467790713, 51.470080126769581],
        [-0.051687078404247, 51.469757187605211],
        [-0.05168657432816, 51.469701424673218],
        [-0.05178244921301, 51.469613990436471],
        [-0.052151296089086, 51.469337749173349],
        [-0.052281831165921, 51.469214020423799],
        [-0.052040909211928, 51.468954625925001],
        [-0.051684337437736, 51.468571008752953],
        [-0.051446360238946, 51.468344035522023],
        [-0.050994494565012, 51.467730418406695],
        [-0.05088139597639, 51.467580159073719],
        [-0.05112823887298, 51.467463760756772],
        [-0.051326567884987, 51.467370835792345],
        [-0.051319603837908, 51.4673653244365],
        [-0.051000238704401, 51.467122609123045],
        [-0.050575133169512, 51.466793603582616],
        [-0.050633984806846, 51.466764007042137],
        [-0.050822240602843, 51.466670915443267],
        [-0.050888438759535, 51.466637843846847],
        [-0.050519987217698, 51.466601142622416],
        [-0.050278527449756, 51.466557559542636],
        [-0.049904990741243, 51.466471312086547],
        [-0.049670053542944, 51.46640985088311],
        [-0.049623073844271, 51.466397378860577],
        [-0.049406725810082, 51.466338924174075],
        [-0.049055769949371, 51.46622966871746],
        [-0.04862911890358, 51.466072390386074],
        [-0.048206076819803, 51.46589808447073],
        [-0.048540155645669, 51.465626671249836],
        [-0.047720804198152, 51.465225445494184],
        [-0.047561666247432, 51.465176033423411],
        [-0.047330498487744, 51.465026501950724],
        [-0.047037526740479, 51.464908314137489],
        [-0.04677298520765, 51.464731247538303],
        [-0.046586746560218, 51.464608541874156],
        [-0.046363603966665, 51.464406085325649],
        [-0.046213776204977, 51.464239921642616],
        [-0.045999078740264, 51.463974656314704],
        [-0.04572036085611, 51.463523074063353],
        [-0.045457247809127, 51.462942256558421],
        [-0.045346334654734, 51.4626067786661],
        [-0.045236826076481, 51.462204778169344],
        [-0.045188525212152, 51.461819085724457],
        [-0.045129047405997, 51.461324395314961],
        [-0.045105587485205, 51.460930124304426],
        [-0.045114118293029, 51.460595738478098],
        [-0.045123242645951, 51.460281146452552],
        [-0.045177004858268, 51.45983150910638],
        [-0.045242637289922, 51.459407249177083],
        [-0.045303469116895, 51.459095317802067],
        [-0.045335714805843, 51.458980748993504],
        [-0.04561557422313, 51.458158087181097],
        [-0.045717367207076, 51.457898096779871],
        [-0.045742705625257, 51.457810390783173],
        [-0.045779917073399, 51.457680617043216],
        [-0.045781355518489, 51.457680641021973],
        [-0.046001621619456, 51.457174426895236],
        [-0.046103175810989, 51.457122163403298],
        [-0.04616035149926, 51.456963046395188],
        [-0.044995779054543, 51.456661260277222],
        [-0.044632325130362, 51.456576962016612],
        [-0.043452245583951, 51.455931380669313],
        [-0.04274555729382, 51.455492430625291],
        [-0.042100355983123, 51.455164214120046],
        [-0.04196204980051, 51.455099854448974],
        [-0.041825105453377, 51.455037315900228],
        [-0.041648633568746, 51.454990303729105],
        [-0.042445650644335, 51.453889419850455],
        [-0.04298934003796, 51.453191671179724],
        [-0.043189653735416, 51.453118577143663],
        [-0.043662772504935, 51.452657054716951],
        [-0.043886164007676, 51.452414382553307],
        [-0.044507940125887, 51.45170713867455],
        [-0.044874022044805, 51.451324760156616],
        [-0.045000608135494, 51.451292699085236],
        [-0.045124222873184, 51.451229113865118],
        [-0.045196428953122, 51.451054960265509],
        [-0.04517888591253, 51.450960244332478],
        [-0.045483148990283, 51.450643379036705],
        [-0.045875218419686, 51.450191287639065],
        [-0.046150745829622, 51.449873042330076],
        [-0.046511446192206, 51.44991952103026],
        [-0.046941449538387, 51.449960858404715],
        [-0.047757929145869, 51.450051796209969],
        [-0.048239787145388, 51.450092193842799],
        [-0.0487217226784, 51.45013079223871],
        [-0.049086624269047, 51.450112585472176],
        [-0.049366399356892, 51.45003181070895],
        [-0.049935494809677, 51.449848835505193],
        [-0.050954592381079, 51.449507874879792],
        [-0.05306998331252, 51.448837101383447],
        [-0.053464568141826, 51.44876361933138],
        [-0.053579674183341, 51.448730459154042],
        [-0.053644965103893, 51.448718054217061],
        [-0.053787802523114, 51.448709634565247],
        [-0.053908341333649, 51.448717930668948],
        [-0.053953904263156, 51.4487294783195],
        [-0.054007561312971, 51.448753750096635],
        [-0.054081300897699, 51.448813426740045],
        [-0.054331246184914, 51.448993832460211],
        [-0.054748735419864, 51.449194104178616],
        [-0.055435475846522, 51.449493264475123],
        [-0.0565434194716, 51.449939690592601],
        [-0.057561283652492, 51.450338750742098],
        [-0.0581006326081, 51.449940317863209],
        [-0.05861892246294, 51.449563116222073],
        [-0.058687481177106, 51.449507597686853],
        [-0.059061511295286, 51.449307858754629],
        [-0.059677639505086, 51.448998818321812],
        [-0.060972646834833, 51.448427628560964],
        [-0.061383542309745, 51.4481385652157],
        [-0.061826917004531, 51.447796081342858],
        [-0.06207971247682, 51.447535875825423],
        [-0.062219896991091, 51.447352044644454],
        [-0.062343195726752, 51.447193113705431],
        [-0.062569033593565, 51.446957641062419],
        [-0.062901422487604, 51.446448752547454],
        [-0.063083889534979, 51.446183785596794],
        [-0.06324468265955, 51.44585281363036],
        [-0.063365086421422, 51.445558044184402],
        [-0.063484088532988, 51.445262352185935],
        [-0.063639978983724, 51.444808998088192],
        [-0.063713333436943, 51.444537731306561],
        [-0.063749735342836, 51.444153445450276],
        [-0.063665496201236, 51.443355301461409],
        [-0.063733590475628, 51.442868123107651],
        [-0.063870376978117, 51.442525962421918],
        [-0.06408274631224, 51.442097820777313],
        [-0.064165754873134, 51.441972394721326],
        [-0.064218781702427, 51.441909422327782],
        [-0.064277522239336, 51.441847443536851],
        [-0.064611675183249, 51.441533720693066],
        [-0.06502616928522, 51.441157475069588],
        [-0.06467128615865, 51.441008632349508],
        [-0.06428003312743, 51.440903252125793],
        [-0.064053529763112, 51.440849152286511],
        [-0.063800959061252, 51.43954014028877],
        [-0.063752247805889, 51.438990781089927],
        [-0.06373351064585, 51.438209006069528],
        [-0.063706837534379, 51.437989143585575],
        [-0.063700718773821, 51.437929690690311],
        [-0.06354357034842, 51.437767024504424],
        [-0.063457402295793, 51.437627113314846],
        [-0.063456737638827, 51.437540772411509],
        [-0.063550734952527, 51.437495563328817],
        [-0.06398276547491, 51.437282378922767],
        [-0.064158191447186, 51.437216931827123],
        [-0.064244884348983, 51.437174299365111],
        [-0.064364918588171, 51.437091750294378],
        [-0.064420283090098, 51.437041406182523],
        [-0.064467172554952, 51.436987325015636],
        [-0.064530567255162, 51.43688315725673],
        [-0.06456028438302, 51.436792821691355],
        [-0.064611156208522, 51.436678555135146],
        [-0.064800290068393, 51.436288696957824],
        [-0.065086392020923, 51.435919323932964],
        [-0.065415756176626, 51.435411277415206],
        [-0.065606761312568, 51.435079002106349],
        [-0.065788045760269, 51.43470430037727],
        [-0.065834290535537, 51.434631323356108],
        [-0.065909028792448, 51.434530939121181],
        [-0.065974001675637, 51.434457371809344],
        [-0.066042945957467, 51.434391963421561],
        [-0.066144279105628, 51.434309103985164],
        [-0.066708747471561, 51.433922737044895],
        [-0.067151552028119, 51.433691733434536],
        [-0.067753295756818, 51.433444463806609],
        [-0.068602180457258, 51.432999827365904],
        [-0.069021580253977, 51.432845768310742],
        [-0.069529130353926, 51.432682368440133],
        [-0.06962227831689, 51.432656924497664],
        [-0.069984161559895, 51.432570259246837],
        [-0.070187216238403, 51.432531337010857],
        [-0.070392956601782, 51.432496954989098],
        [-0.070695285854395, 51.432457867666685],
        [-0.070943171500364, 51.43244755942645],
        [-0.071109903840928, 51.432451202734605],
        [-0.071334937468023, 51.432471092760473],
        [-0.071607755182194, 51.432483675115513],
        [-0.072076853707373, 51.432481500182412],
        [-0.072215929846785, 51.43245860818007],
        [-0.072383342988338, 51.432411901770315],
        [-0.072460825764831, 51.432382600870213],
        [-0.072540086525363, 51.432345235730921],
        [-0.072630091641269, 51.432291860365957],
        [-0.072708708655995, 51.432235599865074],
        [-0.072764020254097, 51.432186150262055],
        [-0.072861704111266, 51.432087038229199],
        [-0.073586072204488, 51.431351653071054],
        [-0.074893542555614, 51.429749054426878],
        [-0.074927698160981, 51.429655192106353],
        [-0.074970250255583, 51.429532691050724],
        [-0.075048385505808, 51.429179662057457],
        [-0.075093302076034, 51.42879551226288],
        [-0.075028557767374, 51.428556142397746],
        [-0.074944221744992, 51.428372205431153],
        [-0.074795683671071, 51.428107178792914],
        [-0.074490709094639, 51.42762825352218],
        [-0.074327048790605, 51.427449307721233],
        [-0.074166141212449, 51.427068071118022],
        [-0.073984763315719, 51.426523729941302],
        [-0.073930389305734, 51.426208991041413],
        [-0.073935607101077, 51.426153322027524],
        [-0.073954445476657, 51.426150034529506],
        [-0.074002222357166, 51.426142726231774],
        [-0.074048599529791, 51.426134495643147],
        [-0.074094976686183, 51.426126265036011],
        [-0.074141429393352, 51.426116237111351],
        [-0.074187957645762, 51.426104411869055],
        [-0.074238911651158, 51.426089961517725],
        [-0.074289903405359, 51.426074612494283],
        [-0.07434097068488, 51.426057466149103],
        [-0.074389162974974, 51.426040272546111],
        [-0.074437430784363, 51.426021281623576],
        [-0.07448573633063, 51.426001392031026],
        [-0.074532604361149, 51.425981478802278],
        [-0.074554581999865, 51.425971947890076],
        [-0.074582460622081, 51.425958916835448],
        [-0.074611776701574, 51.425945909388808],
        [-0.074639655291841, 51.425932878320225],
        [-0.074667533866349, 51.425919847244771],
        [-0.074694012725549, 51.425905893898914],
        [-0.074721929040083, 51.42589196416035],
        [-0.074747008167001, 51.425877088538869],
        [-0.074773524748163, 51.425862236524601],
        [-0.074797166371973, 51.425847337279215],
        [-0.074820845750157, 51.42583153937894],
        [-0.074844562881311, 51.425814842823804],
        [-0.07486684252652, 51.425798122651976],
        [-0.074886284987635, 51.425780456603107],
        [-0.074893736706021, 51.425774284110275],
        [-0.074913216914358, 51.425755719406702],
        [-0.074932697106829, 51.425737154699668],
        [-0.074949302351021, 51.425718542767989],
        [-0.074965945348361, 51.425699032183864],
        [-0.074981150866329, 51.425679497986955],
        [-0.074996356371167, 51.425659963787894],
        [-0.075008724701166, 51.425639483717013],
        [-0.075021093019878, 51.425619003644634],
        [-0.075033461327304, 51.42559852357077],
        [-0.075042954699749, 51.425577996276651],
        [-0.075455004614372, 51.424980453566768],
        [-0.075456479814027, 51.424979578520578],
        [-0.075664770068194, 51.424678146006279],
        [-0.076598718669148, 51.42319529253988],
        [-0.077603148633775, 51.421710889966633],
        [-0.078042386562164, 51.421012166596896],
        [-0.078238803423385, 51.420718628249702],
        [-0.078306681580979, 51.420609130992752],
        [-0.078325135494093, 51.420580656923391],
        [-0.078335912830546, 51.420563747497255],
        [-0.078404200134032, 51.420410192632325],
        [-0.078445027544075, 51.420259784579827],
        [-0.078495227158715, 51.420057372476478],
        [-0.078529830124796, 51.420021069711012],
        [-0.078559819658892, 51.419991885463332],
        [-0.078589454521496, 51.419868271973137],
        [-0.078548602385836, 51.41984781824732],
        [-0.078674663718675, 51.419825604669498],
        [-0.079103566352735, 51.41974990246122],
        [-0.07932482682784, 51.419721155069567],
        [-0.079714625584204, 51.419686176217418],
        [-0.080092059401826, 51.419671676731397],
        [-0.080291992073028, 51.419671354779794],
        [-0.080595107812374, 51.419679916600032],
        [-0.081742864228782, 51.419748168478456],
        [-0.082345959730502, 51.419771527392861],
        [-0.082876986861432, 51.419729856126509],
        [-0.0828871230632, 51.419728223396021],
        [-0.083333988613084, 51.419669885712921],
        [-0.083895216079574, 51.41955945994696],
        [-0.085011350572511, 51.419351986163463],
        [-0.085538960123377, 51.41928866454613],
        [-0.085863435474915, 51.419267885753484],
        [-0.08607913906995, 51.419268710785452],
        [-0.086185309603571, 51.419274940951553],
        [-0.086425645579172, 51.419305843494975],
        [-0.0866194261206, 51.419349474520693],
        [-0.086826641674387, 51.419415806288953],
        [-0.086970730054565, 51.41947840945037],
        [-0.087764505254878, 51.419757547603673],
        [-0.088010880946324, 51.419850595018659],
        [-0.088190342221345, 51.419927262781862],
        [-0.088452092558674, 51.420065523533609],
        [-0.089047653539112, 51.42054555385338],
        [-0.089367367752481, 51.420811554591658],
        [-0.089584119814851, 51.420959870375654],
        [-0.089720393189717, 51.421037630274384],
        [-0.089814783488514, 51.421085031491032],
        [-0.089909436256142, 51.421126142023589],
        [-0.090043959955752, 51.421176894946662],
        [-0.090197244275568, 51.421226154890277],
        [-0.090842821436076, 51.421473180881613],
        [-0.091101399938751, 51.421584405841905],
        [-0.091394790374948, 51.421723175215405],
        [-0.091768854328766, 51.421928004753482],
        [-0.092140653914498, 51.422221823818894],
        [-0.092307749671937, 51.422354038515572],
        [-0.092734391723791, 51.422539936803652],
        [-0.093008589225369, 51.422621735785455],
        [-0.093206403188668, 51.422672615548692],
        [-0.093434365340939, 51.422724884688158],
        [-0.093644202906111, 51.422763369541727],
        [-0.093918910365723, 51.422798412705731],
        [-0.094101047711955, 51.4228112667126],
        [-0.09434669208018, 51.422818858189657],
        [-0.094591422443231, 51.422813844533643],
        [-0.094839476026508, 51.422798093167152],
        [-0.096186014622965, 51.422757924794645],
        [-0.096906091546804, 51.422667103062501],
        [-0.097235607904861, 51.422629288426101],
        [-0.097512818004125, 51.422604112818547],
        [-0.097809890029956, 51.422585553800332],
        [-0.098108100752194, 51.422574206652847],
        [-0.098388726975997, 51.422570666845033],
        [-0.098812756251488, 51.42257754611483],
        [-0.100144411619982, 51.422583852784427],
        [-0.100773221398204, 51.422577857527465],
        [-0.10422819020479, 51.422646384124583],
        [-0.104616807278738, 51.422640079815324],
        [-0.105115818583742, 51.422607681831337],
        [-0.105797526827656, 51.42257463756772],
        [-0.105987299924616, 51.422576805281011],
        [-0.106054894578993, 51.422576998357265],
        [-0.106185511659282, 51.422583605380787],
        [-0.106515072299065, 51.422614109698642],
        [-0.107020753938045, 51.42269871608373],
        [-0.107887019377039, 51.422863781331195],
        [-0.108688199641478, 51.423037681780073],
        [-0.109211983105161, 51.423136959029478],
        [-0.109373669112947, 51.423157552712048],
        [-0.109603321722574, 51.423169350526976],
        [-0.109850009648875, 51.423151746830072],
        [-0.109940678020061, 51.42315051124303],
        [-0.110067318836649, 51.423148956401143],
        [-0.110491030908629, 51.423128810239199],
        [-0.11090470994161, 51.423142672956644],
        [-0.111524710383688, 51.423176045671944],
        [-0.112052865175329, 51.423204338564716],
        [-0.112685545060433, 51.423244204236561],
        [-0.112712048015843, 51.423229343489567],
        [-0.112753419334928, 51.423132888926951],
        [-0.113026825075393, 51.4229205679937],
        [-0.1132950217702, 51.4227648163494],
        [-0.113822711316366, 51.422454969696005],
        [-0.113959951966248, 51.422300705985435],
        [-0.113986311461457, 51.422254368326158],
        [-0.11408231070807, 51.422088649605058],
        [-0.114130526656195, 51.422035469482637],
        [-0.114220875766435, 51.421937104701996],
        [-0.114456351217348, 51.421667516383458],
        [-0.114462137692465, 51.421666710211532],
        [-0.114492433464965, 51.421664499814334],
        [-0.114512667630848, 51.421662127540579],
        [-0.114536262400304, 51.421613047481131],
        [-0.11458042911206, 51.42151843578398],
        [-0.114872068195858, 51.421247052345059],
        [-0.114854233030966, 51.421226082344042],
        [-0.115327016160355, 51.420921640687432],
        [-0.115382050865402, 51.420842490985599],
        [-0.11544850586378, 51.420800394813931],
        [-0.115593953435409, 51.420656153106236],
        [-0.115715067981181, 51.42057896497564],
        [-0.115907831193595, 51.420473252783019],
        [-0.116166415210772, 51.420375792419037],
        [-0.116559297893568, 51.420265202287894],
        [-0.116925571291788, 51.420137097251242],
        [-0.117107785438123, 51.420077975449381],
        [-0.117746273526553, 51.419800466396538],
        [-0.117782794609211, 51.419821736056832],
        [-0.117847476355081, 51.419787703455597],
        [-0.118108230293191, 51.419637216986729],
        [-0.118234533517956, 51.419573598587675],
        [-0.118369940033283, 51.419498435749134],
        [-0.118452348336613, 51.419452996958988],
        [-0.118866965137706, 51.419268108990742],
        [-0.11909550047995, 51.419166562840537],
        [-0.119507053116586, 51.418986119782012],
        [-0.119846627558151, 51.418807218392331],
        [-0.12002190837605, 51.418566329124687],
        [-0.120052723441603, 51.418306036265065],
        [-0.120132918468102, 51.418174231257062],
        [-0.120228481115625, 51.418018392498226],
        [-0.120334510510858, 51.417782686847424],
        [-0.120473189988045, 51.41755739665436],
        [-0.12068409924698, 51.417254129148894],
        [-0.120786291172194, 51.417146956613749],
        [-0.12084919809651, 51.417085915931501],
        [-0.120846397340147, 51.417084072491015],
        [-0.120852367406883, 51.417078772619654],
        [-0.120795615199652, 51.417059877302506],
        [-0.120771661382057, 51.417047802746161],
        [-0.120856532051378, 51.416977222317307],
        [-0.12092179700683, 51.416998951895124],
        [-0.12096815696525, 51.416955631163553],
        [-0.12105048436707, 51.416876916423242],
        [-0.121135022547324, 51.416779352478741],
        [-0.121211968773904, 51.416656487312117],
        [-0.121334057823, 51.416519957493676],
        [-0.121484742639844, 51.416352411595682],
        [-0.121574143132979, 51.416241436281908],
        [-0.121603697292136, 51.416187054739105],
        [-0.121703635377412, 51.415994414996142],
        [-0.12193608913685, 51.415796704698259],
        [-0.122205722697517, 51.415569014626612],
        [-0.12227441109577, 51.415507166557276],
        [-0.122481358877678, 51.415300053860371],
        [-0.122504168464637, 51.415269844228703],
        [-0.122531584112804, 51.415232514252594],
        [-0.122494289986037, 51.41519504687254],
        [-0.122480944573805, 51.41502936807867],
        [-0.122582836411453, 51.415034597469372],
        [-0.122993315171955, 51.41505466150798],
        [-0.123015866625834, 51.415030742507362],
        [-0.123122690829496, 51.414915548752369],
        [-0.123405617607163, 51.414714147564702],
        [-0.123675726225527, 51.414650128206951],
        [-0.123915214552342, 51.414631480626234],
        [-0.124074295382087, 51.414609746964445],
        [-0.124192274653483, 51.4143976100613],
        [-0.124310620647292, 51.414176486246305],
        [-0.124393814725543, 51.414006057903926],
        [-0.12445866993146, 51.41400259952438],
        [-0.124495838040372, 51.413832333773065],
        [-0.124527958892595, 51.413679972559095],
        [-0.124547849725407, 51.413580472324256],
        [-0.124508928732976, 51.413477333106187],
        [-0.124467501465623, 51.413365161099669],
        [-0.124497901659762, 51.413360252018641],
        [-0.124936474546874, 51.413290832314779],
        [-0.124937948435205, 51.41328995663055],
        [-0.125589033991398, 51.412911889101281],
        [-0.125676903427693, 51.41276761335515],
        [-0.125785997992631, 51.412631770388288],
        [-0.126018603080379, 51.41278117126415],
        [-0.126230387956378, 51.412912253453314],
        [-0.126259832331379, 51.41293070955463],
        [-0.126271512912413, 51.412926399979625],
        [-0.126615000969039, 51.4127907065606],
        [-0.127339151906506, 51.412524407096662],
        [-0.127428210141949, 51.412491658053781],
        [-0.12775171389957, 51.412316973565417],
        [-0.12775801296446, 51.412303585208015],
        [-0.12778018815804, 51.412253580575459],
        [-0.127888115798441, 51.412005308781296],
        [-0.127923969383034, 51.412007680062779],
        [-0.132099854480742, 51.412292834878478],
        [-0.13210129157336, 51.412292857784017],
        [-0.13271449994992, 51.412348492528487],
        [-0.133203882144428, 51.412478589205278],
        [-0.133572357745319, 51.412576183275839],
        [-0.133567753635973, 51.412583304072612],
        [-0.133480787710764, 51.41270601761908],
        [-0.133374004143912, 51.412856292675848],
        [-0.133354186950782, 51.412883854254126],
        [-0.133577910368114, 51.412934179310263],
        [-0.133739274139055, 51.412679559219249],
        [-0.133753013220181, 51.412659994173012],
        [-0.133768811531125, 51.412625174406855],
        [-0.133803282283561, 51.412555580636372],
        [-0.133832094509224, 51.412413056256362],
        [-0.133858295330116, 51.412158082111745],
        [-0.133865607286446, 51.41208445878398],
        [-0.133922279094781, 51.411822775700912],
        [-0.134096115799296, 51.411014406185281],
        [-0.134099941186919, 51.410991086189391],
        [-0.134424223943525, 51.411078981363346],
        [-0.134792654491235, 51.411177470213815],
        [-0.135016883256419, 51.411215210901062],
        [-0.135215014893987, 51.411222860136213],
        [-0.135479617071039, 51.411222573953822],
        [-0.135907665295767, 51.411304921741447],
        [-0.136652186502335, 51.411455248882966],
        [-0.13754275934957, 51.411656452777805],
        [-0.138101981272041, 51.411802027104812],
        [-0.138273020686934, 51.411874887054068],
        [-0.138524318511055, 51.411954417190763],
        [-0.138673424221604, 51.412000849468811],
        [-0.139375830311725, 51.41219725202108],
        [-0.13940851865907, 51.412206763646921],
        [-0.139550097997377, 51.412226097363288],
        [-0.140016140688629, 51.412364787598868],
        [-0.141209543872607, 51.412758715555896],
        [-0.142046325334359, 51.413117302234184],
        [-0.142582218222892, 51.413342519614069],
        [-0.142675449830267, 51.413348493541108],
        [-0.143029810697676, 51.413156270922848],
        [-0.144235549840891, 51.412571963871152],
        [-0.144402764595207, 51.412490980056091],
        [-0.14448540752418, 51.412474303289621],
        [-0.144575272318396, 51.412456841539559],
        [-0.144623042552286, 51.412413533898018],
        [-0.144806428219943, 51.412394854750758],
        [-0.144832405268949, 51.412392568179811],
        [-0.144869951920978, 51.412388666219293],
        [-0.145169981349179, 51.412543592323807],
        [-0.14550630177682, 51.41254801557605],
        [-0.145823939838771, 51.412552142279061],
        [-0.14680434135368, 51.412560455564204],
        [-0.147530585170232, 51.412737402089128],
        [-0.148090361577824, 51.412870347515252],
        [-0.147891778586296, 51.413051558358219],
        [-0.147611956169664, 51.413321411175801],
        [-0.147568571830658, 51.413362990818392],
        [-0.147329583126519, 51.413583129637793],
        [-0.147083333676624, 51.413804951705586],
        [-0.146865038638248, 51.41393998671888],
        [-0.146684197810175, 51.414037844563929],
        [-0.14640775964838, 51.414188145988113],
        [-0.146141016295193, 51.414347592762937],
        [-0.14613957912666, 51.414347570028845],
        [-0.145676526012653, 51.414631605682999],
        [-0.1451849780761, 51.414908893704308],
        [-0.144347477601427, 51.415347965495272],
        [-0.144351643627364, 51.415351628514365],
        [-0.144667499538376, 51.415577848158087],
        [-0.14500941030041, 51.415799983008398],
        [-0.144916319147118, 51.415861457967161],
        [-0.14373360097333, 51.416656564504791],
        [-0.143048747849077, 51.417125022723575],
        [-0.143260310674607, 51.417263264224957],
        [-0.141598486856127, 51.418415859110844],
        [-0.140405452554702, 51.419249437194608],
        [-0.139509856628556, 51.419876398383458],
        [-0.139046720055416, 51.42019547810122],
        [-0.138519068729181, 51.420580076856247],
        [-0.138171661387448, 51.42084703539696],
        [-0.137851888833419, 51.421106338626743],
        [-0.138302019109378, 51.42202804074693],
        [-0.138516564243781, 51.422624063129007],
        [-0.138530550085798, 51.422669248431319],
        [-0.138825075644005, 51.42363343982678],
        [-0.138866464372444, 51.423818446029323],
        [-0.138922116545171, 51.424572912264622],
        [-0.138932881014695, 51.424768223281269],
        [-0.1389263715447, 51.425282498372027],
        [-0.138871874287116, 51.426092768182521],
        [-0.138764450490657, 51.426824860814328],
        [-0.138541335295562, 51.427996653931572],
        [-0.138489371762974, 51.42831956319899],
        [-0.138437191086979, 51.42875397754257],
        [-0.138411066533105, 51.429078196395324],
        [-0.138394180574035, 51.42956442920957],
        [-0.138364584876242, 51.429974022814044],
        [-0.138385695618003, 51.430339458642671],
        [-0.138382421044777, 51.430455411476331],
        [-0.13838234798662, 51.430457208840664],
        [-0.138387002786431, 51.430484260642167],
        [-0.138398493692739, 51.43055548487348],
        [-0.137711822961923, 51.430496016513359],
        [-0.137223186494716, 51.430448684215946],
        [-0.136707674207724, 51.430390131477779],
        [-0.13593091122566, 51.430317529989814],
        [-0.135495508671566, 51.430270137808982],
        [-0.135379387563558, 51.430260197189043],
        [-0.135332054586856, 51.430256746394399],
        [-0.135264140022576, 51.430334801047167],
        [-0.135364945972868, 51.43065024744898],
        [-0.135594002585139, 51.431207836946989],
        [-0.135869649826856, 51.431964004644655],
        [-0.136150212824834, 51.432847045702324],
        [-0.136455555334025, 51.433828499443514],
        [-0.136522532002406, 51.433914994174529],
        [-0.136686145778217, 51.433924789333325],
        [-0.136931859080973, 51.433932292197511],
        [-0.13759893761902, 51.433802608496173],
        [-0.137857541307482, 51.43377614228384],
        [-0.138228735286555, 51.434059011473622],
        [-0.139110196227096, 51.434814000653041],
        [-0.139489586085684, 51.435178828629716],
        [-0.139648057136447, 51.435315333867095],
        [-0.13969758298485, 51.435442016513242],
        [-0.139759018779163, 51.435665109128557],
        [-0.139805040504966, 51.435878065204612],
        [-0.139877342750512, 51.436258700927951],
        [-0.139972896844512, 51.436881606838021],
        [-0.139912562597917, 51.437020934170882],
        [-0.139737107356054, 51.437302316311388],
        [-0.139381205892295, 51.437562848809534],
        [-0.139325251304607, 51.437594334011862],
        [-0.139119161752608, 51.437708865617331],
        [-0.1389819175299, 51.437757944592725],
        [-0.138508950915999, 51.437924891143936],
        [-0.138306806160933, 51.438048476594197],
        [-0.138003154717177, 51.438262173955117],
        [-0.137815435259558, 51.438420159642995],
        [-0.137683683793288, 51.438581732037072],
        [-0.137504138619645, 51.438821679880405],
        [-0.137401253018295, 51.439087125658745],
        [-0.137383436452713, 51.439383598760088],
        [-0.137381450099777, 51.439397056114771],
        [-0.137303312180088, 51.439690772135101],
        [-0.137259856408408, 51.439733246114379],
        [-0.137259758709693, 51.439771013531569],
        [-0.137301837169, 51.439797760776436],
        [-0.137286263006955, 51.439862260092774],
        [-0.137475939809272, 51.440010055133627],
        [-0.137487821294642, 51.44003632249462],
        [-0.13751829888891, 51.440100654295534],
        [-0.137497594536002, 51.440149784683548],
        [-0.137477182614042, 51.440191725625525],
        [-0.137433202552901, 51.440211709809539],
        [-0.137371856723198, 51.440340228625637],
        [-0.137048544292462, 51.440258653485074],
        [-0.137046996613959, 51.440261326671255],
        [-0.137011376378079, 51.440252667203843],
        [-0.136807483276987, 51.440595642035234],
        [-0.136688323011259, 51.440730435615095],
        [-0.13642419828962, 51.441138997647705],
        [-0.136104169174753, 51.441542173866154],
        [-0.135941823430306, 51.441783292065843],
        [-0.135903988046857, 51.442005707131599],
        [-0.135980020580774, 51.442011412520515],
        [-0.136023234612073, 51.4420103011742],
        [-0.136395467237298, 51.441915502408769],
        [-0.136416843405935, 51.441885267378794],
        [-0.136751100437758, 51.441804251919137],
        [-0.137351499763017, 51.441724767083365],
        [-0.137370303719857, 51.441722368097636],
        [-0.137885102703327, 51.441695475965176],
        [-0.139041709725037, 51.441703052566538],
        [-0.140804287098614, 51.441741812687816],
        [-0.141615478736976, 51.441751078910791],
        [-0.142358646053343, 51.441770052647492],
        [-0.142768629354535, 51.441772952071936],
        [-0.143271173291672, 51.441799797730695],
        [-0.143620703765527, 51.441838606272071],
        [-0.143823577253641, 51.442300441594021],
        [-0.144003503792137, 51.442654001983989],
        [-0.144337791877754, 51.443246511123434],
        [-0.144467104639225, 51.443464380486581],
        [-0.144594142758468, 51.443702896664981],
        [-0.14474967149407, 51.443913087294035],
        [-0.144854886766457, 51.444086511071689],
        [-0.145146017523952, 51.444466109374304],
        [-0.145406915870421, 51.444917169364217],
        [-0.145603448824163, 51.445394188300341],
        [-0.145687936764537, 51.445830766365994],
        [-0.145696438416237, 51.445869569002561],
        [-0.145678561625093, 51.445884573628312],
        [-0.145589177492676, 51.445959596713841],
        [-0.145586428646463, 51.445991926566649],
        [-0.145566167203875, 51.446314440152079],
        [-0.145440371508583, 51.446861897503943],
        [-0.145283333125077, 51.447327927052378],
        [-0.145174900704752, 51.447659836581124],
        [-0.144937041246083, 51.448237893466967],
        [-0.144795179005384, 51.448542295834741],
        [-0.144647564783172, 51.448704524053198],
        [-0.144068705322578, 51.44903168393602],
        [-0.143617226643792, 51.449305104158178],
        [-0.143360131537569, 51.449505164418497],
        [-0.143073571918612, 51.449792884794121],
        [-0.142953258731772, 51.449920472251769],
        [-0.142820891563818, 51.450061357510492],
        [-0.142583701209151, 51.450338168450969],
        [-0.142443697499606, 51.450560764870197],
        [-0.142372569636533, 51.450752978492304],
        [-0.142327893642887, 51.450967193459448],
        [-0.142322593777821, 51.450991389469564],
        [-0.14314738116311, 51.451095281760381],
        [-0.143612246914668, 51.451166491461358],
        [-0.143768603389575, 51.451214829545918],
        [-0.144621432966374, 51.451479223490907],
        [-0.146569730204866, 51.452023519313954],
        [-0.14735990258132, 51.452236544011342],
        [-0.147729947537085, 51.452339511284855],
        [-0.147377972478021, 51.452963430251067],
        [-0.147631018549594, 51.452970126675957],
        [-0.147651083145864, 51.452972242230949],
        [-0.147780632132093, 51.453860957628038],
        [-0.147957981528811, 51.454742334569289],
        [-0.14800161448565, 51.454873416266537],
        [-0.147969899448492, 51.45494575512943],
        [-0.147976900225568, 51.4551284150713],
        [-0.14808009156923, 51.45595736237027],
        [-0.148153859617788, 51.456410854255758],
        [-0.148333386826417, 51.457203238091772],
        [-0.14834074894107, 51.457305869728046],
        [-0.14836568050313, 51.457365614498329],
        [-0.148664580477143, 51.457911687953441],
        [-0.148964323670395, 51.458437090955307],
        [-0.149217177190279, 51.458876323453623],
        [-0.149299046232432, 51.459094336841616],
        [-0.149390425407784, 51.45936195942042],
        [-0.149671268335893, 51.461244939969326],
        [-0.149693435408085, 51.461301942997508],
        [-0.149702597250664, 51.461324569012035],
        [-0.149785251134774, 51.46148773966403],
        [-0.149930428224161, 51.46170675155787],
        [-0.150054804830774, 51.461870580387483],
        [-0.15038475103476, 51.462255272483944],
        [-0.150462395569879, 51.462364408188819],
        [-0.150535688088425, 51.462474374442039],
        [-0.15066051216238, 51.462698459828886],
        [-0.150731734931632, 51.462859650918624],
        [-0.150793090837392, 51.463051261050104],
        [-0.150967222678177, 51.463836360478382],
        [-0.150982533588023, 51.463956203034094],
        [-0.150991778228854, 51.464226125709459],
        [-0.151231398464975, 51.465884535707083],
        [-0.150470343120748, 51.46597774542257],
        [-0.150565665609942, 51.466326361929333],
        [-0.150641433333954, 51.467265481014387],
        [-0.15064317704607, 51.467400396896771],
        [-0.15061866526857, 51.467614932403535],
        [-0.150345255043637, 51.467682559888047],
        [-0.149429063182028, 51.468015215314239],
        [-0.1472983785025, 51.468863736051013],
        [-0.146114507429987, 51.469334218123912],
        [-0.14324068918369, 51.470467667605121],
        [-0.143100362719464, 51.470519400657317],
        [-0.142676823234539, 51.470063963207046],
        [-0.14158393626972, 51.470632061556913],
        [-0.14149566474104, 51.470678322981144],
        [-0.14178435885097, 51.470908612091016],
        [-0.140981294181846, 51.471288856955304],
        [-0.140342596099971, 51.47159256890582],
        [-0.139866864266194, 51.471323338804822],
        [-0.139741249984265, 51.471367207962267],
        [-0.139316188808103, 51.471516034569675],
        [-0.139455929677527, 51.471655838365031],
        [-0.1395785237385, 51.471721630880616],
        [-0.139599669505931, 51.471732757483252],
        [-0.139502065392203, 51.471795955213587],
        [-0.139448933286799, 51.471792414334047],
        [-0.139270380912108, 51.471863319890389],
        [-0.139209432264988, 51.471874942215329],
        [-0.139159689984318, 51.471858865411633],
        [-0.139066242884909, 51.47189065477945],
        [-0.138746573059912, 51.47199708846513],
        [-0.138726877961382, 51.471914943468377],
        [-0.13867863548728, 51.471862020748695],
        [-0.138515971190197, 51.471896307864398],
        [-0.138349148274163, 51.471962002707301],
        [-0.138042816918023, 51.472129795719283],
        [-0.137848980058266, 51.472293079834699],
        [-0.137492509235004, 51.472595862848998],
        [-0.136917994560653, 51.473090318994771],
        [-0.136660918276159, 51.472932460921307],
        [-0.136492559554152, 51.472823672943015],
        [-0.136388307804132, 51.472767161310266],
        [-0.136374320712617, 51.472757047168862],
        [-0.136358858008439, 51.472747808828146],
        [-0.136343358686074, 51.472739469160004],
        [-0.136327859369402, 51.472731129489901],
        [-0.136310921064457, 51.472722766944862],
        [-0.136293946140365, 51.472715303071986],
        [-0.136275532228391, 51.472707816323371],
        [-0.13625855731567, 51.472700352445472],
        [-0.136080048916116, 51.472699313337863],
        [-0.135909881425575, 51.472705600620877],
        [-0.135787127398128, 51.472714440032874],
        [-0.135704372047329, 51.472731109366947],
        [-0.135596530872233, 51.472762667117429],
        [-0.135348723664384, 51.472872032791734],
        [-0.135238866367917, 51.472953017278449],
        [-0.135071651141438, 51.473098735112892],
        [-0.134798746271362, 51.473329100112998],
        [-0.134747528353571, 51.473313897222624],
        [-0.13472195606462, 51.473305397095494],
        [-0.134557725903958, 51.473448463923241],
        [-0.134486306953394, 51.473646063389261],
        [-0.134494198793979, 51.473770286391897],
        [-0.134501989721341, 51.473791093255073],
        [-0.134537213955701, 51.473880680102511],
        [-0.134479176187588, 51.473891447041481],
        [-0.134449112393269, 51.473922442693251],
        [-0.134461742872977, 51.473965807979162],
        [-0.134533886989234, 51.473997530550427],
        [-0.134706443001696, 51.474074014855979],
        [-0.135230530363986, 51.474287381696655],
        [-0.134872789694772, 51.474655782378413],
        [-0.134857776004939, 51.474670830915898],
        [-0.134952873075291, 51.474704716846468],
        [-0.134710774020628, 51.474956254551138],
        [-0.134527811320501, 51.474887698021355],
        [-0.134520286050009, 51.474895671603683],
        [-0.134243984958666, 51.475173641894287],
        [-0.134111617229288, 51.475276748557924],
        [-0.134057186524242, 51.47555195414413],
        [-0.133980272632261, 51.475637058749378],
        [-0.133883385929312, 51.475682278140297],
        [-0.133883392728796, 51.475858532540698],
        [-0.133833637367543, 51.475948565568608],
        [-0.133645963024228, 51.476242333099705],
        [-0.133319247286137, 51.476696652291572],
        [-0.133094744364842, 51.477010515523908],
        [-0.13263218956879, 51.477652413032608],
        [-0.132275018172369, 51.478146710837997],
        [-0.132107164589968, 51.478377843684932],
        [-0.132061382703634, 51.478440961567131],
        [-0.131992596266584, 51.478432671685468],
        [-0.13198957105668, 51.478436220516016],
        [-0.131988131886511, 51.478436197588245],
        [-0.13196950328415, 51.478469173298471],
        [-0.131877057539433, 51.478616977041639],
        [-0.131829512485258, 51.47872323105139],
        [-0.13173619138955, 51.47892767389034],
        [-0.131611654813633, 51.479155899181322],
        [-0.131544363811054, 51.479251946612926],
        [-0.131412285319386, 51.479418002822221],
        [-0.131344839900505, 51.479482573706342],
        [-0.131168505379417, 51.479603860783278],
        [-0.130985017003558, 51.479759205310721],
        [-0.130853639364099, 51.479943257196368],
        [-0.130661715350106, 51.480199183465281],
        [-0.130644891732705, 51.480223195177885],
        [-0.130583299025434, 51.480215019170998],
        [-0.130567841091293, 51.48024085115852],
        [-0.130441335263582, 51.480446562410101],
        [-0.130370536593838, 51.480557840604746],
        [-0.13035278798527, 51.480569247938355],
        [-0.130348249762369, 51.480574571114659],
        [-0.130311350028683, 51.480596464152647],
        [-0.13021994880213, 51.480648062824116],
        [-0.130188952926861, 51.480666452941684],
        [-0.129947501750717, 51.481182372598859],
        [-0.129458995294876, 51.481365223077923],
        [-0.129168095770197, 51.481470291433553],
        [-0.128635444083066, 51.481640743833943],
        [-0.127989830008965, 51.48186154732322],
        [-0.127496434935081, 51.482022729488541],
        [-0.127405689476381, 51.482409759113494],
        [-0.127279817037162, 51.482880757750515],
        [-0.127161028029127, 51.483354567137738],
        [-0.127049008311453, 51.483627950358652],
        [-0.126873469059685, 51.483869744100033],
        [-0.126363659272596, 51.484465899424897],
        [-0.126531845747361, 51.48450905319546],
        [-0.127052310449967, 51.484601897592775],
        [-0.127727197931788, 51.484722384572905],
        [-0.128035888480747, 51.484746197339348],
        [-0.12817170406149, 51.484735775856883],
        [-0.128368297285602, 51.484964627156756],
        [-0.12845559258244, 51.485048752015757],
        [-0.128585816436186, 51.485174927700498],
        [-0.129079655113627, 51.485601861238479],
        [-0.129236306334807, 51.4857158682386],
        [-0.129411192433968, 51.485841856236178],
        [-0.12949121560751, 51.485892591823657],
        [-0.129526460013526, 51.485876068164082],
        [-0.129583699941528, 51.485850003529542],
        [-0.129777010324777, 51.485772153813613],
        [-0.129967000059356, 51.485705041893688],
        [-0.12998767186063, 51.485727852947939],
        [-0.130371122537587, 51.48561436634931],
        [-0.130708694566513, 51.485495650873595],
        [-0.132293297655705, 51.484890522607557],
        [-0.132392460193878, 51.484860628063331],
        [-0.132627209720982, 51.484790627722482],
        [-0.132791025664761, 51.484729389230942],
        [-0.132880001835005, 51.484702029839951],
        [-0.133061831505189, 51.484658163654466],
        [-0.135147288887994, 51.484272295263075],
        [-0.136665275425945, 51.483991579262266],
        [-0.137143520140003, 51.483919144175658],
        [-0.137376573303147, 51.483890473165395],
        [-0.137792899022407, 51.483853022070093],
        [-0.138110396959817, 51.483837380955727],
        [-0.138303305833136, 51.483839544602908],
        [-0.138566108422138, 51.483823033864553],
        [-0.138939411101121, 51.483816369654086],
        [-0.138989751597669, 51.483818067862551],
        [-0.140077348705099, 51.483848812645455],
        [-0.140356106808235, 51.483864924144108],
        [-0.14053108580165, 51.483882986354367],
        [-0.140745928091388, 51.483912471428958],
        [-0.141062160560636, 51.483963347099831],
        [-0.141695482483217, 51.484079497522018],
        [-0.142538589096762, 51.484207960314379],
        [-0.142929907096749, 51.484289695677063],
        [-0.14336477253148, 51.484363126691179],
        [-0.143454941597104, 51.484377143896509],
        [-0.144160320816392, 51.484421582161005],
        [-0.14427647186725, 51.484434211426283],
        [-0.144589687454479, 51.484488626803206],
        [-0.144789485141248, 51.484534052954864],
        [-0.144921068586722, 51.484556817531377],
        [-0.145170571460087, 51.484584145021408],
        [-0.146188519212881, 51.484628119290306],
        [-0.147255024996664, 51.484646773576799],
        [-0.147758132807983, 51.484635837332547],
        [-0.14885657727322, 51.484612716610535],
        [-0.149384626923247, 51.484590476831684],
        [-0.149843876983421, 51.484559955145549],
        [-0.150270129905674, 51.484526213397011],
        [-0.152819319295416, 51.484137453802987],
        [-0.153044477798663, 51.484125713134965],
        [-0.153166110758757, 51.484109643820524],
        [-0.153267737744508, 51.484089662297492],
        [-0.15336825202016, 51.484061569884773],
        [-0.153486474167671, 51.484022965195209],
        [-0.153767852237812, 51.483974339784297],
        [-0.153929218371826, 51.483937313182047],
        [-0.154149525440164, 51.483903012691343],
        [-0.154775707048047, 51.483840028475683],
        [-0.155531258986526, 51.483747602082055],
        [-0.157847025435064, 51.483430598926986],
        [-0.157978802840145, 51.483412885498005],
        [-0.158249264427847, 51.483384760700417],
        [-0.158595612862669, 51.483367718773906],
        [-0.158919301898592, 51.483305357423035],
        [-0.160347828269666, 51.483095770472993],
        [-0.160569312962314, 51.483067771203302],
        [-0.160656107239394, 51.483058341655259],
        [-0.161514610572876, 51.483019648305415],
        [-0.16257426982307, 51.482921153212928],
        [-0.163101216586834, 51.482889841968415],
        [-0.163286570918481, 51.482864868595385],
        [-0.163437525450544, 51.482835759148507],
        [-0.163587257074191, 51.482801234842704],
        [-0.164049264600602, 51.482665488313231],
        [-0.164512011095714, 51.482654747594751],
        [-0.164823844306107, 51.482636247777101],
        [-0.166387584819517, 51.482429602793175],
        [-0.166782574504011, 51.482384521263107],
        [-0.166792721840222, 51.48238288139958],
        [-0.167698530464295, 51.482241468427816],
        [-0.16798643158391, 51.482209097475497],
        [-0.168084989469251, 51.482193551467518],
        [-0.168313195921279, 51.482105392750569],
        [-0.168544171278653, 51.482055944667266],
        [-0.168780435408689, 51.482018268997813],
        [-0.169164768328005, 51.481987401072793],
        [-0.169391963912472, 51.481960373603769],
        [-0.169531505220898, 51.481928380408782],
        [-0.169667376074774, 51.481880143225361],
        [-0.169964952493694, 51.481785870089503],
        [-0.170034758686164, 51.481768974476708],
        [-0.170118813993131, 51.481755898192489],
        [-0.170271883969428, 51.48174569727972],
        [-0.170512067456006, 51.481717971060249],
        [-0.170681869465691, 51.481721519439176],
        [-0.170780101802042, 51.481714059360208],
        [-0.170928097465958, 51.481686692654002],
        [-0.171418246048702, 51.481530673407043],
        [-0.172545015288137, 51.48119303482963],
        [-0.173370461857466, 51.480935221599175],
        [-0.173940716841041, 51.480684219827566],
        [-0.174243093467713, 51.480541451084697],
        [-0.174948401578188, 51.480190032542019],
        [-0.175253067449253, 51.479989744764417],
        [-0.175885004661864, 51.479455530074496],
        [-0.176150469187852, 51.479190783306976],
        [-0.177036994701105, 51.47830262008317],
        [-0.177191209950344, 51.478118872493937],
        [-0.17746082703646, 51.477821814294124],
        [-0.177484677958856, 51.477801502229077],
        [-0.177815681013733, 51.477553956901659],
        [-0.177948629389097, 51.477578504152994],
        [-0.178224457622536, 51.477631349508407],
        [-0.179329530613329, 51.477798688418517],
        [-0.179543254068663, 51.477819991780819],
        [-0.179682604981549, 51.477828449935622],
        [-0.180210286943119, 51.477849230111445],
        [-0.180438608980595, 51.477829392853565],
        [-0.180587846915378, 51.477806529568554],
        [-0.180733124725068, 51.477774612141687],
        [-0.180850986253256, 51.477744067697742],
        [-0.182238662628898, 51.477287186767917],
        [-0.182424734691352, 51.477243310149198],
        [-0.182553535578684, 51.477227321588295],
        [-0.182648806765418, 51.477221604225704],
        [-0.182825682181812, 51.477227942483516],
        [-0.182920381901328, 51.477236604057786],
        [-0.183421118281789, 51.477283030511479],
        [-0.183619735636714, 51.477322077428816],
        [-0.183739269935833, 51.477358100563578],
        [-0.183880867493481, 51.477418745072306],
        [-0.18403331215351, 51.477532613189325],
        [-0.184339440488556, 51.477801733523741],
        [-0.184576942775982, 51.478022130270489],
        [-0.184669004059554, 51.478097294110633],
        [-0.185374744737335, 51.478602805731981],
        [-0.18563239261781, 51.478787542008639],
        [-0.185685121705984, 51.478837816658739],
        [-0.185770431015649, 51.478938054140698],
        [-0.186042374388556, 51.479343326974231],
        [-0.186166749473493, 51.479511612244529],
        [-0.186236906711804, 51.479594529227313],
        [-0.186364291058579, 51.479723293815255],
        [-0.186549937140952, 51.479871843562492],
        [-0.186729839669629, 51.479765816419928],
        [-0.186880539175013, 51.47988774697113],
        [-0.186881907154144, 51.479889566623626],
        [-0.187046037899922, 51.480035984385161],
        [-0.187217508577242, 51.480178918380368],
        [-0.187224491120315, 51.48018442182736],
        [-0.187403337433989, 51.480322973315054],
        [-0.187589523731852, 51.480458040971122],
        [-0.188194980374439, 51.480879253991269],
        [-0.188281046834673, 51.48096061701564],
        [-0.188353183592477, 51.481030074517172],
        [-0.189041301085933, 51.481691760492829],
        [-0.189519612151691, 51.482087622256046],
        [-0.19015618169369, 51.482633401589332],
        [-0.190221874297068, 51.482683874196042],
        [-0.190445304655903, 51.482860877434916],
        [-0.190658518920803, 51.483041319597376],
        [-0.190794774814051, 51.483164820567808],
        [-0.19086432462037, 51.483227042552357],
        [-0.191026649408238, 51.483383318401394],
        [-0.191213461710295, 51.483575941702306],
        [-0.191391497030963, 51.483772026315137],
        [-0.191707945364013, 51.48407365879298],
        [-0.191732983901521, 51.484059656921552],
        [-0.191775615110366, 51.484037833088593],
        [-0.191821018420624, 51.484018749732506],
        [-0.192029889387211, 51.484272860741243],
        [-0.192575338083724, 51.484829810959312],
        [-0.19272479057319, 51.484984087450094],
        [-0.19295327171803, 51.485216017736015],
        [-0.193190533899594, 51.485444485859091],
        [-0.193251737921763, 51.485499383786639],
        [-0.193621008343453, 51.48581351495104],
        [-0.194005033524481, 51.486118879662101],
        [-0.194143350592283, 51.486227121099724],
        [-0.194316660966606, 51.486361080162482],
        [-0.194494361774997, 51.48649330806213],
        [-0.194680877959093, 51.486621175156564],
        [-0.194717417019806, 51.486644218879448],
        [-0.194912819782289, 51.486765927663861],
        [-0.195115598459268, 51.486883253399085],
        [-0.195324313560276, 51.486996173893978],
        [-0.195987877304242, 51.487372377915698],
        [-0.196448165026968, 51.487205903153374],
        [-0.197099678127876, 51.487449726025801],
        [-0.197543886280399, 51.487654389112869],
        [-0.197727372970636, 51.487749831777265],
        [-0.19790201070837, 51.487850533649514],
        [-0.198066430832359, 51.487954675242577],
        [-0.198222001978714, 51.488064076123443],
        [-0.198298944073425, 51.488121910891699],
        [-0.199025801941587, 51.488757153879881],
        [-0.198950720454963, 51.488798265404384],
        [-0.199374512045874, 51.489119509983936],
        [-0.19958091135089, 51.489291737508637],
        [-0.200374782331238, 51.489981955464401],
        [-0.20062324282276, 51.490073894314122],
        [-0.200934249176617, 51.490370022013941],
        [-0.200935653400385, 51.49037094280353],
        [-0.201774454214684, 51.491128384476582],
        [-0.202387033198755, 51.491668331729841],
        [-0.202308196536645, 51.491694999887386],
        [-0.201835316098095, 51.491851412880223],
        [-0.201864346440444, 51.491882432398718],
        [-0.202247503097493, 51.492285773784339],
        [-0.202425513136348, 51.49248453826641],
        [-0.202569750161128, 51.492663001404928],
        [-0.202780371446937, 51.49291172370453],
        [-0.203002724571793, 51.493155229895308],
        [-0.203094068938128, 51.493250151178991],
        [-0.203131385795556, 51.493290289800505],
        [-0.203027895202586, 51.493321076927074],
        [-0.203189537839982, 51.493423370016544],
        [-0.203448321174831, 51.493619773426005],
        [-0.203638327277045, 51.493770160440157],
        [-0.203787651307592, 51.493856077554874],
        [-0.204036926752936, 51.494037946057048],
        [-0.204385776078789, 51.494288782121565],
        [-0.204865362739253, 51.494548812379087],
        [-0.204783811671373, 51.494607813516566],
        [-0.205191494756988, 51.494828074108923],
        [-0.205616917600835, 51.495036914489738],
        [-0.206009166209573, 51.49521017523881],
        [-0.206327502608457, 51.495358024583723],
        [-0.206590854145519, 51.495475357106443],
        [-0.206719227641896, 51.495544763594609],
        [-0.206840014723595, 51.4956239456438],
        [-0.207103533411379, 51.495810521460882],
        [-0.207135555157089, 51.495838887616102],
        [-0.207136571784527, 51.495849694105026],
        [-0.207169051983783, 51.495866377066761],
        [-0.207198582123994, 51.495884813412701],
        [-0.207225162204912, 51.495905003144934],
        [-0.207248792225617, 51.495926946265499],
        [-0.207263995137544, 51.49594336508666],
        [-0.207281795546145, 51.495967017576532],
        [-0.207298120929935, 51.49599154676153],
        [-0.207308651934504, 51.496016886615919],
        [-0.207317743165339, 51.496042204460757],
        [-0.207388486815895, 51.49614849755865],
        [-0.208001399858427, 51.496022078548393],
        [-0.208209478598974, 51.496189819771942],
        [-0.208967436267321, 51.496810186801056],
        [-0.20958705386994, 51.497395164793083],
        [-0.209922179556588, 51.497777064195112],
        [-0.21005175062362, 51.497926518026794],
        [-0.21027006175982, 51.498127683685766],
        [-0.210825075534721, 51.498523726750662],
        [-0.211507863682473, 51.498894738392778],
        [-0.211678571250492, 51.498987266018219],
        [-0.21194328971622, 51.499144173861097],
        [-0.212592416029155, 51.499529053739906],
        [-0.213062620158475, 51.499847357565635],
        [-0.214133059861848, 51.500770100661661],
        [-0.214369628944937, 51.501131601881987],
        [-0.214718448625313, 51.501644085839978],
        [-0.215075143986509, 51.502250209894996],
        [-0.214966513084998, 51.502301611965613],
        [-0.215375896965869, 51.502702610091269],
        [-0.216019069940329, 51.50338952559207],
        [-0.216235996721249, 51.503701265569937],
        [-0.216342136818198, 51.503676801747524],
        [-0.21637553829778, 51.503670115768472],
        [-0.21640967933857, 51.503718294878844],
        [-0.216582106345906, 51.503952022504592],
        [-0.217008840148217, 51.504462986168015],
        [-0.217040523258939, 51.504500336795914],
        [-0.217418556514545, 51.505114870719972],
        [-0.217598371859997, 51.505381081787085],
        [-0.217636344747099, 51.505441908149614],
        [-0.217573403892144, 51.505467029679771],
        [-0.217588403224594, 51.50548883946378],
        [-0.217748305058486, 51.505748452938697],
        [-0.217990725824651, 51.50614600490789],
        [-0.21718093487461, 51.506292864373172],
        [-0.216388174623612, 51.506446271964968],
        [-0.216363445673678, 51.506415321634513],
        [-0.216322242529088, 51.50636343816943],
        [-0.216319362294246, 51.506363394366922],
        [-0.216243211557419, 51.506357740027987],
        [-0.215963408558685, 51.506401144161565],
        [-0.216056880846254, 51.506590507744619],
        [-0.216227388403705, 51.506947402840282],
        [-0.216189250561396, 51.507222890416479],
        [-0.216169550198866, 51.507395245447803],
        [-0.216155256119391, 51.507466068242017],
        [-0.216144544303932, 51.507518960658395],
        [-0.216086938157161, 51.507518084493697],
        [-0.215882366149065, 51.507516771298604],
        [-0.215862063578584, 51.507520059435087],
        [-0.215397351914953, 51.507611906178347],
        [-0.215202896032838, 51.507646715445404],
        [-0.215392966450632, 51.508056065496753],
        [-0.215611845054529, 51.508539591396158],
        [-0.215817065708049, 51.509114631826264],
        [-0.216086173222589, 51.509124120615645],
        [-0.216091970117281, 51.509160178494078],
        [-0.216430733059083, 51.509120368306824],
        [-0.216462139335455, 51.509201777731448],
        [-0.216511037496001, 51.509241188722207],
        [-0.216612979236043, 51.509324569885372],
        [-0.216841767000616, 51.509444050703046],
        [-0.216815321445227, 51.509567744126215],
        [-0.216859622096965, 51.509688016901407],
        [-0.216913020475712, 51.509796737811321],
        [-0.216984264923047, 51.509928211052092],
        [-0.217010050424341, 51.509969068950952],
        [-0.216993471060303, 51.509987701009564],
        [-0.21696322784508, 51.510024110199033],
        [-0.216960210343794, 51.510101399184094],
        [-0.216994953119865, 51.51013430007059],
        [-0.217209701739335, 51.51039205004605],
        [-0.217246163934489, 51.510380914109419],
        [-0.217489631328362, 51.510309078091694],
        [-0.217511515583156, 51.510302216736164],
        [-0.217555284073304, 51.510288494012613],
        [-0.217600457704238, 51.510275691868571],
        [-0.217646966329585, 51.51026560772128],
        [-0.217793097079558, 51.510250742651017],
        [-0.217840835458621, 51.510246072567611],
        [-0.218053287292992, 51.510230416386641],
        [-0.217888647731003, 51.5097594096436],
        [-0.218844524661144, 51.509637244654407],
        [-0.219286490792476, 51.509574713868567],
        [-0.219300756396259, 51.509615396356814],
        [-0.219518359663826, 51.510206804278383],
        [-0.219570783965304, 51.510340687925257],
        [-0.219768428741919, 51.510815790080933],
        [-0.219789546120076, 51.510865568914319],
        [-0.21983438128658, 51.510972359971994],
        [-0.219882097194795, 51.511079194730542],
        [-0.219937084742266, 51.511184341340908],
        [-0.220040345464279, 51.51134507427011],
        [-0.220139321080498, 51.511504842833006],
        [-0.22026893727674, 51.511728922414335],
        [-0.220333868423993, 51.511837816666052],
        [-0.220345920467826, 51.511861379821113],
        [-0.220435945672567, 51.512065974397856],
        [-0.220538014910335, 51.512220394075626],
        [-0.221131645273199, 51.513111554799558],
        [-0.221359864594407, 51.513468417714769],
        [-0.221497143697667, 51.513644052963578],
        [-0.221463266436865, 51.513810798204382],
        [-0.221478875795809, 51.513891067384186],
        [-0.221480071132781, 51.513897380199573],
        [-0.22175721046401, 51.514330520301108],
        [-0.222032209055526, 51.514744743171725],
        [-0.222276987461519, 51.515083870305517],
        [-0.222402191815537, 51.515273709257045],
        [-0.222604014295082, 51.515642758845864],
        [-0.222751193933401, 51.515712432078757],
        [-0.222927802469205, 51.515914739423877],
        [-0.223668123634744, 51.516742463999869],
        [-0.224315027748122, 51.517452767453463],
        [-0.22429985406869, 51.517472321042789],
        [-0.22427716343006, 51.517499853999624],
        [-0.224464245749213, 51.517655556943275],
        [-0.22474741872645, 51.517971879497189],
        [-0.224917498147836, 51.518120130428898],
        [-0.225077145792354, 51.518277215658387],
        [-0.225299032164813, 51.51850178613266],
        [-0.225677516840962, 51.518887890612319],
        [-0.225894764510299, 51.519083614048085],
        [-0.226369644474088, 51.519511639916558],
        [-0.226426768177147, 51.519488224162103],
        [-0.226472630201904, 51.519532081119671],
        [-0.226484119615326, 51.519533154075859],
        [-0.226528671644527, 51.519536525397193],
        [-0.226563114208353, 51.519577511943879],
        [-0.226625844067528, 51.519632414743654],
        [-0.226701085189028, 51.519699196772663],
        [-0.226768416274169, 51.519746975132463],
        [-0.226722746987286, 51.519772362696706],
        [-0.228301541991191, 51.521097419606285],
        [-0.22807712005575, 51.521197442315156],
        [-0.228070910956127, 51.521357413195908],
        [-0.226820412120736, 51.521933813448548],
        [-0.226729383306412, 51.521976500131224],
        [-0.226733484078278, 51.5223533435855],
        [-0.226619861978085, 51.524795759073875],
        [-0.227195157901401, 51.524792764758864],
        [-0.227271402866945, 51.525168000570737],
        [-0.227298745552036, 51.525317687495132],
        [-0.227374961370958, 51.525842196465035],
        [-0.22739196544869, 51.525961152987058],
        [-0.227416850496596, 51.526248386310179],
        [-0.227414153279061, 51.526280718161296],
        [-0.227350520194267, 51.527102560340786],
        [-0.22734761736581, 51.527288658947619],
        [-0.227355019173784, 51.527506386628346],
        [-0.227377666729205, 51.527702762945822],
        [-0.227412120132983, 51.527892123735384],
        [-0.227457881093796, 51.528050182007973],
        [-0.227507815376801, 51.528175031478114],
        [-0.227588331095542, 51.52832911862717],
        [-0.227740026095048, 51.528543630855971],
        [-0.227826750136193, 51.528649252726289],
        [-0.228019279211557, 51.528851792102536],
        [-0.2282075468669, 51.529015599521735],
        [-0.228269872759874, 51.529081286040565],
        [-0.228324855053501, 51.529150458570989],
        [-0.228365673241036, 51.529213122493267],
        [-0.228727694430184, 51.529877731140758],
        [-0.22850309139132, 51.530352734464429],
        [-0.228372483829059, 51.530300404728017],
        [-0.228164348177581, 51.530239709981615],
        [-0.228009884699783, 51.53020770200088],
        [-0.227846601686773, 51.530180056774476],
        [-0.227718817285552, 51.530166436207459],
        [-0.227590893351253, 51.53015641034677],
        [-0.227588011597722, 51.530156366806771],
        [-0.227680517201308, 51.52992755935383],
        [-0.22768522372153, 51.529917738836019],
        [-0.226716838558576, 51.529980438925293],
        [-0.22620030841446, 51.529990614521772],
        [-0.225465333068632, 51.530019964596271],
        [-0.225463193299749, 51.530037917004144],
        [-0.22544656431778, 51.530168954320651],
        [-0.225016791239753, 51.530135475128588],
        [-0.224600755848621, 51.53008241901378],
        [-0.224296689719288, 51.530041847212914],
        [-0.223803793571227, 51.529963345342352],
        [-0.223633729557784, 51.529924800687702],
        [-0.223388139646837, 51.529863530251546],
        [-0.223087406526387, 51.529774446865019],
        [-0.222819884326114, 51.529684067358296],
        [-0.222668973345892, 51.529635020581722],
        [-0.222296544986069, 51.529498987676121],
        [-0.221903771933106, 51.529367141396435],
        [-0.221526610259739, 51.529278693954723],
        [-0.221005471053029, 51.529185364219202],
        [-0.220714627125037, 51.529138688911303],
        [-0.219517308641674, 51.52893527894085],
        [-0.219057747535356, 51.528852766743896],
        [-0.21871236685364, 51.52879986302549],
        [-0.218260258354501, 51.528711166172506],
        [-0.217979012791213, 51.528640350352845],
        [-0.217331725183074, 51.528455163810492],
        [-0.217067104002004, 51.528364815137309],
        [-0.216666905267326, 51.528202264128232],
        [-0.216391884341169, 51.528082980129057],
        [-0.216028870217714, 51.527928186202715],
        [-0.216088485085916, 51.528874194103963],
        [-0.216076399244305, 51.529072742349058],
        [-0.216040381071044, 51.529256538799672],
        [-0.215947749407408, 51.529560871646034],
        [-0.215883650986633, 51.529725356947459],
        [-0.21584724316426, 51.5297346948621],
        [-0.215687132900405, 51.529773624657388],
        [-0.2155622002971, 51.529797802267268],
        [-0.215471004732734, 51.529844074725553],
        [-0.215375943270975, 51.529878598182265],
        [-0.215314091724181, 51.529911828330242],
        [-0.215264996958158, 51.529950647968398],
        [-0.215228729279408, 51.52999325970228],
        [-0.215178052717999, 51.530072521035471],
        [-0.215129449295226, 51.530172496408198],
        [-0.215104461972042, 51.530258443251668],
        [-0.215097011072009, 51.530338362235177],
        [-0.215103441903484, 51.530395112196331],
        [-0.215167507207387, 51.530563345572091],
        [-0.215292300292353, 51.53098518920217],
        [-0.215324772905223, 51.531076506443249],
        [-0.215360443692745, 51.53119664799955],
        [-0.215362763113159, 51.531247939950802],
        [-0.21535098981495, 51.531290924350408],
        [-0.215328111011829, 51.531322948920682],
        [-0.215305689081499, 51.531343290320528],
        [-0.215268822931184, 51.531364311204982],
        [-0.215207285603984, 51.531389452923491],
        [-0.214694742680078, 51.531518338246428],
        [-0.214185783127629, 51.531592422262882],
        [-0.214046576328185, 51.531612784026429],
        [-0.213820070421728, 51.531653398185313],
        [-0.213632574350473, 51.531691908227153],
        [-0.213267773255198, 51.531766384914903],
        [-0.213062670467386, 51.531775850205818],
        [-0.212817081152703, 51.531788295305724],
        [-0.212662551080732, 51.531794933386344],
        [-0.212258214263101, 51.531811253211927],
        [-0.211735088070212, 51.531841947211234],
        [-0.21140244096448, 51.531905218143919],
        [-0.211051413294892, 51.531959215438917],
        [-0.210841736141893, 51.532011770620649],
        [-0.210185037977524, 51.532213074588618],
        [-0.210101741825959, 51.532241478628684],
        [-0.209687123562942, 51.532372735489588],
        [-0.209335732774608, 51.532472583386301],
        [-0.208958650488094, 51.532565743312787],
        [-0.208681979414575, 51.532635256613254],
        [-0.207946864067625, 51.532776900062871],
        [-0.207648158763493, 51.532819996367074],
        [-0.207336032000233, 51.532837708084948],
        [-0.207105233565354, 51.532840475637229],
        [-0.206797676536174, 51.532851961080915],
        [-0.206608559483623, 51.532858062507792],
        [-0.206259525311519, 51.53289768814804],
        [-0.205869091757178, 51.532926787958907],
        [-0.205530779246921, 51.532950389079687],
        [-0.205309925472292, 51.532956902184125],
        [-0.204604002745693, 51.532942503476519],
        [-0.204057185898967, 51.532915249326692],
        [-0.203598408879839, 51.532885743863503],
        [-0.203265550835933, 51.532880646270634],
        [-0.203073162163375, 51.53289658353944],
        [-0.202992186171549, 51.532902537074627],
        [-0.202849719876598, 51.532858989555763],
        [-0.20260189856062, 51.532781455016774],
        [-0.202291738988164, 51.53267598744084],
        [-0.202035203214292, 51.532600116628927],
        [-0.201877939937856, 51.532566232780397],
        [-0.20168931943752, 51.532559744505676],
        [-0.201550196102369, 51.532394849088838],
        [-0.201476034323713, 51.532301090274686],
        [-0.201434553558984, 51.532219522606916],
        [-0.201399604527118, 51.53215514064982],
        [-0.201297262731076, 51.532044763312655],
        [-0.201108017737193, 51.531907874536863],
        [-0.201007590766108, 51.531858674703898],
        [-0.200903053872755, 51.531804016304612],
        [-0.20067514277947, 51.53169710801432],
        [-0.200449015939155, 51.531618103125865],
        [-0.199843606571032, 51.531358825329178],
        [-0.199562919149064, 51.531237616332831],
        [-0.19941207722475, 51.53115077243654],
        [-0.199330881713297, 51.531089276944918],
        [-0.199329476290046, 51.531088356130326],
        [-0.199174631834108, 51.530993357308731],
        [-0.199018298421976, 51.530936103565658],
        [-0.198858564989354, 51.530855417125636],
        [-0.198767284629271, 51.530793766391554],
        [-0.198685913256208, 51.530736763949392],
        [-0.198595165487102, 51.53066163263037],
        [-0.198298074497748, 51.530444849028001],
        [-0.198215902142351, 51.530371647595857],
        [-0.19799371779595, 51.530120044020258],
        [-0.197975213715316, 51.530077495404846],
        [-0.197940441319659, 51.529935780272403],
        [-0.197925769544417, 51.529613626291919],
        [-0.198002728245852, 51.529161590574489],
        [-0.198001798248132, 51.529112117980404],
        [-0.197972385299075, 51.529017245744562],
        [-0.197954491648334, 51.528849711855209],
        [-0.197973534200446, 51.528769072601484],
        [-0.197995408774118, 51.528726245013232],
        [-0.198074730640393, 51.528615957480312],
        [-0.197950423123024, 51.528368554862247],
        [-0.19779879153845, 51.527900417986331],
        [-0.197500812539045, 51.527852676040801],
        [-0.197249803544559, 51.527929750605175],
        [-0.197182995058427, 51.527942212507888],
        [-0.197129437587934, 51.527947684090535],
        [-0.197021449862958, 51.527944225892227],
        [-0.196931355118118, 51.52792575550508],
        [-0.19684620133812, 51.527855204946519],
        [-0.196846636741686, 51.527734713173984],
        [-0.19656870384523, 51.527654005016245],
        [-0.19656253495678, 51.52770067077762],
        [-0.196527976668407, 51.527736109170753],
        [-0.196413135301228, 51.527906098808131],
        [-0.195696346548523, 51.52875205384418],
        [-0.194283519047819, 51.530464053621849],
        [-0.193516716951611, 51.531369474812792],
        [-0.193138596612452, 51.531815970186202],
        [-0.192892465391726, 51.532133208318776],
        [-0.192664635563046, 51.53246151880586],
        [-0.192558519914213, 51.53262894139818],
        [-0.192411058914995, 51.532893744211556],
        [-0.19238495929994, 51.533006646548607],
        [-0.192374031767047, 51.533209706868099],
        [-0.19238233837041, 51.533254796964535],
        [-0.192407900769218, 51.533301052191099],
        [-0.192769822395793, 51.533664526634951],
        [-0.193035258375231, 51.533988745606251],
        [-0.19298309791366, 51.534067974681989],
        [-0.191483479647737, 51.536289373216881],
        [-0.192462443764881, 51.537129065436311],
        [-0.192650544528266, 51.537294726178395],
        [-0.193755532737441, 51.538266738647202],
        [-0.195442148843349, 51.539737774558191],
        [-0.196391405070743, 51.540603053703862],
        [-0.196539445181083, 51.540724928524831],
        [-0.196692200425665, 51.540836983983716],
        [-0.196855115816972, 51.54094739691547],
        [-0.197796444425438, 51.541722618362471],
        [-0.19887461126517, 51.542612337837056],
        [-0.198876052512721, 51.542612359963485],
        [-0.199405860993963, 51.543036840595668],
        [-0.201228955139573, 51.544603405571195],
        [-0.201931795540599, 51.545285911141576],
        [-0.201958224365232, 51.545310595643222],
        [-0.202722427362091, 51.546010222978829],
        [-0.203218051523454, 51.54649890727022],
        [-0.203589386801965, 51.54681123404599],
        [-0.203736510475043, 51.54695736485742],
        [-0.204272328711487, 51.547488024854118],
        [-0.205136424882064, 51.548289879402432],
        [-0.205767429508793, 51.548894826713529],
        [-0.206336765713297, 51.549417896284425],
        [-0.206813705172661, 51.549833440759265],
        [-0.207254205929112, 51.55018547978721],
        [-0.207309251409686, 51.550252864471567],
        [-0.207562885621988, 51.550441982581475],
        [-0.207973903157462, 51.550773785151911],
        [-0.208601872875018, 51.551237489899272],
        [-0.209172063385854, 51.551630168760589],
        [-0.209756638951366, 51.552060832235583],
        [-0.21031830607741, 51.552450677595438],
        [-0.210749473221201, 51.552784575941374],
        [-0.211280249744358, 51.553190131745971],
        [-0.211430129001444, 51.553303921978667],
        [-0.211729924998282, 51.553530603185003],
        [-0.211941016996363, 51.55370197761799],
        [-0.212380006058818, 51.554131308082148],
        [-0.21249114338653, 51.554240010462088],
        [-0.212807890352582, 51.554586545548133],
        [-0.212899236800755, 51.554648185756243],
        [-0.213239128740418, 51.554956404965807],
        [-0.213462362732281, 51.555149543131996],
        [-0.213501320597128, 51.555186105772584],
        [-0.213285276802595, 51.555288026794464],
        [-0.213000241130008, 51.555420369967109],
        [-0.212511705933382, 51.555702482687508],
        [-0.212129397269108, 51.555924164741675],
        [-0.211697679850517, 51.556154984128838],
        [-0.211246836002014, 51.556321664556229],
        [-0.210844587553254, 51.556463006412201],
        [-0.210031115481925, 51.556753642229751],
        [-0.210026931502361, 51.556749981454601],
        [-0.209566450793494, 51.556353586191555],
        [-0.209538534572253, 51.556329780046092],
        [-0.209237124392179, 51.556033827495526],
        [-0.208856320321007, 51.555739359887781],
        [-0.208845104699951, 51.555731095542036],
        [-0.20833398709769, 51.555889650792658],
        [-0.208038324931408, 51.555961570841838],
        [-0.20752274253193, 51.55608678261838],
        [-0.206991404851598, 51.556209053669662],
        [-0.206496000495764, 51.556334569304113],
        [-0.206335859301033, 51.556371687791284],
        [-0.206215598107884, 51.556385136343707],
        [-0.206089534731298, 51.556399395301113],
        [-0.205992234342426, 51.556415892382134],
        [-0.205966107122593, 51.556419989085327],
        [-0.205893824397837, 51.55620396614222],
        [-0.20589795368512, 51.556135687245259],
        [-0.205903383184, 51.556071025177921],
        [-0.205865366655903, 51.555937356748032],
        [-0.205877512670817, 51.555555366583533],
        [-0.205837383047993, 51.555438751331103],
        [-0.205815225390845, 51.55530532536909],
        [-0.205779077944148, 51.555307470328565],
        [-0.205346573129567, 51.555337724503964],
        [-0.2051045785793, 51.555365496150628],
        [-0.204975837743655, 51.555411186254233],
        [-0.204789297881027, 51.555422720106307],
        [-0.204310771496083, 51.555559275596003],
        [-0.204082094459756, 51.555615125321509],
        [-0.203948895095444, 51.555627474270757],
        [-0.203676729507543, 51.555652083427994],
        [-0.203347701315897, 51.55569200754055],
        [-0.202790630772915, 51.555771601393623],
        [-0.201850157941445, 51.555916357302259],
        [-0.201648808723027, 51.555937550832525],
        [-0.201338270394926, 51.555984047382921],
        [-0.200981798484412, 51.556061312168083],
        [-0.200551409741505, 51.556147333908534],
        [-0.200169210755656, 51.556181937492809],
        [-0.199991565131794, 51.556187305503208],
        [-0.19941000141656, 51.5561927700859],
        [-0.199464084010106, 51.556284423065073],
        [-0.199484915038397, 51.556341394721024],
        [-0.199501855654615, 51.556460354095478],
        [-0.19951752337454, 51.556501959465741],
        [-0.199604077829385, 51.556648064927032],
        [-0.199669207043757, 51.55682531490497],
        [-0.199675657054811, 51.556881166622844],
        [-0.199673634308741, 51.556932392147601],
        [-0.1996602198865, 51.55697984592986],
        [-0.199624079753684, 51.557054827383006],
        [-0.199498052077558, 51.557250725878085],
        [-0.199126196502153, 51.557717119022037],
        [-0.199052264244423, 51.557762744639746],
        [-0.19890669308886, 51.557832449231455],
        [-0.198791255812811, 51.557906213186087],
        [-0.198638979530425, 51.558036063455567],
        [-0.198580301698502, 51.558097210012861],
        [-0.198533228638328, 51.558156736236548],
        [-0.19850760400267, 51.558221087939501],
        [-0.198498974835002, 51.558256924966251],
        [-0.198500061296427, 51.558448479307785],
        [-0.198479123530099, 51.558759294121209],
        [-0.198231033414171, 51.558940727770008],
        [-0.198229591651074, 51.558940705630746],
        [-0.197984631747102, 51.559115892166396],
        [-0.197623228514659, 51.558879237132835],
        [-0.197564207915803, 51.558912501548512],
        [-0.19734670512184, 51.559013471797705],
        [-0.197034257953016, 51.559107587354703],
        [-0.196817748355807, 51.559183393231464],
        [-0.196680231290031, 51.559231637151449],
        [-0.196766319448963, 51.559389427593956],
        [-0.196817434356165, 51.559592541644626],
        [-0.196842601823762, 51.559868095185216],
        [-0.196932063978421, 51.559867671477747],
        [-0.196944542480035, 51.559880452559185],
        [-0.196922497969654, 51.560036581185621],
        [-0.196903705580208, 51.560402282175922],
        [-0.196918670119441, 51.560607538332718],
        [-0.196919578747511, 51.560621040860894],
        [-0.196813062167834, 51.56061490781925],
        [-0.19675074833603, 51.560694881584816],
        [-0.196649268085996, 51.560670841039517],
        [-0.196594625165934, 51.560739242526807],
        [-0.196243904352698, 51.560670005744221],
        [-0.196124802598348, 51.560653786996625],
        [-0.195958066248567, 51.560601765487078],
        [-0.19559476249014, 51.560522441671743],
        [-0.19534833639294, 51.560479085410108],
        [-0.195077738812588, 51.560463233190738],
        [-0.194851962599216, 51.560481341705277],
        [-0.194612089179213, 51.560563978016425],
        [-0.194612784310361, 51.560655710984257],
        [-0.194568978529783, 51.56070539429124],
        [-0.194481775751607, 51.560758006773213],
        [-0.194402707354711, 51.560787364177031],
        [-0.194301691188447, 51.560824476918206],
        [-0.194279779110744, 51.560831333615653],
        [-0.194110285141545, 51.560885377117309],
        [-0.193982194335299, 51.560913979745557],
        [-0.193852733253171, 51.560867924387701],
        [-0.193788777132687, 51.560843559718414],
        [-0.193615739666419, 51.56095060300629],
        [-0.192980477080541, 51.561180918110644],
        [-0.192319961895785, 51.561538532578538],
        [-0.191746996842018, 51.561580061540674],
        [-0.191406472730664, 51.561581108011168],
        [-0.191140297865787, 51.56163545548884],
        [-0.190960062400151, 51.561705515167212],
        [-0.19076636550781, 51.561823925874378],
        [-0.190663025544188, 51.56191945015938],
        [-0.190618673465366, 51.562055450457407],
        [-0.190514993951381, 51.562377577402081],
        [-0.190405159040825, 51.56263666264875],
        [-0.190371184010445, 51.562765628975242],
        [-0.190144565736692, 51.563495012856926],
        [-0.190160386047766, 51.563750640474289],
        [-0.190143027842554, 51.563969786816706],
        [-0.190021445923633, 51.564524539774887],
        [-0.190018783872398, 51.564627911074417],
        [-0.189997112334431, 51.564701314297857],
        [-0.18993518783189, 51.564807368395847],
        [-0.189900317461084, 51.564958801695461],
        [-0.189847365288126, 51.565056901011737],
        [-0.189643335851252, 51.565253384201355],
        [-0.189495949109309, 51.565295172862328],
        [-0.189422901343479, 51.565354294695815],
        [-0.189364929537491, 51.565433432348243],
        [-0.189311198131018, 51.56547846436618],
        [-0.189252091496264, 51.565513521795637],
        [-0.189187573955951, 51.565539503315946],
        [-0.189149618708975, 51.565550607677451],
        [-0.188701216822691, 51.56557875722207],
        [-0.188384777770111, 51.565771704551025],
        [-0.188414965178662, 51.565810837836111],
        [-0.188093408361929, 51.565914680819972],
        [-0.187918561849691, 51.565993811492362],
        [-0.187813274422786, 51.566029054274225],
        [-0.187728639095966, 51.566052925828998],
        [-0.187529801335701, 51.566082227305145],
        [-0.187446714965759, 51.566103424868913],
        [-0.187391061912238, 51.566124146908315],
        [-0.187277670298882, 51.566181744975474],
        [-0.187192855692348, 51.566210109566796],
        [-0.187016767787882, 51.566465470379256],
        [-0.186776550734458, 51.566628117720512],
        [-0.186721945435504, 51.566658747254522],
        [-0.186643767494612, 51.566701601817215],
        [-0.186564254679559, 51.56674173798492],
        [-0.186484741724899, 51.56678187409706],
        [-0.186470071390021, 51.566787942033962],
        [-0.186421519790978, 51.566811471085231],
        [-0.186371526138624, 51.566834977828471],
        [-0.186321568197624, 51.56685758586454],
        [-0.186271645970965, 51.56687929519353],
        [-0.186220317456405, 51.566900083526242],
        [-0.186167546889479, 51.566920849546122],
        [-0.186114847808493, 51.566939818171406],
        [-0.185681849622062, 51.567051823504734],
        [-0.185241424569929, 51.567169107818671],
        [-0.184750623846106, 51.567246943967945],
        [-0.1841948331176, 51.56736243965473],
        [-0.184008106256532, 51.567413504324044],
        [-0.183811365964056, 51.567498584767101],
        [-0.18348178994636, 51.567766851685256],
        [-0.183718876740643, 51.567972850226901],
        [-0.183567472144459, 51.568006476167405],
        [-0.183493211802826, 51.568023311386654],
        [-0.182210635459007, 51.568669785350721],
        [-0.182132055528799, 51.568722522329828],
        [-0.182000063545386, 51.568848169298541],
        [-0.181890016556926, 51.568930093460075],
        [-0.181828159044018, 51.568961507612798],
        [-0.181710893309056, 51.569007350228674],
        [-0.180918703168631, 51.569405124986325],
        [-0.180833771046279, 51.569436180914536],
        [-0.180974564410592, 51.569668568506358],
        [-0.180752411025599, 51.569666923059522],
        [-0.180515406216343, 51.569675837774518],
        [-0.180181135420399, 51.569699429913662],
        [-0.17972458633887, 51.569785869527401],
        [-0.179087205041634, 51.56991985878517],
        [-0.179061211420251, 51.569920354662749],
        [-0.179007782081128, 51.569921324021784],
        [-0.178955723011815, 51.569924113098232],
        [-0.178902221841477, 51.569926879771437],
        [-0.178848648837414, 51.569931443782281],
        [-0.178796517918601, 51.569936030149947],
        [-0.178744315157812, 51.569942413856438],
        [-0.178692076465936, 51.56994969622049],
        [-0.178639801839824, 51.569957877242103],
        [-0.178588933372557, 51.569966979305107],
        [-0.178538064885476, 51.569976081345871],
        [-0.178487124536286, 51.569986980726149],
        [-0.178437590338159, 51.56999880115071],
        [-0.178388020191681, 51.570011520234907],
        [-0.178385135996763, 51.570011475462017],
        [-0.178370571328526, 51.570014846319658],
        [-0.178357412832073, 51.570019138243154],
        [-0.178342848159393, 51.570022509097335],
        [-0.178328283484638, 51.570025879949696],
        [-0.178313718807739, 51.570029250800225],
        [-0.178299118203819, 51.57003352032968],
        [-0.178284553522426, 51.570036891176528],
        [-0.178271395011693, 51.570041183090225],
        [-0.178258200572765, 51.570046373683169],
        [-0.178245006130866, 51.570051564274578],
        [-0.178233253784746, 51.570056777252816],
        [-0.17822290760842, 51.570062911299111],
        [-0.178211119330164, 51.570069022955835],
        [-0.178200737221183, 51.570076055680808],
        [-0.178190355108992, 51.570083088404864],
        [-0.178179937066262, 51.570091019808615],
        [-0.178170997047456, 51.570098074919876],
        [-0.178162021098152, 51.570106028711145],
        [-0.178153045145686, 51.570113982501638],
        [-0.178145475362794, 51.570122857361575],
        [-0.178137905576922, 51.570131732220993],
        [-0.178131777889363, 51.570140629469492],
        [-0.178125650199414, 51.570149526717636],
        [-0.178119558435619, 51.570157525284763],
        [-0.178114872843055, 51.570166444922016],
        [-0.178111593422255, 51.570176285629678],
        [-0.178106907826116, 51.570185205266569],
        [-0.178105070505143, 51.570195068363923],
        [-0.178101791080005, 51.57020490907118],
        [-0.178099953757051, 51.570214772168363],
        [-0.178099594466275, 51.570223758974919],
        [-0.178099199246246, 51.570233644462107],
        [-0.178100246130526, 51.570243552339363],
        [-0.178101293015197, 51.570253460216534],
        [-0.178078315803424, 51.570431152689231],
        [-0.177695019443513, 51.570273229650496],
        [-0.177678001681233, 51.570265771465344],
        [-0.177386328338336, 51.570198294847252],
        [-0.176953769559033, 51.570189777049244],
        [-0.176514277084418, 51.570066047357919],
        [-0.175992980098103, 51.569895183288629],
        [-0.17592462300852, 51.569872538997537],
        [-0.175933556849124, 51.569793544856488],
        [-0.175192739452919, 51.569555418687266],
        [-0.175157363283296, 51.569429874342674],
        [-0.174887838984381, 51.569422085662893],
        [-0.174406861550954, 51.569253640029252],
        [-0.174351380848702, 51.569305831974305],
        [-0.174261364189793, 51.569391657643784],
        [-0.174106095452089, 51.569521429885327],
        [-0.173995600690081, 51.569614130622305],
        [-0.173851505394108, 51.569717099229571],
        [-0.173853497239964, 51.569919459007771],
        [-0.173730919520393, 51.569917551363183],
        [-0.173739549561058, 51.570242310953986],
        [-0.173743523209863, 51.570431212979145],
        [-0.17365181885519, 51.570775093493246],
        [-0.173548102441419, 51.570986598845721],
        [-0.17350667965858, 51.571048001590043],
        [-0.173461326616113, 51.571099451515927],
        [-0.173443156552522, 51.571120750423546],
        [-0.173376785003322, 51.571192555644956],
        [-0.173307565001899, 51.571263417249355],
        [-0.173295523585974, 51.571275819148113],
        [-0.173223455085182, 51.571345737122535],
        [-0.173149944223875, 51.571415632598459],
        [-0.173073656945276, 51.571482787087149],
        [-0.172694594361144, 51.571687306882247],
        [-0.17229613158265, 51.571907709604538],
        [-0.172090769142837, 51.571918898678504],
        [-0.171843007199405, 51.572051723352359],
        [-0.171811063295803, 51.572128560240209],
        [-0.171696988037219, 51.572238288595415],
        [-0.171358438422805, 51.572403868802382],
        [-0.171285248062191, 51.572429705410215],
        [-0.17100856611297, 51.572527906572958],
        [-0.170504523551985, 51.572645942874118],
        [-0.169946937383182, 51.572767638208006],
        [-0.169913442448497, 51.572775208995715],
        [-0.169148434008087, 51.57285140128571],
        [-0.168448287919511, 51.572893530654788],
        [-0.167372989231225, 51.572970263427095],
        [-0.167107121644076, 51.572978700398387],
        [-0.166853586828931, 51.572967546158324],
        [-0.166595440529234, 51.572927543659638],
        [-0.166321073494246, 51.572860309940829],
        [-0.166214252825314, 51.572789399264508],
        [-0.165956469845968, 51.572740408631624],
        [-0.165889768122351, 51.572748358513181],
        [-0.165771075755651, 51.572757294193266],
        [-0.165633531496288, 51.57273266319956],
        [-0.165271230865403, 51.572663153160143],
        [-0.164911996663293, 51.572589193749302],
        [-0.16489483541539, 51.572585328419628],
        [-0.164857664786172, 51.572576653972142],
        [-0.164820530365285, 51.572567080839455],
        [-0.164783359765624, 51.572558406368735],
        [-0.164746225375753, 51.572548833212757],
        [-0.164709054805626, 51.572540158718752],
        [-0.164671848053079, 51.572532382886664],
        [-0.164633199147586, 51.572524584486708],
        [-0.164594441660647, 51.572519482094684],
        [-0.164559974480207, 51.572515346034912],
        [-0.164473661754812, 51.572508600535322],
        [-0.164387240449341, 51.572504550992754],
        [-0.164300782956731, 51.572501400060077],
        [-0.164263286669943, 51.572500813486435],
        [-0.164176756782236, 51.57249945980918],
        [-0.164090190693043, 51.572499004741481],
        [-0.164003552187238, 51.572500346956382],
        [-0.163384784568083, 51.572528432227472],
        [-0.162608312924945, 51.572566634408034],
        [-0.161552869335012, 51.572687687478961],
        [-0.161494674957988, 51.572699365107333],
        [-0.161401650921791, 51.572715892439433],
        [-0.161308699346629, 51.572730622353397],
        [-0.161215820243643, 51.572743554849509],
        [-0.161122977356778, 51.57275558859979],
        [-0.161028728520944, 51.572766701003808],
        [-0.160933146282652, 51.572775094714956],
        [-0.160839042454856, 51.572782612279191],
        [-0.160820221685802, 51.572784115782945],
        [-0.160791269444475, 51.572786359731154],
        [-0.160760875029366, 51.572788581068323],
        [-0.160731886507811, 51.572791723673355],
        [-0.160701492086588, 51.572793944995041],
        [-0.160671133938691, 51.572795267637325],
        [-0.160642217960494, 51.572796612877077],
        [-0.160611896086695, 51.572797036832519],
        [-0.160583016383802, 51.572797483386182],
        [-0.16055276706604, 51.572796109983386],
        [-0.160545556210059, 51.572795996950973],
        [-0.160515343173833, 51.572793724867111],
        [-0.160485166420505, 51.572790554104053],
        [-0.16045498967154, 51.572787383333321],
        [-0.160424849207916, 51.572783313883455],
        [-0.160394745031318, 51.572778345754514],
        [-0.160366083031815, 51.572773400226659],
        [-0.160337457321269, 51.572767556020501],
        [-0.160331724923557, 51.572766566912691],
        [-0.160303135505192, 51.572759824026924],
        [-0.160274582379274, 51.572752182462899],
        [-0.160246029263078, 51.572744540892025],
        [-0.160218954610542, 51.572736023253562],
        [-0.160191879968251, 51.57272750560891],
        [-0.160166283790573, 51.572718111897984],
        [-0.159813561906153, 51.572590284514789],
        [-0.158862744708766, 51.572193193151243],
        [-0.156981381040843, 51.57207643354257],
        [-0.155391280424736, 51.571930051388279],
        [-0.153933175128328, 51.571802809798697],
        [-0.152706204736715, 51.571705266858743],
        [-0.151177288655173, 51.571616442784311],
        [-0.150350712265373, 51.571573741862196],
        [-0.150113654555267, 51.571512453555677],
        [-0.149775682387901, 51.571306594245364],
        [-0.14954311680019, 51.571205808968791],
        [-0.14916270859022, 51.571085605855508],
        [-0.148067496075521, 51.570800352275143],
        [-0.147096623845646, 51.570615968433778],
        [-0.146119406364013, 51.570445864131109],
        [-0.145128711153076, 51.570217087848178],
        [-0.144602652285655, 51.570130537084545],
        [-0.144417122127483, 51.57007994355201],
        [-0.144153376462817, 51.57000113545913],
        [-0.143855388160194, 51.569912792695028],
        [-0.142417970320478, 51.569280360187733],
        [-0.142412312034105, 51.569277572886477],
        [-0.14241583843384, 51.569120261237174],
        [-0.142170851415175, 51.569147856222301],
        [-0.141587609127931, 51.569260917587592],
        [-0.140915836968554, 51.569350991674419],
        [-0.140706165745502, 51.569397127979187],
        [-0.140521094232143, 51.569476925721759],
        [-0.139489646093569, 51.570000122057088],
        [-0.139094328391747, 51.570210571067086],
        [-0.138856869628792, 51.570336296041773],
        [-0.138677202859891, 51.570460239532224],
        [-0.138448163539437, 51.570556422220768],
        [-0.138429012640525, 51.570566010080135],
        [-0.138343903315773, 51.570600629571743],
        [-0.138072381146704, 51.570712323909582],
        [-0.137595485505784, 51.570941256818251],
        [-0.137285022873231, 51.571052331307193],
        [-0.1368929560413, 51.571182791946796],
        [-0.136703838333332, 51.571255325537706],
        [-0.136550809407426, 51.571327532685366],
        [-0.136170292157805, 51.571528315301229],
        [-0.135904895289098, 51.571631109527573],
        [-0.135603150148861, 51.571740519600311],
        [-0.135258147812411, 51.571884311988576],
        [-0.135190559786249, 51.571913812186253],
        [-0.134225223722452, 51.572440711046518],
        [-0.133427099195928, 51.572865949722505],
        [-0.133396077739628, 51.572883441136554],
        [-0.133112109070679, 51.573016507954428],
        [-0.132977147753544, 51.573070113820286],
        [-0.132801547888433, 51.573129367604594],
        [-0.132681707225413, 51.573166128108866],
        [-0.13235361140849, 51.573249032524565],
        [-0.131915509866281, 51.573375147015845],
        [-0.13173262294081, 51.573436081692442],
        [-0.131612080481113, 51.573489915562419],
        [-0.131389701255472, 51.573563709555266],
        [-0.131197528553027, 51.573604712183275],
        [-0.131024804147029, 51.573628938628161],
        [-0.130529778413229, 51.573700186725667],
        [-0.129751866755463, 51.573807390448124],
        [-0.12937501890265, 51.573847245120866],
        [-0.128755296516613, 51.57393268427856],
        [-0.127496470596518, 51.574153601193338],
        [-0.127124237060833, 51.574116187324123],
        [-0.126777373630956, 51.57412863567135],
        [-0.126699606444411, 51.574124696502679],
        [-0.126530167577621, 51.57410400660789],
        [-0.126232373634095, 51.574046196472892],
        [-0.1261554197271, 51.57402248656215],
        [-0.125477779585264, 51.574042238006591],
        [-0.125476337403277, 51.574042214968792],
        [-0.125105585761681, 51.574074060140326],
        [-0.124880937965095, 51.574097447949875],
        [-0.124713644420279, 51.574129845106818],
        [-0.124623156337985, 51.574154477080562],
        [-0.124577966517769, 51.574270656599715],
        [-0.124554039868988, 51.574361097854947],
        [-0.124506558530533, 51.57435764126123],
        [-0.124404458908964, 51.57434881545548],
        [-0.124283499866913, 51.574342385837518],
        [-0.124119310625793, 51.574404506829467],
        [-0.123960296792564, 51.574516168760169],
        [-0.123845214236323, 51.57461234647068],
        [-0.123822878160389, 51.574629074994874],
        [-0.123775321558755, 51.574662485912107],
        [-0.123609061445348, 51.574669719194915],
        [-0.123435442232267, 51.574680431535342],
        [-0.123273656677523, 51.574684138921931],
        [-0.122407579339586, 51.574968833651994],
        [-0.12237108395645, 51.574908899587975],
        [-0.121794818310841, 51.575059743030089],
        [-0.121775847290158, 51.575064834852689],
        [-0.121758691536405, 51.575025892756543],
        [-0.119928291015238, 51.575456994504727],
        [-0.11965063839723, 51.575505601212264],
        [-0.119568283301556, 51.575507878521499],
        [-0.119539401741591, 51.575508314950461],
        [-0.119393879426531, 51.575257791414785],
        [-0.119238819668878, 51.574993626150871],
        [-0.119263967809711, 51.574978742048259],
        [-0.119140318257433, 51.574897626707035],
        [-0.118890210280793, 51.574733552106125],
        [-0.118899011880558, 51.574730096219923],
        [-0.119487393791215, 51.574425690301652],
        [-0.11956701517872, 51.57438470173409],
        [-0.119063988494942, 51.574369445875568],
        [-0.118867962383035, 51.57436360588818],
        [-0.11823441311687, 51.574259027292591],
        [-0.117800067555731, 51.574188214926458],
        [-0.117585262765486, 51.574147900276145],
        [-0.117451157825168, 51.574040537287857],
        [-0.117184392001333, 51.573825834004616],
        [-0.116586936725514, 51.573372019209444],
        [-0.115818784943952, 51.57282373753236],
        [-0.115585284469398, 51.57257269555582],
        [-0.116127823047593, 51.572190235125269],
        [-0.116099426584557, 51.572178988293231],
        [-0.11574902128544, 51.572033079901168],
        [-0.115405642936191, 51.571891779529281],
        [-0.115601493005449, 51.571622453430685],
        [-0.115606005112748, 51.571618029662282],
        [-0.115507548376325, 51.571556199075843],
        [-0.115199520362593, 51.571432551438988],
        [-0.1151427288555, 51.571410057330247],
        [-0.115139272776925, 51.57131917801243],
        [-0.115159494007183, 51.570830313204461],
        [-0.115166036047747, 51.570672151050751],
        [-0.115093457113017, 51.570647604829084],
        [-0.11504786859478, 51.570633383833197],
        [-0.115045876611669, 51.57061176993794],
        [-0.115043074504098, 51.570574855852094],
        [-0.111621234603165, 51.569053167819838],
        [-0.110707615030065, 51.568605923727581],
        [-0.110672272957783, 51.568588268997317],
        [-0.110337264269256, 51.568420110827986],
        [-0.109308521272535, 51.567792051510658],
        [-0.109056076162621, 51.567651298074317],
        [-0.108815354764914, 51.5675062368026],
        [-0.108614450257112, 51.567375305542747],
        [-0.108422497010913, 51.567237324254116],
        [-0.108320442355335, 51.56715834378474],
        [-0.107843736184347, 51.566789160273757],
        [-0.107770037191492, 51.566722326770247],
        [-0.107611229656318, 51.566550707230512],
        [-0.107330321080157, 51.56633125642211],
        [-0.107021533574616, 51.566123045371342],
        [-0.106903921393176, 51.566036618661364],
        [-0.106634143966527, 51.565827237436721],
        [-0.10620460830242, 51.56553884118491],
        [-0.104871463448891, 51.564635154979889],
        [-0.104603475396631, 51.564764814235367],
        [-0.104463582500635, 51.56483269570839],
        [-0.104402270451904, 51.564780448091149],
        [-0.104391109230802, 51.564771275300672],
        [-0.104307165869755, 51.564812183779836],
        [-0.103095512764814, 51.565566854357478],
        [-0.101380521439117, 51.566661378140722],
        [-0.100700344563572, 51.567125173256251],
        [-0.099042011559874, 51.568380646477586],
        [-0.098740796252683, 51.568614066944605],
        [-0.096353140596881, 51.570434101048342],
        [-0.096055345153289, 51.570654081470039],
        [-0.096115551105565, 51.570698222236771],
        [-0.096217682552426, 51.570809587533844],
        [-0.096367583571052, 51.570986473556452],
        [-0.096442467199261, 51.571093799610694],
        [-0.096604494697764, 51.571394978222422],
        [-0.09669224562581, 51.571505210564538],
        [-0.096762113212496, 51.571594470081386],
        [-0.096864837021005, 51.571829940565152],
        [-0.096912210825584, 51.571939517859199],
        [-0.097453708498964, 51.572968045401545],
        [-0.097798952662713, 51.573616604347549],
        [-0.097664699462493, 51.573652196359227],
        [-0.097558334641962, 51.573676550145201],
        [-0.097342082426379, 51.573740487518556],
        [-0.097301326984872, 51.5737488191645],
        [-0.097225734770684, 51.573761981397773],
        [-0.097150217573793, 51.573773346304286],
        [-0.097074700340439, 51.573784711161792],
        [-0.096999295669255, 51.573793380054191],
        [-0.09694999981825, 51.573798875334568],
        [-0.096902146106569, 51.573804393983018],
        [-0.096854367455334, 51.573808115334586],
        [-0.096808030947672, 51.57381186005663],
        [-0.096777670705269, 51.573813166139793],
        [-0.096731409263362, 51.573815113554325],
        [-0.096686665047083, 51.573815287064967],
        [-0.09664192083091, 51.573815460558571],
        [-0.096613077814435, 51.573814992714084],
        [-0.096568408681833, 51.573813368902691],
        [-0.096523739552849, 51.573811745074266],
        [-0.096127493210514, 51.573727981506167],
        [-0.095565326611416, 51.573643322406475],
        [-0.09553944313379, 51.573641103833701],
        [-0.095443157533463, 51.573631447881723],
        [-0.09534679684549, 51.573623589126832],
        [-0.095250361058534, 51.57361752756875],
        [-0.095153887730285, 51.573612364569435],
        [-0.095123640293757, 51.573610974312224],
        [-0.095094835002323, 51.573609607458174],
        [-0.095066067283565, 51.573607341959402],
        [-0.095037261996522, 51.573605975091304],
        [-0.095008456711368, 51.573604608216108],
        [-0.094979651428168, 51.573603241333885],
        [-0.094950846146868, 51.573601874444627],
        [-0.094922003293888, 51.573601406185936],
        [-0.094893122867534, 51.573601836557799],
        [-0.094710384126027, 51.573588977891831],
        [-0.094575903205179, 51.57362995817023],
        [-0.094302665675027, 51.573745120995163],
        [-0.093826524220107, 51.573915438445056],
        [-0.093724257692077, 51.573945250828643],
        [-0.093583052891917, 51.573974430526633],
        [-0.0935409672374, 51.573980041516464],
        [-0.0932464425906, 51.574017520746125],
        [-0.093150771486887, 51.574027656351184],
        [-0.093065270648367, 51.574036158657421],
        [-0.093046522635744, 51.574035853987091],
        [-0.092964206976692, 51.574037213999198],
        [-0.092883408697734, 51.574036800118776],
        [-0.092801243499129, 51.574034565470484],
        [-0.09271911592766, 51.574031432128308],
        [-0.092680365851713, 51.574026306051252],
        [-0.092512235770988, 51.574009185176315],
        [-0.092342550795053, 51.573994736525478],
        [-0.09217419520057, 51.57398300698577],
        [-0.092155484848166, 51.573981803537208],
        [-0.092115217471575, 51.57397845109957],
        [-0.092074950101269, 51.573975098648184],
        [-0.092033202954255, 51.573972621370402],
        [-0.09199289796398, 51.573970167527015],
        [-0.091952555345819, 51.573968612305919],
        [-0.091910695312174, 51.573968830892724],
        [-0.091886141099079, 51.573969330872259],
        [-0.091844243430282, 51.573970448071421],
        [-0.091800865972454, 51.573972440439945],
        [-0.09175889302657, 51.573975354880417],
        [-0.091631720202017, 51.573979581478461],
        [-0.091588267448597, 51.573983371039901],
        [-0.091546219199666, 51.573988082675733],
        [-0.091488269627102, 51.573993434923587],
        [-0.091389713916041, 51.574003522178202],
        [-0.091264521783516, 51.574029362547407],
        [-0.090997369762971, 51.5741023520577],
        [-0.090660552589218, 51.574219169851297],
        [-0.090351812748819, 51.574320257149282],
        [-0.090296068966997, 51.57434183117357],
        [-0.090188633280473, 51.574357168397285],
        [-0.090147913710392, 51.57436459890333],
        [-0.090092697158, 51.574373591938986],
        [-0.089981047858789, 51.574386162647976],
        [-0.08983641711261, 51.574393700135644],
        [-0.089543620295031, 51.57438983280737],
        [-0.089421300223328, 51.574381546547713],
        [-0.089353593947455, 51.574378645654271],
        [-0.08928748058657, 51.574372173666156],
        [-0.089219849709289, 51.574367475426655],
        [-0.089153661008878, 51.574362800632571],
        [-0.08901722100456, 51.574347090033967],
        [-0.088985568840397, 51.57434477607098],
        [-0.088838845356555, 51.574333394033587],
        [-0.088638799723038, 51.574320244041189],
        [-0.088413144118467, 51.574332754715151],
        [-0.088102259313374, 51.574381644776885],
        [-0.087996378142793, 51.574394307579759],
        [-0.087900893756344, 51.57439994571358],
        [-0.087791176303794, 51.574400855591435],
        [-0.087713261845031, 51.574400485146207],
        [-0.087606692748115, 51.574395151419182],
        [-0.08742110658804, 51.574381335749365],
        [-0.086872117331602, 51.574292353468209],
        [-0.086865874743431, 51.5743722848093],
        [-0.086954739413865, 51.574455565198392],
        [-0.087043709179402, 51.574501978043436],
        [-0.087173918996936, 51.574494208921848],
        [-0.087180148904827, 51.574517690934513],
        [-0.087231619192712, 51.574701077364061],
        [-0.086663684405687, 51.574753866571832],
        [-0.086088469703595, 51.574842504241907],
        [-0.086055073190287, 51.574847355026996],
        [-0.085853251790712, 51.574876436011422],
        [-0.085689182839102, 51.575037422821538],
        [-0.084904959629719, 51.575119947124151],
        [-0.083821326358309, 51.575184088658169],
        [-0.083611831800617, 51.575189660034617],
        [-0.082799979377071, 51.575311286025887],
        [-0.082234916772583, 51.575364100783389],
        [-0.081847284518439, 51.575453085487524],
        [-0.080876789273155, 51.575640447829109],
        [-0.080861716290795, 51.575587145623579],
        [-0.079836465610172, 51.575532605101955],
        [-0.079840751314713, 51.575499403010546],
        [-0.079348166463061, 51.575476054411148],
        [-0.078958811101402, 51.57543461025552],
        [-0.078468312026124, 51.575361833383951],
        [-0.078068444576039, 51.575295934389693],
        [-0.07802404020557, 51.575288013110089],
        [-0.078029276566241, 51.575266516889137],
        [-0.078031022018658, 51.575259351482089],
        [-0.077568306973357, 51.575178033394756],
        [-0.077545727624919, 51.575234316199243],
        [-0.077521400165317, 51.575229421393956],
        [-0.077052006496015, 51.575135402350625],
        [-0.07709337259371, 51.57507852824385],
        [-0.077056141556103, 51.575071623392681],
        [-0.076246663569789, 51.574931561365602],
        [-0.075973335602783, 51.575252608485229],
        [-0.075898608084201, 51.57534760291945],
        [-0.07578425805121, 51.575492305567671],
        [-0.075752985401632, 51.575481001760743],
        [-0.075430240413529, 51.575366000414299],
        [-0.075374868427613, 51.575344409503181],
        [-0.075323747111616, 51.575324686784121],
        [-0.075205146622021, 51.575330834701155],
        [-0.075175502714929, 51.575554261640121],
        [-0.074434330264862, 51.575607746999246],
        [-0.074435544572054, 51.575613162424247],
        [-0.074448522167893, 51.575681718363924],
        [-0.074393528997168, 51.575685312200925],
        [-0.07437470676399, 51.575618458844346],
        [-0.074235724835495, 51.575628767575509],
        [-0.073999622295923, 51.575649172377609],
        [-0.073762077367011, 51.575669553028455],
        [-0.073761999811116, 51.575705521750926],
        [-0.073640589769062, 51.575709823473595],
        [-0.073628713607826, 51.575649378768084],
        [-0.073624008747139, 51.575624122534087],
        [-0.073544498382679, 51.575627313487871],
        [-0.073545562322417, 51.575602151956708],
        [-0.073043146827236, 51.57564066371998],
        [-0.072768370741377, 51.575654136220876],
        [-0.072513257911104, 51.575612177562597],
        [-0.072378183972514, 51.575632440037289],
        [-0.072366684490495, 51.575631351885136],
        [-0.072321558425924, 51.575640502338636],
        [-0.07192070036929, 51.575700461088637],
        [-0.071893108613304, 51.575704503979864],
        [-0.071857820487173, 51.575617596140674],
        [-0.07185258417635, 51.575604920598835],
        [-0.070933976754372, 51.575690538975415],
        [-0.070487643471008, 51.575801901767719],
        [-0.069976337554586, 51.575879821247824],
        [-0.069730512809976, 51.575925236577582],
        [-0.069489280724331, 51.575964432198617],
        [-0.069330862771179, 51.575990601881756],
        [-0.068749222651207, 51.576093437074555],
        [-0.068331545123179, 51.576141416534959],
        [-0.067994515729687, 51.576193420105184],
        [-0.067430106716209, 51.576264159462092],
        [-0.067372189847393, 51.576268601113711],
        [-0.067234608649269, 51.576279823888228],
        [-0.067089358853419, 51.576301711192244],
        [-0.066737752354444, 51.576357068053092],
        [-0.066782901898917, 51.576619493811279],
        [-0.066128755984945, 51.576730114065718],
        [-0.065472248954526, 51.576862273781579],
        [-0.064621296679597, 51.577019099805547],
        [-0.064233226825861, 51.577151183382092],
        [-0.063765955617722, 51.577245089588736],
        [-0.062715942301326, 51.577466960219425],
        [-0.061184138252449, 51.577784276148364],
        [-0.060994676801617, 51.577420545969531],
        [-0.060690406157619, 51.576838198552579],
        [-0.060333838116545, 51.576162362905819],
        [-0.060083468301413, 51.575602486689085],
        [-0.060004514144596, 51.575423129595372]
      ]
    ]
  }
}
