{
  "type": "Feature",
  "properties": {
    "name": "East London",
    "level": 1,
    "center": [0.153803451030614, 51.52010896301873]
  },
  "geometry": {
    "type": "Polygon",
    "coordinates": [
      [
        [0.232117051301471, 51.62721910742771],
        [0.232870734782552, 51.6267371455004],
        [0.233098452944358, 51.62660781306944],
        [0.233514311037822, 51.62627885661036],
        [0.23374768482996, 51.62608826401246],
        [0.233957444120617, 51.62591700532019],
        [0.234158876405434, 51.62581155240766],
        [0.234669898024387, 51.625567111503806],
        [0.235396305886698, 51.625148601973336],
        [0.235951987804775, 51.62484305280463],
        [0.236812893313771, 51.624457044145366],
        [0.237328304044936, 51.624214306325236],
        [0.237324118251631, 51.624070500697165],
        [0.237503679368814, 51.62407876856161],
        [0.237573466199999, 51.624117006689474],
        [0.237717469623663, 51.62404861366194],
        [0.23788032570429, 51.62398165957526],
        [0.237946619609079, 51.6239489206472],
        [0.238094731134369, 51.62387595239885],
        [0.238079099780113, 51.62376383995759],
        [0.238249645439354, 51.623765084306015],
        [0.23870191197442, 51.623501961600574],
        [0.239428398922265, 51.62311579919916],
        [0.239655140340876, 51.62302604085451],
        [0.240025557059383, 51.622920050895665],
        [0.240828619793747, 51.6226223466454],
        [0.241488573894179, 51.62235254984228],
        [0.241947795151032, 51.62214323860216],
        [0.242395623866364, 51.621908063922056],
        [0.243363739112235, 51.62150107294305],
        [0.2443190044038, 51.621068240265224],
        [0.245327210747099, 51.620625394033524],
        [0.245781398361923, 51.62046112805074],
        [0.246346761935217, 51.62029563182651],
        [0.246699556091193, 51.6201261084704],
        [0.247330683181084, 51.61988830499687],
        [0.2475827059112, 51.61978455769484],
        [0.247646410858033, 51.61975815774925],
        [0.247833328597095, 51.61968173594068],
        [0.247990469571446, 51.61961667558132],
        [0.24806834045019, 51.619584608364384],
        [0.248242444853502, 51.61951202845878],
        [0.248284943921132, 51.61949502722221],
        [0.248450787694751, 51.6194306988131],
        [0.249216163091151, 51.61913275883529],
        [0.249643809407331, 51.61895819484275],
        [0.249677781159345, 51.61894405439681],
        [0.249727362145242, 51.618924219026084],
        [0.249752807591421, 51.618912939849054],
        [0.25026540047677, 51.61870347164905],
        [0.250653448490863, 51.618517073094964],
        [0.251071134420991, 51.61831661549192],
        [0.251395653270158, 51.61816021004369],
        [0.251614062325213, 51.6180490051241],
        [0.25216781781328, 51.617766795828224],
        [0.252628647348367, 51.61750435315943],
        [0.252667989464019, 51.617482015174595],
        [0.252707376038308, 51.617460575609755],
        [0.252735439357644, 51.61744384980403],
        [0.252767787796724, 51.61742614245516],
        [0.253266839233156, 51.617118898506334],
        [0.25404039783068, 51.616608537563486],
        [0.254276967571258, 51.61642683437471],
        [0.254565017977184, 51.61620547241836],
        [0.255259849749416, 51.61562287387681],
        [0.255581617292325, 51.61541165287167],
        [0.256201066089145, 51.61505711774078],
        [0.257059684131569, 51.61457387824611],
        [0.257665603141488, 51.61418002669479],
        [0.257743684704021, 51.614065214361055],
        [0.258111752703942, 51.613186722976764],
        [0.258276374049371, 51.61298211490409],
        [0.258560112050932, 51.61282017873696],
        [0.258861034638345, 51.61248075130272],
        [0.259023031719916, 51.612281588358485],
        [0.259236069112529, 51.612092234109916],
        [0.259777372399518, 51.61167803206095],
        [0.260419109769684, 51.611134194046706],
        [0.261006595088511, 51.61066154211523],
        [0.261607797231363, 51.61014545691141],
        [0.262246712633998, 51.60966191522497],
        [0.262810395238156, 51.60929223170109],
        [0.263231371260064, 51.60918968864307],
        [0.263472546519301, 51.60913108001436],
        [0.263648476069093, 51.60906743435856],
        [0.263885825455621, 51.60899001358413],
        [0.264077963620154, 51.608874795095176],
        [0.264535555518232, 51.60831829888114],
        [0.264456878092868, 51.6083045290922],
        [0.264455390466112, 51.608303658506806],
        [0.264440693059197, 51.6082985463592],
        [0.264425950941521, 51.60829253578282],
        [0.264412651739253, 51.6082864973635],
        [0.264399307827, 51.60827956051569],
        [0.264386008632035, 51.60827352209324],
        [0.26437852579758, 51.608268270734264],
        [0.26436211722324, 51.60825779585504],
        [0.264345619231644, 51.608245524119404],
        [0.264332007068872, 51.60823319670137],
        [0.26431835020177, 51.6082199708546],
        [0.264306136251741, 51.60820671716653],
        [0.264293922308974, 51.608193463477],
        [0.264283106570634, 51.60817928351975],
        [0.264273733747006, 51.60816507572211],
        [0.264262873311319, 51.60814999733568],
        [0.26425652044554, 51.60813842913952],
        [0.264250167583076, 51.60812686094303],
        [0.264242416527768, 51.60811621901203],
        [0.264237506578091, 51.60810462297593],
        [0.264231153725418, 51.60809305477817],
        [0.264226199071519, 51.60808056031434],
        [0.264222732034969, 51.608068936438826],
        [0.264219265000277, 51.608057312563126],
        [0.264215797967422, 51.60804568868731],
        [0.264213729130771, 51.60803313854575],
        [0.264213147908068, 51.60802145899288],
        [0.264212521976419, 51.60800888101278],
        [0.264213696622908, 51.6080034626115],
        [0.264214513593858, 51.60799085679297],
        [0.2642168181759, 51.60797912156311],
        [0.264219122756806, 51.60796738633321],
        [0.264221382627179, 51.60795475267609],
        [0.264226573007585, 51.60794296176905],
        [0.264230320484947, 51.60793119870033],
        [0.264235555570239, 51.60792030621999],
        [0.264242188843089, 51.6079084874736],
        [0.264248866822475, 51.60789756715398],
        [0.264298945492219, 51.607830053498944],
        [0.263089135672843, 51.60731741282453],
        [0.262894275779529, 51.607377825561656],
        [0.262633636602884, 51.60742241970885],
        [0.262269198324711, 51.607470812817056],
        [0.262184112606789, 51.60747335225986],
        [0.262094653546167, 51.60747507664919],
        [0.262005105146716, 51.60747500411319],
        [0.261916910307293, 51.607473106841574],
        [0.261890893655534, 51.60747270898995],
        [0.261857662562552, 51.60747245017914],
        [0.261824386808275, 51.60747129293018],
        [0.261792598604466, 51.60747100629206],
        [0.261759278192235, 51.60746895059585],
        [0.261725957782685, 51.607466894890166],
        [0.261694035605311, 51.607463912939],
        [0.261680960294389, 51.60746236634593],
        [0.261650436352909, 51.60745845814686],
        [0.261621310647047, 51.60745362370455],
        [0.261592184947168, 51.60744878925499],
        [0.261563014597056, 51.60744305636922],
        [0.261533844254091, 51.6074373234761],
        [0.261504629263275, 51.607430692146735],
        [0.261492907545436, 51.60742732086978],
        [0.261465090799585, 51.607419763296704],
        [0.261437229409155, 51.60741130728793],
        [0.261217908270701, 51.60732830227581],
        [0.260673402499941, 51.607153538888944],
        [0.259886780879869, 51.606872822996735],
        [0.25965610062598, 51.60679363099061],
        [0.259405428825358, 51.606748097126605],
        [0.25841785990503, 51.6065503774927],
        [0.258293639951374, 51.606550070065346],
        [0.25805311538863, 51.60650523735275],
        [0.258092436792997, 51.6063372129922],
        [0.258115424611899, 51.606189287258616],
        [0.258210242510618, 51.60603368432772],
        [0.258218792415815, 51.60574035153657],
        [0.258197363887135, 51.60559957547075],
        [0.258193893308151, 51.60535503558487],
        [0.258131579398472, 51.60511792298905],
        [0.258052645730363, 51.605011527087534],
        [0.257972492533116, 51.60490965104463],
        [0.257852727211843, 51.60485350153878],
        [0.257672671661563, 51.60489203787465],
        [0.257518558340367, 51.60490039834745],
        [0.25732691523809, 51.60493825776558],
        [0.257277129881569, 51.60495360400733],
        [0.257242636069355, 51.604956965346474],
        [0.257206432041058, 51.604954963834956],
        [0.25717284624845, 51.60494751621887],
        [0.257129756861108, 51.60492316488642],
        [0.257151900512569, 51.60475816907077],
        [0.257225879061089, 51.604619154926226],
        [0.257112321212987, 51.6045134243718],
        [0.256952740183773, 51.60423681459907],
        [0.256825685485212, 51.604237459468735],
        [0.256763929806027, 51.60421526555248],
        [0.256723637806458, 51.604189061701476],
        [0.256688849679007, 51.60415735626366],
        [0.25666240644554, 51.60411919532326],
        [0.256557429081724, 51.60406995446092],
        [0.256482589381299, 51.6039877596117],
        [0.256462051200236, 51.603952182951865],
        [0.25644530680039, 51.60390574187259],
        [0.25643632812565, 51.603841165690696],
        [0.256440272717873, 51.603804218988564],
        [0.256532305489772, 51.60370892329552],
        [0.256599320696315, 51.603604216412286],
        [0.256461195292029, 51.603498058360664],
        [0.256314983078436, 51.603345292592266],
        [0.256245658695429, 51.60331604961785],
        [0.256179398096655, 51.60329034485688],
        [0.256141913443214, 51.60332074205847],
        [0.25611092988415, 51.603336625637176],
        [0.256068181489601, 51.60334823893637],
        [0.256017952012705, 51.60335460030251],
        [0.255971605419487, 51.60335189411155],
        [0.255933603642403, 51.603342732462174],
        [0.255901061167309, 51.6033271708313],
        [0.255874111614574, 51.60330790452245],
        [0.255840188549884, 51.603264491449515],
        [0.255833081413609, 51.60323764939214],
        [0.255837115532114, 51.603202499567594],
        [0.255866317621156, 51.60315067873829],
        [0.25589107532863, 51.6030674682136],
        [0.255701450985067, 51.60305852318636],
        [0.255489455104475, 51.60306439645612],
        [0.255408260367374, 51.602912178522324],
        [0.255268376830243, 51.602741304059904],
        [0.255139073655842, 51.60266734934315],
        [0.25497876927698, 51.6026380553595],
        [0.254838527780617, 51.60275136263577],
        [0.254728790077586, 51.60275167252926],
        [0.254669922916441, 51.60272942202916],
        [0.254614404793, 51.6026873227974],
        [0.254581570056625, 51.60263669414635],
        [0.254581695876807, 51.6025809358058],
        [0.254639141226376, 51.602428751579104],
        [0.254596830668611, 51.60239089503364],
        [0.254587996219978, 51.60238746760608],
        [0.25434639936613, 51.602437073400765],
        [0.254187557668068, 51.60237897299582],
        [0.25416720004281, 51.602346989631755],
        [0.254143975663906, 51.60228628407977],
        [0.254140263358454, 51.60224049164451],
        [0.254167768579324, 51.602096077058285],
        [0.254166986221231, 51.60205112763142],
        [0.253909017558715, 51.60197424725676],
        [0.253890344368243, 51.601917950688375],
        [0.253880238545154, 51.60185969099268],
        [0.254133679023668, 51.60175769987066],
        [0.25410159495902, 51.60166389078913],
        [0.253982707205968, 51.601596029784055],
        [0.254116427143922, 51.6015260146499],
        [0.254405806765641, 51.60147908851495],
        [0.254728197767701, 51.601486384047156],
        [0.254790013972301, 51.60133501501884],
        [0.255267779874276, 51.60124309962046],
        [0.255538160928231, 51.60122081659683],
        [0.255814490611179, 51.60120201575655],
        [0.256432035939221, 51.601220719034295],
        [0.257041621544003, 51.601282738056014],
        [0.257813820640765, 51.60127507794057],
        [0.257887353555062, 51.60127276386724],
        [0.257958953437682, 51.60126059475425],
        [0.258024381313263, 51.601240450749096],
        [0.258082194462599, 51.60121235962292],
        [0.25812395960705, 51.60118098011312],
        [0.258152517575681, 51.60114535828196],
        [0.258204028640383, 51.60101936577515],
        [0.258225004051455, 51.60091824168023],
        [0.259544795328386, 51.600625747849016],
        [0.260069705577196, 51.60052391209218],
        [0.260742449318283, 51.60040393812167],
        [0.260848492457389, 51.600387506513684],
        [0.261872448017454, 51.60012856340439],
        [0.261889581279982, 51.60012463600401],
        [0.262249839272977, 51.60002236676288],
        [0.262755776513073, 51.599974842072704],
        [0.263573662812212, 51.59987003879414],
        [0.26397892458341, 51.59983074574463],
        [0.264371392890802, 51.59976651800926],
        [0.264494017416516, 51.59976415178062],
        [0.265303675238048, 51.59969726538232],
        [0.266582981434094, 51.599666267661554],
        [0.267059554091766, 51.59963817662448],
        [0.267057361238129, 51.59959415371742],
        [0.26753280348637, 51.59957237762655],
        [0.268103896687843, 51.5995865211508],
        [0.269076418689216, 51.59954254015763],
        [0.269851908276727, 51.599572507159436],
        [0.270012215552765, 51.59913864553776],
        [0.270125022523911, 51.59879473245043],
        [0.270238393282058, 51.59852005378942],
        [0.270296686150041, 51.598357053492336],
        [0.270327827670509, 51.598083965558885],
        [0.270349999727302, 51.59780475609567],
        [0.270360311058768, 51.59769304439668],
        [0.270312234833945, 51.59730817828135],
        [0.270251366271672, 51.597043165460576],
        [0.270175114762601, 51.59681711976078],
        [0.270109454673561, 51.59660076132658],
        [0.269931188381899, 51.596384782576415],
        [0.269824593018078, 51.596187201669274],
        [0.269715794508731, 51.595974375314405],
        [0.269597786363974, 51.595808490174605],
        [0.269465891555346, 51.59565366499419],
        [0.269349954752957, 51.59550032963904],
        [0.269306089558938, 51.59537347846899],
        [0.269308285602861, 51.595272715283016],
        [0.269399271743115, 51.595070413530806],
        [0.269543530883133, 51.594749274078836],
        [0.269629041006097, 51.594466141725285],
        [0.269711262037986, 51.59417497927838],
        [0.269763961133379, 51.59387089841391],
        [0.269799108424936, 51.59362021527098],
        [0.269838949979287, 51.5933478582826],
        [0.26982745521608, 51.59320419384013],
        [0.269812797963384, 51.59308397217225],
        [0.269774022801777, 51.59297231065338],
        [0.269902307318856, 51.59224410005937],
        [0.270104238790958, 51.59151626303515],
        [0.270255048382226, 51.59109517419871],
        [0.270453670036219, 51.59085121998815],
        [0.270696240530595, 51.59059112697218],
        [0.270740970043967, 51.590532706634804],
        [0.270837192307232, 51.59040674208852],
        [0.27090041960276, 51.59028501319329],
        [0.270934828165605, 51.59022229605369],
        [0.27110198023119, 51.589984345463925],
        [0.271319342762706, 51.58974002694828],
        [0.271289599359384, 51.589404267048025],
        [0.271251520637674, 51.58921974972629],
        [0.271246566282792, 51.589207255520066],
        [0.271243054230583, 51.58919473339598],
        [0.271239542180409, 51.58918221127168],
        [0.271236030132275, 51.58916968914727],
        [0.271235671590073, 51.589162501741775],
        [0.271233601843157, 51.589149951699675],
        [0.271232974395491, 51.589137373739966],
        [0.271233744428312, 51.58912386943711],
        [0.271234559278448, 51.58911126355987],
        [0.271236861242758, 51.589099528190815],
        [0.271239118388246, 51.58908689439599],
        [0.271242817828652, 51.58907423268356],
        [0.271246517267064, 51.589061570970976],
        [0.271249043315419, 51.58905432773011],
        [0.271254140227757, 51.58904073967395],
        [0.271260724249727, 51.589028022125476],
        [0.271268750562288, 51.58901527665878],
        [0.271276776870408, 51.589002531191575],
        [0.271284803174168, 51.588989785723804],
        [0.271298284914248, 51.58897063960297],
        [0.271315824605407, 51.58894601917146],
        [0.271333409097195, 51.58892229716306],
        [0.271352480681023, 51.588899445658946],
        [0.271372949715571, 51.5888756678072],
        [0.271394950658713, 51.5888536588839],
        [0.271418349048108, 51.58883072361141],
        [0.271441837056686, 51.58880958518567],
        [0.271444587167639, 51.588806834068954],
        [0.27154548940221, 51.58868797262054],
        [0.271739461187302, 51.58840903359771],
        [0.271858132837311, 51.58824126598817],
        [0.271926107967634, 51.58804120600553],
        [0.272002048259796, 51.58788505712399],
        [0.272071538926466, 51.58774432106386],
        [0.272108641618855, 51.58770673158131],
        [0.272200654542837, 51.58761232257765],
        [0.272433618421419, 51.587449535387385],
        [0.272859399184975, 51.58724524259638],
        [0.273245004144591, 51.58710377785762],
        [0.273564033244808, 51.586987882789145],
        [0.273813160989916, 51.58685985204496],
        [0.273820878705968, 51.58681203991123],
        [0.273822320927795, 51.58681201196285],
        [0.274233711290841, 51.5864065510941],
        [0.274607821710594, 51.58600630787428],
        [0.274773548281233, 51.58574050117175],
        [0.275085808910267, 51.58537382997751],
        [0.275347078213933, 51.58508458674855],
        [0.275372274017058, 51.58506881014524],
        [0.275602234060022, 51.584933053505985],
        [0.275936558623578, 51.58460372236632],
        [0.276350515408559, 51.58425036296475],
        [0.276574125700326, 51.584045481857096],
        [0.276535377568767, 51.58399227599039],
        [0.277447471784871, 51.5831220442159],
        [0.277756404757214, 51.582747336422244],
        [0.278148115365517, 51.58238271138313],
        [0.278557847389106, 51.582003346275606],
        [0.279146763218484, 51.581483806273205],
        [0.279587661092795, 51.58112181790456],
        [0.279857119633971, 51.580881866210156],
        [0.280422126926984, 51.58031781929424],
        [0.280752464577392, 51.579967867395034],
        [0.28120379717353, 51.57949775432769],
        [0.281532997878575, 51.579125339808236],
        [0.28175404129747, 51.57884136018503],
        [0.282001698547645, 51.57882934919431],
        [0.282063086106985, 51.5785565677832],
        [0.282465637008842, 51.57806401667758],
        [0.282768324469783, 51.577623767726635],
        [0.283194383011438, 51.577053417061016],
        [0.283411127720593, 51.57668408456445],
        [0.283843388928063, 51.57603627110849],
        [0.284185071407106, 51.57545317019763],
        [0.284631998945835, 51.5747529087904],
        [0.285017457246739, 51.57417974431375],
        [0.285032415851039, 51.57416146703278],
        [0.285048861319091, 51.5741440600879],
        [0.285065306774708, 51.5741266531408],
        [0.285083239093034, 51.57411011652897],
        [0.285101126331503, 51.57409268149516],
        [0.285120545498352, 51.574077015215146],
        [0.285141406458879, 51.5740613208494],
        [0.285162267405096, 51.574045626480086],
        [0.285184615211324, 51.57403080244341],
        [0.285201376056494, 51.57401968441323],
        [0.28522516564238, 51.57400483228574],
        [0.285250487156759, 51.57399174890828],
        [0.285274411922548, 51.57397959202892],
        [0.285301220283115, 51.573967378975844],
        [0.28532807370036, 51.573956064335995],
        [0.285354927104211, 51.573944749690135],
        [0.285381825566813, 51.57393433345752],
        [0.285410165819292, 51.57392388913301],
        [0.285438506058646, 51.5739134448018],
        [0.285466891358728, 51.57390389888303],
        [0.285496718448033, 51.57389432487062],
        [0.28552514879861, 51.57388567735713],
        [0.285546460285519, 51.57387896711285],
        [0.285591966840801, 51.5738654904367],
        [0.285638960245667, 51.57385288407367],
        [0.285685998702117, 51.57384117611112],
        [0.285733082212866, 51.57383036654896],
        [0.285781652579283, 51.57382042729676],
        [0.285830222923961, 51.57381048802472],
        [0.285878838328655, 51.573801447151716],
        [0.285900284969043, 51.57379743210084],
        [0.285964715033781, 51.57378718376269],
        [0.286029145068506, 51.57377693538951],
        [0.286093665245127, 51.5737684838188],
        [0.286135297001581, 51.57376407540519],
        [0.286268836615211, 51.573578016533304],
        [0.286347187075209, 51.57352882692652],
        [0.286517499740006, 51.573557882500566],
        [0.286625364665053, 51.573579161983936],
        [0.286724842787868, 51.573462113032534],
        [0.28694005856854, 51.573149459033615],
        [0.286964386864079, 51.57311661009277],
        [0.286987228248479, 51.57308289083373],
        [0.287007140950831, 51.573048329362464],
        [0.287027053623681, 51.57301376788793],
        [0.287045524496241, 51.57297923451582],
        [0.287062508468093, 51.572943830828436],
        [0.287076608877341, 51.57290848335061],
        [0.287090709265476, 51.57287313587113],
        [0.287091970615976, 51.5728695140919],
        [0.287103142344381, 51.572833324404805],
        [0.287112872290973, 51.57279716282306],
        [0.28712116045918, 51.572761029346886],
        [0.287126565089804, 51.57272495208304],
        [0.28713196971275, 51.57268887481887],
        [0.287134445702619, 51.57265195534919],
        [0.287136921689415, 51.5726150358792],
        [0.287138001019779, 51.57257904293395],
        [0.287137909220019, 51.572548468604886],
        [0.287135518679439, 51.572500852434096],
        [0.287131731495698, 51.57245416278764],
        [0.287126457464462, 51.57240660282862],
        [0.287122850716902, 51.57236350685433],
        [0.287110403664847, 51.57214432087809],
        [0.287026953835962, 51.57197687969914],
        [0.286840780746281, 51.571804246429856],
        [0.286732827129023, 51.57172361525224],
        [0.286723996360258, 51.57172019018459],
        [0.286716607324014, 51.571716737015265],
        [0.28670917319407, 51.57171238542669],
        [0.286701739065506, 51.571708033837645],
        [0.286694304938403, 51.57170368224813],
        [0.286688312543354, 51.5716993025574],
        [0.286682275055267, 51.57169402444766],
        [0.286676237568535, 51.57168874633757],
        [0.286671641813405, 51.57168344012665],
        [0.28666704605936, 51.571678133915555],
        [0.286662450306373, 51.571672827704276],
        [0.286659251190436, 51.57166659497375],
        [0.286657538898555, 51.57166123256159],
        [0.286655781513417, 51.571654971730595],
        [0.286654024128803, 51.571648710899595],
        [0.286652266744699, 51.57164245006856],
        [0.286651951089807, 51.57163616113723],
        [0.286651635435005, 51.571629872205925],
        [0.286651319780342, 51.5716235832746],
        [0.286651004125758, 51.57161729434333],
        [0.286652130199246, 51.57161097731177],
        [0.286651814544689, 51.57160468838044],
        [0.286652624963324, 51.57159208241755],
        [0.286653796129508, 51.571586663804766],
        [0.286654651640886, 51.571574956260584],
        [0.286656948878314, 51.57156322061616],
        [0.286659246114638, 51.5715514849717],
        [0.286664426801143, 51.57153969312653],
        [0.286668165759805, 51.571527929381546],
        [0.286677085396112, 51.57150437379077],
        [0.286681004724426, 51.57149620372043],
        [0.286692447042686, 51.57146540457732],
        [0.286705376162618, 51.571435475751166],
        [0.286721188708799, 51.57140549072168],
        [0.286737001234732, 51.57137550569019],
        [0.286754255459795, 51.57134549255532],
        [0.28677304157193, 51.57131724815395],
        [0.286785160220742, 51.571299925283256],
        [0.28693017741748, 51.57108396497421],
        [0.287143626760243, 51.57082260481323],
        [0.28735305592123, 51.57042373003701],
        [0.287569733193956, 51.569996835270395],
        [0.287763840010932, 51.56963782754028],
        [0.288026909255727, 51.56915786785454],
        [0.288366054662547, 51.56855501833773],
        [0.288598795029267, 51.568103527039476],
        [0.28881156395777, 51.56754181114075],
        [0.289032852628865, 51.56709234086242],
        [0.28925776785836, 51.566456644509344],
        [0.289477602683925, 51.56597842405984],
        [0.289765272202961, 51.565471900173364],
        [0.290029764636216, 51.56482014148876],
        [0.29017360784014, 51.56449538443385],
        [0.290261786411904, 51.5642976157855],
        [0.292040934932739, 51.56447060676885],
        [0.293454888249014, 51.56458326344699],
        [0.294523689815906, 51.564661286642234],
        [0.29562817020215, 51.5647314075484],
        [0.296881943507692, 51.564814782553356],
        [0.298065441402789, 51.5648779376314],
        [0.299444189153173, 51.564978621690486],
        [0.300211487453445, 51.565000450769446],
        [0.300182767407736, 51.56506036772169],
        [0.300467071602194, 51.56508986569303],
        [0.300796007471651, 51.565088810734224],
        [0.302242007279979, 51.56514947304689],
        [0.303490035926192, 51.565232890273286],
        [0.304547822303817, 51.56529215325887],
        [0.30452426262927, 51.56539693499112],
        [0.306195633507983, 51.5655196694837],
        [0.306210994998909, 51.56542404156735],
        [0.307039983287619, 51.5654670958049],
        [0.307041424800628, 51.565467067456616],
        [0.309969198363266, 51.565609998609],
        [0.313006989207346, 51.56581633671752],
        [0.313048002243162, 51.56562937252101],
        [0.31307520065455, 51.565539805329855],
        [0.313102672593521, 51.565455628550744],
        [0.313170744397547, 51.565318491691905],
        [0.313223242738782, 51.56513040164232],
        [0.313294616864651, 51.56494463725605],
        [0.313336515217607, 51.56451934033155],
        [0.313431937965985, 51.56418201879342],
        [0.313474654565976, 51.563914982863466],
        [0.31352509693392, 51.563828554350266],
        [0.313685317513202, 51.563744457262295],
        [0.3141153466334, 51.56272246105117],
        [0.314134166612749, 51.56263845464216],
        [0.314122142210384, 51.56257214343837],
        [0.314139274168035, 51.562454896122205],
        [0.314148041045758, 51.56242864339944],
        [0.31421756534662, 51.56232025485394],
        [0.314209126534148, 51.562296140153606],
        [0.314134018152794, 51.562266146219486],
        [0.314123335263838, 51.56225466602067],
        [0.314108565050123, 51.56219110688667],
        [0.31411408414164, 51.5621577238101],
        [0.314147427587466, 51.562104007187806],
        [0.314188844738322, 51.562067218037576],
        [0.314278811742788, 51.56187838821048],
        [0.314314662604432, 51.5617319938711],
        [0.314370026826936, 51.5616005026917],
        [0.314384978033351, 51.56152556557777],
        [0.314460838609885, 51.56125787522529],
        [0.314563451625471, 51.560778320753464],
        [0.314583663645228, 51.56055129758106],
        [0.314606212889464, 51.5604555265353],
        [0.314636412228358, 51.5601410738747],
        [0.314695775886355, 51.5598611185503],
        [0.314735406028808, 51.55950511179227],
        [0.314747223975472, 51.559254872288655],
        [0.314791829398835, 51.55913888128524],
        [0.31487375563529, 51.559132768104334],
        [0.314910590736306, 51.55911945096575],
        [0.314968132748095, 51.5590877391136],
        [0.315001263805781, 51.55905830758261],
        [0.31501593169599, 51.55903463622942],
        [0.315024286781905, 51.559000297816155],
        [0.315015281709102, 51.558936624990956],
        [0.315092880656619, 51.55844767112316],
        [0.315133583025736, 51.55808444853772],
        [0.315160864560233, 51.557996677669266],
        [0.315221641149723, 51.55788666243129],
        [0.315266556057307, 51.557833616345796],
        [0.315323366043035, 51.55778752989094],
        [0.315382210458122, 51.55775309419803],
        [0.315605456736724, 51.55766055577787],
        [0.316164018921009, 51.55769359430629],
        [0.316472265436879, 51.557683910430015],
        [0.316878188558964, 51.55752391145776],
        [0.317729654478213, 51.557132081400624],
        [0.318174439734712, 51.556913754543366],
        [0.318407058263545, 51.55677875819509],
        [0.31849263214667, 51.55653245614563],
        [0.318589045523022, 51.5559603916338],
        [0.318661895108508, 51.55537890040538],
        [0.31869472576528, 51.55531530014991],
        [0.318738695662795, 51.55527216369415],
        [0.318802704859897, 51.55522593317894],
        [0.31886865782179, 51.55518955655106],
        [0.318930835587966, 51.555164046169224],
        [0.318997611031813, 51.555143840687236],
        [0.319098883173504, 51.55512115455512],
        [0.319548832155036, 51.554976463111174],
        [0.320000219402519, 51.554831741470025],
        [0.320669608810991, 51.554605365170254],
        [0.32110069805209, 51.554487120638896],
        [0.321467139287472, 51.55440252891805],
        [0.321860571672491, 51.55428142958467],
        [0.321976182859874, 51.5542287800479],
        [0.32202506692929, 51.554197236011106],
        [0.322052425349613, 51.554167916678395],
        [0.322082413912684, 51.55410527098795],
        [0.322081658417455, 51.55406211930333],
        [0.322070814974303, 51.55401916731769],
        [0.322048671288805, 51.553980935551635],
        [0.322061774172905, 51.553643436782025],
        [0.322055273004192, 51.55328923927507],
        [0.322173597824951, 51.5528651227694],
        [0.322191050741629, 51.55283959671028],
        [0.322225613754394, 51.552810134695115],
        [0.322277469880471, 51.5527803303059],
        [0.322335593746498, 51.552760294160365],
        [0.322397057422875, 51.55274918491372],
        [0.322467671092396, 51.55274778682836],
        [0.322530004344059, 51.55275374709419],
        [0.322604552944545, 51.55277295503588],
        [0.32317699253736, 51.55288122663177],
        [0.324195700292839, 51.553056195561126],
        [0.324460521542555, 51.5530725314049],
        [0.32481425406202, 51.553050232995005],
        [0.325129055829427, 51.55305658368153],
        [0.325296963137862, 51.552869796949906],
        [0.325378795618689, 51.5527206885883],
        [0.32542700876201, 51.55264778833642],
        [0.325488374845698, 51.5525782245268],
        [0.325576250590942, 51.552491048298236],
        [0.325711610306056, 51.55237325344965],
        [0.325977938464705, 51.55216472951331],
        [0.326248424001451, 51.55192464679354],
        [0.326403725957425, 51.55180195908915],
        [0.326633660856706, 51.55164361721474],
        [0.326754290385432, 51.55157647441994],
        [0.327045755817268, 51.55143669590104],
        [0.3275166012434, 51.55116565591907],
        [0.327787631019508, 51.55099300667816],
        [0.32782577816064, 51.550949082939766],
        [0.327860970428241, 51.550875540723496],
        [0.32791613287052, 51.550486844962435],
        [0.327964819816721, 51.54943458953222],
        [0.32797314289045, 51.549089090657446],
        [0.32797487013419, 51.54900991740432],
        [0.327956564612008, 51.54879264853403],
        [0.327940495776177, 51.54870393610164],
        [0.327939753991448, 51.54863290560616],
        [0.327950448132248, 51.54855984953023],
        [0.327976102233761, 51.54849728822045],
        [0.32801779023715, 51.54843800589936],
        [0.328060303822866, 51.54839489469501],
        [0.328281111621303, 51.54822773742954],
        [0.328405153790173, 51.54811466043762],
        [0.328525349987636, 51.547982774216685],
        [0.328605410137738, 51.547884059718264],
        [0.328628300169158, 51.54785212955391],
        [0.328701008791693, 51.54769420668544],
        [0.328761667124448, 51.54741331797632],
        [0.328784529444284, 51.54735261050812],
        [0.328822324089637, 51.547273620424285],
        [0.328866249345314, 51.54720170305891],
        [0.328927281852862, 51.547125848777135],
        [0.329005146182798, 51.54704066717883],
        [0.329100209311393, 51.546953345397576],
        [0.329439396971098, 51.54656260558369],
        [0.329069931789942, 51.54613467794688],
        [0.328871477227401, 51.54583555198432],
        [0.329018143180267, 51.54579846614672],
        [0.329426303914949, 51.5458263331079],
        [0.330172620911697, 51.5458951445186],
        [0.330679405203249, 51.545933638106085],
        [0.331416838607219, 51.54594146523754],
        [0.33186289359414, 51.54532826356211],
        [0.332547096023294, 51.54446481330266],
        [0.332901565503456, 51.54400721028701],
        [0.333041757455856, 51.5438155671446],
        [0.33345975330071, 51.54310579174793],
        [0.333688334745901, 51.54275321170452],
        [0.333874011363093, 51.54249231504733],
        [0.333464434633497, 51.541647020778576],
        [0.333304781210689, 51.54126079650921],
        [0.333600466494383, 51.54123333044452],
        [0.333734652944255, 51.541206379230104],
        [0.333793967856098, 51.54118181698304],
        [0.333813218451308, 51.5411634477668],
        [0.333827641173721, 51.54113528222144],
        [0.333829051462362, 51.541106476291226],
        [0.333814062210025, 51.541067204981694],
        [0.333815273753777, 51.5409781493441],
        [0.334015564556285, 51.5406648016505],
        [0.333995717332016, 51.540502421774434],
        [0.332756955161253, 51.54027795791521],
        [0.331400912296981, 51.540044121366954],
        [0.331379400405857, 51.5401875389678],
        [0.331382989013529, 51.54039880504517],
        [0.331462441665853, 51.54065532712589],
        [0.331490010707936, 51.54071503274381],
        [0.331561903330825, 51.540795440651145],
        [0.331193850961062, 51.54076138840009],
        [0.330599590548422, 51.54075970868606],
        [0.330093965537604, 51.54074277550496],
        [0.329601903768191, 51.540737261751104],
        [0.329118669824069, 51.540735167859346],
        [0.32783999968809, 51.540717386087415],
        [0.327348461970942, 51.54069386632478],
        [0.326992168004021, 51.540664064120676],
        [0.326480644574614, 51.540644534468996],
        [0.326051542331976, 51.540657541722105],
        [0.325256474232584, 51.54064902547183],
        [0.32469015869231, 51.540629674953664],
        [0.323506576571776, 51.54055330488116],
        [0.322412985589057, 51.54051650912427],
        [0.321505087192633, 51.54050120846611],
        [0.320584385182182, 51.54040431720639],
        [0.319740912425058, 51.54032297813828],
        [0.317459244570353, 51.54012077383644],
        [0.316889052259896, 51.54008167755646],
        [0.316861574213209, 51.539994987660855],
        [0.31639211523248, 51.53997997896221],
        [0.315781749354325, 51.53991649015226],
        [0.315245107238472, 51.539884817221],
        [0.315210476622853, 51.53994125778059],
        [0.3144133873331, 51.53992101699354],
        [0.313856786235663, 51.53986545030179],
        [0.313271964856011, 51.539822128540074],
        [0.313013971786135, 51.53979664026079],
        [0.312312683389443, 51.53976010701493],
        [0.311933308448518, 51.53972981487722],
        [0.311447777897274, 51.53971060667097],
        [0.310498676664148, 51.53965016831467],
        [0.310481807719782, 51.53934563614909],
        [0.310011795338177, 51.5392910434271],
        [0.309745799725971, 51.53927829586996],
        [0.309287253108482, 51.53927923137264],
        [0.3091410925012, 51.53924074101323],
        [0.307477002527839, 51.53915748116548],
        [0.30679661056383, 51.539106115024026],
        [0.306593915755838, 51.53909031671093],
        [0.306356871908356, 51.539079690018866],
        [0.306325112151014, 51.53913607143113],
        [0.305707670020888, 51.53910324583004],
        [0.305706229339548, 51.53910327415172],
        [0.304517301148149, 51.539005234585304],
        [0.303650794448315, 51.53895211110051],
        [0.302634504413436, 51.538902821218805],
        [0.301048585193852, 51.538796352263454],
        [0.300694612973583, 51.53875473383028],
        [0.300763951710095, 51.538499769961284],
        [0.30083055150022, 51.53813334606822],
        [0.298920926492527, 51.53789830267635],
        [0.297485035513499, 51.5377061090943],
        [0.297177039584493, 51.53766088158476],
        [0.297388933703478, 51.53671426101416],
        [0.297580537467499, 51.53602343964522],
        [0.297699194308902, 51.53563081725607],
        [0.297726663514865, 51.53531732134456],
        [0.295495705424963, 51.535112799017234],
        [0.294875934148978, 51.535061076987965],
        [0.293978662028837, 51.53493923818655],
        [0.292874906752664, 51.53486909248413],
        [0.29195775018385, 51.5347818005261],
        [0.29134559576348, 51.534738004765025],
        [0.290872995993153, 51.53468788281902],
        [0.290411563683143, 51.53465912416094],
        [0.290496493706409, 51.53448390007698],
        [0.289839787726985, 51.5345578759265],
        [0.288919632012226, 51.53455425398921],
        [0.288317389826039, 51.53456420716674],
        [0.288047149727815, 51.534552392708115],
        [0.287628891818023, 51.53452188153641],
        [0.287495549848302, 51.534508294841125],
        [0.287272127799563, 51.53448117661835],
        [0.287046905119262, 51.534446898663404],
        [0.286915904162574, 51.534422474031125],
        [0.286638731070148, 51.53432985429363],
        [0.285927819270676, 51.53427176824994],
        [0.28549079319757, 51.53421193829557],
        [0.284645687958655, 51.53418074057394],
        [0.284012615109728, 51.5341220259549],
        [0.2834472928463, 51.53409166585759],
        [0.282469080477626, 51.53399379764381],
        [0.281733913901098, 51.533940654759725],
        [0.280740770050582, 51.533774715721464],
        [0.27952657004479, 51.53351324247613],
        [0.278376968684004, 51.533332338287586],
        [0.27739735770278, 51.533148122162494],
        [0.276312109580927, 51.53292727826278],
        [0.276196275459399, 51.53317773351248],
        [0.275749463165112, 51.53309467548424],
        [0.275397189023085, 51.53299899007518],
        [0.275347673666548, 51.532989159087855],
        [0.275045805552754, 51.532950049993865],
        [0.274931511823199, 51.53294237467138],
        [0.274642915471753, 51.5329380798522],
        [0.27449760231292, 51.532944495219105],
        [0.274283681661571, 51.532963032423595],
        [0.274058774064777, 51.53299257387731],
        [0.273898689625576, 51.53302085812531],
        [0.273584998612655, 51.533091689198635],
        [0.27343643771264, 51.53311974942251],
        [0.273109967628825, 51.53316564650135],
        [0.272933543774634, 51.533184353790325],
        [0.27262445689577, 51.533202933606496],
        [0.272441465025763, 51.5332055800092],
        [0.272105150618573, 51.53319860627975],
        [0.270678125318284, 51.53309224706949],
        [0.269652933320975, 51.532947518833815],
        [0.269377724772851, 51.53289349045954],
        [0.269199791405583, 51.53285286751761],
        [0.268860720334427, 51.53276140361605],
        [0.267640995167104, 51.5324738350461],
        [0.267174986642942, 51.53238122332795],
        [0.266441013558739, 51.53226411144073],
        [0.266092570174918, 51.532215987101566],
        [0.265985214300482, 51.53220277322778],
        [0.265319281350746, 51.532149089344806],
        [0.265439369572575, 51.52957297328237],
        [0.265434348183268, 51.52862970436978],
        [0.265478145842154, 51.52782758176474],
        [0.265474510027443, 51.52740588011135],
        [0.26543876559252, 51.525727576492834],
        [0.265356772826633, 51.525005223269446],
        [0.265358596095979, 51.524954827209996],
        [0.265383935908685, 51.52485541465333],
        [0.265455734073081, 51.524733521433696],
        [0.265495405577132, 51.52469048794726],
        [0.265537097102185, 51.52465910633425],
        [0.265642753000779, 51.524609402290935],
        [0.265706717379205, 51.524591079840505],
        [0.265815419067903, 51.52457369162605],
        [0.266344721746231, 51.52454907532049],
        [0.266723478070466, 51.52451207837127],
        [0.266731241101452, 51.52382666094776],
        [0.26667682260132, 51.52331151392246],
        [0.26661009583224, 51.522954881735956],
        [0.265660830836232, 51.52294084983353],
        [0.264981255869055, 51.52290001868684],
        [0.264297396224984, 51.52175582410052],
        [0.264228278732, 51.52164114875882],
        [0.264138804260643, 51.52146481463086],
        [0.264041043514474, 51.521208602616134],
        [0.264007441173397, 51.52108334918315],
        [0.263966560803859, 51.52084042780385],
        [0.263917926791505, 51.52044117769502],
        [0.26390850979751, 51.520280384586464],
        [0.263840591994706, 51.518649463966725],
        [0.263753064182144, 51.51819250991455],
        [0.263654851701122, 51.51786885863569],
        [0.262705024475145, 51.51792855709229],
        [0.262279851536796, 51.51792956554327],
        [0.261971367681701, 51.51792922104744],
        [0.261758728897606, 51.51794321466075],
        [0.261639782791324, 51.51795719959663],
        [0.261571372207732, 51.517972907741445],
        [0.261490713233683, 51.51800324086736],
        [0.261375922041314, 51.518072002773756],
        [0.260855696018386, 51.518249303350494],
        [0.26051461787825, 51.51834760718425],
        [0.260357099780864, 51.51836862942242],
        [0.260275015642141, 51.518370211540756],
        [0.260225697267868, 51.5183639676857],
        [0.260177418597834, 51.51834961006379],
        [0.260109618287861, 51.518319441240976],
        [0.259950142863838, 51.51830093141739],
        [0.259754771522523, 51.518256134057594],
        [0.259525423328957, 51.51813644976568],
        [0.259447248960122, 51.51807140771604],
        [0.259417130518601, 51.51801623135403],
        [0.259420205508406, 51.517990991686446],
        [0.259433360920532, 51.51796555780088],
        [0.259475957074939, 51.51792336926055],
        [0.259484737200399, 51.51783866581342],
        [0.259460673440474, 51.51781844553633],
        [0.259437143357932, 51.517809006582056],
        [0.25926262978072, 51.51780697298871],
        [0.259019499849725, 51.517787375621566],
        [0.258900081465516, 51.51776269693857],
        [0.258856701978608, 51.5177599353186],
        [0.258777854625471, 51.5177686484547],
        [0.258623956011972, 51.51783366439239],
        [0.258579758776845, 51.517843508629355],
        [0.258296556294513, 51.517858854963244],
        [0.258064502459792, 51.51783004931426],
        [0.258005326757011, 51.517828490838134],
        [0.257897455735491, 51.51783326571522],
        [0.257672433065377, 51.51785918125117],
        [0.257479553985536, 51.517864692974534],
        [0.257382758976285, 51.51786026115528],
        [0.25731890763046, 51.51785159793132],
        [0.257190671882235, 51.51782349003343],
        [0.256842614660022, 51.51778072730974],
        [0.256766025097326, 51.51777680543183],
        [0.256714271863315, 51.517779599967554],
        [0.256674305585639, 51.517787563463116],
        [0.25657924298593, 51.517818170361345],
        [0.256524742815152, 51.51782371557222],
        [0.256455486734635, 51.51782235028069],
        [0.256388844307078, 51.5178155388568],
        [0.256129227698664, 51.51775398560086],
        [0.256016167482537, 51.517712094960245],
        [0.255959161638721, 51.517696104903315],
        [0.255883523918148, 51.517682271835355],
        [0.255782142848967, 51.51767253111578],
        [0.255698442057269, 51.51767054393219],
        [0.255576525708121, 51.51768278123776],
        [0.255289382731738, 51.51773506740619],
        [0.255091098619639, 51.5177478735486],
        [0.254929323879726, 51.517741092036964],
        [0.254837204534997, 51.51774376261415],
        [0.254792829005397, 51.51775001164509],
        [0.254678136870868, 51.51779178601599],
        [0.254538297854751, 51.517820554224826],
        [0.254389773913104, 51.51784858992326],
        [0.254047684188276, 51.517897432804276],
        [0.253806350624819, 51.517884984505415],
        [0.253745125776571, 51.51848419565411],
        [0.253689526891241, 51.51908060069002],
        [0.253657550035443, 51.51936719255602],
        [0.253558173999532, 51.51963169779703],
        [0.253476652059288, 51.51984909627146],
        [0.253472863967972, 51.51985996065911],
        [0.253406958039268, 51.5200141080201],
        [0.253394315982617, 51.5201960094754],
        [0.253391447238159, 51.52042988251058],
        [0.253355168118754, 51.52068777929794],
        [0.253258182843254, 51.52100080043989],
        [0.253108421248242, 51.521354404624695],
        [0.25292380586515, 51.52173205993969],
        [0.252737215160522, 51.52209896127357],
        [0.252629719209116, 51.52237441310937],
        [0.252588872959899, 51.522715132801295],
        [0.252509406079755, 51.52306199004432],
        [0.252442765408614, 51.52334744852275],
        [0.252406876440986, 51.52355497661001],
        [0.252447831308038, 51.523800597974514],
        [0.252456125383652, 51.52402706203932],
        [0.252375463500223, 51.52452502428267],
        [0.25230487535932, 51.52478897524004],
        [0.252227858587551, 51.52498110568526],
        [0.2521635133861, 51.52507946564803],
        [0.252041910790837, 51.52518611946988],
        [0.251822702461466, 51.52544752809717],
        [0.251639144828726, 51.52570105744054],
        [0.251508234641686, 51.52596976313679],
        [0.251473890541294, 51.52615028219746],
        [0.251464187319367, 51.526362702949974],
        [0.25149122362064, 51.52656002960789],
        [0.251475161656875, 51.526848113499625],
        [0.251425484338191, 51.52718540481543],
        [0.251398143027856, 51.52750787853621],
        [0.25115022457591, 51.527976675473354],
        [0.251024069784095, 51.528254282178665],
        [0.250944338682298, 51.52845006089453],
        [0.250889736464717, 51.52862916990034],
        [0.250824053742277, 51.528817484508906],
        [0.25067074967043, 51.528807836395316],
        [0.249772111084832, 51.528770220966905],
        [0.249290283877746, 51.52873539711989],
        [0.248936854332378, 51.52867292892513],
        [0.248935024590855, 51.52793374105608],
        [0.248854342439541, 51.5274082994943],
        [0.248263007748877, 51.527550035101896],
        [0.247402609055154, 51.52708809930047],
        [0.246842152692267, 51.52686142319575],
        [0.246395823902983, 51.52661007602742],
        [0.246296780636037, 51.52653103627434],
        [0.246255635833859, 51.526485960138345],
        [0.246233923152709, 51.526454900574954],
        [0.24622076409551, 51.526421878586724],
        [0.246213922260846, 51.52637074964785],
        [0.246217605051858, 51.52632841211217],
        [0.246230327879109, 51.52629399511489],
        [0.246258363672457, 51.526248493251465],
        [0.246341112930247, 51.52617226659066],
        [0.246798169223934, 51.52561673813065],
        [0.246976606644295, 51.52543435920501],
        [0.247044001566424, 51.52530986409969],
        [0.247065036043186, 51.525239315823654],
        [0.247071490497506, 51.52516544970724],
        [0.247062057419857, 51.52509098869981],
        [0.247041765596577, 51.52503022521741],
        [0.246665876350311, 51.52427662040009],
        [0.246633065309087, 51.52422508965684],
        [0.246511298016188, 51.52409432610865],
        [0.24647405300967, 51.524069859203216],
        [0.246419480633396, 51.52404482489189],
        [0.246355180254358, 51.52402717127434],
        [0.246318908293043, 51.52402247024268],
        [0.246201937293645, 51.5240184155556],
        [0.245982765185127, 51.52369526861303],
        [0.245809556778856, 51.52351512879624],
        [0.244741425358539, 51.52383954104984],
        [0.24282813299233, 51.52439144442755],
        [0.242786777089609, 51.524195289125245],
        [0.242747397839254, 51.52409801875145],
        [0.242709828995995, 51.52403758494908],
        [0.242319826077122, 51.52358190408662],
        [0.241977396138836, 51.52327279732855],
        [0.241496339258514, 51.52292946803798],
        [0.241237267036, 51.52276175424306],
        [0.241136993077817, 51.5227160077389],
        [0.241071417127559, 51.522672295990624],
        [0.241010455180835, 51.52260511429922],
        [0.24090435621094, 51.522352640448766],
        [0.240797451271988, 51.522142448891856],
        [0.240767925832383, 51.522098947448406],
        [0.240697353470087, 51.5220121646729],
        [0.240667166584167, 51.521955186377006],
        [0.240629395192958, 51.52183180495217],
        [0.240623339049426, 51.52176717122491],
        [0.240645154727732, 51.521418726198654],
        [0.240696717378714, 51.521206406058184],
        [0.241151225416072, 51.52115635345646],
        [0.241741193281331, 51.521017377198326],
        [0.242166525296171, 51.520931007123856],
        [0.242439920592208, 51.52089160643248],
        [0.242750114265884, 51.52086768873941],
        [0.242913498772371, 51.52084837669434],
        [0.243075222195542, 51.520824599700795],
        [0.24326958352764, 51.520790305894884],
        [0.243469396083719, 51.5207496123941],
        [0.243620419394274, 51.52071344916207],
        [0.243846401787846, 51.52064797328953],
        [0.244271584726126, 51.52047076923437],
        [0.244415016678648, 51.52036820215983],
        [0.244495276032251, 51.52030011802233],
        [0.244637761162632, 51.52014900666937],
        [0.244411746329807, 51.520008545375696],
        [0.244200549640465, 51.51975898497325],
        [0.244504274913248, 51.519515757516224],
        [0.244925588280236, 51.51902566910211],
        [0.244958188488099, 51.518955799039254],
        [0.24496185395266, 51.51888378497674],
        [0.244938776103075, 51.5188248730452],
        [0.244912571065815, 51.51879030203668],
        [0.244877858027663, 51.51875859178312],
        [0.244827215576127, 51.51872538784502],
        [0.244772606377612, 51.51869945420478],
        [0.244194349893726, 51.518430839663246],
        [0.24390862969012, 51.51833648491413],
        [0.24318909481004, 51.518477950873645],
        [0.24103374499329, 51.51908661595316],
        [0.240444006396506, 51.51928853532895],
        [0.240323007206667, 51.51931962443773],
        [0.240167400790848, 51.51935047520105],
        [0.2398822270253, 51.51938469982913],
        [0.237882216805394, 51.51937072317292],
        [0.237148122312313, 51.519333469398234],
        [0.238136350911984, 51.51779210223282],
        [0.238520072453285, 51.51723980367547],
        [0.239364148414519, 51.51602312543158],
        [0.239510562327383, 51.51568758906319],
        [0.240089544038984, 51.51491482492251],
        [0.240406910309964, 51.51465605919112],
        [0.240613071699803, 51.5143634454369],
        [0.240958286709497, 51.51396745262827],
        [0.241114427371423, 51.51374234190564],
        [0.240894259373914, 51.51360266155416],
        [0.240799572461494, 51.51343540274018],
        [0.240420706772592, 51.5133805900704],
        [0.240279445922287, 51.513350914058485],
        [0.240148220699799, 51.51332014686888],
        [0.239965745726706, 51.51324359495362],
        [0.239946277039784, 51.513052416200786],
        [0.240009265892644, 51.512838079207164],
        [0.24011039720783, 51.51263740233026],
        [0.240140943491886, 51.51255498261431],
        [0.240219034608706, 51.51226661447225],
        [0.240246185933202, 51.512115013561754],
        [0.240263521723756, 51.51188086465585],
        [0.240274317313712, 51.51139593626488],
        [0.240344105138124, 51.511173375430985],
        [0.240344117836594, 51.5109386581325],
        [0.240278882165759, 51.51075464883135],
        [0.240443730700558, 51.51076588815534],
        [0.240445757756599, 51.51071908587236],
        [0.240445360978078, 51.51071099976107],
        [0.240444611508139, 51.51069572599527],
        [0.240445345975082, 51.51068132317658],
        [0.240446036355291, 51.51066602190107],
        [0.240448166584056, 51.510650693115835],
        [0.240450340898037, 51.51063626278735],
        [0.24045382279919, 51.510619109578606],
        [0.240456349802513, 51.51061186690459],
        [0.240458832718458, 51.510603725773635],
        [0.240461315633563, 51.51059558464268],
        [0.240463798547853, 51.510587443511675],
        [0.240467765394605, 51.5105801733275],
        [0.240471732240129, 51.51057290314328],
        [0.240475699084445, 51.51056563295886],
        [0.240485204876087, 51.51055376045006],
        [0.240487908219387, 51.5105501116026],
        [0.240490567475083, 51.51054556429829],
        [0.240493270817473, 51.51054191545073],
        [0.240497414004718, 51.51053823909286],
        [0.240500117346112, 51.510534590245136],
        [0.240504260532151, 51.51053091388703],
        [0.240508403717515, 51.510527237528834],
        [0.240512590989765, 51.510524459627234],
        [0.24051821810622, 51.51052165421508],
        [0.24052236128964, 51.51051797785639],
        [0.240528032492519, 51.510516070900515],
        [0.240533703694931, 51.510514163944386],
        [0.240540814741255, 51.51051222947726],
        [0.24054792578698, 51.510510295009695],
        [0.24055364107609, 51.51050928650943],
        [0.240560796209236, 51.51050825049785],
        [0.240567951342063, 51.5105072144859],
        [0.240573666630287, 51.51050620598461],
        [0.240580865851313, 51.510506068428604],
        [0.240588065072242, 51.51050593087215],
        [0.240595308382224, 51.510506691772036],
        [0.240602551692458, 51.51050745267142],
        [0.240608355158672, 51.51050824108196],
        [0.240615598469346, 51.51050900198055],
        [0.240622885869908, 51.51051066133545],
        [0.240628689336851, 51.51051144974499],
        [0.240634580983798, 51.5105140350677],
        [0.24064186838578, 51.51051569442136],
        [0.240646320189506, 51.510518307255474],
        [0.240652211838306, 51.51052089257725],
        [0.240889007744154, 51.51052985719941],
        [0.241183529816175, 51.51054041597935],
        [0.241474248977951, 51.5106202927563],
        [0.241413886528772, 51.510418204913485],
        [0.2416288353654, 51.510040886905266],
        [0.241817816418664, 51.50957503426049],
        [0.241897677828762, 51.50911756261024],
        [0.24201394157442, 51.50860903409229],
        [0.242002472005246, 51.508375435482016],
        [0.241989414529944, 51.50810949243518],
        [0.24198513934078, 51.50811047347425],
        [0.241828778116119, 51.50812515380799],
        [0.241847904475807, 51.50807442736535],
        [0.241891254465788, 51.50795938752044],
        [0.241767066200174, 51.507924890484475],
        [0.241410503302891, 51.50788314439943],
        [0.241082427558027, 51.507834557699226],
        [0.240731580876727, 51.50779180100997],
        [0.240502556101188, 51.507764701693944],
        [0.239970815301172, 51.50770651362508],
        [0.239936687492357, 51.507598350306765],
        [0.240014801500431, 51.5075455980726],
        [0.239952480922716, 51.50750901797132],
        [0.239977118510884, 51.50739433630179],
        [0.239868006635993, 51.50731458430004],
        [0.239818644183349, 51.50727775660877],
        [0.239066026596428, 51.50724086994593],
        [0.237238694018103, 51.507093190284735],
        [0.235878606878293, 51.5069815388785],
        [0.235422846308194, 51.506944363962816],
        [0.235084716483838, 51.50692562908388],
        [0.234972504956653, 51.506929566461956],
        [0.234832378064992, 51.50695202173978],
        [0.234602756271795, 51.50694200899803],
        [0.234311643566789, 51.50688280674763],
        [0.234051645114587, 51.50684099697129],
        [0.23373923480235, 51.5067588172995],
        [0.233413516484092, 51.506669695883815],
        [0.233166355953312, 51.5066546185972],
        [0.232478891927233, 51.506623643288414],
        [0.232180692143301, 51.50662572300128],
        [0.232014386059479, 51.50664327745963],
        [0.232012946328644, 51.50664330486425],
        [0.231842022866359, 51.50668432872681],
        [0.231583222258762, 51.50669644860274],
        [0.231044454707228, 51.50670040549289],
        [0.230763969948945, 51.506711137527006],
        [0.230413473024642, 51.50676366902477],
        [0.229962624214659, 51.506797424046525],
        [0.229458584278645, 51.506804310406686],
        [0.228928234134172, 51.506803601027485],
        [0.228442421043896, 51.506770567442665],
        [0.227290867066768, 51.50667913444119],
        [0.227285108120293, 51.5066792438278],
        [0.227233189959863, 51.506678431363675],
        [0.22718266771795, 51.50667669306558],
        [0.227130661924296, 51.50667408362484],
        [0.227078612318656, 51.50667057569532],
        [0.227027914824336, 51.50666524346783],
        [0.22697721734123, 51.506659911218335],
        [0.226926476055073, 51.50665368048098],
        [0.226877130704887, 51.50664652391418],
        [0.226826258009318, 51.50663759773586],
        [0.226776825068566, 51.50662864419484],
        [0.226727348336356, 51.50661879216694],
        [0.226722985320394, 51.506617975720246],
        [0.226711336008625, 51.50661549903971],
        [0.226688081198231, 51.50661144414098],
        [0.226676431889927, 51.50660896745694],
        [0.226666222317777, 51.50660646343276],
        [0.226654573011882, 51.506603986746484],
        [0.226644319633384, 51.50660058425447],
        [0.22663267033012, 51.50659810756599],
        [0.226622373146424, 51.506593806606084],
        [0.226617966326583, 51.506592091689576],
        [0.226604658253461, 51.506585150007126],
        [0.226592789918471, 51.506578180984974],
        [0.226580877779827, 51.50657031349568],
        [0.226568965645292, 51.50656244600512],
        [0.226558449441487, 51.50655365270963],
        [0.226547933241678, 51.50654485941318],
        [0.226541867663905, 51.50653867950138],
        [0.226532791203487, 51.50652985886602],
        [0.226523714746592, 51.50652103822988],
        [0.226514594487357, 51.50651131912703],
        [0.22636797700335, 51.50592776080476],
        [0.225992375772354, 51.50587913508216],
        [0.226040614191755, 51.50580447693135],
        [0.226034461192601, 51.50579650005778],
        [0.226003521051072, 51.50575302181888],
        [0.226186871474327, 51.50543478682242],
        [0.226366924973244, 51.505226328449126],
        [0.226489427435222, 51.50499018501985],
        [0.226572531743271, 51.504743997984036],
        [0.226586005454356, 51.50448834150276],
        [0.226720203375857, 51.50428524973315],
        [0.227034188678359, 51.503897984401796],
        [0.227405954150199, 51.503425086571006],
        [0.227439184387792, 51.50336779954159],
        [0.227521693183508, 51.50322774023369],
        [0.227601396884322, 51.50303017905599],
        [0.227647412559295, 51.502791890093015],
        [0.227782144267152, 51.502481770332615],
        [0.228044006749977, 51.50203074282563],
        [0.228348130908141, 51.50156002626055],
        [0.228701523135233, 51.50100653620673],
        [0.229140058990032, 51.5004559228437],
        [0.229546659531719, 51.49993019603514],
        [0.229936925877986, 51.499365209190984],
        [0.229719545212881, 51.499309989382915],
        [0.229422561619741, 51.49927696661825],
        [0.228919759118511, 51.49918940131868],
        [0.228620453532866, 51.49910875782152],
        [0.228252477848204, 51.49897905782451],
        [0.227879228299879, 51.49885934917829],
        [0.22783581794411, 51.49882600062756],
        [0.227726916637606, 51.49872015384049],
        [0.227632567830452, 51.498735435837396],
        [0.227574112098494, 51.4987185604087],
        [0.227285871063207, 51.4985396797506],
        [0.226891405863335, 51.49830975722986],
        [0.226327377387858, 51.49800031758585],
        [0.225879710789667, 51.49780197800992],
        [0.225878271331387, 51.49780200533596],
        [0.22569836733699, 51.49771728913234],
        [0.225364563926585, 51.4975788378209],
        [0.225004292954376, 51.497488550658],
        [0.224576544390476, 51.497403139828535],
        [0.22433213182908, 51.49732504121335],
        [0.224269579490876, 51.497312738361074],
        [0.224260986571266, 51.49731380066615],
        [0.223998208884857, 51.49753911337351],
        [0.223771534609045, 51.49767740809067],
        [0.223600433176066, 51.4978326344512],
        [0.223595287618704, 51.497845322210864],
        [0.223578065369846, 51.49790590181187],
        [0.223465736039109, 51.497847778961784],
        [0.223462857114933, 51.497847833554665],
        [0.223317730198028, 51.49782630443629],
        [0.222945689839599, 51.4977901920328],
        [0.222599563455656, 51.4977832640869],
        [0.222287590827534, 51.497767594126636],
        [0.221915122736492, 51.49781152411245],
        [0.221756912947402, 51.497817219929814],
        [0.221625441165449, 51.49780981874984],
        [0.221430936528482, 51.497780229880064],
        [0.221052528422577, 51.497731641943936],
        [0.220087510980267, 51.49753048894968],
        [0.21963988025924, 51.49745083239658],
        [0.21960759991231, 51.49740917646386],
        [0.219596124405276, 51.49732126249049],
        [0.219569515838665, 51.49730737741901],
        [0.219507967641151, 51.497286060045276],
        [0.219442406723986, 51.49727111368114],
        [0.218816201033789, 51.497193035461976],
        [0.218351912839883, 51.49709660257692],
        [0.218174119116262, 51.49702532446986],
        [0.217922390986845, 51.4969149762416],
        [0.217774434203705, 51.49686471629116],
        [0.217600785984699, 51.49681943855044],
        [0.217517342519933, 51.4967922391595],
        [0.217298680224502, 51.496710041779615],
        [0.217146494118358, 51.496631982791534],
        [0.217097990007057, 51.496612216105646],
        [0.216997143259922, 51.49658264752822],
        [0.216266788032247, 51.49652541022511],
        [0.215926475378849, 51.496459898402115],
        [0.215704581810337, 51.49654862568469],
        [0.215578606389395, 51.49662474855936],
        [0.215539785319173, 51.4966263814053],
        [0.215458741429649, 51.496618919763286],
        [0.215382932430736, 51.49660056758645],
        [0.215290200517977, 51.496560052654246],
        [0.215285882229444, 51.49656013424106],
        [0.215106959043955, 51.49652484476125],
        [0.214993988414086, 51.49648291334566],
        [0.214932051339432, 51.496453507256746],
        [0.214728490364629, 51.49632605497576],
        [0.214396347613031, 51.49613178487769],
        [0.214312517584886, 51.49606682003076],
        [0.21424800520145, 51.49607343411838],
        [0.21412818776174, 51.496038825556404],
        [0.213980688278915, 51.49581948430355],
        [0.213835987154686, 51.49553893780449],
        [0.213672657439731, 51.495319895060064],
        [0.213515138835607, 51.49501261123388],
        [0.213393621279383, 51.495002315065754],
        [0.213317421071949, 51.495005552096565],
        [0.213175662133151, 51.495023516013084],
        [0.213045900023627, 51.49502146878144],
        [0.212873754534331, 51.49450132669228],
        [0.212831105553771, 51.494423892719894],
        [0.212821819878282, 51.49438090168615],
        [0.212824397258353, 51.494344881145004],
        [0.212836919608486, 51.49430597502271],
        [0.212864709155629, 51.49425508989464],
        [0.212882084723309, 51.494108176469815],
        [0.212847068053909, 51.494039591430386],
        [0.212822782987964, 51.49395461649136],
        [0.212819124272481, 51.49390882136661],
        [0.21283195770495, 51.49381685081509],
        [0.212817181853516, 51.493333307575035],
        [0.212809727415198, 51.49329837565323],
        [0.212785703945959, 51.49321879154922],
        [0.212732940955323, 51.49311097229242],
        [0.212450118725968, 51.49289328357484],
        [0.212410782167781, 51.49285445674012],
        [0.212378598742568, 51.492814595622164],
        [0.212343670887258, 51.49274780735079],
        [0.212326848730089, 51.492638410451654],
        [0.212300687447352, 51.4925741546464],
        [0.212250101561053, 51.49251125897895],
        [0.21212432781931, 51.492412910675725],
        [0.212059154761116, 51.492167732718045],
        [0.212026855819559, 51.491679124133654],
        [0.211989647316772, 51.49138665504843],
        [0.211961925319219, 51.49126037706233],
        [0.211903903818459, 51.491043841603926],
        [0.211888684838478, 51.49102704205511],
        [0.211851485558444, 51.491002563480976],
        [0.211804733427594, 51.49098905667828],
        [0.211563120424563, 51.49093785786125],
        [0.211475503965929, 51.490913430848764],
        [0.211411567942541, 51.490902046600944],
        [0.211403879755354, 51.4906836622531],
        [0.211352784087314, 51.490550630592125],
        [0.211304384595019, 51.49047330452078],
        [0.211171809291297, 51.490412854004184],
        [0.210947475463998, 51.49033165124176],
        [0.210525402116496, 51.49024248545801],
        [0.210440130431497, 51.490028261656335],
        [0.210422020889534, 51.489564565430975],
        [0.210386882609235, 51.48818300705265],
        [0.21034429269388, 51.487302497927466],
        [0.210307031300764, 51.4858769135084],
        [0.21105575316206, 51.48587088956947],
        [0.211517181450663, 51.485851395081994],
        [0.212560837176802, 51.48577864557453],
        [0.213580857558653, 51.48566406595313],
        [0.213816914303222, 51.48563083130376],
        [0.214175469649391, 51.4855692031259],
        [0.216095745186034, 51.485187591127996],
        [0.21630393231511, 51.48514408663277],
        [0.216702208552877, 51.485040332021654],
        [0.216941051375614, 51.48497556288462],
        [0.217176753856017, 51.48490545684727],
        [0.217434521477062, 51.484815148418],
        [0.218623657371276, 51.48432771383311],
        [0.218983633606041, 51.48420669014629],
        [0.219942148965902, 51.48383511978615],
        [0.220267319374325, 51.48370935534034],
        [0.222103968077863, 51.48294342775054],
        [0.223675838820565, 51.48227242329414],
        [0.222111803747021, 51.48123820575419],
        [0.220837117123428, 51.48043680144211],
        [0.220127756892581, 51.480005982473536],
        [0.219639968430736, 51.480015218804354],
        [0.21871305370603, 51.48023510697534],
        [0.218349444945346, 51.480310334543084],
        [0.218167095224444, 51.48029220161495],
        [0.218049409577603, 51.48027104641558],
        [0.217940139535642, 51.48024523538838],
        [0.217590964877435, 51.48014302542272],
        [0.217300132556934, 51.48005589840817],
        [0.216891138615737, 51.47990805412755],
        [0.216805067791039, 51.47985572366303],
        [0.216638771651908, 51.479693396828395],
        [0.216611652672132, 51.47963905228045],
        [0.21657332986148, 51.479531860860234],
        [0.216362309797627, 51.47913026613697],
        [0.216353677808048, 51.47910075242707],
        [0.216353330591453, 51.47906388769244],
        [0.216381065159643, 51.47898242636563],
        [0.216409413303774, 51.47882451292996],
        [0.216406495783707, 51.47873463808567],
        [0.216426601362402, 51.47861465107104],
        [0.216418758619963, 51.47848260223687],
        [0.216452464759306, 51.4784352013884],
        [0.216476141177026, 51.47841856635696],
        [0.216515601435668, 51.47840073360285],
        [0.216609520355099, 51.47837737467535],
        [0.216717793790509, 51.47808575281294],
        [0.216788955962727, 51.477949512204745],
        [0.216823142633558, 51.47785264064352],
        [0.216872027429629, 51.47761340169758],
        [0.216872160108773, 51.477556743273674],
        [0.216860215745893, 51.47748862231969],
        [0.216830961945778, 51.47741992937693],
        [0.216683254378343, 51.47710616866226],
        [0.216597497634163, 51.476971096497856],
        [0.216539294138472, 51.47689935364463],
        [0.216442287872224, 51.47679956677403],
        [0.216274259362798, 51.47666065399507],
        [0.216226954539848, 51.47663546856616],
        [0.216026922227089, 51.476549319862215],
        [0.215660904728909, 51.47648519329671],
        [0.214987512775335, 51.476378311278616],
        [0.214400059678453, 51.47626170845313],
        [0.213470367933996, 51.47600677769281],
        [0.213072795397904, 51.47591536057758],
        [0.21285035681236, 51.4758718965737],
        [0.212703652109859, 51.47581621114077],
        [0.212492945836195, 51.47574734462497],
        [0.212366341336367, 51.475690380128356],
        [0.212256698092729, 51.475626800328655],
        [0.212210400529319, 51.47559260129032],
        [0.21211519302972, 51.47549997135735],
        [0.211541056224936, 51.47509262919258],
        [0.211507100083489, 51.47504560686611],
        [0.211501745256315, 51.47499444779011],
        [0.211433643391643, 51.474717848808666],
        [0.211479289544044, 51.47444090267169],
        [0.21153131943643, 51.474325710066154],
        [0.211713031185675, 51.473765615292294],
        [0.21178425423432, 51.473570922041766],
        [0.21185912785581, 51.47345170106957],
        [0.211869033556597, 51.47338856316494],
        [0.211849687078325, 51.473316084877574],
        [0.211480260981358, 51.47294265051673],
        [0.211074946378721, 51.47266072122239],
        [0.210525361146513, 51.47222413354543],
        [0.210234652239868, 51.472048855595844],
        [0.209726800803511, 51.471849791892524],
        [0.209629200811129, 51.471796774275106],
        [0.20928366170275, 51.47158925336958],
        [0.209174342644515, 51.47150228283456],
        [0.209006622522579, 51.47133907289829],
        [0.208842798132625, 51.4711074425225],
        [0.208797605532081, 51.47103635004181],
        [0.208785842422873, 51.47100149897944],
        [0.208776479173063, 51.470956710398475],
        [0.208778321159153, 51.47090541559152],
        [0.208791938931236, 51.470829617806935],
        [0.20881749967349, 51.47076258799078],
        [0.208857793784552, 51.470702474957356],
        [0.208901399069276, 51.47065129251792],
        [0.20943243787128, 51.470138576274664],
        [0.209798134677223, 51.46975037995598],
        [0.209950170199572, 51.46961891395352],
        [0.210124391554188, 51.469499619674544],
        [0.210976135356319, 51.46912833461064],
        [0.211151269378304, 51.4689982299438],
        [0.211223120429849, 51.468935722209196],
        [0.211275396237196, 51.46888527459231],
        [0.211314768331431, 51.468835969663466],
        [0.211356544259437, 51.46874705014599],
        [0.211444617916222, 51.468364984497775],
        [0.21148770459444, 51.46797567374474],
        [0.211371201654435, 51.4675911722102],
        [0.211028769274222, 51.46694114188156],
        [0.210754363954846, 51.46644720529114],
        [0.210558218278956, 51.466142444087644],
        [0.21042022193319, 51.46584917629574],
        [0.210354307682895, 51.465647177181914],
        [0.210336286367875, 51.46551262184992],
        [0.210332704438764, 51.46508102492599],
        [0.210351301266621, 51.464929591696325],
        [0.210350400314493, 51.46485136949573],
        [0.210357777121262, 51.46479547373419],
        [0.210397331407882, 51.46469040896619],
        [0.210486377601039, 51.464000764485334],
        [0.210496163817755, 51.463637262265024],
        [0.210560944831912, 51.463100956397035],
        [0.210585683527569, 51.46248087125284],
        [0.210279872396668, 51.46228969096929],
        [0.210078172315973, 51.46219726877352],
        [0.209865573973212, 51.462117641911284],
        [0.209404359004713, 51.462047197458816],
        [0.209269030200843, 51.46201737326442],
        [0.207845395491578, 51.46157386170827],
        [0.207604174582825, 51.46146779085452],
        [0.207121463170019, 51.46113064990204],
        [0.207062282852992, 51.46109759075385],
        [0.207019010852564, 51.46106603065515],
        [0.20695822671757, 51.460999727512366],
        [0.206836651153761, 51.460896798206676],
        [0.206741954833198, 51.46084372361588],
        [0.206215900987606, 51.46062250547292],
        [0.205937613073118, 51.460464070119784],
        [0.205545779561272, 51.46018996218022],
        [0.205479496769547, 51.46015883448386],
        [0.205349279418091, 51.46011542012086],
        [0.204759009814677, 51.459995226059114],
        [0.204630847406163, 51.45993468553558],
        [0.204534414222079, 51.45987534674429],
        [0.204474457985914, 51.459826113483196],
        [0.203829903167435, 51.45926627826695],
        [0.203707290564107, 51.45917145897233],
        [0.203415673282773, 51.4589152445131],
        [0.203244928125463, 51.458747586843586],
        [0.203169131253916, 51.45863839751145],
        [0.20315179599581, 51.45860724780695],
        [0.202939158838716, 51.45834684978233],
        [0.202829018785121, 51.45824190286881],
        [0.202835301391244, 51.45822289948228],
        [0.202915949954795, 51.45816382857951],
        [0.203024507919771, 51.458056570130125],
        [0.203080802933521, 51.45797007848985],
        [0.203138449421299, 51.45788176281636],
        [0.203220133207627, 51.457724648428204],
        [0.203208581893053, 51.45760435921344],
        [0.203127108415978, 51.45740714504709],
        [0.202847732627294, 51.45683684305487],
        [0.202580972192168, 51.45622943199647],
        [0.202546963975485, 51.45615093254166],
        [0.202566579280121, 51.456139772340926],
        [0.20312333437827, 51.456103229360885],
        [0.203409972746015, 51.45607715752812],
        [0.203777893753388, 51.45603516798418],
        [0.203808461260739, 51.455982433797026],
        [0.203832756672657, 51.45591902591157],
        [0.203873676538513, 51.45566285495777],
        [0.203867683949324, 51.45559821793262],
        [0.203856102038024, 51.45556696014812],
        [0.203820211326324, 51.4555091803701],
        [0.203310750765525, 51.45503313525738],
        [0.203257819925311, 51.45498017212612],
        [0.203235738991598, 51.45494011861696],
        [0.203234440947204, 51.454913163974794],
        [0.203244561409458, 51.45488419609817],
        [0.203298095592174, 51.45483013102893],
        [0.203310789365973, 51.45479481966462],
        [0.20337148865168, 51.45456075958822],
        [0.203373117794064, 51.45438536518043],
        [0.203352951141356, 51.45435516802249],
        [0.203325723760626, 51.45432780149083],
        [0.203032499402584, 51.45427665706089],
        [0.202963610319818, 51.454250972778425],
        [0.202930933622338, 51.45423000368399],
        [0.202912724568065, 51.454210561277485],
        [0.202776145696691, 51.453974813202834],
        [0.202693492438055, 51.45393230070673],
        [0.202473571101044, 51.453878878039106],
        [0.202427422172334, 51.45387704728425],
        [0.202336638035419, 51.453904832827014],
        [0.202012209411974, 51.45410247933504],
        [0.202000791043529, 51.45410449244787],
        [0.20193843355281, 51.45409487228598],
        [0.201907584703047, 51.45408196228364],
        [0.20186998892702, 51.45404849508617],
        [0.201857793789592, 51.45391472827867],
        [0.201825950590471, 51.45388115300414],
        [0.201359542087944, 51.45385034425809],
        [0.201049697927529, 51.4536331363014],
        [0.20099389516096, 51.45358022609509],
        [0.200977698934988, 51.45354275957164],
        [0.200976272620388, 51.45351310941318],
        [0.200983907054969, 51.45349228212686],
        [0.201019482014232, 51.45345384344978],
        [0.201131027802315, 51.45337890537636],
        [0.201142013784901, 51.45336790745404],
        [0.201161954159797, 51.45330368259664],
        [0.201102399344077, 51.4532625338192],
        [0.200985179996024, 51.45324944687933],
        [0.200835674661443, 51.45322347652715],
        [0.200692440396173, 51.45320817985912],
        [0.200671831910738, 51.453198674474514],
        [0.200614980968729, 51.45315387748185],
        [0.200588027259364, 51.453102224053005],
        [0.200592927330086, 51.453054469089885],
        [0.20064532703555, 51.453006721633656],
        [0.200699102207986, 51.45289779583988],
        [0.200623816010454, 51.45285874078813],
        [0.200389194693053, 51.452858649013066],
        [0.200300867565154, 51.45284771690865],
        [0.200254429551456, 51.452809918681766],
        [0.200243869134023, 51.45273997141979],
        [0.200255799292524, 51.45265881035747],
        [0.200206713706603, 51.452595881375956],
        [0.200105734642981, 51.4526211586703],
        [0.199892691159626, 51.45271059100453],
        [0.19984139599655, 51.45272144604342],
        [0.199791236494257, 51.45272598463754],
        [0.199742126281591, 51.45272240980707],
        [0.199694238165293, 51.452714315515166],
        [0.199648751058243, 51.452696283832296],
        [0.199604140536954, 51.45266654476646],
        [0.19957644128761, 51.452629293920744],
        [0.199564776724357, 51.45259623867214],
        [0.199559395443204, 51.45254418018698],
        [0.199531566732022, 51.45250423385658],
        [0.199487962626682, 51.452465482849654],
        [0.199431804793416, 51.4524350611048],
        [0.199366055714522, 51.45241471161803],
        [0.199299343694362, 51.45240427247588],
        [0.199142422844625, 51.45240361955806],
        [0.199087042603302, 51.45238937048109],
        [0.199039902091007, 51.452366873079725],
        [0.199015856857361, 51.45234574097056],
        [0.198999489987239, 51.45230468017772],
        [0.199001286569106, 51.45228216394328],
        [0.199018556268237, 51.4522521630066],
        [0.19904602184392, 51.452224668682],
        [0.199080979911955, 51.45220332888707],
        [0.19910950783754, 51.452138043965725],
        [0.198775375805512, 51.45210384391177],
        [0.198592943204332, 51.45205150937477],
        [0.198391530465438, 51.452053488612556],
        [0.198314062187649, 51.452028861838535],
        [0.198177216146872, 51.45196667865441],
        [0.198118097377596, 51.451934513214816],
        [0.198075415106369, 51.45188495278995],
        [0.198033855121931, 51.4518587531319],
        [0.197988412671048, 51.45184161927587],
        [0.197937520213124, 51.45183088270851],
        [0.197887059362188, 51.45182913103657],
        [0.197838424970467, 51.4518354388042],
        [0.197790178973243, 51.451849832978255],
        [0.197749425237809, 51.451870381756905],
        [0.197718910375898, 51.451894335745365],
        [0.19767115422815, 51.45197886616434],
        [0.197611921507664, 51.45200425787262],
        [0.197547898848955, 51.451929916944636],
        [0.197512809814496, 51.45185863073151],
        [0.197430049879137, 51.45178374173115],
        [0.197249374787908, 51.45179792044178],
        [0.197173029290235, 51.45179665369677],
        [0.197071762567015, 51.451785961732874],
        [0.196974508021242, 51.451768899371814],
        [0.196866669622309, 51.45174124369138],
        [0.196691674336732, 51.451813769644794],
        [0.196593082743157, 51.45176885369794],
        [0.196527292713393, 51.4517476040973],
        [0.196461589004446, 51.451728151444215],
        [0.196422632603628, 51.451726183555216],
        [0.196383848720621, 51.451727809624046],
        [0.196233443641564, 51.45177289507059],
        [0.196151992900629, 51.451785212832185],
        [0.19607176454077, 51.45179301113008],
        [0.195959036857282, 51.4517834322396],
        [0.195934014542068, 51.451801887048944],
        [0.195895905376356, 51.451847566053786],
        [0.19587683564955, 51.45190008276093],
        [0.195877769154471, 51.45194952681523],
        [0.195897095430804, 51.45199233118484],
        [0.195935159483835, 51.45203568380369],
        [0.195999151612497, 51.45207944994086],
        [0.196108068412154, 51.4521295687349],
        [0.196135074555178, 51.45215244455613],
        [0.196146003406994, 51.45217022580226],
        [0.196151525057586, 51.45219530276682],
        [0.196144492358571, 51.452228708664904],
        [0.196107605496832, 51.45226986832916],
        [0.195960361277942, 51.45235086621408],
        [0.195896424849721, 51.452368251461145],
        [0.195863435751344, 51.452370668091824],
        [0.195818726589384, 51.4523688077719],
        [0.195773672488768, 51.4523597594911],
        [0.19573703116697, 51.452346057092164],
        [0.19570727833822, 51.45232593053586],
        [0.195675483859594, 51.45229325200774],
        [0.195662901525976, 51.452271005189424],
        [0.19563203048727, 51.45213758767153],
        [0.195604996775225, 51.452084136027935],
        [0.195549633299298, 51.45204020804997],
        [0.195482232848858, 51.452015390826645],
        [0.1954112512012, 51.45200592875428],
        [0.195346754618711, 51.45201163328685],
        [0.195238999321226, 51.45207570322457],
        [0.19522015981965, 51.45210303508668],
        [0.195179749525985, 51.452130770934005],
        [0.195144315501679, 51.452142226159225],
        [0.195101432573476, 51.45214842507105],
        [0.195063913910926, 51.452146429802575],
        [0.195027488481363, 51.452137219643994],
        [0.194994859995703, 51.45211714676183],
        [0.194971780673362, 51.452086103439775],
        [0.194967611529291, 51.45205920249461],
        [0.195001341081375, 51.45189220022835],
        [0.194992987116421, 51.45186807555403],
        [0.194976134209251, 51.45184680793864],
        [0.194949344326206, 51.45182842430788],
        [0.194921375024041, 51.451815458561185],
        [0.194863422364569, 51.45180755077603],
        [0.194824896930968, 51.45181456729197],
        [0.19478806811239, 51.451826947829744],
        [0.194765705893856, 51.45184085607221],
        [0.194731607975347, 51.45188016447504],
        [0.194634079552172, 51.45188738642033],
        [0.194605146290988, 51.451884330954364],
        [0.194538263680912, 51.45187029510374],
        [0.194456311219518, 51.451842152548394],
        [0.194395972579935, 51.45181450459008],
        [0.194321312814512, 51.451758347090625],
        [0.194253240211066, 51.4516894760209],
        [0.194225185014753, 51.45167471311643],
        [0.194154117964925, 51.45166345328466],
        [0.194123041231152, 51.45167572593566],
        [0.194068422573334, 51.45170732457343],
        [0.194046361768949, 51.45172752213942],
        [0.194022485603705, 51.45179991311402],
        [0.194028738447302, 51.451840264594175],
        [0.194021488828098, 51.45186917791409],
        [0.194006833562847, 51.451893733352954],
        [0.19398193963402, 51.45191488323759],
        [0.19395112117153, 51.451932546809815],
        [0.193911372840133, 51.45194408241617],
        [0.193865570742555, 51.45194943621507],
        [0.193819424003904, 51.451947602042566],
        [0.193755374543757, 51.451932613417995],
        [0.193689585545766, 51.451911362211895],
        [0.193641010076228, 51.45188888951367],
        [0.19360089062431, 51.45186266133986],
        [0.193567702995091, 51.451830907623005],
        [0.193542842156006, 51.451792702962315],
        [0.193519866773244, 51.45173377910022],
        [0.193456351251972, 51.45169989501193],
        [0.192992957929695, 51.451701371518205],
        [0.192881186475423, 51.45162162634794],
        [0.192873901247853, 51.451559710916825],
        [0.192859107379054, 51.451521317773036],
        [0.192834376479261, 51.45148580843569],
        [0.192805589870045, 51.45145577077102],
        [0.19273140624664, 51.451409495669296],
        [0.192649240418042, 51.45137685935026],
        [0.192615261587032, 51.451358609675374],
        [0.192454486906406, 51.45124740596431],
        [0.192385238136179, 51.45118395163104],
        [0.192128222613369, 51.45089648611383],
        [0.191978825729409, 51.45078237106586],
        [0.191915674690124, 51.45072599682762],
        [0.191886889170569, 51.4506959589208],
        [0.191746928847037, 51.45068868386062],
        [0.191720528251475, 51.45067838592571],
        [0.190985182388327, 51.44878741563113],
        [0.188824000873356, 51.449129959704436],
        [0.188797558850012, 51.449118762592384],
        [0.188407953351767, 51.44861613436958],
        [0.188377412720592, 51.44860951019101],
        [0.187646444143164, 51.44870319341483],
        [0.187617384460449, 51.44869744069735],
        [0.187374296231182, 51.44830898338398],
        [0.187350707168737, 51.44820690339416],
        [0.187280935199219, 51.447289120681916],
        [0.187334583596035, 51.44708667624194],
        [0.187411454113477, 51.44694854800175],
        [0.187440596968553, 51.446895844691625],
        [0.187438128377613, 51.446874307555554],
        [0.187055665265649, 51.44661075548459],
        [0.186500982372048, 51.446206527054215],
        [0.185750396431832, 51.445707925838704],
        [0.18508832813166, 51.44525443327478],
        [0.184250928620423, 51.444654920831155],
        [0.184220391219488, 51.444648295526534],
        [0.184038621769041, 51.44469934573661],
        [0.183662312614788, 51.444805280426436],
        [0.183629156735534, 51.44480409955338],
        [0.183201945997997, 51.44453687226308],
        [0.183172889502446, 51.44453111840167],
        [0.183050027301619, 51.44458017049361],
        [0.183018395132845, 51.44458075966839],
        [0.182750092793285, 51.4444166882719],
        [0.182636400234252, 51.44438643075946],
        [0.182531591811625, 51.44436140350146],
        [0.182163344079898, 51.44430440996925],
        [0.181418285383169, 51.44422205432355],
        [0.181058042642022, 51.44418199503871],
        [0.181040018171597, 51.444166143057735],
        [0.181030131706161, 51.44410967114399],
        [0.180976468237308, 51.443678106514675],
        [0.180976339795447, 51.443675411005145],
        [0.180861141230758, 51.44352287502765],
        [0.180833266588862, 51.44351170280072],
        [0.180531637008049, 51.44346335689489],
        [0.180442947148014, 51.443444323004606],
        [0.180209604807303, 51.443379417752055],
        [0.179856464469274, 51.44324659482264],
        [0.179549549146583, 51.44311740773488],
        [0.179520793481215, 51.443117942479404],
        [0.179199581218514, 51.44344406599972],
        [0.179170868119485, 51.443445499165065],
        [0.178888112824507, 51.443340142232316],
        [0.178861094201064, 51.44334693961865],
        [0.178724526725691, 51.443470883824354],
        [0.178698903026617, 51.44347675594233],
        [0.178051024821625, 51.443198323773146],
        [0.17626163012839, 51.44212542498719],
        [0.175991145919358, 51.442005444494654],
        [0.175957906777339, 51.44200246441141],
        [0.17515828575831, 51.44234555149463],
        [0.174673841265489, 51.44253799827438],
        [0.174396746963239, 51.44267263842723],
        [0.174185959557669, 51.442809645099835],
        [0.174049653090884, 51.442878721704666],
        [0.173907082988423, 51.4429371227376],
        [0.173779560063028, 51.44297905713273],
        [0.173675796545071, 51.443006161961016],
        [0.173580275609199, 51.443025020144816],
        [0.173481537691788, 51.44303674351559],
        [0.173365332959375, 51.44304429420435],
        [0.173138034631576, 51.443045810983335],
        [0.172770375197858, 51.44303104419536],
        [0.17276095046509, 51.443044708397295],
        [0.172828016265907, 51.443244908038814],
        [0.172753098294526, 51.44318244668863],
        [0.172498840508812, 51.44291916884257],
        [0.172492023216368, 51.44289681273689],
        [0.172559507434108, 51.442772357883214],
        [0.172550027815329, 51.44275454762522],
        [0.172433275436696, 51.44265958747338],
        [0.172396338111263, 51.44260901208525],
        [0.172351200663357, 51.44256758166296],
        [0.172298959723645, 51.442528081480646],
        [0.172159843735219, 51.442447025038305],
        [0.172024487267774, 51.442354207876114],
        [0.171876606043628, 51.442240039482385],
        [0.171744242502498, 51.44211928827525],
        [0.171355293939727, 51.44180724366399],
        [0.171110701245127, 51.4415653669683],
        [0.170991460955674, 51.44135713983468],
        [0.170876429280788, 51.44120728905317],
        [0.170770536048537, 51.44106806048868],
        [0.170524001502184, 51.44081542696855],
        [0.169732002252308, 51.43961963549217],
        [0.169748615633993, 51.4396058384446],
        [0.169804174181323, 51.43959401828441],
        [0.169790383279616, 51.43957628762353],
        [0.169820288046196, 51.439478609693225],
        [0.169823909324541, 51.439433577702026],
        [0.169808149079207, 51.43934393958575],
        [0.169778065078559, 51.43928604211281],
        [0.169724509977919, 51.439218686864606],
        [0.169654043698302, 51.43915883905079],
        [0.169566708852702, 51.43910739715141],
        [0.169487371577703, 51.43907289382597],
        [0.169402581820474, 51.439044786466845],
        [0.169146067779874, 51.43873298108606],
        [0.169037886832027, 51.438545231174984],
        [0.168748491090421, 51.43799481994795],
        [0.168679356291689, 51.4377200144532],
        [0.168688118528332, 51.437479739467285],
        [0.168500594868974, 51.43734831446053],
        [0.168363142568712, 51.43724114314221],
        [0.168260959443283, 51.437149506547605],
        [0.168177763448958, 51.43706381369754],
        [0.168031158390353, 51.43688486739762],
        [0.167931876439506, 51.436732923815235],
        [0.167789926551714, 51.43656108549924],
        [0.167644771066629, 51.436412688079365],
        [0.167537078678021, 51.43626539621848],
        [0.167372938745339, 51.436111054483824],
        [0.167231928648734, 51.4359589827026],
        [0.167107915107336, 51.43580120067644],
        [0.167052079995101, 51.43571590040358],
        [0.166997427490721, 51.43562518244331],
        [0.16691551341753, 51.435414462433954],
        [0.166663801321217, 51.435051302864366],
        [0.166661616537829, 51.43494432665887],
        [0.166649616016488, 51.434812351542604],
        [0.166559996975895, 51.43471238752097],
        [0.166552854080064, 51.434561437308986],
        [0.166504352091917, 51.43405333058512],
        [0.166747754339565, 51.43372418370654],
        [0.166664105994287, 51.43253415851895],
        [0.166798012487763, 51.432414773874456],
        [0.166837394567102, 51.43233490737841],
        [0.166819026456539, 51.43194674959381],
        [0.166345263284166, 51.43163355891191],
        [0.16620525619023, 51.43153272744239],
        [0.166069476996864, 51.431430019065424],
        [0.16664932378134, 51.4313095858405],
        [0.166667372589419, 51.4312957626612],
        [0.166352592994889, 51.43054167369721],
        [0.166183505206473, 51.43028220373004],
        [0.166158516987056, 51.43027097471418],
        [0.165595625903185, 51.43035422100035],
        [0.16556370575386, 51.4303485157509],
        [0.165218518384375, 51.429985281734325],
        [0.164562022685467, 51.429062137630076],
        [0.16441462529268, 51.428743810047095],
        [0.164406752601392, 51.42869899046547],
        [0.164389158245953, 51.42866154482966],
        [0.164352666139402, 51.428619951709905],
        [0.164302097932455, 51.42858491363784],
        [0.164249207137533, 51.42856160933294],
        [0.164190949189178, 51.428546497818076],
        [0.164123012039939, 51.42853965871444],
        [0.164061163942857, 51.42853990152753],
        [0.16400688466835, 51.428548098241315],
        [0.163805499319339, 51.4286093719615],
        [0.163876408418378, 51.42867910734622],
        [0.163897005107601, 51.42893232951903],
        [0.163521128376899, 51.42889340508742],
        [0.163298664727802, 51.42905668789427],
        [0.162877063093375, 51.4291157297826],
        [0.162607995710659, 51.42920612880776],
        [0.162337108049157, 51.42928846709906],
        [0.162131235359934, 51.42934622349649],
        [0.161239334561492, 51.42956052107505],
        [0.161047069760047, 51.42960183720687],
        [0.16066925965228, 51.42967445233913],
        [0.160642034233473, 51.42967675288935],
        [0.160274578490992, 51.42938945623432],
        [0.159972041861307, 51.42928891542458],
        [0.159811173454381, 51.429202849697326],
        [0.15971284949518, 51.42928380005184],
        [0.159706716802414, 51.42964183405159],
        [0.159679537085744, 51.42967560899772],
        [0.159612071597801, 51.42973980319279],
        [0.159523172272016, 51.42980709021133],
        [0.159377666969553, 51.4298943054681],
        [0.159349936070126, 51.42991639960495],
        [0.159154935403266, 51.43011334170909],
        [0.159059486114515, 51.430224814678304],
        [0.158826494917111, 51.43016525667388],
        [0.158606019978209, 51.430127050838344],
        [0.158521557667598, 51.430196953247],
        [0.158429738695857, 51.43026339389125],
        [0.158334663509526, 51.430321800742846],
        [0.158195282645471, 51.43038641923844],
        [0.158109040734664, 51.43041858357066],
        [0.157981283293882, 51.43045510950416],
        [0.157769057304751, 51.430500384960105],
        [0.15756308853929, 51.43055633641308],
        [0.157272777579969, 51.430623732372496],
        [0.156957606468514, 51.430682592179046],
        [0.156688938277535, 51.430720810790014],
        [0.156380995105608, 51.43078043531786],
        [0.156379557687593, 51.43078046176665],
        [0.155848898967291, 51.4308765574232],
        [0.155609600903591, 51.4304385044835],
        [0.155467755975687, 51.43008409202794],
        [0.155431057660212, 51.429946275056345],
        [0.155387508967332, 51.429693473875595],
        [0.155385182984543, 51.42964405524542],
        [0.155402257889016, 51.429364958707914],
        [0.155384626833306, 51.42923488470982],
        [0.155339305327435, 51.42909722629541],
        [0.155274579923816, 51.428975212795194],
        [0.155186814849654, 51.42885272366949],
        [0.154770360279436, 51.42840983314932],
        [0.154464249159279, 51.428171751284715],
        [0.15403525143433, 51.42779833476909],
        [0.153737477041251, 51.42752322656606],
        [0.153602766507636, 51.42683054451273],
        [0.153498534706043, 51.42629647802483],
        [0.153335339285021, 51.42564029097653],
        [0.153305247175066, 51.425459185591365],
        [0.153292781500945, 51.42531642615929],
        [0.153287502143021, 51.4251735346778],
        [0.153292706935217, 51.42500886738205],
        [0.153320150036233, 51.42473587560863],
        [0.153432776510647, 51.42422480293437],
        [0.15348832625045, 51.42402953358968],
        [0.153504139047534, 51.423906938359345],
        [0.153507818735781, 51.423832228932156],
        [0.153491339810307, 51.42360410984016],
        [0.153452583280786, 51.42342226436672],
        [0.153444256768366, 51.423398136305764],
        [0.153384238562173, 51.423222976607164],
        [0.153295988274906, 51.422936822572765],
        [0.153108883181528, 51.42232244207877],
        [0.152977735794765, 51.42198042011368],
        [0.152825199585661, 51.421703540471384],
        [0.151971120576015, 51.421006083685334],
        [0.151439033344728, 51.420671422202034],
        [0.151342330059241, 51.420603052261995],
        [0.151132865631261, 51.42043063495914],
        [0.151376166661246, 51.420312856767495],
        [0.151626989506629, 51.420202134343775],
        [0.152270309980125, 51.41999607182678],
        [0.153081645776631, 51.41953961146542],
        [0.153140103454492, 51.419467492713906],
        [0.153760375458404, 51.41910806514994],
        [0.15395585976177, 51.41898306662858],
        [0.154136634539115, 51.418851143777786],
        [0.154604353446701, 51.41849001936773],
        [0.154610608930847, 51.41847011975464],
        [0.15435262312105, 51.418183489923955],
        [0.154091937953361, 51.41777820158793],
        [0.154068185313786, 51.41776245082488],
        [0.153503357011583, 51.417709881376744],
        [0.153141063805529, 51.417651789310305],
        [0.152474796168099, 51.41770539751787],
        [0.152298296999582, 51.4177140352572],
        [0.152109795157379, 51.41771210157364],
        [0.151921124503651, 51.41770657348884],
        [0.151756503280434, 51.41769250979631],
        [0.151274856014472, 51.41763480496932],
        [0.151029467337225, 51.417615927907],
        [0.151053996717766, 51.417433819153665],
        [0.151111030661843, 51.41671872841028],
        [0.151110524415524, 51.41670794610944],
        [0.151095012953241, 51.415734289415425],
        [0.151143848039233, 51.41548788411716],
        [0.15115718110873, 51.41525112353083],
        [0.15114983555013, 51.415155932609395],
        [0.151128247283851, 51.4150637010494],
        [0.151071289677151, 51.41492265728629],
        [0.150749259583073, 51.41437370047672],
        [0.150598233504859, 51.41418941804101],
        [0.150535690622999, 51.41414380230261],
        [0.150500572410307, 51.414130957316345],
        [0.150451296058759, 51.414122868649955],
        [0.150302915720228, 51.41411749793828],
        [0.150234875371186, 51.4141079549138],
        [0.150176598199455, 51.41409193760094],
        [0.150132521411558, 51.41407206249396],
        [0.150098292139981, 51.41404751018002],
        [0.14997093120032, 51.41390775770271],
        [0.149933958289948, 51.4138553773898],
        [0.149933831810505, 51.41385268181118],
        [0.149856004192348, 51.41369583298484],
        [0.149766864992139, 51.41342048406332],
        [0.149665828678055, 51.41298347936281],
        [0.149632707486877, 51.412890559801035],
        [0.149587202660042, 51.41280955830387],
        [0.14952483504884, 51.412736959825104],
        [0.149463268464901, 51.41268143331666],
        [0.149251901595457, 51.4125288322295],
        [0.149133923191645, 51.41243567035139],
        [0.149480092199681, 51.41196708059693],
        [0.149725911564571, 51.41165860762156],
        [0.151603938181013, 51.41144247925332],
        [0.152475666690103, 51.41135632365892],
        [0.153744077626395, 51.411265568871436],
        [0.153597191736705, 51.411077616905764],
        [0.153539807405751, 51.41098874152021],
        [0.153484325722581, 51.4108791472255],
        [0.153419760289243, 51.41072925131763],
        [0.15336208367423, 51.4105729336708],
        [0.153333731694718, 51.41048981974555],
        [0.153256665082539, 51.4101962653783],
        [0.153033081825018, 51.40923272631325],
        [0.152906379484007, 51.408708963422065],
        [0.152036063080574, 51.40867099316646],
        [0.151569041741916, 51.40867777112179],
        [0.151153357411447, 51.40873666347146],
        [0.150697865091735, 51.40880527802214],
        [0.150041600597392, 51.408946821124516],
        [0.149285725072934, 51.40914144782383],
        [0.14896379685292, 51.40862395968943],
        [0.148876683233199, 51.40848346788413],
        [0.148803153111978, 51.40850999676854],
        [0.148601113337843, 51.40858654507841],
        [0.147964481536068, 51.40880955282849],
        [0.147348047374875, 51.409003409321414],
        [0.146593006491654, 51.40918541305856],
        [0.145886682983099, 51.40936382179565],
        [0.145680841797134, 51.40939007382996],
        [0.145538175662097, 51.40941426943545],
        [0.145544673426138, 51.40946091404351],
        [0.145544925829141, 51.409466305220384],
        [0.14520976208961, 51.409556076728585],
        [0.144686107200567, 51.4097356302173],
        [0.144412209182523, 51.40984406261731],
        [0.144180656406242, 51.40993553210409],
        [0.14369980228765, 51.41010800279898],
        [0.142597604973736, 51.41049327774071],
        [0.14214366010219, 51.41065715620941],
        [0.141975326784207, 51.41071688932977],
        [0.141482457639259, 51.410878778835965],
        [0.140589598323502, 51.41119006326129],
        [0.140356855858308, 51.41125636643829],
        [0.139966041831097, 51.411386708410355],
        [0.139695174379575, 51.41146809530168],
        [0.139268446425489, 51.411568514563704],
        [0.139139708090709, 51.41161403118613],
        [0.13885302168913, 51.41172628104544],
        [0.138607099502578, 51.41188005323464],
        [0.138356152312062, 51.41201862852025],
        [0.138176481862325, 51.41208216018587],
        [0.137998236300318, 51.412176241719486],
        [0.137712591489166, 51.41231095218947],
        [0.137527464950015, 51.412380877469],
        [0.137048457404476, 51.41256317904592],
        [0.136874668342797, 51.412598723174966],
        [0.136350781944698, 51.41286727359278],
        [0.135971508527602, 51.41302976635812],
        [0.135290349579741, 51.41331826533549],
        [0.134317296281584, 51.41376226000873],
        [0.134319849351446, 51.41381707066719],
        [0.134136036818806, 51.41385369254678],
        [0.133933111562176, 51.41391224534169],
        [0.133703261024723, 51.41397938174428],
        [0.133204746516646, 51.414144935889425],
        [0.132814738409746, 51.414262648803444],
        [0.132436322441783, 51.41435137193229],
        [0.132140034274886, 51.41441251987264],
        [0.131864881176082, 51.41446428957197],
        [0.13153368711988, 51.414517078038614],
        [0.130297575463012, 51.41471761764487],
        [0.129778121504441, 51.41480439958603],
        [0.129030566976009, 51.414903417443476],
        [0.128229734663041, 51.414970124171596],
        [0.128005570660864, 51.414974195238116],
        [0.127744856976969, 51.414965440096616],
        [0.127520818093463, 51.41497220585318],
        [0.127370582691539, 51.414957846795495],
        [0.127255812208745, 51.414932951466604],
        [0.127134501482975, 51.41489108811316],
        [0.127018813623654, 51.414846424680704],
        [0.126910394130203, 51.414803427801814],
        [0.126845249971364, 51.414763242559104],
        [0.126709089115286, 51.41468028065823],
        [0.126626243286719, 51.41463052430102],
        [0.126318513793794, 51.41472423976263],
        [0.12625014674737, 51.41476954584637],
        [0.126164035875149, 51.41480438228379],
        [0.125899637904652, 51.41480917933893],
        [0.125679368331116, 51.41480418233801],
        [0.125507621489869, 51.41479111041564],
        [0.125402474381567, 51.41478762183606],
        [0.125339018561892, 51.4147528009197],
        [0.125080325241602, 51.41469454191082],
        [0.124809595344415, 51.41462480973992],
        [0.124575019341161, 51.41459039330467],
        [0.124059823515834, 51.41442796754215],
        [0.123072883530229, 51.41410951639154],
        [0.122449179974083, 51.413932862180474],
        [0.122015650877221, 51.41382560391566],
        [0.121785996429937, 51.41377310688239],
        [0.120729440293505, 51.41356561079223],
        [0.120161745548276, 51.41344908294107],
        [0.119883739021299, 51.41340824859327],
        [0.119489824524374, 51.41334882634222],
        [0.119070462272952, 51.413298855931885],
        [0.118855116957259, 51.41327577117845],
        [0.118583981869511, 51.413259090492474],
        [0.118173176544649, 51.41323863892921],
        [0.117985548401006, 51.41322404450782],
        [0.117292130352846, 51.413218589938204],
        [0.116915437916005, 51.41318942392161],
        [0.116380909752516, 51.41319907930983],
        [0.116023146679842, 51.413174964313285],
        [0.115030160162446, 51.41309756619595],
        [0.114346802184782, 51.41309191261854],
        [0.113560484581324, 51.41309890372619],
        [0.113478152998488, 51.413059920433206],
        [0.113098950999449, 51.412913879064156],
        [0.112559006129057, 51.41302433574374],
        [0.112522211161143, 51.413099640580505],
        [0.112493954667369, 51.41317299288361],
        [0.112333738109804, 51.41322264447996],
        [0.11207478855505, 51.413283068438844],
        [0.111764221207184, 51.41331564463295],
        [0.11130672776048, 51.41337424903256],
        [0.110348930819912, 51.413529993817484],
        [0.10959290629383, 51.41366411248733],
        [0.109536938013911, 51.41363544335355],
        [0.108870701848862, 51.41378322888302],
        [0.108342479561267, 51.413898850767644],
        [0.107623615739098, 51.414090742150286],
        [0.107502880985814, 51.414123489646165],
        [0.107210507439587, 51.414207885543014],
        [0.10700569471534, 51.414257432433224],
        [0.107010281123094, 51.41435717161409],
        [0.107011355420586, 51.41438053394443],
        [0.106404313035647, 51.41456501127927],
        [0.105688766852661, 51.41479819852614],
        [0.104716307160022, 51.41513671699687],
        [0.104475653089652, 51.415220177023556],
        [0.104132698132377, 51.415362129023485],
        [0.103817696886243, 51.41548649156235],
        [0.103728651908347, 51.41552046476053],
        [0.103513859828232, 51.41560345848638],
        [0.103351452007199, 51.41566842498001],
        [0.103231493639324, 51.41571824065715],
        [0.103116017551594, 51.41580304820813],
        [0.102987401818367, 51.41588359498297],
        [0.102849963807785, 51.41599127873105],
        [0.10270875021643, 51.41611072087394],
        [0.102621635029238, 51.416155450105805],
        [0.102604597092372, 51.41616025228514],
        [0.102524907992231, 51.41617876869127],
        [0.102450630886936, 51.41615851833078],
        [0.102391478265655, 51.41621713438318],
        [0.10243861713886, 51.41624146885985],
        [0.10244974826983, 51.416264650775],
        [0.102452869691388, 51.41626999053124],
        [0.102275357721195, 51.41638198974235],
        [0.101089046296776, 51.41695093579575],
        [0.100441887293002, 51.41723412398001],
        [0.099510986369635, 51.41769685528043],
        [0.098672406304326, 51.41813454407238],
        [0.098433865416018, 51.418264716836354],
        [0.098046122770594, 51.41849738192495],
        [0.097402584111848, 51.418860525180115],
        [0.096721505842744, 51.41922073931965],
        [0.096644397517175, 51.41926438566959],
        [0.09566016380555, 51.419789191747626],
        [0.094858176632638, 51.420242385454365],
        [0.094798064028049, 51.42028033098809],
        [0.094264313460504, 51.42059203294425],
        [0.09425170825817, 51.420630927753756],
        [0.0942430448088, 51.420661658494055],
        [0.094081796913334, 51.42075267060864],
        [0.093885112118861, 51.420855107180415],
        [0.093593368270392, 51.42101769566239],
        [0.093311271969871, 51.42117111815299],
        [0.092973082114181, 51.421387592896984],
        [0.092873545996663, 51.421475702537236],
        [0.092385840724922, 51.421788371949106],
        [0.092089320819602, 51.422004100044944],
        [0.091805404754468, 51.422212408059735],
        [0.091455290810684, 51.42245157340978],
        [0.091222496762728, 51.42258252784946],
        [0.091049490605211, 51.422699824941596],
        [0.090932250043483, 51.4227783565765],
        [0.090929457620038, 51.42278020498164],
        [0.090651243113865, 51.422924558727],
        [0.090528621430285, 51.4230112795633],
        [0.090307071691455, 51.4231681109846],
        [0.090064125751089, 51.423328920735884],
        [0.089810907541405, 51.423548367046244],
        [0.089396705682742, 51.42386510859892],
        [0.089120979683952, 51.424064270967136],
        [0.088936502353238, 51.42421414379076],
        [0.088730010755858, 51.42438599165211],
        [0.08862507643929, 51.4245137625389],
        [0.087881724714824, 51.42512054005261],
        [0.087592307742774, 51.42533523054209],
        [0.087398455293356, 51.42550055578367],
        [0.087250190401878, 51.42562460071067],
        [0.086934636721917, 51.425928784734225],
        [0.086464687098467, 51.42638050245697],
        [0.08597504544876, 51.426905411182545],
        [0.085607263443536, 51.4272950543068],
        [0.085146028467792, 51.42778078438596],
        [0.084420474220683, 51.42865431127419],
        [0.083996790973279, 51.42914386511195],
        [0.083663684180503, 51.429505906500296],
        [0.083464500011885, 51.42968121189505],
        [0.0831441454527, 51.42991262811693],
        [0.082906193902109, 51.430058045777045],
        [0.082606470559328, 51.430205459939295],
        [0.082167106067726, 51.43035085787376],
        [0.081405972460869, 51.43057031509108],
        [0.080995399444406, 51.430684621426735],
        [0.080711740169323, 51.43077419095197],
        [0.080516241766536, 51.43077766164289],
        [0.080385847274251, 51.430757494146526],
        [0.080371699802252, 51.43082609120716],
        [0.079439323972946, 51.431044977950954],
        [0.077009895045083, 51.43159435718015],
        [0.075576772604935, 51.4319389935683],
        [0.075343176131047, 51.43199079254366],
        [0.075182198145527, 51.43161324429264],
        [0.074835988369017, 51.43083069857567],
        [0.074304792686792, 51.431490286506694],
        [0.074022226849561, 51.431572626048464],
        [0.073327823296025, 51.43177376296708],
        [0.073035153924202, 51.43137875717999],
        [0.073471425543429, 51.431259527836886],
        [0.072237708918082, 51.42993871192631],
        [0.071942833526682, 51.42965345553355],
        [0.071636595228796, 51.42943494655093],
        [0.071230810206262, 51.42921010253426],
        [0.0702890208157, 51.428679976299115],
        [0.070125160485772, 51.42858754632412],
        [0.069928824569237, 51.42847680467644],
        [0.068541613928209, 51.42760740583313],
        [0.06693508299368, 51.426722074769756],
        [0.066404183618902, 51.42633754906763],
        [0.066579522338758, 51.42601521027943],
        [0.064714558375598, 51.42561732333146],
        [0.064778973390206, 51.42551456899037],
        [0.064194198232784, 51.425370193013684],
        [0.06419699190847, 51.425368345232634],
        [0.064437224787668, 51.4250493630772],
        [0.064004022535482, 51.42478900582818],
        [0.063529143717166, 51.42446553145156],
        [0.063480154385708, 51.424399846789115],
        [0.063388309572646, 51.42430883733282],
        [0.063342174621414, 51.42427457741108],
        [0.063264054880186, 51.424232787007604],
        [0.063202312196576, 51.42420329825305],
        [0.062940584215119, 51.42410898415446],
        [0.061708273271994, 51.42373498375738],
        [0.061337517090651, 51.42406255120245],
        [0.060899947673162, 51.42507924686455],
        [0.060644449195286, 51.42505945890231],
        [0.059836364496247, 51.424874922533384],
        [0.059254123496345, 51.4247223839053],
        [0.059152501355224, 51.42470168734387],
        [0.059005797380319, 51.42467009203523],
        [0.058831760924985, 51.42467045175307],
        [0.058731067992452, 51.42467042209604],
        [0.058596597155412, 51.424590949186026],
        [0.058199762060838, 51.42488299310242],
        [0.057780796746691, 51.42516283420149],
        [0.056414973236941, 51.42614005185408],
        [0.056391304567264, 51.42615755360273],
        [0.055985201735773, 51.4265001124073],
        [0.054827026616457, 51.42752222928722],
        [0.054711296851324, 51.42766814406643],
        [0.05441817350055, 51.4279322770818],
        [0.05389180561783, 51.42844870002058],
        [0.053458873600056, 51.428995857665775],
        [0.0529270252057, 51.42964726485132],
        [0.052454009811022, 51.43016724281943],
        [0.05215612645333, 51.43048630963622],
        [0.051334903290433, 51.431262380673324],
        [0.051049086481584, 51.43152997409725],
        [0.050148223740291, 51.43213476751196],
        [0.049535906895258, 51.43253306854416],
        [0.049252122424503, 51.432717887713686],
        [0.048368624578931, 51.43332596054642],
        [0.047784917082388, 51.4337534285117],
        [0.047104174791523, 51.43439212149965],
        [0.046623639470054, 51.43484296131537],
        [0.046414868051973, 51.43503275845511],
        [0.046198231941467, 51.43523977890123],
        [0.045802212933035, 51.43565047043444],
        [0.045147078454509, 51.436219459705946],
        [0.045148158375038, 51.436404693235126],
        [0.045182907573596, 51.43660282849855],
        [0.044884582973883, 51.43678519256948],
        [0.044319001485752, 51.43716916071738],
        [0.043586651898489, 51.43765315647494],
        [0.043311620829712, 51.43774518198979],
        [0.043225340032923, 51.43787528358858],
        [0.042943536479469, 51.43829926165499],
        [0.042912512972736, 51.43834566582149],
        [0.042712313692705, 51.43863152990552],
        [0.042498105870814, 51.43899047963473],
        [0.042467241817082, 51.439040478024594],
        [0.042313396271622, 51.439268878785356],
        [0.042184708042478, 51.439480653912305],
        [0.041953568832378, 51.43965374607373],
        [0.041401294611803, 51.43995023736006],
        [0.040946420148114, 51.44020456230749],
        [0.04011705474952, 51.4407091098226],
        [0.040076999316057, 51.44074667757856],
        [0.040098614502188, 51.44081194895111],
        [0.039999451023478, 51.440879322501665],
        [0.039814260419542, 51.440985962986296],
        [0.039748519904958, 51.44099609987935],
        [0.039616922128324, 51.44104605189293],
        [0.039323730985236, 51.44115097377472],
        [0.039049630848576, 51.441264555615426],
        [0.038815386289684, 51.44133607657409],
        [0.038490115647888, 51.441399288098026],
        [0.038298205149248, 51.44145208610339],
        [0.037895577279222, 51.44165243273502],
        [0.03759638878754, 51.441784432958094],
        [0.036992408557186, 51.44192262902752],
        [0.036953149197259, 51.44197816748216],
        [0.036820945748138, 51.442014637612246],
        [0.03677637291067, 51.44204778630074],
        [0.036701723001875, 51.44205178131592],
        [0.036567524193341, 51.44214044415694],
        [0.036173588856324, 51.442310058158576],
        [0.036047335216217, 51.442350920451446],
        [0.035979875102298, 51.44238716424104],
        [0.035935300417044, 51.44238793850328],
        [0.035896477302492, 51.44238861284691],
        [0.035731360076169, 51.44242925054788],
        [0.035543595239929, 51.44244600072859],
        [0.035488995734821, 51.44248022232505],
        [0.035479170201562, 51.442485788642706],
        [0.035257495978619, 51.442613738823475],
        [0.035240560788422, 51.44262122713494],
        [0.035131959769305, 51.442670774722586],
        [0.034837389707374, 51.44277750772247],
        [0.03461543268176, 51.44289916660367],
        [0.034606126177051, 51.442916414492046],
        [0.034570817360062, 51.442963790010765],
        [0.034309316150813, 51.443069947641966],
        [0.034296614514402, 51.44307556377529],
        [0.034129775517107, 51.44314230822342],
        [0.034031756570195, 51.44320336178072],
        [0.033989697033037, 51.44322837223898],
        [0.033971523126265, 51.44324037826426],
        [0.033939608315144, 51.443299385342144],
        [0.033835196488503, 51.443443283515],
        [0.033638918187668, 51.443495250289914],
        [0.033597297304507, 51.44353014508291],
        [0.033584834979994, 51.443541152671074],
        [0.033470518156903, 51.44359169713386],
        [0.033377212169677, 51.44359691294767],
        [0.033180532488993, 51.44367226721193],
        [0.033087626530065, 51.44365409455214],
        [0.033068773724393, 51.44365082443493],
        [0.032971232377063, 51.443690286059756],
        [0.032703771970351, 51.443792046999185],
        [0.032526544707795, 51.44381940092395],
        [0.032285246490124, 51.44389462808535],
        [0.032094636431407, 51.443944695405754],
        [0.031658495910722, 51.44400711199026],
        [0.031334028685865, 51.444153922603846],
        [0.031285895957642, 51.444171843078045],
        [0.031001098845619, 51.44420735376208],
        [0.030759240618205, 51.44423762342507],
        [0.030585760429957, 51.44431706774162],
        [0.030500721568053, 51.4443140445092],
        [0.030324892039113, 51.44430809749008],
        [0.029978330427452, 51.44327543104466],
        [0.029572925625438, 51.44211608457517],
        [0.029573979641123, 51.44197757710325],
        [0.029574301997778, 51.44195239166276],
        [0.029576442611515, 51.44174102363607],
        [0.029359008045488, 51.441705220093475],
        [0.028895103602873, 51.44162781943752],
        [0.028880565542779, 51.441624473964914],
        [0.028648793117627, 51.44158981657356],
        [0.028563321397263, 51.441576907371264],
        [0.028216001994106, 51.44153255819019],
        [0.027767509812619, 51.441510641786046],
        [0.027281145259886, 51.441543335541674],
        [0.026852454130017, 51.44157862709964],
        [0.026662250981116, 51.44160529729486],
        [0.026217901165987, 51.44164445439352],
        [0.025416227420551, 51.44173834606114],
        [0.02500438306702, 51.441796721002426],
        [0.024673019519574, 51.44185280503443],
        [0.024417585043771, 51.441901281777575],
        [0.024173812068488, 51.441953153693085],
        [0.02363852803352, 51.442083799308385],
        [0.023259137820268, 51.44219286670875],
        [0.022776160242141, 51.44236756943029],
        [0.022074409184487, 51.442573922158886],
        [0.021554006726706, 51.44271599205822],
        [0.021482904566053, 51.44273520392322],
        [0.021098223472188, 51.4434091029991],
        [0.020596858101245, 51.44421091129899],
        [0.021483411739531, 51.444441128291174],
        [0.021496512214696, 51.44444449947557],
        [0.021421116717106, 51.444659828214334],
        [0.021263122395437, 51.44499258829174],
        [0.02126225315069, 51.44523361011084],
        [0.02123399563687, 51.44570172254822],
        [0.021210059080662, 51.44669134227146],
        [0.021531914471657, 51.44677751839072],
        [0.022751115661587, 51.44714137694014],
        [0.022942439832945, 51.44720462184474],
        [0.022820146927407, 51.44743335066909],
        [0.022678721066805, 51.44765251743781],
        [0.022459515538945, 51.44803309771147],
        [0.022401728230585, 51.448125821209246],
        [0.022293837177391, 51.4482571788158],
        [0.022196797537033, 51.44843870872976],
        [0.022179315660721, 51.448531636043285],
        [0.022140610774095, 51.448665397023426],
        [0.022131448476941, 51.448718612534485],
        [0.021927612001863, 51.44895863907097],
        [0.021567351155109, 51.44901341380345],
        [0.020467203216401, 51.449130403351894],
        [0.019165582297398, 51.44928052939197],
        [0.017985480297834, 51.44941236195304],
        [0.017293980426001, 51.44952768144043],
        [0.015063793732772, 51.45003186677226],
        [0.014875990913852, 51.45060433784628],
        [0.015009173003, 51.450621832636756],
        [0.01512275490592, 51.450226895741174],
        [0.019838435633916, 51.450732063053444],
        [0.019871672181537, 51.45073508745699],
        [0.019744869339474, 51.45112306275207],
        [0.019710689050263, 51.45119649321925],
        [0.019639689725927, 51.45134879525223],
        [0.019535944776859, 51.45170489825398],
        [0.019289100484799, 51.45168846734491],
        [0.018331621451958, 51.45158265549879],
        [0.018330500320784, 51.4515898690265],
        [0.018041597861635, 51.45300221287408],
        [0.018010143075261, 51.45303962476784],
        [0.017928128222074, 51.45313815863915],
        [0.017858966316875, 51.453267046641976],
        [0.017703636013396, 51.45359615816986],
        [0.017604035518758, 51.45381819551822],
        [0.017507603736379, 51.45411212043549],
        [0.017502302203416, 51.454187750991416],
        [0.017495154229499, 51.454286794539954],
        [0.017478425619373, 51.45436442031457],
        [0.017462620180363, 51.45443033959009],
        [0.01743871569361, 51.4545737361111],
        [0.017438188661744, 51.45459442856303],
        [0.017428639357759, 51.45470430475666],
        [0.017452313690395, 51.45475155902249],
        [0.017472873748324, 51.45479347121682],
        [0.017513934426646, 51.45503916655326],
        [0.017479692410639, 51.45504605082012],
        [0.016024377175005, 51.455338173712974],
        [0.015316235452482, 51.455469954022576],
        [0.014813309274742, 51.45555503774626],
        [0.014395282117517, 51.4556395596996],
        [0.014197292768656, 51.45568702635304],
        [0.014030629863588, 51.45572676024191],
        [0.013528632696956, 51.455865779061675],
        [0.013160334051577, 51.455968327207515],
        [0.012979112535614, 51.45603708646184],
        [0.012606718008205, 51.456177472801414],
        [0.012288543804485, 51.45630703516755],
        [0.011915259765098, 51.456460024417034],
        [0.011700422516993, 51.45655004195596],
        [0.011518998929936, 51.4566143060028],
        [0.011516161713154, 51.456615253963925],
        [0.011484682995071, 51.4566850383989],
        [0.011483876728695, 51.45669944065673],
        [0.011485361820227, 51.45676596163049],
        [0.011481630389298, 51.45687753593493],
        [0.011414942739591, 51.45696501074166],
        [0.011375442171776, 51.4570160479787],
        [0.011256821439857, 51.457166463817245],
        [0.011233712055148, 51.45719743569856],
        [0.010998854309446, 51.45751980867881],
        [0.010796191043733, 51.457854218791965],
        [0.010645239358899, 51.45808792194011],
        [0.010442988611934, 51.45846459028206],
        [0.010311065573299, 51.458672786885586],
        [0.010113892161691, 51.4590340798319],
        [0.009947431283246, 51.45934088927555],
        [0.009903525690212, 51.459553871158356],
        [0.009867132878544, 51.45983956555231],
        [0.009823816344041, 51.46029534174199],
        [0.009747147163166, 51.46087668898701],
        [0.009764902565552, 51.46114976439091],
        [0.009804726940078, 51.46140087881918],
        [0.009823294845743, 51.461725198973504],
        [0.009843972797878, 51.4620647706193],
        [0.009825072402105, 51.462289913525176],
        [0.009795667717195, 51.462505344472994],
        [0.009719641744383, 51.46277373262127],
        [0.009617856521499, 51.46301288618975],
        [0.00953276305515, 51.46327153759201],
        [0.00938043707954, 51.46363835506224],
        [0.009310196423466, 51.463841895896564],
        [0.009279880631693, 51.464036658929935],
        [0.009269143746353, 51.46408720236039],
        [0.009120931589895, 51.46444945253549],
        [0.009048969685281, 51.46458108066595],
        [0.00901775832288, 51.46465715464023],
        [0.008988103884464, 51.464735899749435],
        [0.008987519777202, 51.46485371478914],
        [0.009067862169041, 51.46510953062632],
        [0.009138880800158, 51.46531694534401],
        [0.009174232181828, 51.465564539387195],
        [0.00911634784789, 51.46582002620373],
        [0.009097136377418, 51.46587431193371],
        [0.009943273337748, 51.46599559885584],
        [0.010484886263265, 51.46606724664379],
        [0.010753978141328, 51.46609680408459],
        [0.010913534553466, 51.4661237434277],
        [0.011302770658574, 51.46620069886997],
        [0.011459489928519, 51.46622858542292],
        [0.011596621383198, 51.4662693977214],
        [0.011808547998544, 51.466341300273115],
        [0.012089579409252, 51.466478562796226],
        [0.012483130247953, 51.46665346129044],
        [0.012746377894715, 51.46671368986307],
        [0.012837528722043, 51.46672381549283],
        [0.012974346462184, 51.466757437376785],
        [0.013153598083032, 51.46680651739615],
        [0.013245421612519, 51.46683191883847],
        [0.013141500584114, 51.46695690410169],
        [0.013012686214648, 51.467072424675905],
        [0.01276486462037, 51.467264628175826],
        [0.01269120863152, 51.46735761877914],
        [0.012666848542237, 51.467491129706474],
        [0.012692882605938, 51.467624674754035],
        [0.012779950912794, 51.46773828716442],
        [0.012976782095833, 51.46789228084205],
        [0.013053147754289, 51.46799168841664],
        [0.0130689540005, 51.46812181189859],
        [0.013051694387419, 51.46828577632527],
        [0.013013461804126, 51.46843121608555],
        [0.012889883165865, 51.46879664501951],
        [0.012601745173434, 51.46980698110767],
        [0.012992508643602, 51.469852430268084],
        [0.013481149299153, 51.46989709648114],
        [0.013486113127745, 51.46987902573309],
        [0.013496925650429, 51.4698302791904],
        [0.013587608067977, 51.469829621017375],
        [0.013756063481827, 51.46982942547592],
        [0.014025168078759, 51.46979332824664],
        [0.014358502440563, 51.46974443626008],
        [0.01454523983271, 51.46970165953685],
        [0.014987312679457, 51.46957176100099],
        [0.015263001401911, 51.46945641153369],
        [0.015528247949551, 51.46936552135804],
        [0.015831468437427, 51.46925419358594],
        [0.015849868188759, 51.469214309099804],
        [0.015960189634693, 51.469169246906915],
        [0.01603037160123, 51.46916084587023],
        [0.016041842005423, 51.469159749348265],
        [0.016111917723083, 51.46911627835181],
        [0.016330578461591, 51.468981223681105],
        [0.016533023415807, 51.46913151781279],
        [0.016612041464222, 51.46932350285158],
        [0.016623185483285, 51.4694456126111],
        [0.016694306568167, 51.46949115154641],
        [0.016605608997106, 51.46963476276509],
        [0.016463928975001, 51.46985032795152],
        [0.016347442667164, 51.46991887779127],
        [0.016291278308869, 51.4699513183646],
        [0.016205612652235, 51.470000453215775],
        [0.016199277799662, 51.4700527201217],
        [0.016196149986136, 51.4700797521683],
        [0.016143840720112, 51.47016698215773],
        [0.015893115675081, 51.470620031877075],
        [0.015515850622684, 51.47127309696477],
        [0.015357581282977, 51.47156988062995],
        [0.015212840282213, 51.47191229453807],
        [0.015079040304646, 51.472274304232485],
        [0.014995242540904, 51.47252933995811],
        [0.014953197249439, 51.47281693120501],
        [0.014984943542434, 51.47307987307602],
        [0.016029149469877, 51.47331371899103],
        [0.016194846228605, 51.47334863917612],
        [0.016552734869785, 51.47343151225764],
        [0.01778059652052, 51.47371524086365],
        [0.018123643340124, 51.473853220382054],
        [0.018041189903217, 51.4738447476248],
        [0.017040200117963, 51.473742369433495],
        [0.015251109898982, 51.47353212980113],
        [0.014356847787476, 51.473433289835704],
        [0.013563667489469, 51.47334080055708],
        [0.012088940318499, 51.473172774920805],
        [0.010148376515557, 51.472955165094994],
        [0.009218835046553, 51.472872178573155],
        [0.007489712658126, 51.4726814764204],
        [0.005411630332086, 51.472446358980804],
        [0.004544825883549, 51.472348773254026],
        [0.003759073651994, 51.47226058719025],
        [0.002842843087447, 51.47215214308649],
        [0.001636305359079, 51.47202346890868],
        [0.000878019966104, 51.47193749246847],
        [0.000365717726363, 51.47187878899327],
        [-5.678548649e-6, 51.47184825496412],
        [-0.000359061555578, 51.47183449871735],
        [-0.000983537567782, 51.47181187488659],
        [-0.001192170921273, 51.47181543199526],
        [-0.001324348829831, 51.471822181743285],
        [-0.0014965004449, 51.47183680692611],
        [-0.00234962057529, 51.4719529639828],
        [-0.003598026925479, 51.47211811224731],
        [-0.005630396775754, 51.47240090113511],
        [-0.006689248603608, 51.472554698247734],
        [-0.006954579582478, 51.472578992994734],
        [-0.007362780845554, 51.47262909650475],
        [-0.008143439474014, 51.472756569413214],
        [-0.008614385959262, 51.472754677481056],
        [-0.008895829769826, 51.47273967353795],
        [-0.009071726084462, 51.472734567168594],
        [-0.010078009635792, 51.47260776736527],
        [-0.010322322714797, 51.47255256183757],
        [-0.01167868335178, 51.472388523808384],
        [-0.012518805642305, 51.47234071876267],
        [-0.012873974097318, 51.47235213463393],
        [-0.013143897523911, 51.47237019828975],
        [-0.013363187116062, 51.472393698257626],
        [-0.013671364508817, 51.472492444029996],
        [-0.014069480428056, 51.47267544539849],
        [-0.014257570470123, 51.47252215805521],
        [-0.014542912021501, 51.472151994482836],
        [-0.014540931658561, 51.47213127770927],
        [-0.014528595559608, 51.47191794153052],
        [-0.014534390039089, 51.47191714038756],
        [-0.014754580114172, 51.471886696741095],
        [-0.015184466870541, 51.47176897648575],
        [-0.014860694529665, 51.47139928998599],
        [-0.014422882832861, 51.47067155978606],
        [-0.014097013175946, 51.47011838412607],
        [-0.014046704017293, 51.47005008657875],
        [-0.013840918307405, 51.469782214720865],
        [-0.013716812571918, 51.46965601270342],
        [-0.013473973407823, 51.469379418948485],
        [-0.013128934513713, 51.46893652597933],
        [-0.013476095913658, 51.468767050876636],
        [-0.014108032290613, 51.46847200446655],
        [-0.014493837809849, 51.468307677321164],
        [-0.014652538828176, 51.46823392681775],
        [-0.015026678748407, 51.46803972442239],
        [-0.015090178495741, 51.4680363031666],
        [-0.01530119362835, 51.46815048598729],
        [-0.015456176489433, 51.4682619214096],
        [-0.015559758757714, 51.46833022083691],
        [-0.015806663640754, 51.468480081797104],
        [-0.015904452897632, 51.46854918213945],
        [-0.016269633639249, 51.4688602147266],
        [-0.016416375044421, 51.4689957897157],
        [-0.016467349220844, 51.46904880987994],
        [-0.016558947219775, 51.46922751601013],
        [-0.016949378656943, 51.46905606490272],
        [-0.01711385002009, 51.46924769370772],
        [-0.017140443852775, 51.46929850267827],
        [-0.017161672206941, 51.469340228185324],
        [-0.017161594284409, 51.4693420254099],
        [-0.017273814279591, 51.46941046936654],
        [-0.017508957700515, 51.469433330503044],
        [-0.017743867669243, 51.46946158284588],
        [-0.017887123652377, 51.46947839322431],
        [-0.018200388903942, 51.469525954754786],
        [-0.018473405662006, 51.46960520894961],
        [-0.018700574798474, 51.46971246438054],
        [-0.019117973014814, 51.469948831539234],
        [-0.019018145995189, 51.470059553693986],
        [-0.019020906840367, 51.47006229815591],
        [-0.019166802611703, 51.47025091229402],
        [-0.01927264351113, 51.47049999995287],
        [-0.019199922472548, 51.470550029781556],
        [-0.019090336691434, 51.4705868469118],
        [-0.019031693643598, 51.47061103564496],
        [-0.018937512550267, 51.470524912812984],
        [-0.018671673393802, 51.47064541918411],
        [-0.018792491271958, 51.470748179231336],
        [-0.018945196140176, 51.47087935535066],
        [-0.018981858834157, 51.471063426083475],
        [-0.018958564851976, 51.47106932738045],
        [-0.018827550691167, 51.47110218510835],
        [-0.018884244862769, 51.47118947311922],
        [-0.01902327093659, 51.47113786601499],
        [-0.019110025630991, 51.47122925891109],
        [-0.019152986852321, 51.47146739223509],
        [-0.019285226860617, 51.47193814641455],
        [-0.019319174653589, 51.4719854820019],
        [-0.019345423405077, 51.472011105019504],
        [-0.019398582654568, 51.47204707461524],
        [-0.019893322823852, 51.47202755393347],
        [-0.019999254765464, 51.47204193275619],
        [-0.020051948404349, 51.47205541242599],
        [-0.020109969597645, 51.472078874014656],
        [-0.020145163360439, 51.47209745374094],
        [-0.020245066524924, 51.47218457144097],
        [-0.020299664462217, 51.4722871109283],
        [-0.020327701877907, 51.47237121650099],
        [-0.020337228899521, 51.47241724015836],
        [-0.020155964135494, 51.472612918101795],
        [-0.020082656996362, 51.4726764276362],
        [-0.020041666833209, 51.47272519528968],
        [-0.020006081979787, 51.472782147647315],
        [-0.01998305802414, 51.47284830482883],
        [-0.019978428435957, 51.472921966816884],
        [-0.019989976975047, 51.47298780858836],
        [-0.02000452087425, 51.47301773012798],
        [-0.020050642154242, 51.47308325647752],
        [-0.020117997732548, 51.47312396182124],
        [-0.020225876346856, 51.47315995578203],
        [-0.020327494284444, 51.47317426144241],
        [-0.020553753328269, 51.473169988203445],
        [-0.020620837537106, 51.47318371056396],
        [-0.020647593371851, 51.473197651323645],
        [-0.020665599058797, 51.47321414216627],
        [-0.020736143608531, 51.47334752582255],
        [-0.020750687857286, 51.473410720269015],
        [-0.020767915741374, 51.473445183368845],
        [-0.020796538326517, 51.47348253663187],
        [-0.020836633435941, 51.47352098282277],
        [-0.020934479876287, 51.47358918049589],
        [-0.021052277119729, 51.473662211184354],
        [-0.021141101691706, 51.473705976106366],
        [-0.02123451543382, 51.47374352352166],
        [-0.021463150163334, 51.47381752510413],
        [-0.021644961770767, 51.473875448570276],
        [-0.021577643629195, 51.47393366446406],
        [-0.021772367884804, 51.47402597788073],
        [-0.021870797718842, 51.47394760358156],
        [-0.021884992704374, 51.4739523394264],
        [-0.022031998776704, 51.474015969940034],
        [-0.022101534986219, 51.474039624776886],
        [-0.022188455154481, 51.4740608750153],
        [-0.022341450075003, 51.47408593755329],
        [-0.022449409500484, 51.47408685927225],
        [-0.022506457856084, 51.47396642004419],
        [-0.022672675106424, 51.473985410273926],
        [-0.022617843317109, 51.47408790156506],
        [-0.02261158236244, 51.47409948648005],
        [-0.022645928227246, 51.47427092701683],
        [-0.022811018554402, 51.474282703877606],
        [-0.022803169367539, 51.474464224021965],
        [-0.022801655142068, 51.47453254299439],
        [-0.022830519399182, 51.474730869112896],
        [-0.022930560377397, 51.47508147278668],
        [-0.022918469635031, 51.475194576891596],
        [-0.022924538981917, 51.475254031039285],
        [-0.02288716694744, 51.47531904753103],
        [-0.022767577355211, 51.47535390089225],
        [-0.022763221552609, 51.475354726705675],
        [-0.022527968115743, 51.47536694600365],
        [-0.022318149810924, 51.47539038510555],
        [-0.02215869641821, 51.47544794644114],
        [-0.022026349462495, 51.47547808749479],
        [-0.021799729140292, 51.475490450978434],
        [-0.021599204844912, 51.475498758021104],
        [-0.021390085464993, 51.47550602040314],
        [-0.021075453439548, 51.47552229281226],
        [-0.020943805707499, 51.475536257591635],
        [-0.020846498840524, 51.47558857125222],
        [-0.020746080079098, 51.47567950090757],
        [-0.020707537585097, 51.4757714750601],
        [-0.020652427220522, 51.47584698264375],
        [-0.020700691055916, 51.47592963098473],
        [-0.020727252402116, 51.47611442970544],
        [-0.020753114650419, 51.476215584515884],
        [-0.020756614765023, 51.47623452826847],
        [-0.020768475743537, 51.47635972700185],
        [-0.020791576878515, 51.476458137379076],
        [-0.020775125027831, 51.47650552095932],
        [-0.02076046226417, 51.47654484131036],
        [-0.020670347732211, 51.47663054922758],
        [-0.020578326984877, 51.476727016132486],
        [-0.020453441707048, 51.47681753248197],
        [-0.020336723807738, 51.47688570485746],
        [-0.020212499831674, 51.47692767154894],
        [-0.020045648724424, 51.476989601479154],
        [-0.019895054621792, 51.47704191375969],
        [-0.019709962305365, 51.47709274391359],
        [-0.019561274811354, 51.47710102374706],
        [-0.019411847638875, 51.47712637702529],
        [-0.019261758480366, 51.47716700651892],
        [-0.019165146995798, 51.477203143692634],
        [-0.019118395520486, 51.47725181368627],
        [-0.019097622985446, 51.477332397026814],
        [-0.019067477906457, 51.47739663515335],
        [-0.019082368299587, 51.47751828816538],
        [-0.019095628116031, 51.477577864003166],
        [-0.019165821060747, 51.47778588195995],
        [-0.019201712223582, 51.47795465177077],
        [-0.019166620740967, 51.478166286599674],
        [-0.019133903947309, 51.4783231060772],
        [-0.019118650506743, 51.478475724234215],
        [-0.019139375499075, 51.47859567725028],
        [-0.019128359805533, 51.478783438515826],
        [-0.019131347096647, 51.478947156069005],
        [-0.019061597652508, 51.47919417609326],
        [-0.019029230113251, 51.47934290799783],
        [-0.018997722308059, 51.479405324532706],
        [-0.018964037119628, 51.47945151741685],
        [-0.018897834776277, 51.47951694480299],
        [-0.018632988381205, 51.47971300666994],
        [-0.018572580594539, 51.4797776325256],
        [-0.018517580570016, 51.47981717019018],
        [-0.018443949805265, 51.4798545944267],
        [-0.018376698633801, 51.47987773812385],
        [-0.018292411675031, 51.47989519823444],
        [-0.017951610592249, 51.479916415754595],
        [-0.01776860853402, 51.47991871767515],
        [-0.017644454529849, 51.47992561135374],
        [-0.017463668181593, 51.4799432378453],
        [-0.017231421168601, 51.47998517339186],
        [-0.017105551920375, 51.4800316053656],
        [-0.017027329448385, 51.48007524595483],
        [-0.016961786098903, 51.480125395822455],
        [-0.016910322031056, 51.48018297794062],
        [-0.016860020866011, 51.48028014757587],
        [-0.016859709006432, 51.480287336459355],
        [-0.017067363461999, 51.48038077546539],
        [-0.017116524857618, 51.4804094842325],
        [-0.017644585785612, 51.48071966869644],
        [-0.017875265217317, 51.4808800414717],
        [-0.018161346860056, 51.480858798515754],
        [-0.018400869074515, 51.48084845849732],
        [-0.018583721030287, 51.48081647713701],
        [-0.018727715730638, 51.48078383889958],
        [-0.018934683957547, 51.48072708495733],
        [-0.020014638624409, 51.48036583519863],
        [-0.020417988521377, 51.48023056124005],
        [-0.02036739136676, 51.47993564589153],
        [-0.022523464826456, 51.47969955032361],
        [-0.023070909902965, 51.47962874701859],
        [-0.023120720289547, 51.48024198908414],
        [-0.02316123082133, 51.48073727003796],
        [-0.024719825790609, 51.48119698494042],
        [-0.026408662495057, 51.48150959263226],
        [-0.026368334072762, 51.481576358948494],
        [-0.026065082811154, 51.481828444890276],
        [-0.02595209897297, 51.48194344765698],
        [-0.025882950130985, 51.482043900788],
        [-0.025819095326914, 51.48218850716763],
        [-0.025739120793476, 51.48257294675803],
        [-0.025578047913187, 51.48343443144344],
        [-0.025295945295768, 51.48419675664399],
        [-0.025289617267219, 51.48434323079061],
        [-0.025222190941003, 51.48463705519485],
        [-0.025207165841234, 51.48498481891761],
        [-0.025201256155031, 51.48502158938043],
        [-0.025029769047666, 51.48529028006033],
        [-0.024847309114568, 51.48554619590256],
        [-0.02475994848149, 51.4856679240227],
        [-0.024733849178533, 51.485705253621724],
        [-0.024611869073603, 51.48586146989051],
        [-0.024201723815783, 51.48618638946456],
        [-0.023444083277539, 51.486786022169674],
        [-0.023018186974345, 51.48657560760689],
        [-0.021883948748458, 51.48609155676829],
        [-0.021391274338952, 51.48589349864112],
        [-0.021080967478191, 51.48577495418835],
        [-0.020020365363258, 51.48538745022143],
        [-0.019472934528928, 51.485223530758496],
        [-0.018968995971936, 51.48508642232086],
        [-0.018813827858443, 51.4850442328087],
        [-0.018031262870294, 51.48482237724344],
        [-0.017650286536991, 51.48477277201794],
        [-0.017451277112579, 51.48477840001003],
        [-0.017428209767365, 51.484778909252285],
        [-0.016786573869677, 51.4846952177323],
        [-0.016586089960934, 51.48466844562292],
        [-0.016545985409512, 51.4846632708821],
        [-0.016362656008701, 51.484639486377795],
        [-0.015932978178642, 51.48461692898227],
        [-0.015662127189683, 51.484585367501765],
        [-0.015473700491812, 51.484579480725195],
        [-0.015134268139474, 51.48456833972733],
        [-0.014802227442515, 51.484552826544345],
        [-0.014557279426342, 51.48455497402661],
        [-0.013802564513159, 51.484521508944844],
        [-0.013192669265296, 51.484503082752944],
        [-0.012887116329223, 51.48450779688727],
        [-0.012785469525496, 51.48452675742952],
        [-0.011057694481299, 51.4846782156953],
        [-0.010831839640177, 51.48470495955235],
        [-0.010605945434719, 51.48473260157763],
        [-0.007958052599209, 51.48520832356941],
        [-0.007464642867502, 51.48535911079484],
        [-0.006966833694271, 51.48551161972061],
        [-0.006736173719674, 51.48558233828951],
        [-0.006244363172146, 51.485696277519736],
        [-0.005926637844511, 51.48578170091443],
        [-0.005650494118065, 51.48587142779055],
        [-0.00555537131286, 51.485905780655436],
        [-0.005381192874872, 51.48596936385238],
        [-0.00514300605923, 51.48608041843993],
        [-0.004744991530333, 51.48625619825638],
        [-0.004554821305068, 51.48632310519601],
        [-0.003410333690025, 51.4869025369538],
        [-0.002953226536017, 51.48714474981742],
        [-0.002175264545732, 51.487642283064595],
        [-0.00174555160487, 51.488015352252134],
        [-0.001476417062319, 51.48830662545416],
        [-0.001177778910589, 51.48871250174893],
        [-0.000941383136914, 51.48911134500665],
        [-0.000703961016969, 51.489533551322424],
        [-0.000580923550671, 51.489843500280976],
        [-0.00051016688849, 51.490077902620406],
        [-0.000475709825996, 51.4903057297446],
        [-0.000447145224556, 51.490662252998405],
        [-0.000449130044641, 51.49091318327333],
        [-0.000415335019702, 51.49138922024734],
        [-0.000676888840866, 51.492160757599635],
        [-0.000802257179315, 51.492554976856916],
        [-0.001024408235641, 51.49307494511241],
        [-0.001081648373043, 51.49331422741689],
        [-0.00121373535584, 51.4934891388029],
        [-0.001441059005373, 51.49385811697915],
        [-0.001600942749814, 51.494089256371524],
        [-0.002020084447248, 51.49455232840256],
        [-0.002111898962826, 51.49466000656041],
        [-0.002142233596014, 51.494691098554505],
        [-0.00221051887051, 51.494776793280124],
        [-0.002308864254047, 51.494899870121834],
        [-0.002469777360487, 51.49510764477097],
        [-0.00282415303147, 51.49566853010357],
        [-0.003658164690577, 51.49712246153543],
        [-0.004005476045246, 51.497614878230294],
        [-0.004163409832274, 51.497924217039674],
        [-0.004331214526434, 51.49827149288633],
        [-0.004376971696162, 51.49837838530666],
        [-0.004476680463512, 51.49863547443107],
        [-0.004603275419984, 51.499002731732716],
        [-0.004947026876272, 51.500138061803206],
        [-0.004994491876014, 51.50037088057706],
        [-0.005082692695681, 51.50072669281231],
        [-0.005179488618952, 51.50088571138398],
        [-0.005178142282117, 51.500949536538315],
        [-0.005177843301512, 51.501022372192104],
        [-0.005177124812519, 51.50107181973119],
        [-0.005175388829643, 51.501243550459186],
        [-0.005137096579565, 51.50146052201881],
        [-0.005080319521733, 51.50157286398662],
        [-0.00503541373843, 51.50167731446332],
        [-0.004937995493834, 51.50182943205253],
        [-0.004863115613466, 51.50196035057305],
        [-0.004821927177061, 51.502111626161735],
        [-0.00466759944046, 51.502510973325464],
        [-0.0045623396419, 51.502809537901015],
        [-0.004510494346354, 51.50294084813825],
        [-0.004326041090081, 51.50323806491314],
        [-0.004034303458473, 51.50361618813984],
        [-0.003717219715298, 51.50391474359488],
        [-0.003554434776681, 51.50411160998422],
        [-0.003362968744465, 51.50430529003565],
        [-0.003228442148019, 51.504481953923225],
        [-0.003049278010926, 51.504657857567004],
        [-0.00287506082637, 51.504819456895724],
        [-0.002662593934465, 51.504966016234434],
        [-0.002454195359057, 51.50515131302101],
        [-0.00200014171485, 51.5054511278448],
        [-0.001317546545664, 51.50586934662458],
        [-0.000918753100627, 51.5060585898357],
        [-0.000156628295345, 51.50631807428175],
        [0.000143579699028, 51.50639478795127],
        [0.000647269800836, 51.50651119460008],
        [0.000954089543764, 51.50657430438817],
        [0.001364524437804, 51.50666711955773],
        [0.002181836036136, 51.50673859925931],
        [0.002697809985232, 51.506740580319054],
        [0.003156501347451, 51.506750731710774],
        [0.003609748451929, 51.506768168472156],
        [0.003871345691423, 51.50675290761826],
        [0.003954586585641, 51.50674519036726],
        [0.004146198654571, 51.50671134085387],
        [0.005174199875736, 51.5064284841021],
        [0.005965152994215, 51.50616226295385],
        [0.007320807707391, 51.505630080243385],
        [0.007597973806166, 51.50551022928846],
        [0.00827869897354, 51.50614604792544],
        [0.008768880480142, 51.50657739539565],
        [0.009050498503683, 51.506820769606264],
        [0.009178411378817, 51.50697684963806],
        [0.009346006955043, 51.50728152833656],
        [0.009525701110825, 51.50763186221924],
        [0.009648032671367, 51.50775926076291],
        [0.00981506440785, 51.50808373237863],
        [0.009863919118395, 51.50821149062284],
        [0.009863260747508, 51.508327507640026],
        [0.009814489363539, 51.508430860164594],
        [0.009734591449551, 51.508547335848974],
        [0.00966494774597, 51.50863485914255],
        [0.009589504222155, 51.508721582506126],
        [0.00941117707183, 51.50889370070295],
        [0.009205307373257, 51.50902942045255],
        [0.009050107978956, 51.50910492005652],
        [0.008841904076878, 51.50918762226653],
        [0.00845456614573, 51.509293175968644],
        [0.008054915921077, 51.509380953816446],
        [0.007823607163294, 51.509429877586186],
        [0.007688481610984, 51.50943758652408],
        [0.007649640364806, 51.50943915071914],
        [0.007249768381387, 51.509489160309805],
        [0.006775882573208, 51.50956021894796],
        [0.00648243392366, 51.50963808066909],
        [0.006239701405208, 51.509722268215576],
        [0.00614103044105, 51.50977251662611],
        [0.005995924141595, 51.509881112413524],
        [0.005931459773278, 51.509988328729804],
        [0.005935367536147, 51.51007728947526],
        [0.005999482684513, 51.51022457212652],
        [0.006108576451444, 51.510411552445866],
        [0.006168626452607, 51.510466279885264],
        [0.006176992231838, 51.51052548849979],
        [0.006211437124244, 51.51058784806847],
        [0.006634375476277, 51.51093132704388],
        [0.006913679665891, 51.511121689074756],
        [0.007192643706973, 51.51156654925508],
        [0.007274225762431, 51.511750402279546],
        [0.007405871082166, 51.511827284671554],
        [0.007572855503132, 51.51201956762429],
        [0.007640092168896, 51.512106544964745],
        [0.007690579103603, 51.512173125830316],
        [0.007855076671403, 51.51230879704569],
        [0.007989587526907, 51.51271296344676],
        [0.00802900283113, 51.51298656546142],
        [0.007990668181221, 51.51322912499873],
        [0.007896790686789, 51.513355730562985],
        [0.007887192476741, 51.51349797928182],
        [0.007847504634959, 51.51357869362361],
        [0.007633701438951, 51.51376400592913],
        [0.007543154656205, 51.51386807246589],
        [0.007432585197225, 51.51400845237392],
        [0.007362357964124, 51.51411576803451],
        [0.007292227415876, 51.514192506877905],
        [0.007103883317864, 51.51426857098868],
        [0.006909756624876, 51.51431146082474],
        [0.006647388028881, 51.514342928200364],
        [0.006404115470832, 51.514349788064514],
        [0.006275070429525, 51.514332211747494],
        [0.006106450515199, 51.514332398317485],
        [0.005558960995676, 51.51417269950784],
        [0.005477856626111, 51.51413092153716],
        [0.005252811979334, 51.513896463525285],
        [0.005076459595266, 51.513786170878895],
        [0.004917883144765, 51.51358834510434],
        [0.004877420523947, 51.51348741953083],
        [0.004821214983263, 51.5134218345064],
        [0.004754613075799, 51.51328358646459],
        [0.004681560726615, 51.51309688817281],
        [0.004615098808989, 51.512797668688876],
        [0.004624944624561, 51.51252951853064],
        [0.004664145417035, 51.51220780978163],
        [0.004619878433203, 51.5119216999089],
        [0.004524065759371, 51.51147909911068],
        [0.004430481833304, 51.51125138522283],
        [0.004380573804617, 51.51109936260801],
        [0.004319440860188, 51.510987099609],
        [0.004258130245962, 51.51090361619706],
        [0.004079998229431, 51.51071961250984],
        [0.004002787829482, 51.5106678750521],
        [0.003937965697245, 51.51063570976616],
        [0.00386898118237, 51.51060721263812],
        [0.003711521779136, 51.510565838818074],
        [0.003539207582319, 51.51054720026758],
        [0.003285401068239, 51.51054344252669],
        [0.003069233396565, 51.510543537724274],
        [0.002589411807329, 51.51061108362269],
        [0.0025026315303, 51.510636845648825],
        [0.002453174786708, 51.51065927253542],
        [0.002382983794188, 51.510701837310826],
        [0.002306398143295, 51.510795769495104],
        [0.002258337939775, 51.510882919747566],
        [0.00222244635957, 51.51101752343233],
        [0.002233285526253, 51.51119899050312],
        [0.00225427033801, 51.51128316342323],
        [0.002303974514757, 51.51143069403709],
        [0.00235381879, 51.51154854639659],
        [0.002481500667899, 51.51179816136844],
        [0.002762020817579, 51.51231224885811],
        [0.003285309395034, 51.513103659978256],
        [0.003495085786008, 51.51348316464667],
        [0.003610095904696, 51.51367364318698],
        [0.003806562727904, 51.513979634721956],
        [0.003980384943157, 51.51422935899243],
        [0.0040241019456, 51.51430594901924],
        [0.004057816672626, 51.514384508480184],
        [0.00408967664115, 51.51448648058519],
        [0.004112145131297, 51.514637173617835],
        [0.004047510999682, 51.51480644112022],
        [0.003999371247892, 51.51489179485231],
        [0.00389774516612, 51.515039212645185],
        [0.003808035982532, 51.51512977288205],
        [0.003614234977636, 51.515278765217],
        [0.00317738554308, 51.515571295170034],
        [0.002983089152669, 51.51567623078535],
        [0.00266542305592, 51.51582733683344],
        [0.002545210361338, 51.515879748430905],
        [0.002310229818945, 51.51597728415462],
        [0.001953002948932, 51.516113776085916],
        [0.001711904348655, 51.516203321617645],
        [0.000571293608907, 51.51658608706417],
        [-0.000662702189804, 51.5171736675212],
        [-0.001454059446635, 51.51756754480562],
        [-0.002081068492792, 51.51789656774931],
        [-0.002217253479523, 51.51794654865978],
        [-0.00229436147565, 51.51796314958372],
        [-0.002360261644009, 51.5179723654307],
        [-0.002429317685292, 51.51797534012542],
        [-0.002531775996005, 51.51797258878734],
        [-0.003252442537148, 51.517874250355675],
        [-0.003473190142157, 51.51780336920229],
        [-0.003649169906409, 51.517734423436394],
        [-0.003703875554352, 51.51770298099908],
        [-0.003802550082127, 51.517621927983306],
        [-0.003999283560829, 51.5173420073438],
        [-0.004131057719684, 51.51713022447068],
        [-0.004220316086286, 51.51703372334303],
        [-0.004478818854502, 51.51675845005679],
        [-0.004556462142685, 51.51669682243999],
        [-0.004606845114437, 51.51666530604307],
        [-0.00468035081158, 51.5166323844737],
        [-0.004855499584032, 51.51658230737919],
        [-0.004997744939378, 51.516559547598476],
        [-0.005068474914813, 51.51655715362697],
        [-0.005180697686138, 51.51656176021067],
        [-0.005312691576331, 51.516575695604125],
        [-0.005375552839992, 51.516588455147804],
        [-0.005621095136875, 51.51670863610667],
        [-0.005686903620738, 51.516752919914424],
        [-0.005726983604515, 51.51679226987593],
        [-0.005758265012625, 51.51683506728197],
        [-0.00578351062124, 51.516884056914236],
        [-0.005797116320918, 51.51693554642487],
        [-0.005820373111606, 51.51742604189147],
        [-0.005900066903187, 51.517614444224314],
        [-0.006029543993029, 51.517818081125675],
        [-0.00637746406126, 51.51830060653541],
        [-0.006734656037933, 51.518669980916734],
        [-0.00681345930936, 51.51874685846628],
        [-0.006972282800193, 51.5188727568402],
        [-0.007192610391481, 51.51900959193997],
        [-0.007553611918155, 51.51919288045559],
        [-0.007738689734658, 51.519278756808234],
        [-0.007928128527682, 51.519363807667034],
        [-0.008598979317245, 51.51964767729402],
        [-0.008849484896958, 51.51978682012208],
        [-0.008922835910121, 51.51988968234067],
        [-0.00903841930855, 51.52028012704823],
        [-0.009061897258, 51.52053501765656],
        [-0.009043770319391, 51.52075233214477],
        [-0.008897799622895, 51.52109157500782],
        [-0.008673299170895, 51.52144657047748],
        [-0.008524121371754, 51.52156184139337],
        [-0.008503210544538, 51.52157857238132],
        [-0.00847329413744, 51.521636516653146],
        [-0.008237037015043, 51.522095626429746],
        [-0.008175702289596, 51.52227893420889],
        [-0.008042022987624, 51.52236928829283],
        [-0.007928360091745, 51.52256249841435],
        [-0.007812802992523, 51.52283211378681],
        [-0.007832338557112, 51.52297902580758],
        [-0.00785697275589, 51.52300911996151],
        [-0.008112733213814, 51.52332550865145],
        [-0.008143265674533, 51.52341865145698],
        [-0.008153218438442, 51.52358698302503],
        [-0.008111253338883, 51.52382187777918],
        [-0.008081995998412, 51.52412892951582],
        [-0.007981013710415, 51.52495633672023],
        [-0.007896839222612, 51.52520040641201],
        [-0.007827219073193, 51.52534220705876],
        [-0.007789675766333, 51.525376640720246],
        [-0.007693558364642, 51.52546493461093],
        [-0.007548978349238, 51.525639633883586],
        [-0.007505521816559, 51.5257764831886],
        [-0.00746842199177, 51.52599887060982],
        [-0.007524538277031, 51.52619946063756],
        [-0.007636937707371, 51.52633266255998],
        [-0.007760167129665, 51.52644896228827],
        [-0.008044368194284, 51.52664263466367],
        [-0.00822917091787, 51.526834618491755],
        [-0.008368660384513, 51.52700784732501],
        [-0.008458571951299, 51.527226995960675],
        [-0.008586165282191, 51.52747466147124],
        [-0.008726452281595, 51.527596645314375],
        [-0.008932969296499, 51.527720652509345],
        [-0.00943419852509, 51.52796296841806],
        [-0.010051705280443, 51.528316065827696],
        [-0.010212451070343, 51.52839882730372],
        [-0.010353637400284, 51.52853341408983],
        [-0.010431288118323, 51.528637247317754],
        [-0.010487194183012, 51.5288099549973],
        [-0.010568701569216, 51.52905683650374],
        [-0.010636221061169, 51.52919466977409],
        [-0.010786564297988, 51.52931772087085],
        [-0.010928586167533, 51.52940016378553],
        [-0.011178471836716, 51.5294556590094],
        [-0.011875077936734, 51.52954930119194],
        [-0.012675807518548, 51.52963571075151],
        [-0.013174622200956, 51.52970261305036],
        [-0.013647297328494, 51.52984011237555],
        [-0.013966140208325, 51.52993453840147],
        [-0.014048168978809, 51.53000427126496],
        [-0.014067361047146, 51.53002707778565],
        [-0.014083476207469, 51.53005432852601],
        [-0.014175271246742, 51.53016469349442],
        [-0.014280502300109, 51.53026449468375],
        [-0.014578821810951, 51.53039993768116],
        [-0.014958878470649, 51.53051248306787],
        [-0.015512364901815, 51.530648644522856],
        [-0.0164720722034, 51.53099220890665],
        [-0.016858947482436, 51.531147128720484],
        [-0.017184416270149, 51.531321692287264],
        [-0.017443925592512, 51.53148794602086],
        [-0.017452218684734, 51.53149617955249],
        [-0.017546558635878, 51.531581405445074],
        [-0.017778983606993, 51.531972915588746],
        [-0.018033349989175, 51.53222451100002],
        [-0.018197389383098, 51.532364869754126],
        [-0.018232504545629, 51.5324526914887],
        [-0.018237278881748, 51.53260834456328],
        [-0.01817834639845, 51.532770115408844],
        [-0.018041607321894, 51.53296384431061],
        [-0.018010917872034, 51.5330064903645],
        [-0.017972942849709, 51.53308408454273],
        [-0.017986787026421, 51.533263271693144],
        [-0.017987915554845, 51.53327048486112],
        [-0.018125978195592, 51.53347784942374],
        [-0.018190495710297, 51.53355267898212],
        [-0.018375996386499, 51.53369699706128],
        [-0.018668037946025, 51.533878185686184],
        [-0.018876282533866, 51.53403008120941],
        [-0.018963231057874, 51.53411967735632],
        [-0.019003331979282, 51.53422556826387],
        [-0.01903147449765, 51.534374421788584],
        [-0.019037062731693, 51.53461102210359],
        [-0.01908296394183, 51.53474938436093],
        [-0.019164064857568, 51.534940498201856],
        [-0.019346255818156, 51.53519446873716],
        [-0.019555552305273, 51.53545519142946],
        [-0.019704962736058, 51.53563396918288],
        [-0.019917773224272, 51.535813816942294],
        [-0.02014242446641, 51.53598667005496],
        [-0.020439476553834, 51.53608610581818],
        [-0.020598673346692, 51.536139150889966],
        [-0.020867806054038, 51.536217431416645],
        [-0.020975247027598, 51.5363001776409],
        [-0.021170383781565, 51.53652199018082],
        [-0.021175012286213, 51.536681237561325],
        [-0.021220569959094, 51.53686095912136],
        [-0.021242376286195, 51.536923376010456],
        [-0.021264142547608, 51.53701996415662],
        [-0.021245912570162, 51.5371410569508],
        [-0.021089933955868, 51.537346155137804],
        [-0.020825259684678, 51.537563807441934],
        [-0.020600037582177, 51.53770298986236],
        [-0.020558560436763, 51.537728368558064],
        [-0.020202715346627, 51.53788692826436],
        [-0.020004950057438, 51.53795822907091],
        [-0.019903496221494, 51.538003278195454],
        [-0.019767847073925, 51.538072030051175],
        [-0.019671727493931, 51.538127060901736],
        [-0.019508501901052, 51.5382331159049],
        [-0.019500867975487, 51.538242878897364],
        [-0.0194963890483, 51.53824640032497],
        [-0.019426986351915, 51.53828389681036],
        [-0.019234266410493, 51.53853783161544],
        [-0.01914778916414, 51.53876928012201],
        [-0.01902858633513, 51.5391233747538],
        [-0.018916325043492, 51.539350790616716],
        [-0.01881042098036, 51.5394650067912],
        [-0.018646525033371, 51.539586336738786],
        [-0.018310985667779, 51.539774909387006],
        [-0.018106696402408, 51.53992972815089],
        [-0.017945948619979, 51.54007808816569],
        [-0.017879533658659, 51.54017948179849],
        [-0.017811907925499, 51.540308732041645],
        [-0.017769431803544, 51.540522937797114],
        [-0.017801842670936, 51.540805853555824],
        [-0.017751664467219, 51.540931801528565],
        [-0.017622622759381, 51.541014151517864],
        [-0.017461178516814, 51.54107886779479],
        [-0.017233797054495, 51.5411343760371],
        [-0.017004622415858, 51.54119794688269],
        [-0.016787170920808, 51.541257219167385],
        [-0.016634947841979, 51.54137514663727],
        [-0.016515282244431, 51.54150711332824],
        [-0.016436532858073, 51.5417593735294],
        [-0.016342028591829, 51.54214176017392],
        [-0.016207900264301, 51.542340926600666],
        [-0.016195824417756, 51.542353312048625],
        [-0.016114253654737, 51.542438261687906],
        [-0.016092544041841, 51.54253951108322],
        [-0.016312288882073, 51.54282559519841],
        [-0.016454777843655, 51.5429979649544],
        [-0.016502051382115, 51.54307160443504],
        [-0.016540243834117, 51.543188254895014],
        [-0.016568153268177, 51.54330922778561],
        [-0.016571534095849, 51.54336413988253],
        [-0.016572154615562, 51.54338303485982],
        [-0.01653344098901, 51.54364316605752],
        [-0.016527213443109, 51.543885861283705],
        [-0.01662082647501, 51.544319988637994],
        [-0.016748436087622, 51.544536170188955],
        [-0.016842652090274, 51.5448570006108],
        [-0.016838197761792, 51.544959441063604],
        [-0.016875572000493, 51.54509496201419],
        [-0.016885129743732, 51.545273177252],
        [-0.016907761941548, 51.5455487336767],
        [-0.016985298373389, 51.545954711737366],
        [-0.017051636569815, 51.54622021574906],
        [-0.017225637638142, 51.54679598584045],
        [-0.017342374136292, 51.54712978597513],
        [-0.0174587914933, 51.54753731993903],
        [-0.017508558940061, 51.54765326631456],
        [-0.017621179101696, 51.547915954962335],
        [-0.017930919622986, 51.54838880393081],
        [-0.018192237329082, 51.54894716300327],
        [-0.018341305465557, 51.5494002104718],
        [-0.018724515506109, 51.550041560487436],
        [-0.018875442942663, 51.550286010227424],
        [-0.018941921131527, 51.550482272234085],
        [-0.018948721922084, 51.55065774276672],
        [-0.018922020156305, 51.55084074090107],
        [-0.018902996618033, 51.55097980494875],
        [-0.018855532850145, 51.55114266874427],
        [-0.018844298254031, 51.55130164802621],
        [-0.018887995248013, 51.55142468526986],
        [-0.018972402481005, 51.55154031658929],
        [-0.018995692610698, 51.55160185952865],
        [-0.018082364549392, 51.55157474345226],
        [-0.01716782641657, 51.55157547686372],
        [-0.017146184423038, 51.5514429198566],
        [-0.017137154305051, 51.55138521458961],
        [-0.01697045844671, 51.551403979297184],
        [-0.01696745388676, 51.5514398989148],
        [-0.016951306853931, 51.55157901129335],
        [-0.015699151430574, 51.5517143105786],
        [-0.014385237659309, 51.55187642836426],
        [-0.013636236830762, 51.551984250069125],
        [-0.013367700548734, 51.55202286758898],
        [-0.013148327760958, 51.552058720071884],
        [-0.01293756383264, 51.5520956172176],
        [-0.011820732049963, 51.55233568287447],
        [-0.011119336094215, 51.55254231472819],
        [-0.010889389856898, 51.5526220475323],
        [-0.010831459154115, 51.55262736014688],
        [-0.010715989755647, 51.55262899933042],
        [-0.010595225205844, 51.552619757481025],
        [-0.010473646650168, 51.55259611353121],
        [-0.01040944995925, 51.552579737419435],
        [-0.010230499438899, 51.55251555277001],
        [-0.009964339612311, 51.552400429235945],
        [-0.009778536451414, 51.552328034300125],
        [-0.009471862956855, 51.55221581938526],
        [-0.009228861136051, 51.55180163316544],
        [-0.009190837780751, 51.551681386229085],
        [-0.009164355865433, 51.551528062472144],
        [-0.009178537768389, 51.55126931594826],
        [-0.009168813391086, 51.55109559354128],
        [-0.009137243668194, 51.55089362332327],
        [-0.009038147867197, 51.55061946550877],
        [-0.00889037221865, 51.550304014649726],
        [-0.008752855311536, 51.54995186798815],
        [-0.008684652926838, 51.549928228817976],
        [-0.008676122728666, 51.54992538624339],
        [-0.008551894507217, 51.549929572365855],
        [-0.008384729830711, 51.54995910803679],
        [-0.008017316861557, 51.55004909107587],
        [-0.006990776675822, 51.55026996070259],
        [-0.006302741953004, 51.55040215201849],
        [-0.005991769316487, 51.550487692321454],
        [-0.005708141651736, 51.550574595912046],
        [-0.005065408971656, 51.5507920806947],
        [-0.003822303832486, 51.55114862552314],
        [-0.003662138040147, 51.55091928619577],
        [-0.002634519667317, 51.551196753057354],
        [-0.001602525517233, 51.55147503570342],
        [-0.001117627805112, 51.551579182676015],
        [-0.000951657521166, 51.55161412373177],
        [-0.00035128972375, 51.5517198969806],
        [0.000325653411943, 51.55179558516113],
        [0.001274523342649, 51.55188821337839],
        [0.002099656861952, 51.55195506850419],
        [0.00249259770761, 51.55200141856367],
        [0.003081012871355, 51.55209748644283],
        [0.003177587020617, 51.55196454517767],
        [0.00322795698868, 51.55189624042204],
        [0.00356047915416, 51.55194631634065],
        [0.003798641357431, 51.55198271556948],
        [0.003810922648736, 51.55193394562381],
        [0.003842790705584, 51.55180570601777],
        [0.004977485453107, 51.55189243240143],
        [0.004983250934007, 51.55189233386839],
        [0.00494580081824, 51.55212318514842],
        [0.005175572576363, 51.55213274710106],
        [0.005231283085501, 51.55182514629396],
        [0.005254424007389, 51.5518265492852],
        [0.005734855358704, 51.5518615011356],
        [0.005804309138325, 51.55166966996456],
        [0.005805473800076, 51.55166335521195],
        [0.005791468112393, 51.55150892145405],
        [0.005760674580669, 51.551235172744704],
        [0.005713755462448, 51.551086697261326],
        [0.005594508984143, 51.55083514375317],
        [0.005503125742474, 51.550659551161964],
        [0.00577954500543, 51.55064763139896],
        [0.006819529729315, 51.550877143353745],
        [0.007562382373943, 51.55100831586902],
        [0.007691294665009, 51.55102049802032],
        [0.008151896488046, 51.5510638726469],
        [0.009508222228089, 51.55123758678597],
        [0.009451416212374, 51.55138873677994],
        [0.009508840808987, 51.551448003820724],
        [0.009640258241739, 51.55158244074738],
        [0.010097496864882, 51.551811113645876],
        [0.010330327832676, 51.55195550258813],
        [0.010821210897507, 51.55226003355918],
        [0.009622310222746, 51.553433431930586],
        [0.011110246010786, 51.55439802361915],
        [0.011621324039459, 51.55391714833418],
        [0.013926276657939, 51.554729206252645],
        [0.014573840864041, 51.554954594624746],
        [0.015622846176738, 51.553949185276764],
        [0.015699791970996, 51.553862433209076],
        [0.015970521517065, 51.55355832653089],
        [0.016254270735789, 51.553222521194506],
        [0.016720426771286, 51.5533907645766],
        [0.016944911340591, 51.55318277250629],
        [0.017930901686366, 51.553591169088776],
        [0.017932382869128, 51.55359204287591],
        [0.018582774580924, 51.55388120828862],
        [0.019378696561003, 51.554101319702234],
        [0.01933899583397, 51.5541820375685],
        [0.020076146241973, 51.55441034998862],
        [0.021532208190505, 51.55487806648902],
        [0.021232248412905, 51.555140424304994],
        [0.021317287214907, 51.555171332710344],
        [0.020341634972971, 51.55626725521524],
        [0.020066658911108, 51.55647522381618],
        [0.019737355736252, 51.55679203869619],
        [0.019029763446142, 51.557427407834396],
        [0.018647516188115, 51.55772174977732],
        [0.018248491933063, 51.55799569597515],
        [0.018131896811625, 51.55809931842649],
        [0.018130495037494, 51.55810024180265],
        [0.018027559168891, 51.55818654317839],
        [0.017880531177204, 51.55828709177566],
        [0.017747550501081, 51.55841167870874],
        [0.017131244061959, 51.55879636998612],
        [0.016786247035833, 51.55898754919712],
        [0.016597129430026, 51.559082524804374],
        [0.016280334667409, 51.559226456056],
        [0.016075487572401, 51.55929202544104],
        [0.015952782116013, 51.559322910340306],
        [0.015788389400244, 51.559357209149084],
        [0.015622316435095, 51.559386141013796],
        [0.015379759059605, 51.55941458797712],
        [0.015004256398753, 51.55943812369357],
        [0.014754661008, 51.559437913820375],
        [0.01447277573306, 51.56033931920639],
        [0.014190247609318, 51.561324366181104],
        [0.014181704960718, 51.56178403601349],
        [0.014182062333463, 51.561792123241304],
        [0.014193345919423, 51.5622433593159],
        [0.014188502847806, 51.56298263618062],
        [0.01423114771065, 51.56342524042568],
        [0.014273472343806, 51.56376263644138],
        [0.014289600888166, 51.563899047416136],
        [0.014317131062775, 51.56439137048782],
        [0.014362511825743, 51.56469993757479],
        [0.014454435174669, 51.56521273731249],
        [0.014431223414742, 51.56560161705769],
        [0.015596829199624, 51.565595987329694],
        [0.016503706808666, 51.56561277818782],
        [0.017167170376045, 51.56560676923942],
        [0.017509183753796, 51.565640456324395],
        [0.017750510690057, 51.56568126955464],
        [0.017966840637344, 51.56574409451651],
        [0.018151849526423, 51.56581645045184],
        [0.0183376549148, 51.56590677764688],
        [0.018480366105759, 51.56600144297355],
        [0.018481807910121, 51.56600141816966],
        [0.018685902562512, 51.56614628519526],
        [0.018752805127935, 51.56622336995161],
        [0.018820026369674, 51.56630764328721],
        [0.018821627407253, 51.566311212789486],
        [0.018858380500958, 51.566359140577944],
        [0.018893731663824, 51.566407991740306],
        [0.018927680893571, 51.56645776627784],
        [0.018957304738923, 51.56650761523412],
        [0.018982642995476, 51.56655843719007],
        [0.019002253827509, 51.56661025695903],
        [0.019010816487701, 51.56664068453977],
        [0.019022174540026, 51.56670163894177],
        [0.019026363295914, 51.56676361597356],
        [0.019026186765085, 51.566824768859675],
        [0.019018801076815, 51.56688604579932],
        [0.019008491892863, 51.56694647378206],
        [0.019006085951474, 51.56695730633223],
        [0.018988567556943, 51.56701785836605],
        [0.018966683794168, 51.56707758625041],
        [0.018940434646983, 51.56713648998313],
        [0.018908378258056, 51.56719459437098],
        [0.018563280439537, 51.567840806674866],
        [0.018561957986183, 51.56784352721293],
        [0.01841784400755, 51.56830373090353],
        [0.018149647826702, 51.56889466314215],
        [0.017906444337978, 51.56946358256263],
        [0.017687855988018, 51.56993675635262],
        [0.017667649880272, 51.570001850670806],
        [0.017710093009435, 51.57004788243496],
        [0.017795157599811, 51.5700787930437],
        [0.017972267361641, 51.57010272502341],
        [0.018155304236023, 51.570130151838214],
        [0.018247667686959, 51.57013036167516],
        [0.018344764024948, 51.57010710921575],
        [0.018436101526928, 51.57005158231062],
        [0.018617970847825, 51.56995493033408],
        [0.018836086602305, 51.5698621507347],
        [0.019077781289403, 51.569813028822644],
        [0.019129642237852, 51.56984361056568],
        [0.019064308785475, 51.570323142231125],
        [0.019025190885258, 51.57087326441291],
        [0.018945531209756, 51.571746019852064],
        [0.018898652319708, 51.57225131230974],
        [0.018882724572049, 51.57234780736536],
        [0.018760967875747, 51.5723031406252],
        [0.018759525872281, 51.57230316543463],
        [0.018015336137595, 51.572020109660436],
        [0.01789248104011, 51.57217869404409],
        [0.017782851330999, 51.572310073013064],
        [0.017625147684225, 51.57246386079764],
        [0.017472096965838, 51.57259238903645],
        [0.017311128909967, 51.57267249306705],
        [0.017060635756592, 51.5727514380834],
        [0.016672781484269, 51.57285702351559],
        [0.016459232428869, 51.57289036920322],
        [0.016343184035822, 51.57290944941741],
        [0.016465047437131, 51.57311958090672],
        [0.016832852908535, 51.57360425621553],
        [0.017195932483425, 51.57411239242183],
        [0.017317504287614, 51.57425058714564],
        [0.017382348950079, 51.574411339326666],
        [0.017390465975919, 51.574594649062675],
        [0.017356236848324, 51.574929762715605],
        [0.017350890165674, 51.57539567190583],
        [0.017320580144565, 51.57588449176203],
        [0.017379762771858, 51.576503964365145],
        [0.017413250716104, 51.57745570590911],
        [0.017361532971143, 51.577591484183635],
        [0.01661535385295, 51.57918880742322],
        [0.01637414319513, 51.57931525193915],
        [0.015977028019879, 51.58012601383971],
        [0.015232890268536, 51.581706206090914],
        [0.015332597070335, 51.58174136340185],
        [0.015429379650934, 51.58177567159254],
        [0.015669934191114, 51.58186236506393],
        [0.015530633952509, 51.58197626599732],
        [0.015473317334412, 51.58205098976649],
        [0.015379035060282, 51.58220368473675],
        [0.015246799022411, 51.58250990560729],
        [0.015403683932961, 51.582532390528776],
        [0.015386230925437, 51.58272513189249],
        [0.015413797611032, 51.5829566674849],
        [0.015501957922933, 51.58338320099157],
        [0.014865957781367, 51.583395921388664],
        [0.014100144874521, 51.58341086644891],
        [0.013369010897085, 51.58378581457065],
        [0.013325298367087, 51.58410310387135],
        [0.013273437506914, 51.584562615911324],
        [0.01313760738636, 51.5854084513759],
        [0.013032720389243, 51.586007358753264],
        [0.012918997836022, 51.58696162482921],
        [0.012832276007627, 51.587612377275995],
        [0.012680737089395, 51.58862574327456],
        [0.012621929712568, 51.58899364939272],
        [0.012575442030468, 51.589313683470266],
        [0.012513458363967, 51.58980574163757],
        [0.012492118058687, 51.590368144167854],
        [0.012390903223884, 51.59075656096198],
        [0.012390786172388, 51.59094990352281],
        [0.01245257039148, 51.591269879274634],
        [0.012275660289803, 51.59144826822569],
        [0.012280266971098, 51.59155250319709],
        [0.012248133021809, 51.59164208075689],
        [0.012264613838035, 51.59201499033676],
        [0.012191159363716, 51.592116966729],
        [0.012198716954063, 51.59215730376501],
        [0.012090042592874, 51.592148375952625],
        [0.01208505557041, 51.59268891559705],
        [0.012134465072985, 51.592990219178],
        [0.012174703697827, 51.59337800874048],
        [0.012188098669175, 51.5934524174893],
        [0.012303969979574, 51.59411408311902],
        [0.012342527977317, 51.59430046762067],
        [0.012347319858693, 51.594343549834164],
        [0.01235298555424, 51.594406400737846],
        [0.012376427596932, 51.59451211120579],
        [0.012412232796505, 51.59466886737032],
        [0.012428250137837, 51.59480258213401],
        [0.012536675230874, 51.59536096048155],
        [0.012611880044235, 51.595919009141745],
        [0.012597223165081, 51.596403960390624],
        [0.012684872267252, 51.59691683264712],
        [0.012791498021791, 51.5976955595855],
        [0.012856918751937, 51.59839136212364],
        [0.012905000124303, 51.599054189433694],
        [0.012991192055845, 51.59920738337935],
        [0.013230601102311, 51.59959265526453],
        [0.013401189273711, 51.59989098010604],
        [0.013770271766177, 51.60036754901275],
        [0.01414365648917, 51.60094116272391],
        [0.014817172585377, 51.60177040786804],
        [0.015739157758939, 51.603057600259355],
        [0.017046213761918, 51.60485344274972],
        [0.017186730444259, 51.60505875619054],
        [0.017401392516998, 51.60530775788934],
        [0.01743228505686, 51.605353088997596],
        [0.017456290075569, 51.60537335928997],
        [0.017988575740783, 51.60581563568256],
        [0.017983144854883, 51.60588856888044],
        [0.018058924352755, 51.60596909833929],
        [0.018129785678936, 51.60600385020635],
        [0.017987311456969, 51.606047665739794],
        [0.018274197469233, 51.60652473460544],
        [0.018706802573664, 51.6071611628351],
        [0.019104832581862, 51.60776671028346],
        [0.019118817492776, 51.607788951127674],
        [0.01944639756077, 51.60765292309737],
        [0.019552797288237, 51.60760972654912],
        [0.019428204911496, 51.607796217974276],
        [0.019307638906912, 51.60807346493458],
        [0.019242061296822, 51.60822297053094],
        [0.01923825023622, 51.6082347264354],
        [0.019408054783014, 51.60825338719557],
        [0.019476281218676, 51.60826120589261],
        [0.019505400748319, 51.60836411940968],
        [0.019587256524638, 51.60854885714715],
        [0.01962439731549, 51.6086372445029],
        [0.019656610542402, 51.608712227783485],
        [0.019572182207037, 51.60872986716023],
        [0.019532132749399, 51.60873864957915],
        [0.019640619159389, 51.60887257067463],
        [0.019682017407131, 51.608926712990815],
        [0.019851549255744, 51.60910184851259],
        [0.020186337290755, 51.609778622654076],
        [0.020368113002431, 51.60970894884509],
        [0.020423219785998, 51.60977904155762],
        [0.020687443509248, 51.610167468239425],
        [0.020612456875951, 51.61026767742485],
        [0.02083528386864, 51.61060196175465],
        [0.021049451092238, 51.61054611733008],
        [0.02119144722688, 51.6107514005506],
        [0.021374982150735, 51.61114391291174],
        [0.021178816169379, 51.61118236205345],
        [0.021308258767351, 51.61143012636568],
        [0.021352769078191, 51.61158672977229],
        [0.021374746599726, 51.61175631080491],
        [0.021379896449812, 51.61187222622917],
        [0.021365553214292, 51.61203703721073],
        [0.021317342265508, 51.61215477082385],
        [0.021264448152546, 51.612232118512416],
        [0.021233009472931, 51.61227222718893],
        [0.02104791406254, 51.612462459794905],
        [0.020561524149211, 51.61289348429026],
        [0.016252100965438, 51.61685147430702],
        [0.016132685879394, 51.61689489119665],
        [0.016042019491995, 51.616935116433176],
        [0.015797444415453, 51.6170553207587],
        [0.015274395522039, 51.61721537688463],
        [0.014703300843098, 51.61739963594224],
        [0.013523897528652, 51.61774360483844],
        [0.01061467546175, 51.61852996209813],
        [0.009096398665601, 51.618954328117646],
        [0.009002318932641, 51.61898291595269],
        [0.008678455773022, 51.61907478680935],
        [0.009025485132872, 51.61918035537349],
        [0.00945813725786, 51.61916395713012],
        [0.009648465970724, 51.61918857565035],
        [0.00972433608048, 51.61917288862749],
        [0.009834452998124, 51.61914762264247],
        [0.009882751872522, 51.61909643741904],
        [0.009902126979218, 51.6190772213285],
        [0.009925222870581, 51.61907682586377],
        [0.010003171499976, 51.619075491136684],
        [0.010113407148733, 51.61905292061667],
        [0.010122226939858, 51.619056366599516],
        [0.01020255818433, 51.619108946196164],
        [0.010211920061738, 51.619157345603384],
        [0.010227520530725, 51.61915078366015],
        [0.010329784213255, 51.6191112636286],
        [0.010374903727666, 51.61908621102425],
        [0.010487603004353, 51.61902133300411],
        [0.010680859285389, 51.61894878023574],
        [0.010871518374598, 51.61904623071709],
        [0.011195933118758, 51.619064952619716],
        [0.011451577051017, 51.61909654240078],
        [0.011827242710851, 51.61909819774152],
        [0.012237353413648, 51.61909476513601],
        [0.012637729571135, 51.619067218130596],
        [0.013990494405261, 51.61888574702887],
        [0.014199162860891, 51.61886777853203],
        [0.014334043426874, 51.61887985207507],
        [0.01449971475648, 51.618902188098865],
        [0.01467665406879, 51.61940723034602],
        [0.014720234766075, 51.619543169080416],
        [0.014709259483822, 51.61975198456595],
        [0.014647044630106, 51.61994549289236],
        [0.014557384090546, 51.62007382661437],
        [0.014444109301985, 51.62019087520266],
        [0.014314716359848, 51.62030280473786],
        [0.014351958610779, 51.620328244036585],
        [0.014440270740209, 51.62039776964955],
        [0.014489549784276, 51.620401420227786],
        [0.014628685971799, 51.62041162191623],
        [0.01471544640106, 51.62044610302397],
        [0.014832778648419, 51.620551100442896],
        [0.0150330698992, 51.620669961017654],
        [0.015124430058835, 51.62074303081869],
        [0.015236278815071, 51.62082204358867],
        [0.015244043644138, 51.620866873017356],
        [0.015247607559099, 51.620882099161946],
        [0.015491417586597, 51.620841942999306],
        [0.015531996100243, 51.6208448432764],
        [0.015592057454955, 51.62086359558835],
        [0.015663458140885, 51.62091003005382],
        [0.015815189785724, 51.6209110215147],
        [0.01582440860785, 51.62092345276793],
        [0.015984653722812, 51.62114911149843],
        [0.015997397003717, 51.62117587028429],
        [0.01600754171319, 51.62117659531024],
        [0.016144022821279, 51.62122460951654],
        [0.016243409893886, 51.621283152515524],
        [0.016288867676586, 51.621330931463035],
        [0.016286798039936, 51.621414597704536],
        [0.016260246714347, 51.621434837371105],
        [0.016202016643218, 51.621457419659826],
        [0.016157385680264, 51.621460883997514],
        [0.016133163755985, 51.621468494059705],
        [0.016114029307423, 51.62149310257768],
        [0.016117434242676, 51.62150473440829],
        [0.016221541375006, 51.621604562075404],
        [0.016232443023693, 51.62162235992064],
        [0.016235041771737, 51.62164839367043],
        [0.016190173129465, 51.62177685850406],
        [0.016265548088123, 51.62181513105596],
        [0.01655573703195, 51.62184341868977],
        [0.016945634500536, 51.621937436536086],
        [0.016985368230467, 51.621953839653514],
        [0.017029831224634, 51.621979154042364],
        [0.017065871894155, 51.622010008666834],
        [0.017088920384884, 51.62204108653216],
        [0.017107669091564, 51.62210551070507],
        [0.017103170011695, 51.622134364167664],
        [0.017088866778142, 51.622235326479014],
        [0.017021150645736, 51.62233720658592],
        [0.017014371046033, 51.62234721488054],
        [0.017026079173082, 51.62235061072024],
        [0.017075798880866, 51.622364144455744],
        [0.017158601663382, 51.62237441190998],
        [0.017247696961631, 51.62239626148206],
        [0.017341490581956, 51.62239375036553],
        [0.017433539099636, 51.62231932878491],
        [0.017456437235575, 51.62231443897246],
        [0.017570281473467, 51.62230798604923],
        [0.017690967843397, 51.62235806846119],
        [0.017906914845686, 51.622471259565515],
        [0.018060716729395, 51.62255134699123],
        [0.018193910033184, 51.622622795991205],
        [0.018255490071943, 51.622675692529334],
        [0.018282511640324, 51.6226986085604],
        [0.018387160687367, 51.622745368983246],
        [0.018461773430852, 51.62279894057851],
        [0.018497249484427, 51.62284958808468],
        [0.018555655927248, 51.622928617428855],
        [0.018626194058548, 51.623085673292174],
        [0.01874940417458, 51.62315999111069],
        [0.018808784129222, 51.62319583935721],
        [0.018829306177094, 51.62323505362955],
        [0.01880896049948, 51.62329745211823],
        [0.018748998819847, 51.623346143826986],
        [0.018690281210808, 51.62339031783583],
        [0.018572701826086, 51.62341032487962],
        [0.018464613636845, 51.623481426124265],
        [0.018461152199213, 51.62353364241846],
        [0.018547642302909, 51.62356183059738],
        [0.018663571254242, 51.62356972886123],
        [0.018785194981347, 51.623575730564106],
        [0.018864993407919, 51.62358335073228],
        [0.018904450041659, 51.62359346319138],
        [0.018958542432791, 51.62360782018866],
        [0.01904258453063, 51.62364594191167],
        [0.019055729266694, 51.623681686014116],
        [0.019046813106659, 51.6237411901877],
        [0.019005705684922, 51.62375898306657],
        [0.018895119568811, 51.62370872827438],
        [0.018811700322022, 51.62374973015268],
        [0.018771948954748, 51.623798074288814],
        [0.018749680690996, 51.62384971476689],
        [0.01880098268915, 51.62396393709982],
        [0.018742456063814, 51.6240449772842],
        [0.018614051595896, 51.62404898393419],
        [0.01858143822067, 51.62409540674464],
        [0.018584070546075, 51.624154712287464],
        [0.018619834830736, 51.6241792764122],
        [0.018833135622291, 51.62416751495401],
        [0.01900024937282, 51.62428693944257],
        [0.01900944427275, 51.62475439372288],
        [0.019022135489895, 51.6248450001578],
        [0.019139224765381, 51.624878956398966],
        [0.019244565362754, 51.624908618346],
        [0.019263086350809, 51.624935277395885],
        [0.019268175433173, 51.624952275693566],
        [0.019121504517033, 51.62503303373684],
        [0.019419177237341, 51.62522934630918],
        [0.019476217393764, 51.62534257037621],
        [0.019474320431245, 51.62539745754173],
        [0.019442704577043, 51.625466344785856],
        [0.019448417859907, 51.625562466740895],
        [0.019408019995394, 51.625628807286716],
        [0.019459412754222, 51.625712453108115],
        [0.019604885502955, 51.625799875881654],
        [0.019795226325025, 51.62592159741355],
        [0.019789125300229, 51.625946881515844],
        [0.019792132435769, 51.62594952753889],
        [0.019787960968715, 51.62595319633133],
        [0.019762472282117, 51.626062444687754],
        [0.01980012144595, 51.62609686782874],
        [0.019928724282912, 51.62612972594205],
        [0.020065856338718, 51.626224485708335],
        [0.020062556284516, 51.626280296279795],
        [0.020068942875643, 51.62642406710656],
        [0.02010218158654, 51.62645676753921],
        [0.020135892680114, 51.62653262405151],
        [0.020137609149059, 51.6265712624582],
        [0.020138527261938, 51.62659192951281],
        [0.020138966359798, 51.62660181375628],
        [0.019921608569843, 51.62678270716669],
        [0.01992340470025, 51.6268231427122],
        [0.019923151568406, 51.6268824978628],
        [0.019921933674564, 51.626952660667044],
        [0.019917675474785, 51.626986905606806],
        [0.019922166337861, 51.62699042535067],
        [0.019922039773515, 51.627020102925236],
        [0.020234765378121, 51.62722964327707],
        [0.020291384165791, 51.62726823607452],
        [0.020412139632518, 51.627254467496265],
        [0.020476582628568, 51.6272740411979],
        [0.020521252447863, 51.62730384700154],
        [0.020563434108586, 51.62734268816039],
        [0.020591937002522, 51.627398850587355],
        [0.020594452476038, 51.62745546032156],
        [0.020551686243377, 51.62753353231598],
        [0.020534947377609, 51.627612055565194],
        [0.020463950996846, 51.62767262833155],
        [0.020466226779301, 51.62772384666417],
        [0.020548615339243, 51.62785461900651],
        [0.020562315211079, 51.62793531609821],
        [0.020556128167821, 51.627991176363885],
        [0.020669635288442, 51.628139398085935],
        [0.020672630095215, 51.62820679061482],
        [0.020637567656313, 51.628263147916385],
        [0.020669364376966, 51.62829587301128],
        [0.020788958196265, 51.628288418840334],
        [0.020982737600811, 51.62832465012674],
        [0.02109314956546, 51.628305663410984],
        [0.02111704283454, 51.62835561029194],
        [0.021119439227894, 51.628409524298235],
        [0.02105914797263, 51.628483401920455],
        [0.020956461546154, 51.628578692223456],
        [0.020895079346822, 51.62869305498311],
        [0.020889126153064, 51.62878667991824],
        [0.020945062475698, 51.62884236998802],
        [0.020961451300433, 51.62891852446454],
        [0.021025537453751, 51.62893001073062],
        [0.021182563504763, 51.62885446765078],
        [0.0212751318804, 51.62882409768544],
        [0.021321972350362, 51.62883767923674],
        [0.021349763919874, 51.62884529399058],
        [0.021382240645593, 51.628893294510846],
        [0.02126816921995, 51.62896000497887],
        [0.021332569286744, 51.62901105286483],
        [0.021347526559108, 51.629022485626066],
        [0.021563348523315, 51.628936937081406],
        [0.021792728611834, 51.62883137103006],
        [0.02202206767115, 51.628724905973904],
        [0.022963397607021, 51.62828603848592],
        [0.023937875739918, 51.62784569253879],
        [0.024561854527313, 51.62751659657025],
        [0.024885553795531, 51.62732306916692],
        [0.025864256574051, 51.62671896957792],
        [0.026361766716335, 51.626308415532726],
        [0.026465402061184, 51.62616993972052],
        [0.026597227916743, 51.626048062985326],
        [0.026661475609581, 51.625998394002224],
        [0.026807615301651, 51.62590594532843],
        [0.026942082864868, 51.62584337344185],
        [0.02702192833572, 51.62581951333785],
        [0.027116290742093, 51.62579720100579],
        [0.027397331279941, 51.62574918326499],
        [0.027545270077471, 51.625729542284944],
        [0.027772691707273, 51.625710326663814],
        [0.027908920426125, 51.625687290480776],
        [0.028020365904505, 51.62565928676715],
        [0.028119901094788, 51.6256233954207],
        [0.028255889821495, 51.62556259423866],
        [0.028548319593814, 51.62538128708384],
        [0.02905641629246, 51.62511172150589],
        [0.029064517008045, 51.62509899190183],
        [0.028937119253203, 51.6246722488703],
        [0.029292378517739, 51.624636432532206],
        [0.029304048213891, 51.62460655534876],
        [0.029415891818041, 51.62439329666494],
        [0.02946064496263, 51.62432777651872],
        [0.029561178654414, 51.62421722840173],
        [0.029638052348363, 51.62415924613428],
        [0.029825163133741, 51.624046301558536],
        [0.030701077497309, 51.62363458013796],
        [0.030497921311633, 51.6232909815093],
        [0.031444319527796, 51.6230992522164],
        [0.031669393624471, 51.62293079298794],
        [0.032140792695297, 51.622649259210974],
        [0.032369793152088, 51.622504111296585],
        [0.032594501573842, 51.62235993649881],
        [0.032755372316816, 51.6222420459448],
        [0.032877426505863, 51.62212842442563],
        [0.032994105092894, 51.62199151519807],
        [0.034000785642915, 51.6210811138688],
        [0.034167978597582, 51.62091095484124],
        [0.034243953465445, 51.62080082811686],
        [0.034276990537539, 51.62076428529667],
        [0.034559297649732, 51.620551664100226],
        [0.034681105238124, 51.620465022607775],
        [0.035459299101413, 51.619970428342725],
        [0.03565274695442, 51.61980610663584],
        [0.035961096015924, 51.619530082304756],
        [0.036097051465753, 51.61943689909854],
        [0.036346946521017, 51.61924282081588],
        [0.036674324397046, 51.618908012670076],
        [0.037030531508889, 51.61860417728408],
        [0.037360446187288, 51.618390722913176],
        [0.037451372370743, 51.618324398118105],
        [0.037505068688568, 51.61813642042641],
        [0.037518981395678, 51.61789877484142],
        [0.037579519437961, 51.617863552186876],
        [0.037716374846554, 51.617919628224],
        [0.038371814293354, 51.617491891495675],
        [0.038407946147409, 51.61752453658648],
        [0.040188153256349, 51.616409102491275],
        [0.04008399169525, 51.616244550092446],
        [0.039987773067174, 51.616096046209506],
        [0.040151584713711, 51.61604463915236],
        [0.040382387937795, 51.615973182939],
        [0.040677255072858, 51.6158808288098],
        [0.040688681062497, 51.61587793238658],
        [0.040645485637715, 51.61581663451545],
        [0.040628560664703, 51.61579354803597],
        [0.040758528249699, 51.61572834035783],
        [0.040761374658968, 51.615727391610825],
        [0.040875988987193, 51.61567414109685],
        [0.040973685297908, 51.61579114452713],
        [0.041084453034118, 51.615909719096294],
        [0.041255044582282, 51.61604164135394],
        [0.04151841624429, 51.61618094229753],
        [0.041841702528235, 51.616367760402625],
        [0.042160128109944, 51.616510598519696],
        [0.042489416910883, 51.616637959355],
        [0.042885749151706, 51.6167785405949],
        [0.043223804205745, 51.61684369796314],
        [0.043678825402201, 51.616940090503064],
        [0.044289533542038, 51.61702927362812],
        [0.044831728246508, 51.617136733085324],
        [0.045405720727602, 51.61724453521741],
        [0.046130026040233, 51.61722561667176],
        [0.046177231663545, 51.61737586931086],
        [0.046276030060721, 51.617388535139966],
        [0.046395497629656, 51.617346884992976],
        [0.047054216103031, 51.61734708936106],
        [0.047834165716544, 51.617409022462446],
        [0.047925462716684, 51.617511743707766],
        [0.049095219600625, 51.61776110683152],
        [0.049917943046176, 51.617874436476825],
        [0.050607592037621, 51.61798379043307],
        [0.051327166303424, 51.61811599813418],
        [0.05234644245974, 51.61829511869777],
        [0.053071556825586, 51.61842182333049],
        [0.053244119907705, 51.61840441676966],
        [0.053346472126807, 51.61830370775927],
        [0.053501226716223, 51.6182758212239],
        [0.053684785568355, 51.61827800536182],
        [0.054010259670425, 51.617935987140505],
        [0.054222233223611, 51.6177677130469],
        [0.054261025591422, 51.61773106374122],
        [0.054354348387386, 51.61762241850035],
        [0.054364840538479, 51.617598854104294],
        [0.054371471920775, 51.61755377503577],
        [0.0543638721587, 51.617513441341586],
        [0.05430807765645, 51.61739751402796],
        [0.054276247387695, 51.61733242511296],
        [0.05418768423824, 51.61719458972775],
        [0.054150347408819, 51.617103518602086],
        [0.054146753490798, 51.61705592070826],
        [0.054171928828497, 51.61697364745633],
        [0.054228551312651, 51.61691600313205],
        [0.054248660133985, 51.616881479319694],
        [0.054255778480343, 51.616847182852936],
        [0.054248219534094, 51.61680774769434],
        [0.054224580533141, 51.61676409765108],
        [0.054184983259018, 51.61671892836305],
        [0.054111782636926, 51.61666535452258],
        [0.053660495054342, 51.616460126520664],
        [0.053597480180231, 51.61640817267223],
        [0.053558979052378, 51.61638726402344],
        [0.05346345649231, 51.61635116625443],
        [0.053403710568327, 51.61633962182207],
        [0.0533210735919, 51.6163329741022],
        [0.053244696791523, 51.616337007939116],
        [0.053181634732238, 51.616348002905234],
        [0.053121864925021, 51.616367932851766],
        [0.052982175025345, 51.61644141771378],
        [0.052929111166843, 51.616481913252485],
        [0.052797302629094, 51.61660202156676],
        [0.052720106471065, 51.616651931649876],
        [0.052631038742661, 51.61669485520352],
        [0.052531502287071, 51.616729868410125],
        [0.052423021595324, 51.61675874310655],
        [0.052299742085195, 51.61677978311309],
        [0.05212145175195, 51.61679818771611],
        [0.051974550918559, 51.61680794996922],
        [0.051769104080414, 51.61680075023796],
        [0.051700900304818, 51.61679384908017],
        [0.051651217373521, 51.61678122859961],
        [0.051559944544559, 51.61674325648619],
        [0.051449770933125, 51.61667054350367],
        [0.051395150250909, 51.616644520316186],
        [0.051317516618593, 51.616620697803576],
        [0.050740915664047, 51.61651926494281],
        [0.050514736463435, 51.616500734865625],
        [0.050188449577888, 51.61640841511473],
        [0.05015003097746, 51.616389302435195],
        [0.050083014006352, 51.616344610704225],
        [0.05000303295814, 51.61626867126327],
        [0.049932912791926, 51.61618716399613],
        [0.049813797277753, 51.61601209005162],
        [0.049751420982543, 51.61594213781943],
        [0.049659651448147, 51.61586100845019],
        [0.049543264272537, 51.61577851034581],
        [0.049430452395419, 51.61571123711777],
        [0.04933007817733, 51.61566353034388],
        [0.049040638640607, 51.61555527669114],
        [0.048925346072721, 51.61549703888557],
        [0.048827212041253, 51.61543490442671],
        [0.04876420406834, 51.615382947898354],
        [0.048717234841755, 51.61533430843348],
        [0.048457166451089, 51.61498004281001],
        [0.048348190419469, 51.61477331635769],
        [0.048307697515803, 51.61467600368699],
        [0.048285536000731, 51.61460085260313],
        [0.048277929077047, 51.61452814530929],
        [0.048282070961359, 51.61445972929011],
        [0.048327827109046, 51.61428897071258],
        [0.048337161571496, 51.61427172188057],
        [0.048477986153898, 51.614127181203465],
        [0.048500903876005, 51.614090810840906],
        [0.048511034168907, 51.614059159947224],
        [0.048509402490076, 51.61399084467621],
        [0.048487416098847, 51.613951660960474],
        [0.048441649228919, 51.61389760484317],
        [0.048384619328849, 51.61385004008517],
        [0.04823179332599, 51.61376008327324],
        [0.048175087444247, 51.6137197068394],
        [0.048122347458409, 51.613671167837836],
        [0.048081032521223, 51.613619731678305],
        [0.048047972880796, 51.613559158861925],
        [0.04802954840247, 51.613502826973736],
        [0.048025637676947, 51.61344804035917],
        [0.04803579570188, 51.61338491492548],
        [0.048067602849734, 51.61332141173825],
        [0.048119858462499, 51.61326294728934],
        [0.048186870291073, 51.61321141940066],
        [0.048205187856176, 51.613201207899465],
        [0.048390248491578, 51.6133976141273],
        [0.048539755220583, 51.61351011016082],
        [0.048681466398705, 51.61357777907529],
        [0.048788957325411, 51.61359119028518],
        [0.048894870091869, 51.613569557807196],
        [0.049034207447959, 51.61352036394075],
        [0.050042524495882, 51.613106183553825],
        [0.050834202710654, 51.61275692950129],
        [0.051575679285947, 51.61241574157563],
        [0.051852492237715, 51.61230838714618],
        [0.052604721134995, 51.61201376618258],
        [0.052809448884569, 51.61190946856911],
        [0.053122506118516, 51.611741226722906],
        [0.053425296302003, 51.61156956659981],
        [0.054054488430507, 51.61123752113274],
        [0.05598922461358, 51.610295392877376],
        [0.056468510381806, 51.61006667724781],
        [0.057416882485997, 51.6096714678325],
        [0.058315561561727, 51.609263633164865],
        [0.059284124240452, 51.608836580140036],
        [0.059973055922259, 51.60858168989918],
        [0.060671205218141, 51.608275375773054],
        [0.061137028893231, 51.60800551099631],
        [0.061117613903135, 51.60792761612625],
        [0.061608574461705, 51.607670796925255],
        [0.06174633709101, 51.60765129102663],
        [0.062033129976599, 51.60744661649094],
        [0.062518907837113, 51.60707567810117],
        [0.062541223068402, 51.607058199962644],
        [0.062744369344522, 51.60704743574087],
        [0.062972116877193, 51.60691034198307],
        [0.063349712380088, 51.607115930386165],
        [0.063984268690766, 51.60722347575111],
        [0.064672431383678, 51.60692091010491],
        [0.065391949232422, 51.606641169412924],
        [0.06546230717982, 51.60660036368468],
        [0.065940582856961, 51.606319469172696],
        [0.066638975950258, 51.606210952552104],
        [0.067279221841717, 51.60612593754121],
        [0.067657609869769, 51.60606261848012],
        [0.06806688586302, 51.605979869399484],
        [0.068882995500177, 51.6057289799344],
        [0.069492446938788, 51.60550690824799],
        [0.070295307751028, 51.60525084686127],
        [0.070988824622272, 51.605099225492104],
        [0.071664109656375, 51.6049596122396],
        [0.072230337307878, 51.604835409624584],
        [0.072805516731454, 51.6046858667567],
        [0.073486890961745, 51.6049337182984],
        [0.073814440742543, 51.605086201558905],
        [0.075152688211677, 51.605582322327145],
        [0.076269756089197, 51.60613629683636],
        [0.076884127308132, 51.606402400175],
        [0.077882504031536, 51.60672824804279],
        [0.078794406725291, 51.606994469141696],
        [0.078922667505953, 51.607020074535235],
        [0.079053527154914, 51.607039338899675],
        [0.079143365695554, 51.60704584083852],
        [0.079345433641123, 51.60704316032166],
        [0.079512416698043, 51.60703120918388],
        [0.080009945273979, 51.60698372451802],
        [0.0804674835269, 51.606914464993885],
        [0.080947569941697, 51.606864587721546],
        [0.081492719855997, 51.60678477811514],
        [0.082000850505735, 51.606653465283635],
        [0.082785845061457, 51.6064183181435],
        [0.08317421796742, 51.606478870323606],
        [0.083279558981912, 51.606477000543585],
        [0.083386219599196, 51.60647240944833],
        [0.083818225377003, 51.60641348192729],
        [0.084448212197876, 51.606357331646606],
        [0.084859816049136, 51.60616836910259],
        [0.085204753712117, 51.60591134608836],
        [0.085456508398587, 51.60570094110892],
        [0.085518566178853, 51.605542466886135],
        [0.085594260838702, 51.60555551006041],
        [0.08643130428913, 51.60488147079229],
        [0.086665154289201, 51.60469026599479],
        [0.086777705768952, 51.604688264846224],
        [0.086866016886494, 51.60463004085034],
        [0.086871623933955, 51.604626344086505],
        [0.087118415537915, 51.60446548328764],
        [0.088895117777642, 51.604852033087774],
        [0.088900194874393, 51.60518287271348],
        [0.089331322347315, 51.60538832467074],
        [0.089602938315015, 51.6055165804604],
        [0.089971358939432, 51.605614335303954],
        [0.09021922671648, 51.60566567566769],
        [0.090283826683692, 51.60556290805357],
        [0.090438190514676, 51.60565368242118],
        [0.091402007628704, 51.6059170826662],
        [0.092301761945253, 51.60613755307165],
        [0.092470886208689, 51.606172307129],
        [0.092472370534737, 51.60617317993205],
        [0.092554253334742, 51.60619510097261],
        [0.092477700399338, 51.60628909029653],
        [0.091687518658147, 51.607478516726054],
        [0.091846935409791, 51.60821307387745],
        [0.092624223676478, 51.609475276468125],
        [0.093689897256556, 51.6097530290851],
        [0.093881807573503, 51.6098746035428],
        [0.094048532547044, 51.61004518741871],
        [0.094157616052758, 51.61021859807363],
        [0.094207940814537, 51.6103705754105],
        [0.094204088105282, 51.610537907674974],
        [0.094209381855549, 51.61065291929625],
        [0.094665720715995, 51.61074549385239],
        [0.094808638942212, 51.6107753167311],
        [0.094789138073557, 51.61079095230623],
        [0.094662784455575, 51.61096406795353],
        [0.094529425485743, 51.611173279115725],
        [0.094314226970881, 51.61145589174405],
        [0.093967481680127, 51.611987249786615],
        [0.093686934518354, 51.61238793158754],
        [0.093614538123942, 51.61247825030489],
        [0.093528040109131, 51.61257601462917],
        [0.093329478488664, 51.6127809916983],
        [0.092796689595679, 51.61322483812539],
        [0.092258025501279, 51.613572565348626],
        [0.092817856080477, 51.613716359031365],
        [0.092819299328774, 51.61371633329751],
        [0.09361674851665, 51.61397009283162],
        [0.094855750025509, 51.61440211510334],
        [0.096052417144374, 51.61479261492991],
        [0.096486619807715, 51.61490536179992],
        [0.097002304908022, 51.61499956528372],
        [0.097113361476177, 51.61502725687216],
        [0.097430413923061, 51.6151366977372],
        [0.0975952939109, 51.61520389402801],
        [0.098041486279353, 51.61541983651798],
        [0.099442591912488, 51.61360344500344],
        [0.100141502763263, 51.61272314915517],
        [0.101550967725858, 51.613061224777965],
        [0.10338754578724, 51.6134518810888],
        [0.103810922525513, 51.61254952229019],
        [0.104070638038568, 51.61260601692072],
        [0.10494975565638, 51.612813272296975],
        [0.10556268135811, 51.61294885900349],
        [0.105992226440662, 51.6130544601684],
        [0.107026451575772, 51.61327330517455],
        [0.107620932554114, 51.61344698155122],
        [0.109604804454299, 51.61395989415071],
        [0.109877929670669, 51.614087177147844],
        [0.113422690876257, 51.61555036047653],
        [0.11570901490934, 51.616506459285304],
        [0.116683073071045, 51.616919647074305],
        [0.116693259987082, 51.61692126190409],
        [0.118579562565412, 51.615364767889076],
        [0.119280221258402, 51.615366507224344],
        [0.11990102733433, 51.61557651650037],
        [0.120316450780173, 51.61574976577933],
        [0.120846575562216, 51.61605942852398],
        [0.120956060703357, 51.61611500338046],
        [0.121088890288609, 51.616175551889086],
        [0.121352143467279, 51.616276008757204],
        [0.122018096685862, 51.616555333963284],
        [0.12218918578335, 51.616599901960726],
        [0.122300554369793, 51.61663385906472],
        [0.12250524166339, 51.61671738693568],
        [0.123292546020667, 51.61712040818504],
        [0.123470208726783, 51.61718194153164],
        [0.123873945750432, 51.61735179270505],
        [0.124171398851134, 51.61750378208585],
        [0.12426509866485, 51.61756143810209],
        [0.124392440633217, 51.617658952270006],
        [0.12478211568356, 51.61802239776218],
        [0.124895639879481, 51.61816422572233],
        [0.124974230222113, 51.61830039113979],
        [0.125162634512808, 51.61877718988414],
        [0.125327042190577, 51.61895676472171],
        [0.125675328842398, 51.61926879909639],
        [0.126071221814369, 51.619641120467485],
        [0.126789512838083, 51.619833141101545],
        [0.127016434928327, 51.61989737367569],
        [0.127063590591771, 51.61991720234114],
        [0.127258182839403, 51.62003148013098],
        [0.127383478893326, 51.62008496398666],
        [0.12744205617598, 51.6201018876838],
        [0.127592157335991, 51.62012974218542],
        [0.127879397265119, 51.62021716003481],
        [0.128040009350415, 51.620284391272726],
        [0.128196768230428, 51.620423633709464],
        [0.128385087183074, 51.62052723216428],
        [0.12854599545718, 51.62060075223394],
        [0.128852383330048, 51.62069591391825],
        [0.129160315251253, 51.62144121860786],
        [0.130176476689541, 51.62160713199886],
        [0.130575580954594, 51.62173837591057],
        [0.131012037311208, 51.621895918442625],
        [0.131262871106812, 51.62197679489412],
        [0.132191019140108, 51.62220633859891],
        [0.13230716048745, 51.62224919231591],
        [0.13262342804967, 51.62243139394395],
        [0.13304252329321, 51.62261892032619],
        [0.134150905011676, 51.623148227211125],
        [0.135501118987629, 51.62347348640959],
        [0.135783304741295, 51.623544790195815],
        [0.135978466680223, 51.623578109042306],
        [0.136079166916789, 51.62359965756538],
        [0.136131302509992, 51.62360230587143],
        [0.136213287791996, 51.62359451894949],
        [0.137276436707517, 51.62359045334242],
        [0.137402994236757, 51.623608832105255],
        [0.137492534740828, 51.62360810087421],
        [0.13756441513088, 51.62360049701632],
        [0.137645851084259, 51.62358102858175],
        [0.137914514629343, 51.62357973263089],
        [0.138156948531117, 51.62354294304603],
        [0.139855381614807, 51.62346882759306],
        [0.14500336699057, 51.623322707988905],
        [0.148788312781867, 51.62322470358931],
        [0.149056973145976, 51.62322338215784],
        [0.149824786006748, 51.62320662415905],
        [0.151045943345743, 51.623244503205136],
        [0.152362032887935, 51.623273434649434],
        [0.152591636256726, 51.6233015980141],
        [0.152749785479529, 51.62331578380651],
        [0.153062388971536, 51.623327136354845],
        [0.153355333699634, 51.62331996399951],
        [0.154584007553184, 51.62333338799742],
        [0.154897969824541, 51.623342912170784],
        [0.155207261066598, 51.623345327089034],
        [0.155517527352681, 51.62333783128694],
        [0.15588502215008, 51.623318492292164],
        [0.156483811173988, 51.62327152193046],
        [0.158023564739614, 51.62311192952387],
        [0.160768536269729, 51.62280693612965],
        [0.162502722565223, 51.622574461209894],
        [0.16275709385399, 51.622789197322774],
        [0.162774458230484, 51.622789776645725],
        [0.163091969415614, 51.622752451243905],
        [0.163414869244775, 51.62270693219488],
        [0.163950621608313, 51.622610726089455],
        [0.164432845771839, 51.62254338208405],
        [0.164957869740888, 51.62249503070438],
        [0.165455252928313, 51.622442690535344],
        [0.165456696385334, 51.62244266390543],
        [0.165813293026443, 51.62237673252003],
        [0.166174592508966, 51.62228823139589],
        [0.167493096041323, 51.62194374948381],
        [0.167697751978398, 51.62190309984293],
        [0.167859061622137, 51.62186235115052],
        [0.168069948867957, 51.62180090245137],
        [0.168222040342184, 51.62174863295368],
        [0.168329856330015, 51.62170707320065],
        [0.168454222149789, 51.62164902065617],
        [0.168745428184484, 51.62148446881628],
        [0.168873694643808, 51.62141735099793],
        [0.169651966345013, 51.621711418775895],
        [0.170282588280779, 51.621908392062245],
        [0.171793911107554, 51.62239572264852],
        [0.173256875134142, 51.622898317731995],
        [0.174375266477813, 51.6232642935734],
        [0.175276232503802, 51.62358482829757],
        [0.17716787704339, 51.62389597765166],
        [0.177773208041932, 51.62401604243235],
        [0.177838853787962, 51.62402921286529],
        [0.178628996119766, 51.624206994856316],
        [0.179412984862364, 51.62431654085818],
        [0.179773213093378, 51.62435661413142],
        [0.179927473566227, 51.62437982833439],
        [0.180149040011393, 51.62442067702705],
        [0.180369551054643, 51.62446963839161],
        [0.180438252987014, 51.624968359588266],
        [0.180510814164732, 51.62533661403443],
        [0.18057133292766, 51.625664624727655],
        [0.180584712271806, 51.62573272113662],
        [0.180765672882609, 51.62561964760356],
        [0.180864113889837, 51.62559353820107],
        [0.180877321227918, 51.62559778919217],
        [0.180889128117737, 51.62560296547767],
        [0.180900978102297, 51.6256090402372],
        [0.180911384547152, 51.62561514181653],
        [0.180921834087297, 51.62562214187008],
        [0.180932283630624, 51.62562914192264],
        [0.180941332726598, 51.62563706727085],
        [0.180950338732608, 51.62564409414317],
        [0.180957944290714, 51.625652046311515],
        [0.180966993395751, 51.625659971657555],
        [0.180970095951871, 51.62566441038973],
        [0.180977701516915, 51.625672362556706],
        [0.180985307084606, 51.62568031472316],
        [0.180991512203848, 51.62568919218628],
        [0.180997674231452, 51.62569717117389],
        [0.180997308255605, 51.62577991135057],
        [0.181210350463144, 51.625823614297474],
        [0.181642209205655, 51.625850660230036],
        [0.182121683152992, 51.62584624402155],
        [0.182470826818764, 51.625805580324126],
        [0.182757270713444, 51.62572291629692],
        [0.183046425168593, 51.62557635254515],
        [0.183145120479027, 51.62549538064338],
        [0.183424692044883, 51.625480288494586],
        [0.183496112089118, 51.62543309686767],
        [0.183648695286641, 51.62542126563889],
        [0.184143190672674, 51.62524839701172],
        [0.184640262127679, 51.625008931868514],
        [0.185351838369509, 51.62463327745971],
        [0.185875804903074, 51.6243825149099],
        [0.1859041134258, 51.62437029713264],
        [0.186082213994756, 51.62446859853395],
        [0.186211340627389, 51.62453993425972],
        [0.186241031422468, 51.62455646751072],
        [0.186156954491045, 51.62485119766338],
        [0.186082221831944, 51.62509989059917],
        [0.186033039995812, 51.625339114857645],
        [0.185969458704843, 51.62551925499634],
        [0.187061090492635, 51.625475539067956],
        [0.188343844583873, 51.625410264405595],
        [0.188575666138489, 51.62512356926742],
        [0.188780257965347, 51.62487155392813],
        [0.189372911097622, 51.62448730107427],
        [0.189523096749046, 51.62469582979134],
        [0.189539205857833, 51.62500038424079],
        [0.189786778558991, 51.62510098125583],
        [0.190156319101908, 51.62509408659955],
        [0.190396808545579, 51.625107584616224],
        [0.190601816131331, 51.625134334216234],
        [0.19075944753771, 51.62516736336554],
        [0.191168741543061, 51.625265838274366],
        [0.192164556255667, 51.6254226037105],
        [0.192664941572914, 51.62549239384968],
        [0.193364288743152, 51.62552339235964],
        [0.193944734227607, 51.62557549401061],
        [0.194747403817048, 51.62571156707404],
        [0.19561480488239, 51.62566207190926],
        [0.196959588375113, 51.62556496721538],
        [0.198606522229289, 51.625262548100714],
        [0.199363275089436, 51.62510628493183],
        [0.20028388638995, 51.62493255691367],
        [0.200630579180777, 51.624961129388936],
        [0.201078317629162, 51.624987806065576],
        [0.201980273841529, 51.62502574501171],
        [0.202662115040487, 51.62508309557359],
        [0.20296743450876, 51.62509265341082],
        [0.203148656171205, 51.62510543908476],
        [0.203432142322772, 51.62514148460899],
        [0.203586677838668, 51.625170058305386],
        [0.203919760039103, 51.62524563911227],
        [0.204734112486597, 51.625473151115585],
        [0.205417913327373, 51.6256302689083],
        [0.20571097543859, 51.62571469011266],
        [0.20588449278747, 51.62577707671548],
        [0.206002502805027, 51.62582701709249],
        [0.206112157051958, 51.62588340935336],
        [0.206271278952676, 51.62597664144642],
        [0.206476148969774, 51.62611937300352],
        [0.20657574335582, 51.62617685322149],
        [0.20666750987745, 51.62622189060694],
        [0.206747117820799, 51.626254566596394],
        [0.206873442403918, 51.626297155558056],
        [0.20713711726887, 51.626371334403224],
        [0.207582457288896, 51.62646727598166],
        [0.20825993746366, 51.62664248181979],
        [0.208435127024042, 51.626679653404864],
        [0.208502053991912, 51.62668918553549],
        [0.208712503483139, 51.626708606971114],
        [0.209399982623356, 51.626702862922954],
        [0.209538825357017, 51.626705645105844],
        [0.209982778575076, 51.62674315054956],
        [0.210312783827071, 51.62672524617854],
        [0.21083049185599, 51.626734381154215],
        [0.211377592184079, 51.62681310393873],
        [0.212223550458188, 51.62697612002259],
        [0.212081943001168, 51.62718382461953],
        [0.212265361852325, 51.62721184263129],
        [0.212387976367521, 51.62723740930749],
        [0.212532987716689, 51.627277841449875],
        [0.212737971869053, 51.62736300615033],
        [0.21325358461741, 51.62762576695534],
        [0.213652230225672, 51.627563393510364],
        [0.213962948713949, 51.627653756245344],
        [0.214244315863843, 51.62776445601469],
        [0.214869347237876, 51.62798917446904],
        [0.215415468722943, 51.62822527107489],
        [0.21570047186567, 51.62829183403251],
        [0.216003591588584, 51.6284632700793],
        [0.216781934047363, 51.628809184703115],
        [0.217519555235752, 51.62909021605734],
        [0.218028640192244, 51.62921818738575],
        [0.218378397084879, 51.62927902388897],
        [0.219041786025778, 51.62945982995599],
        [0.219783710554812, 51.62968051405967],
        [0.220434670885074, 51.629754532945825],
        [0.220973473123761, 51.62986933950989],
        [0.222049383895442, 51.630123257911556],
        [0.22225016082783, 51.63023996064417],
        [0.222838079118005, 51.63067936855536],
        [0.223584280753063, 51.631282142284675],
        [0.224060144777972, 51.63173445815333],
        [0.224243209579276, 51.63163656496137],
        [0.224650192481886, 51.63141931998291],
        [0.225400045710964, 51.6309446742506],
        [0.226081747904642, 51.63055404994393],
        [0.226794864828023, 51.630067501768444],
        [0.227246943672628, 51.629768456682434],
        [0.227528758505741, 51.6296219217973],
        [0.228197942715988, 51.629330443408435],
        [0.229117648668117, 51.628902908649174],
        [0.2297641342337, 51.62856149240452],
        [0.230450920290926, 51.62815815552256],
        [0.231119016015624, 51.62775696833964],
        [0.231801855886213, 51.62739146820893],
        [0.232117051301471, 51.62721910742771]
      ]
    ]
  }
}
