{
  "type": "Feature",
  "properties": { "name": "North London", "level": 1 },
  "geometry": {
    "type": "Polygon",
    "coordinates": [
      [
        [-0.0968879976522, 51.690551513802149],
        [-0.096674323234612, 51.690471616907175],
        [-0.096560641787491, 51.690491356289208],
        [-0.095881679874269, 51.690328381509445],
        [-0.095320678570066, 51.690181703356672],
        [-0.094802778245025, 51.690111257073582],
        [-0.09431510285849, 51.690079066612469],
        [-0.093087272208773, 51.690032162468675],
        [-0.09205683380881, 51.689970467354797],
        [-0.091483092540702, 51.689920680875431],
        [-0.091141422343215, 51.689925919531973],
        [-0.090176211605968, 51.689895841799469],
        [-0.089521447512799, 51.689914868404991],
        [-0.089025875801284, 51.689932884511784],
        [-0.088513036739446, 51.689982989892911],
        [-0.087876240386609, 51.690056253686919],
        [-0.087126515316166, 51.690131271910367],
        [-0.086631546871874, 51.690134900030458],
        [-0.086233758134989, 51.690167086454913],
        [-0.085850725281424, 51.690158147297794],
        [-0.085399965874462, 51.690142707548468],
        [-0.084846851559963, 51.690084232498464],
        [-0.083936155733771, 51.689962371307594],
        [-0.08338402583079, 51.689812183621186],
        [-0.082681268826381, 51.689665829272272],
        [-0.082107988968439, 51.689468530153391],
        [-0.082078006785614, 51.689459048253681],
        [-0.082038283794125, 51.689440414955222],
        [-0.081998522849782, 51.689422680256655],
        [-0.081957278141728, 51.689405820548238],
        [-0.081914549669283, 51.689389835828429],
        [-0.081871821227256, 51.689373851093272],
        [-0.081829016837758, 51.689359663568787],
        [-0.081793327539105, 51.689348289926436],
        [-0.081749001411779, 51.689335875987382],
        [-0.081703229503377, 51.689323438419066],
        [-0.081657381636011, 51.68931279805885],
        [-0.081610087985535, 51.689302134067006],
        [-0.081564202168288, 51.689292392283676],
        [-0.081503972314291, 51.689279718492763],
        [-0.081400710359609, 51.689258248669319],
        [-0.081295926703579, 51.68923855236369],
        [-0.081262901242257, 51.689232617473948],
        [-0.081169494113415, 51.689217603064805],
        [-0.081074603243229, 51.689203463574074],
        [-0.080979636423153, 51.689191121232298],
        [-0.080963808625018, 51.689189064167969],
        [-0.080884593641963, 51.689180576039263],
        [-0.080788067097588, 51.689170905758147],
        [-0.080691464574093, 51.689163032622858],
        [-0.080596231859552, 51.689156980259511],
        [-0.080531246913377, 51.689154119830441],
        [-0.07988052179785, 51.689077839861476],
        [-0.079851643898741, 51.689076468542979],
        [-0.079824211797774, 51.689075120853268],
        [-0.079799709319671, 51.689072921817548],
        [-0.079770907485209, 51.689069753255403],
        [-0.079743551450793, 51.689066608323124],
        [-0.079716233450717, 51.68906256477257],
        [-0.079704743146055, 51.689060578450892],
        [-0.079687545721879, 51.689056700354435],
        [-0.079670348300715, 51.689052822255491],
        [-0.079654634709325, 51.68904806918011],
        [-0.079637475326189, 51.68904329246454],
        [-0.079616092658974, 51.689035748995884],
        [-0.07958611129747, 51.689026266467479],
        [-0.079556167982108, 51.689015885319783],
        [-0.079527708508303, 51.689004629192176],
        [-0.079507809705747, 51.688996210731773],
        [-0.079294478626642, 51.688943264575151],
        [-0.079020919580925, 51.688911813867534],
        [-0.078196215400134, 51.688571001931095],
        [-0.07786958659044, 51.688426275940891],
        [-0.077484711331883, 51.688256316342581],
        [-0.076849383821099, 51.687987835373093],
        [-0.076428562785334, 51.687812787519483],
        [-0.075969393540892, 51.687655094642018],
        [-0.075521948389696, 51.687459824199408],
        [-0.075077929443405, 51.68728618979965],
        [-0.074274468114256, 51.68702572988196],
        [-0.073988107195765, 51.686955390360261],
        [-0.073047213752811, 51.686592853195556],
        [-0.072458346560488, 51.686355684297375],
        [-0.072016330542048, 51.686169481729323],
        [-0.071600678882365, 51.686009788151338],
        [-0.070783095220557, 51.685606093758004],
        [-0.070072530470344, 51.685271594747995],
        [-0.069492224209648, 51.685003977385108],
        [-0.068983282228202, 51.684793283022337],
        [-0.068557725718094, 51.684628919468274],
        [-0.067987280272569, 51.684401922297511],
        [-0.067912910545141, 51.684381814979787],
        [-0.067564537421406, 51.684273570802645],
        [-0.067210583497377, 51.684126566599964],
        [-0.066367704094619, 51.683842922235193],
        [-0.065891023880484, 51.683724467470419],
        [-0.065507544754782, 51.68362553060178],
        [-0.065080622494839, 51.683527675250197],
        [-0.064541404920358, 51.683417177038265],
        [-0.06413079904262, 51.683343866461421],
        [-0.063808851929122, 51.683328667926411],
        [-0.063770012432214, 51.6833235314595],
        [-0.063590949833048, 51.683316083190604],
        [-0.063492085411853, 51.683293770723438],
        [-0.063275920863727, 51.683206577424599],
        [-0.06204331368514, 51.683005498938236],
        [-0.061539085270171, 51.682956712265046],
        [-0.06113049687086, 51.68290410687478],
        [-0.060996211159078, 51.682898293044971],
        [-0.060648171195664, 51.682884453510155],
        [-0.06046336704073, 51.682876006412592],
        [-0.059767480188504, 51.682843830150233],
        [-0.059321818751517, 51.682846358693759],
        [-0.059070175450084, 51.683013954651145],
        [-0.058845279099533, 51.682995850079898],
        [-0.058796389816193, 51.682921304610723],
        [-0.057864435399353, 51.682929277715665],
        [-0.057295190287233, 51.682980112214551],
        [-0.057056399840561, 51.682982456846531],
        [-0.056626600094647, 51.68298613679935],
        [-0.055926155560974, 51.683094143374049],
        [-0.055465923984145, 51.683166556639677],
        [-0.055140998742707, 51.683254697303283],
        [-0.054823723888469, 51.683333072166342],
        [-0.054415720305787, 51.683334407314398],
        [-0.054161450307533, 51.683326598031712],
        [-0.053465678170198, 51.683359131435203],
        [-0.052871713463567, 51.683378960769915],
        [-0.052187426019535, 51.683480918313499],
        [-0.051720844219472, 51.683532529167756],
        [-0.051490395298411, 51.683576365807689],
        [-0.051143832092086, 51.683696509050506],
        [-0.051113050001451, 51.683705889892074],
        [-0.050661860949883, 51.683836884910619],
        [-0.050490293324747, 51.683890689230509],
        [-0.050221963944985, 51.683974360333202],
        [-0.04983027151886, 51.684100944438427],
        [-0.049206754017768, 51.684269538104374],
        [-0.049093395858856, 51.684079714466115],
        [-0.048955930727292, 51.684046856919501],
        [-0.048781266335265, 51.684004388835845],
        [-0.048607832003006, 51.684000608167437],
        [-0.048606386395087, 51.684000584149103],
        [-0.048345706143875, 51.684074486454563],
        [-0.048103847929367, 51.683878929527964],
        [-0.047894119590715, 51.683709984023523],
        [-0.047857423076748, 51.683688691611266],
        [-0.047820687942834, 51.683668297783633],
        [-0.047781061650056, 51.683647855888005],
        [-0.047741396737177, 51.683628312575145],
        [-0.047701693201942, 51.683609667844877],
        [-0.047660505447951, 51.683591897667363],
        [-0.047617833474653, 51.683575002040982],
        [-0.047603570832093, 51.683570268757855],
        [-0.047560898900678, 51.683553373111152],
        [-0.0475167040886, 51.683538250608983],
        [-0.047472470645215, 51.683524026686051],
        [-0.047426752976624, 51.683510677309613],
        [-0.047381035335293, 51.683497327915688],
        [-0.047335240393778, 51.683485775695289],
        [-0.047287999885923, 51.683474199422903],
        [-0.047240720737009, 51.683463521727191],
        [-0.047234977044036, 51.68346252699164],
        [-0.04718621366438, 51.683452723834684],
        [-0.047135927382114, 51.683444693812376],
        [-0.047085641118172, 51.683436663768752],
        [-0.047035277533377, 51.683430430894511],
        [-0.046984913962949, 51.683424197998868],
        [-0.046933066147393, 51.683418839638371],
        [-0.0468826252598, 51.683414403889799],
        [-0.046845155997916, 51.683411083074191],
        [-0.046771663078848, 51.683404465447964],
        [-0.046698092829954, 51.683399644966485],
        [-0.04662299965555, 51.683396597586878],
        [-0.046547867813301, 51.68339444875452],
        [-0.046474142885573, 51.683393222513693],
        [-0.046398895012068, 51.683393769371506],
        [-0.046325054041132, 51.683395238822278],
        [-0.046249728794878, 51.683397582774475],
        [-0.046175771755689, 51.68340174791625],
        [-0.046101776016101, 51.68340681160619],
        [-0.046091618219762, 51.683407541857804],
        [-0.045864080710844, 51.68341724485137],
        [-0.045239523397696, 51.683441922012079],
        [-0.044693168991265, 51.683431029024945],
        [-0.044269263732584, 51.683432064175733],
        [-0.04415298452455, 51.683411243851793],
        [-0.043684047964045, 51.683349479504741],
        [-0.043655562405384, 51.683339113397246],
        [-0.043745281450018, 51.683170651669897],
        [-0.043663348377514, 51.683158496077098],
        [-0.043697940008967, 51.683094327064346],
        [-0.042524626236204, 51.683029815752008],
        [-0.042513832588342, 51.68311236584767],
        [-0.042471988450329, 51.68310986995629],
        [-0.041491092456119, 51.683044958240068],
        [-0.041090076998961, 51.683018487167608],
        [-0.039653589373948, 51.682918083991396],
        [-0.037167398411147, 51.682805520308015],
        [-0.037126961596352, 51.682803945266777],
        [-0.037103871503026, 51.682802660126846],
        [-0.03710803762894, 51.682739782973321],
        [-0.037109708828863, 51.682701143594912],
        [-0.037109980884306, 51.682694853463538],
        [-0.037109390359274, 51.682675060319674],
        [-0.03703277590406, 51.682673779847107],
        [-0.037036196153175, 51.682594703912251],
        [-0.036920746247781, 51.682588278083728],
        [-0.034521898253904, 51.682463629462859],
        [-0.03426787125152, 51.682450385656608],
        [-0.034264134828533, 51.682536650171812],
        [-0.033418367385018, 51.682491917227523],
        [-0.033119606569409, 51.682476123407127],
        [-0.032994038804396, 51.682469524267461],
        [-0.032960601030142, 51.682506732339931],
        [-0.03069909965786, 51.682417577631568],
        [-0.030660432251613, 51.682541923708172],
        [-0.029438589685579, 51.682429707117123],
        [-0.028402837384843, 51.682329594242937],
        [-0.02771347121052, 51.682247878948722],
        [-0.027587239968118, 51.682190006136935],
        [-0.027128771539036, 51.682121157288378],
        [-0.026628501358145, 51.682082178480741],
        [-0.025977038726281, 51.681993895871237],
        [-0.025227284442109, 51.681870685040593],
        [-0.024717683946089, 51.68178028441627],
        [-0.024485622427096, 51.6817278221978],
        [-0.024179059824905, 51.681658819087602],
        [-0.023399391070352, 51.681525201588983],
        [-0.023196819115269, 51.681592832242274],
        [-0.022916354047234, 51.681555738533348],
        [-0.022150124491417, 51.681478991166152],
        [-0.020960574484607, 51.681290794241185],
        [-0.019797944984838, 51.681148900439986],
        [-0.019655154937405, 51.681139298887011],
        [-0.018215733381969, 51.681042180130952],
        [-0.017797680230414, 51.681009047077183],
        [-0.017509910811397, 51.681006887568607],
        [-0.016021760839754, 51.6809988435555],
        [-0.015069030072549, 51.680986342342109],
        [-0.014034929896633, 51.680949077168059],
        [-0.012203872284366, 51.68087673493816],
        [-0.011945013877592, 51.680875051104564],
        [-0.011239385303708, 51.680868499851542],
        [-0.011091907410297, 51.680866901669987],
        [-0.011138287208813, 51.680732800609249],
        [-0.0111548682291, 51.680684522263199],
        [-0.011147188875663, 51.68006751131221],
        [-0.011011517364294, 51.679598506382703],
        [-0.010989004149993, 51.679518092437355],
        [-0.010803332479241, 51.678935834952583],
        [-0.010692605548279, 51.678425886824002],
        [-0.010596638033291, 51.677942266621422],
        [-0.010460064656834, 51.677296094522866],
        [-0.010384521526841, 51.676841595841793],
        [-0.010354780396327, 51.676662142444798],
        [-0.010350298777901, 51.676632391469326],
        [-0.010376280239602, 51.676402625194378],
        [-0.010476315610737, 51.676199292292097],
        [-0.010550621760796, 51.67595595671461],
        [-0.010572718894211, 51.675880794547467],
        [-0.010680430939132, 51.675502238928694],
        [-0.010760488185893, 51.675226627839812],
        [-0.010828537436726, 51.674993977016534],
        [-0.01086352982684, 51.674789542059465],
        [-0.010914729989943, 51.674479270797363],
        [-0.011121091815938, 51.673334431000946],
        [-0.011377022301095, 51.671916160556385],
        [-0.011438256165946, 51.671244562600556],
        [-0.011442574394511, 51.671178990873038],
        [-0.011444041633937, 51.671112471623822],
        [-0.011442618539829, 51.671045903431207],
        [-0.011438305124958, 51.6709792862952],
        [-0.011437489671198, 51.670964884574154],
        [-0.011431731109732, 51.670898242965862],
        [-0.011428418910219, 51.670874806520644],
        [-0.011423082249616, 51.670831552413738],
        [-0.011411503746738, 51.670765711495442],
        [-0.011397034970432, 51.670699821632141],
        [-0.011376746275742, 51.670634732457025],
        [-0.011370268318694, 51.67061753711247],
        [-0.01135321312039, 51.670577681536905],
        [-0.011333267657142, 51.670537777013855],
        [-0.011311877082359, 51.670497848014833],
        [-0.01128900204103, 51.670458793117135],
        [-0.011266166397595, 51.670418839637065],
        [-0.011243291433763, 51.670379784730798],
        [-0.01122986337422, 51.670356176964063],
        [-0.010915989225859, 51.669796027030941],
        [-0.010661948662468, 51.669487779084236],
        [-0.010647509118239, 51.669454262416117],
        [-0.010634554075955, 51.669419871649175],
        [-0.010623044162332, 51.669385505361625],
        [-0.010613018744816, 51.669350264976025],
        [-0.010605844186194, 51.669315972129617],
        [-0.010604635303796, 51.669310556181117],
        [-0.010597500127936, 51.669275364756182],
        [-0.010591810067455, 51.669240197811959],
        [-0.010587565118971, 51.669205055348563],
        [-0.010584765279165, 51.669169937366192],
        [-0.010584855646352, 51.669134868346134],
        [-0.010587836213823, 51.669099848288297],
        [-0.010592261875443, 51.66906485271133],
        [-0.010592379987643, 51.66906215697751],
        [-0.010599262761814, 51.669037094719549],
        [-0.010606106157611, 51.669012931038949],
        [-0.010615839739971, 51.668988816319441],
        [-0.010627018407964, 51.668964726079643],
        [-0.010639642159364, 51.668940660319066],
        [-0.010652265897066, 51.66891659455689],
        [-0.010664889621045, 51.66889252879313],
        [-0.010692987844609, 51.668845344798555],
        [-0.010705572158156, 51.668822177607701],
        [-0.01071186430999, 51.668810594011724],
        [-0.010755791179842, 51.668732204562922],
        [-0.010804013788527, 51.668654787108522],
        [-0.010853681313865, 51.668577394109349],
        [-0.01090619946665, 51.668500948618771],
        [-0.010936951169781, 51.668459204980969],
        [-0.010961332060781, 51.668430842102403],
        [-0.010984307204262, 51.668401556163943],
        [-0.011004392162064, 51.668372221268889],
        [-0.011024477093507, 51.668342886370048],
        [-0.011043156283322, 51.668312628413716],
        [-0.011060390372791, 51.668282345978866],
        [-0.011065079840329, 51.668274332199324],
        [-0.011079463112352, 51.668243102232744],
        [-0.011092361931655, 51.668212746367665],
        [-0.011102409948849, 51.668181442973399],
        [-0.011112497310801, 51.668149240999632],
        [-0.011121100229079, 51.66811791312869],
        [-0.011138345386835, 51.668054358805762],
        [-0.011146908909305, 51.668023929510497],
        [-0.011181556453227, 51.667893226536151],
        [-0.011211907968504, 51.66776155154902],
        [-0.011213707236508, 51.667753488815833],
        [-0.011244845670037, 51.6676038422452],
        [-0.01126875864076, 51.667454073299361],
        [-0.011288375662578, 51.667303332348865],
        [-0.011302212383423, 51.667152493503181],
        [-0.011311713895199, 51.667001581236455],
        [-0.011315435211394, 51.666850571078811],
        [-0.011314759979451, 51.666766929847363],
        [-0.0114063641308, 51.665401628406343],
        [-0.011521073850741, 51.663937800907163],
        [-0.011520308613932, 51.663889228692483],
        [-0.011518059098135, 51.663841530588698],
        [-0.01151440399818, 51.663792909437255],
        [-0.01150785904258, 51.663744239349249],
        [-0.011498384895412, 51.663696418903548],
        [-0.0114924192994, 51.663667542026189],
        [-0.011481500255252, 51.663619697110605],
        [-0.011467691381804, 51.663571803256879],
        [-0.011452398266243, 51.663524783512017],
        [-0.011435660258606, 51.663477739296248],
        [-0.011416032442445, 51.663430646139872],
        [-0.011393475479968, 51.663384402620835],
        [-0.011369473644295, 51.663338134627956],
        [-0.011346720034468, 51.663296383996432],
        [-0.01131963171969, 51.663254559949955],
        [-0.011289614277421, 51.663213585535608],
        [-0.011258112626644, 51.66317348522206],
        [-0.011225126769554, 51.663134259008231],
        [-0.011190696058687, 51.663095008313753],
        [-0.011156265406696, 51.663055757609499],
        [-0.011120389906029, 51.663016482422947],
        [-0.011085959373062, 51.662977231698882],
        [-0.011065348304828, 51.66295260296485],
        [-0.010801111392943, 51.662646879799453],
        [-0.010645277366769, 51.66247428242562],
        [-0.010210124791, 51.6620433647672],
        [-0.009857789369108, 51.66176851935073],
        [-0.009724937327391, 51.661665552133144],
        [-0.009668954209003, 51.66162323793106],
        [-0.009615860915727, 51.661580972684412],
        [-0.009562846481836, 51.66153691025746],
        [-0.009512721865627, 51.661492896791167],
        [-0.009464081584558, 51.661448009218169],
        [-0.009418370491586, 51.661402272033335],
        [-0.009372698873932, 51.661355636252878],
        [-0.009329956437293, 51.661308150865047],
        [-0.009290143174825, 51.661259815872981],
        [-0.009250329996077, 51.661211480867856],
        [-0.009247637230398, 51.661206938985728],
        [-0.009210753222532, 51.661157754379431],
        [-0.009175353526129, 51.661107695679561],
        [-0.009141398750026, 51.661057661465719],
        [-0.009111817961804, 51.661006802154162],
        [-0.009082276627675, 51.660955044257044],
        [-0.009055625036452, 51.660903335347498],
        [-0.00903186317823, 51.660851675427274],
        [-0.009011030433274, 51.660799165919805],
        [-0.008993126792567, 51.660745806826405],
        [-0.008984234073509, 51.660717779411193],
        [-0.008973200129768, 51.660672630010254],
        [-0.008963611036397, 51.660627505106547],
        [-0.008956951008464, 51.660581530620476],
        [-0.008951696428258, 51.660536479210627],
        [-0.008949370899096, 51.660490578219019],
        [-0.00894849019717, 51.660444701725524],
        [-0.008949054318137, 51.660398849730207],
        [-0.008951063257624, 51.660353022232997],
        [-0.008954517011216, 51.660307219233665],
        [-0.008960860392618, 51.660261465230398],
        [-0.008967203759993, 51.660215711226321],
        [-0.008974991928433, 51.660169981719534],
        [-0.008980468685866, 51.660143996439274],
        [-0.008992985162533, 51.660089354639858],
        [-0.009008391228988, 51.660034761833607],
        [-0.009025242065781, 51.659980193521818],
        [-0.009044982475176, 51.659925674200956],
        [-0.009066128253196, 51.659872077951185],
        [-0.009090163587726, 51.659818530689719],
        [-0.009115604279553, 51.659765906497036],
        [-0.009143934512355, 51.659713331289474],
        [-0.009173709477174, 51.659660780569361],
        [-0.009196956866649, 51.65962520485408],
        [-0.009828577876264, 51.657980399063156],
        [-0.010382675687505, 51.656586065256342],
        [-0.010387639509723, 51.656571761418988],
        [-0.011128076012986, 51.654784013466227],
        [-0.011478204411167, 51.653886200479718],
        [-0.011735319703148, 51.653230507346997],
        [-0.011754778438626, 51.653182277512641],
        [-0.011774276456358, 51.653133149093257],
        [-0.011790924570509, 51.653083073166663],
        [-0.011806088731648, 51.653033871357096],
        [-0.011818403004062, 51.652983722042457],
        [-0.011820122859727, 51.652977456435558],
        [-0.011829547924998, 51.652927258197586],
        [-0.01183756770547, 51.652876136916731],
        [-0.01184265897501, 51.652825865295199],
        [-0.011844929343709, 51.652807019552021],
        [-0.011847288723124, 51.652753104684422],
        [-0.011848164192259, 51.652700063937168],
        [-0.01184615050074, 51.652646974269011],
        [-0.011844136812225, 51.652593884600428],
        [-0.01184449071708, 51.652585797370023],
        [-0.011836346979423, 51.652408507817306],
        [-0.011822425025529, 51.652231120418243],
        [-0.011802685600436, 51.652054533752676],
        [-0.011777128771203, 51.651878747818422],
        [-0.011744349379507, 51.651702839570135],
        [-0.011707000651227, 51.651532249413201],
        [-0.011615488858865, 51.650782526058805],
        [-0.011625933409214, 51.650345668751264],
        [-0.011660396376524, 51.649756346100339],
        [-0.011863570586364, 51.648846151175555],
        [-0.011899418734498, 51.648687591373481],
        [-0.012100149495665, 51.64730435032029],
        [-0.012103903137293, 51.647284630424465],
        [-0.012284103577906, 51.646238259168399],
        [-0.012286019614005, 51.64622750063257],
        [-0.012039070862108, 51.646222420381847],
        [-0.012033243956305, 51.646256493139575],
        [-0.011663088553849, 51.646391407091279],
        [-0.011541868184522, 51.646419928602995],
        [-0.011123548588914, 51.646400253761378],
        [-0.010777999004392, 51.646369220878015],
        [-0.010402601412109, 51.646293618031287],
        [-0.010202185986158, 51.646513235203223],
        [-0.009240373301941, 51.646526606298416],
        [-0.00900826095736, 51.646512778753511],
        [-0.008845675893204, 51.64649563363357],
        [-0.008618763301372, 51.646462110037469],
        [-0.008362779375601, 51.646399316922029],
        [-0.008003313272458, 51.646323077372358],
        [-0.007626411079887, 51.646215966390876],
        [-0.007370114745441, 51.646160359775969],
        [-0.007748120116033, 51.645846642063198],
        [-0.008013933680175, 51.645520228764255],
        [-0.007938538599168, 51.645459599181294],
        [-0.007972454069192, 51.645279425673849],
        [-0.007990271862548, 51.645235664803486],
        [-0.008019565549843, 51.645193897129182],
        [-0.008247270193269, 51.644978343548743],
        [-0.008346965234316, 51.644682383507856],
        [-0.008472185394829, 51.644496564665189],
        [-0.008300193605995, 51.644496344898677],
        [-0.00831069558826, 51.644289695887714],
        [-0.008306689469209, 51.644150244401338],
        [-0.008283893665866, 51.643944829016668],
        [-0.00828470587531, 51.64376139607721],
        [-0.008297860998846, 51.643659104896436],
        [-0.008217741872932, 51.64360738780664],
        [-0.008163961650694, 51.643581296468909],
        [-0.008037192444913, 51.643538679555476],
        [-0.007931221221806, 51.643516198858364],
        [-0.007307159768389, 51.643442661265084],
        [-0.006683272026942, 51.643332254083752],
        [-0.00625291672374, 51.643324047570815],
        [-0.00605063907872, 51.6433224109281],
        [-0.005802682007866, 51.643340680794559],
        [-0.005660354193592, 51.643356248210921],
        [-0.005519273390482, 51.643376332884216],
        [-0.00458575859047, 51.643536723739324],
        [-0.004450839263869, 51.643317711577026],
        [-0.004421014180074, 51.643239869212678],
        [-0.004395348550852, 51.643198966755754],
        [-0.004366399853402, 51.643167000980654],
        [-0.004235215768906, 51.643060458189488],
        [-0.004099155092123, 51.642867504414887],
        [-0.004010424346248, 51.642715821337809],
        [-0.003681582580347, 51.642831629014921],
        [-0.002947748933022, 51.643118599078832],
        [-0.002156648559738, 51.643392899899709],
        [-0.001847165508682, 51.643495543155453],
        [-0.001109386733322, 51.643674524748121],
        [-0.0008811321677, 51.643704809920052],
        [-0.000521030948585, 51.643709468852443],
        [-0.000313288953337, 51.6436348900478],
        [-0.000482602200396, 51.643531662218322],
        [-0.000406746097025, 51.643481810837073],
        [-0.000370499604204, 51.643451518269181],
        [-0.000310193560726, 51.643376752673369],
        [-0.000294483337503, 51.643339615857087],
        [-0.000279463934206, 51.643253931320913],
        [0.000072479077042, 51.642646338258217],
        [0.00017743963354, 51.642436823442594],
        [0.000349190073455, 51.642234263830289],
        [0.000460101505131, 51.642127161838793],
        [0.000578391780858, 51.64202353100297],
        [0.000798173696697, 51.641861517739663],
        [0.000908212268957, 51.641800291933748],
        [0.001040902905753, 51.641761161197721],
        [0.001230214562107, 51.641760632196132],
        [0.001432207633558, 51.64175269270639],
        [0.001629748796616, 51.641676485757024],
        [0.002080838941979, 51.641647212302438],
        [0.002525321916598, 51.641664810819414],
        [0.002782234092552, 51.641656831509898],
        [0.002947526963869, 51.641636026703971],
        [0.002987904394953, 51.641601166340479],
        [0.003183071340704, 51.641602332790058],
        [0.003470037328849, 51.641653189711349],
        [0.003506968236985, 51.641540153195024],
        [0.00428454838281, 51.641540370044027],
        [0.005050597219964, 51.64157405094501],
        [0.005453436066687, 51.641597745069333],
        [0.005838452296668, 51.641643324326402],
        [0.006116693092363, 51.641660152334651],
        [0.006383475878825, 51.64164660096975],
        [0.006526571950993, 51.641646853206943],
        [0.006594410274703, 51.641644794536653],
        [0.007017064361864, 51.641593506813344],
        [0.007383854098046, 51.641586336783519],
        [0.008396249361172, 51.641471004167165],
        [0.008947751468764, 51.641424699249889],
        [0.009663253826951, 51.641459214949208],
        [0.00976868071223, 51.641457410267456],
        [0.009872345492317, 51.641448441646929],
        [0.010015851827559, 51.641425302068853],
        [0.010734282481311, 51.641362641963504],
        [0.011026553452126, 51.641304580174982],
        [0.011145189268998, 51.641274671202851],
        [0.011431854002227, 51.641187928385477],
        [0.011487700344538, 51.641176180566056],
        [0.011566773052455, 51.641166732523665],
        [0.011711232115003, 51.641165156571908],
        [0.012153843377235, 51.641140485855438],
        [0.012444416234817, 51.641109427163549],
        [0.012780048723964, 51.641051516956651],
        [0.013454659609831, 51.640880781906148],
        [0.01396406844451, 51.640830678951509],
        [0.014135766595572, 51.640824136481008],
        [0.014421586269502, 51.640718516505864],
        [0.014602885711339, 51.640667745264047],
        [0.014844879826374, 51.640616831383042],
        [0.015107729194254, 51.640579947074443],
        [0.015806506661016, 51.640433063398163],
        [0.016369271038795, 51.640347862241839],
        [0.016777459483274, 51.640296787642768],
        [0.01739424394482, 51.640256515432938],
        [0.018096902878936, 51.640262424245734],
        [0.019325740281133, 51.640335716255741],
        [0.020053251171901, 51.640445499214536],
        [0.021805820037236, 51.640920711286917],
        [0.021807264213346, 51.640920686416734],
        [0.022693156164661, 51.641114053785557],
        [0.022703509933379, 51.64108689781785],
        [0.022838774551786, 51.640554008073245],
        [0.02298089257447, 51.640045279850916],
        [0.022938603125976, 51.63951724771298],
        [0.022953914848674, 51.638724741811473],
        [0.023030761988386, 51.63791858590843],
        [0.023056461741126, 51.637716710292132],
        [0.023930584534784, 51.637549670193138],
        [0.02468347320035, 51.63745125917788],
        [0.024895310185213, 51.637437713847504],
        [0.024979715327066, 51.637353526671021],
        [0.02513287154839, 51.63728793708384],
        [0.024998669248467, 51.637130184821117],
        [0.024910954543986, 51.637010298506688],
        [0.024853241941265, 51.636915073772755],
        [0.024809970016892, 51.636819599950151],
        [0.024781058632584, 51.636722079928845],
        [0.024761975471269, 51.636618095618211],
        [0.024693131073784, 51.636337816513993],
        [0.024686164045553, 51.636213839644547],
        [0.024686100243372, 51.636050176549553],
        [0.024705122329854, 51.635958124596442],
        [0.024738624495943, 51.635866722159101],
        [0.024782554785312, 51.635782333886482],
        [0.024937889012808, 51.63553865466551],
        [0.024969259860917, 51.635496747880566],
        [0.025198075672868, 51.635248203784414],
        [0.025415014103924, 51.635025043247047],
        [0.025643059234729, 51.634824171999227],
        [0.025712390592569, 51.634563990500233],
        [0.025546710279898, 51.634380703624593],
        [0.025395239062596, 51.63409465639949],
        [0.024987341419559, 51.63346951729509],
        [0.024596088441642, 51.632958295023059],
        [0.024446152097998, 51.632674018618424],
        [0.024303357171695, 51.632387820370539],
        [0.024047090578216, 51.631824809577559],
        [0.02384653743521, 51.631279722084606],
        [0.023816912017164, 51.631166027511476],
        [0.023872986668562, 51.631127292111699],
        [0.023808156658544, 51.630936868578885],
        [0.023864711013354, 51.630908915963175],
        [0.023900247442241, 51.630895713747854],
        [0.02386400286953, 51.630795622113503],
        [0.023725081117868, 51.63072607668942],
        [0.022481308621848, 51.629791603923934],
        [0.022134328898937, 51.629429786262818],
        [0.021792728611834, 51.62883137103006],
        [0.021563348523315, 51.628936937081406],
        [0.021347526559108, 51.629022485626066],
        [0.021332569286744, 51.629011052864833],
        [0.02126816921995, 51.628960004978872],
        [0.021382240645593, 51.628893294510846],
        [0.021349763919874, 51.62884529399058],
        [0.021321972350362, 51.628837679236739],
        [0.0212751318804, 51.628824097685438],
        [0.021182563504763, 51.628854467650783],
        [0.021025537453751, 51.62893001073062],
        [0.020961451300433, 51.628918524464538],
        [0.020945062475698, 51.628842369988021],
        [0.020889126153064, 51.628786679918242],
        [0.020895079346822, 51.62869305498311],
        [0.020956461546154, 51.628578692223456],
        [0.02105914797263, 51.628483401920455],
        [0.021119439227894, 51.628409524298235],
        [0.02111704283454, 51.628355610291941],
        [0.02109314956546, 51.628305663410984],
        [0.020982737600811, 51.628324650126743],
        [0.020788958196265, 51.628288418840334],
        [0.020669364376966, 51.628295873011282],
        [0.020637567656313, 51.628263147916385],
        [0.020672630095215, 51.628206790614819],
        [0.020669635288442, 51.628139398085935],
        [0.020556128167821, 51.627991176363885],
        [0.020562315211079, 51.62793531609821],
        [0.020548615339243, 51.627854619006513],
        [0.020466226779301, 51.627723846664168],
        [0.020463950996846, 51.627672628331553],
        [0.020534947377609, 51.627612055565194],
        [0.020551686243377, 51.627533532315979],
        [0.020594452476038, 51.627455460321563],
        [0.020591937002522, 51.627398850587355],
        [0.020563434108586, 51.62734268816039],
        [0.020521252447863, 51.627303847001542],
        [0.020476582628568, 51.6272740411979],
        [0.020412139632518, 51.627254467496265],
        [0.020291384165791, 51.627268236074521],
        [0.020234765378121, 51.627229643277069],
        [0.019922039773515, 51.627020102925236],
        [0.019922166337861, 51.62699042535067],
        [0.019917675474785, 51.626986905606806],
        [0.019921933674564, 51.626952660667044],
        [0.019923151568406, 51.626882497862802],
        [0.01992340470025, 51.626823142712198],
        [0.019921608569843, 51.62678270716669],
        [0.020138966359798, 51.626601813756281],
        [0.020138527261938, 51.626591929512813],
        [0.020137609149059, 51.626571262458199],
        [0.020135892680114, 51.626532624051507],
        [0.02010218158654, 51.62645676753921],
        [0.020068942875643, 51.626424067106562],
        [0.020062556284516, 51.626280296279795],
        [0.020065856338718, 51.626224485708335],
        [0.019928724282912, 51.62612972594205],
        [0.01980012144595, 51.626096867828743],
        [0.019762472282117, 51.626062444687754],
        [0.019787960968715, 51.625953196331331],
        [0.019792132435769, 51.625949527538893],
        [0.019789125300229, 51.625946881515844],
        [0.019795226325025, 51.625921597413551],
        [0.019604885502955, 51.625799875881654],
        [0.019459412754222, 51.625712453108115],
        [0.019408019995394, 51.625628807286716],
        [0.019448417859907, 51.625562466740895],
        [0.019442704577043, 51.625466344785856],
        [0.019474320431245, 51.62539745754173],
        [0.019476217393764, 51.625342570376212],
        [0.019419177237341, 51.625229346309183],
        [0.019121504517033, 51.625033033736841],
        [0.019268175433173, 51.624952275693566],
        [0.019263086350809, 51.624935277395885],
        [0.019244565362754, 51.624908618345998],
        [0.019139224765381, 51.624878956398966],
        [0.019022135489895, 51.624845000157798],
        [0.01900944427275, 51.624754393722881],
        [0.01900024937282, 51.62428693944257],
        [0.018833135622291, 51.62416751495401],
        [0.018619834830736, 51.6241792764122],
        [0.018584070546075, 51.624154712287464],
        [0.01858143822067, 51.624095406744637],
        [0.018614051595896, 51.624048983934188],
        [0.018742456063814, 51.6240449772842],
        [0.01880098268915, 51.623963937099823],
        [0.018749680690996, 51.623849714766891],
        [0.018771948954748, 51.623798074288814],
        [0.018811700322022, 51.623749730152682],
        [0.018895119568811, 51.62370872827438],
        [0.019005705684922, 51.623758983066573],
        [0.019046813106659, 51.623741190187701],
        [0.019055729266694, 51.623681686014116],
        [0.01904258453063, 51.623645941911668],
        [0.018958542432791, 51.62360782018866],
        [0.018904450041659, 51.623593463191384],
        [0.018864993407919, 51.623583350732282],
        [0.018785194981347, 51.623575730564106],
        [0.018663571254242, 51.623569728861227],
        [0.018547642302909, 51.623561830597382],
        [0.018461152199213, 51.623533642418458],
        [0.018464613636845, 51.623481426124265],
        [0.018572701826086, 51.623410324879622],
        [0.018690281210808, 51.623390317835828],
        [0.018748998819847, 51.623346143826986],
        [0.01880896049948, 51.62329745211823],
        [0.018829306177094, 51.62323505362955],
        [0.018808784129222, 51.623195839357209],
        [0.01874940417458, 51.62315999111069],
        [0.018626194058548, 51.623085673292174],
        [0.018555655927248, 51.622928617428855],
        [0.018497249484427, 51.622849588084676],
        [0.018461773430852, 51.622798940578512],
        [0.018387160687367, 51.622745368983246],
        [0.018282511640324, 51.622698608560398],
        [0.018255490071943, 51.622675692529334],
        [0.018193910033184, 51.622622795991205],
        [0.018060716729395, 51.62255134699123],
        [0.017906914845686, 51.622471259565515],
        [0.017690967843397, 51.622358068461189],
        [0.017570281473467, 51.622307986049229],
        [0.017456437235575, 51.62231443897246],
        [0.017433539099636, 51.622319328784911],
        [0.017341490581956, 51.622393750365532],
        [0.017247696961631, 51.622396261482059],
        [0.017158601663382, 51.622374411909981],
        [0.017075798880866, 51.622364144455744],
        [0.017026079173082, 51.62235061072024],
        [0.017014371046033, 51.622347214880541],
        [0.017021150645736, 51.622337206585918],
        [0.017088866778142, 51.622235326479014],
        [0.017103170011695, 51.622134364167664],
        [0.017107669091564, 51.622105510705069],
        [0.017088920384884, 51.622041086532157],
        [0.017065871894155, 51.622010008666834],
        [0.017029831224634, 51.621979154042364],
        [0.016985368230467, 51.621953839653514],
        [0.016945634500536, 51.621937436536086],
        [0.01655573703195, 51.621843418689771],
        [0.016265548088123, 51.621815131055961],
        [0.016190173129465, 51.621776858504063],
        [0.016235041771737, 51.621648393670426],
        [0.016232443023693, 51.621622359920643],
        [0.016221541375006, 51.621604562075404],
        [0.016117434242676, 51.62150473440829],
        [0.016114029307423, 51.621493102577681],
        [0.016133163755985, 51.621468494059705],
        [0.016157385680264, 51.621460883997514],
        [0.016202016643218, 51.621457419659826],
        [0.016260246714347, 51.621434837371105],
        [0.016286798039936, 51.621414597704536],
        [0.016288867676586, 51.621330931463035],
        [0.016243409893886, 51.621283152515524],
        [0.016144022821279, 51.621224609516538],
        [0.01600754171319, 51.621176595310239],
        [0.015997397003717, 51.62117587028429],
        [0.015984653722812, 51.621149111498433],
        [0.01582440860785, 51.620923452767933],
        [0.015815189785724, 51.620911021514701],
        [0.015663458140885, 51.620910030053821],
        [0.015592057454955, 51.620863595588347],
        [0.015531996100243, 51.620844843276402],
        [0.015491417586597, 51.620841942999306],
        [0.015247607559099, 51.620882099161946],
        [0.015244043644138, 51.620866873017356],
        [0.015236278815071, 51.620822043588667],
        [0.015124430058835, 51.620743030818687],
        [0.0150330698992, 51.620669961017654],
        [0.014832778648419, 51.620551100442896],
        [0.01471544640106, 51.620446103023973],
        [0.014628685971799, 51.620411621916233],
        [0.014489549784276, 51.620401420227786],
        [0.014440270740209, 51.62039776964955],
        [0.014351958610779, 51.620328244036585],
        [0.014314716359848, 51.620302804737861],
        [0.014444109301985, 51.62019087520266],
        [0.014557384090546, 51.620073826614373],
        [0.014647044630106, 51.619945492892363],
        [0.014709259483822, 51.619751984565951],
        [0.014720234766075, 51.619543169080416],
        [0.01467665406879, 51.61940723034602],
        [0.01449971475648, 51.618902188098865],
        [0.014334043426874, 51.618879852075068],
        [0.014199162860891, 51.618867778532028],
        [0.013990494405261, 51.61888574702887],
        [0.012637729571135, 51.619067218130596],
        [0.012237353413648, 51.619094765136012],
        [0.011827242710851, 51.619098197741522],
        [0.011451577051017, 51.619096542400783],
        [0.011195933118758, 51.619064952619716],
        [0.010871518374598, 51.619046230717089],
        [0.010680859285389, 51.618948780235741],
        [0.010487603004353, 51.619021333004113],
        [0.010374903727666, 51.619086211024253],
        [0.010329784213255, 51.619111263628596],
        [0.010227520530725, 51.619150783660153],
        [0.010211920061738, 51.619157345603384],
        [0.01020255818433, 51.619108946196164],
        [0.010122226939858, 51.619056366599516],
        [0.010113407148733, 51.619052920616667],
        [0.010003171499976, 51.619075491136684],
        [0.009925222870581, 51.619076825863772],
        [0.009902126979218, 51.619077221328503],
        [0.009882751872522, 51.619096437419039],
        [0.009834452998124, 51.619147622642473],
        [0.00972433608048, 51.619172888627489],
        [0.009648465970724, 51.619188575650348],
        [0.00945813725786, 51.61916395713012],
        [0.009025485132872, 51.619180355373487],
        [0.008678455773022, 51.61907478680935],
        [0.009002318932641, 51.618982915952692],
        [0.009096398665601, 51.618954328117646],
        [0.01061467546175, 51.61852996209813],
        [0.013523897528652, 51.617743604838438],
        [0.014703300843098, 51.617399635942242],
        [0.015274395522039, 51.61721537688463],
        [0.015797444415453, 51.617055320758702],
        [0.016042019491995, 51.616935116433176],
        [0.016132685879394, 51.616894891196651],
        [0.016252100965438, 51.616851474307019],
        [0.020561524149211, 51.612893484290261],
        [0.02104791406254, 51.612462459794905],
        [0.021233009472931, 51.612272227188932],
        [0.021264448152546, 51.612232118512416],
        [0.021317342265508, 51.61215477082385],
        [0.021365553214292, 51.612037037210733],
        [0.021379896449812, 51.611872226229167],
        [0.021374746599726, 51.611756310804907],
        [0.021352769078191, 51.611586729772291],
        [0.021308258767351, 51.611430126365683],
        [0.021178816169379, 51.611182362053448],
        [0.021374982150735, 51.611143912911743],
        [0.02119144722688, 51.610751400550598],
        [0.021049451092238, 51.610546117330081],
        [0.02083528386864, 51.610601961754647],
        [0.020612456875951, 51.610267677424851],
        [0.020687443509248, 51.610167468239425],
        [0.020423219785998, 51.609779041557623],
        [0.020368113002431, 51.609708948845089],
        [0.020186337290755, 51.609778622654076],
        [0.019851549255744, 51.609101848512587],
        [0.019682017407131, 51.608926712990815],
        [0.019640619159389, 51.608872570674627],
        [0.019532132749399, 51.608738649579152],
        [0.019572182207037, 51.608729867160228],
        [0.019656610542402, 51.608712227783485],
        [0.01962439731549, 51.608637244502901],
        [0.019587256524638, 51.608548857147149],
        [0.019505400748319, 51.608364119409678],
        [0.019476281218676, 51.60826120589261],
        [0.019408054783014, 51.608253387195568],
        [0.01923825023622, 51.608234726435398],
        [0.019242061296822, 51.608222970530939],
        [0.019307638906912, 51.608073464934577],
        [0.019428204911496, 51.607796217974276],
        [0.019552797288237, 51.607609726549121],
        [0.01944639756077, 51.607652923097369],
        [0.019118817492776, 51.607788951127674],
        [0.019104832581862, 51.607766710283457],
        [0.018706802573664, 51.607161162835098],
        [0.018274197469233, 51.606524734605443],
        [0.017987311456969, 51.606047665739794],
        [0.018129785678936, 51.606003850206349],
        [0.018058924352755, 51.605969098339287],
        [0.017983144854883, 51.605888568880438],
        [0.017988575740783, 51.605815635682561],
        [0.017456290075569, 51.60537335928997],
        [0.01743228505686, 51.605353088997596],
        [0.017401392516998, 51.605307757889342],
        [0.017186730444259, 51.605058756190537],
        [0.017046213761918, 51.604853442749722],
        [0.015739157758939, 51.603057600259355],
        [0.014817172585377, 51.601770407868038],
        [0.01414365648917, 51.600941162723913],
        [0.013770271766177, 51.600367549012752],
        [0.013401189273711, 51.599890980106039],
        [0.013230601102311, 51.59959265526453],
        [0.012991192055845, 51.599207383379351],
        [0.012905000124303, 51.599054189433694],
        [0.012856918751937, 51.598391362123643],
        [0.012791498021791, 51.597695559585503],
        [0.012684872267252, 51.596916832647118],
        [0.012597223165081, 51.596403960390624],
        [0.012611880044235, 51.595919009141745],
        [0.012536675230874, 51.59536096048155],
        [0.012428250137837, 51.594802582134008],
        [0.012412232796505, 51.594668867370324],
        [0.012376427596932, 51.594512111205788],
        [0.01235298555424, 51.594406400737846],
        [0.012347319858693, 51.594343549834164],
        [0.012342527977317, 51.59430046762067],
        [0.012303969979574, 51.594114083119017],
        [0.012188098669175, 51.593452417489303],
        [0.012174703697827, 51.59337800874048],
        [0.012134465072985, 51.592990219177999],
        [0.01208505557041, 51.592688915597051],
        [0.012090042592874, 51.592148375952625],
        [0.012198716954063, 51.592157303765013],
        [0.012191159363716, 51.592116966729002],
        [0.012264613838035, 51.592014990336757],
        [0.012248133021809, 51.591642080756891],
        [0.012280266971098, 51.591552503197093],
        [0.012275660289803, 51.59144826822569],
        [0.01245257039148, 51.591269879274634],
        [0.012390786172388, 51.590949903522812],
        [0.012390903223884, 51.590756560961978],
        [0.012492118058687, 51.590368144167854],
        [0.012513458363967, 51.589805741637569],
        [0.012575442030468, 51.589313683470266],
        [0.012621929712568, 51.588993649392719],
        [0.012680737089395, 51.588625743274562],
        [0.012832276007627, 51.587612377275995],
        [0.012918997836022, 51.586961624829208],
        [0.013032720389243, 51.586007358753264],
        [0.01313760738636, 51.585408451375898],
        [0.013273437506914, 51.584562615911324],
        [0.013325298367087, 51.58410310387135],
        [0.013369010897085, 51.583785814570653],
        [0.014100144874521, 51.583410866448908],
        [0.014865957781367, 51.583395921388664],
        [0.015501957922933, 51.58338320099157],
        [0.015413797611032, 51.5829566674849],
        [0.015386230925437, 51.582725131892488],
        [0.015403683932961, 51.582532390528776],
        [0.015246799022411, 51.582509905607289],
        [0.015379035060282, 51.582203684736747],
        [0.015473317334412, 51.582050989766493],
        [0.015530633952509, 51.581976265997319],
        [0.015669934191114, 51.581862365063927],
        [0.015429379650934, 51.581775671592538],
        [0.015332597070335, 51.581741363401846],
        [0.015232890268536, 51.581706206090914],
        [0.015977028019879, 51.58012601383971],
        [0.01637414319513, 51.57931525193915],
        [0.01661535385295, 51.579188807423222],
        [0.017361532971143, 51.577591484183635],
        [0.017413250716104, 51.577455705909109],
        [0.017379762771858, 51.576503964365145],
        [0.017320580144565, 51.575884491762032],
        [0.017350890165674, 51.575395671905831],
        [0.017356236848324, 51.574929762715605],
        [0.017390465975919, 51.574594649062675],
        [0.017382348950079, 51.574411339326666],
        [0.017317504287614, 51.574250587145642],
        [0.017195932483425, 51.574112392421831],
        [0.016832852908535, 51.573604256215532],
        [0.016465047437131, 51.57311958090672],
        [0.016343184035822, 51.572909449417409],
        [0.016459232428869, 51.572890369203222],
        [0.016672781484269, 51.572857023515589],
        [0.017060635756592, 51.572751438083401],
        [0.017311128909967, 51.572672493067053],
        [0.017472096965838, 51.572592389036451],
        [0.017625147684225, 51.57246386079764],
        [0.017782851330999, 51.572310073013064],
        [0.01789248104011, 51.572178694044091],
        [0.018015336137595, 51.572020109660436],
        [0.018759525872281, 51.572303165434633],
        [0.018760967875747, 51.572303140625202],
        [0.018882724572049, 51.572347807365361],
        [0.018898652319708, 51.572251312309739],
        [0.018945531209756, 51.571746019852064],
        [0.019025190885258, 51.57087326441291],
        [0.019064308785475, 51.570323142231125],
        [0.019129642237852, 51.569843610565677],
        [0.019077781289403, 51.569813028822644],
        [0.018836086602305, 51.5698621507347],
        [0.018617970847825, 51.569954930334077],
        [0.018436101526928, 51.570051582310619],
        [0.018344764024948, 51.570107109215748],
        [0.018247667686959, 51.570130361675162],
        [0.018155304236023, 51.570130151838214],
        [0.017972267361641, 51.570102725023411],
        [0.017795157599811, 51.570078793043699],
        [0.017710093009435, 51.570047882434963],
        [0.017667649880272, 51.570001850670806],
        [0.017687855988018, 51.569936756352618],
        [0.017906444337978, 51.569463582562634],
        [0.018149647826702, 51.568894663142153],
        [0.01841784400755, 51.56830373090353],
        [0.018561957986183, 51.567843527212929],
        [0.018563280439537, 51.567840806674866],
        [0.018908378258056, 51.567194594370982],
        [0.018940434646983, 51.567136489983127],
        [0.018966683794168, 51.567077586250413],
        [0.018988567556943, 51.56701785836605],
        [0.019006085951474, 51.566957306332228],
        [0.019008491892863, 51.56694647378206],
        [0.019018801076815, 51.566886045799322],
        [0.019026186765085, 51.566824768859675],
        [0.019026363295914, 51.566763615973557],
        [0.019022174540026, 51.566701638941773],
        [0.019010816487701, 51.56664068453977],
        [0.019002253827509, 51.566610256959031],
        [0.018982642995476, 51.566558437190068],
        [0.018957304738923, 51.566507615234123],
        [0.018927680893571, 51.566457766277843],
        [0.018893731663824, 51.566407991740306],
        [0.018858380500958, 51.566359140577944],
        [0.018821627407253, 51.566311212789486],
        [0.018820026369674, 51.56630764328721],
        [0.018752805127935, 51.566223369951608],
        [0.018685902562512, 51.566146285195259],
        [0.018481807910121, 51.566001418169662],
        [0.018480366105759, 51.566001442973551],
        [0.0183376549148, 51.56590677764688],
        [0.018151849526423, 51.565816450451841],
        [0.017966840637344, 51.565744094516511],
        [0.017750510690057, 51.565681269554638],
        [0.017509183753796, 51.565640456324395],
        [0.017167170376045, 51.565606769239423],
        [0.016503706808666, 51.56561277818782],
        [0.015596829199624, 51.565595987329694],
        [0.014431223414742, 51.565601617057688],
        [0.014454435174669, 51.565212737312493],
        [0.014362511825743, 51.564699937574787],
        [0.014317131062775, 51.564391370487819],
        [0.014289600888166, 51.563899047416136],
        [0.014273472343806, 51.563762636441382],
        [0.01423114771065, 51.56342524042568],
        [0.014188502847806, 51.562982636180621],
        [0.014193345919423, 51.5622433593159],
        [0.014182062333463, 51.561792123241304],
        [0.014181704960718, 51.561784036013492],
        [0.014190247609318, 51.561324366181104],
        [0.01447277573306, 51.560339319206392],
        [0.014754661008, 51.559437913820375],
        [0.015004256398753, 51.559438123693567],
        [0.015379759059605, 51.559414587977123],
        [0.015622316435095, 51.559386141013796],
        [0.015788389400244, 51.559357209149084],
        [0.015952782116013, 51.559322910340306],
        [0.016075487572401, 51.559292025441039],
        [0.016280334667409, 51.559226456056003],
        [0.016597129430026, 51.559082524804374],
        [0.016786247035833, 51.55898754919712],
        [0.017131244061959, 51.558796369986119],
        [0.017747550501081, 51.558411678708737],
        [0.017880531177204, 51.558287091775661],
        [0.018027559168891, 51.558186543178387],
        [0.018130495037494, 51.558100241802649],
        [0.018131896811625, 51.558099318426493],
        [0.018248491933063, 51.557995695975151],
        [0.018647516188115, 51.557721749777322],
        [0.019029763446142, 51.557427407834396],
        [0.019737355736252, 51.556792038696187],
        [0.020066658911108, 51.556475223816179],
        [0.020341634972971, 51.556267255215239],
        [0.021317287214907, 51.555171332710344],
        [0.021232248412905, 51.555140424304994],
        [0.021532208190505, 51.554878066489017],
        [0.020076146241973, 51.554410349988622],
        [0.01933899583397, 51.554182037568502],
        [0.019378696561003, 51.554101319702234],
        [0.018582774580924, 51.553881208288622],
        [0.017932382869128, 51.553592042875913],
        [0.017930901686366, 51.553591169088776],
        [0.016944911340591, 51.55318277250629],
        [0.016720426771286, 51.553390764576598],
        [0.016254270735789, 51.553222521194506],
        [0.015970521517065, 51.55355832653089],
        [0.015699791970996, 51.553862433209076],
        [0.015622846176738, 51.553949185276764],
        [0.014573840864041, 51.554954594624746],
        [0.013926276657939, 51.554729206252645],
        [0.011621324039459, 51.553917148334179],
        [0.011110246010786, 51.55439802361915],
        [0.009622310222746, 51.553433431930586],
        [0.010821210897507, 51.552260033559179],
        [0.010330327832676, 51.551955502588129],
        [0.010097496864882, 51.551811113645876],
        [0.009640258241739, 51.551582440747381],
        [0.009508840808987, 51.551448003820724],
        [0.009451416212374, 51.551388736779941],
        [0.009508222228089, 51.551237586785973],
        [0.008151896488046, 51.5510638726469],
        [0.007691294665009, 51.551020498020321],
        [0.007562382373943, 51.551008315869019],
        [0.006819529729315, 51.550877143353745],
        [0.00577954500543, 51.550647631398959],
        [0.005503125742474, 51.550659551161964],
        [0.005594508984143, 51.550835143753169],
        [0.005713755462448, 51.551086697261326],
        [0.005760674580669, 51.551235172744704],
        [0.005791468112393, 51.551508921454051],
        [0.005805473800076, 51.55166335521195],
        [0.005804309138325, 51.551669669964561],
        [0.005734855358704, 51.551861501135598],
        [0.005254424007389, 51.551826549285202],
        [0.005231283085501, 51.551825146293957],
        [0.005175572576363, 51.552132747101062],
        [0.00494580081824, 51.552123185148417],
        [0.004983250934007, 51.551892333868388],
        [0.004977485453107, 51.551892432401431],
        [0.003842790705584, 51.551805706017767],
        [0.003810922648736, 51.551933945623809],
        [0.003798641357431, 51.55198271556948],
        [0.00356047915416, 51.551946316340647],
        [0.00322795698868, 51.551896240422039],
        [0.003177587020617, 51.551964545177668],
        [0.003081012871355, 51.552097486442833],
        [0.00249259770761, 51.55200141856367],
        [0.002099656861952, 51.551955068504192],
        [0.001274523342649, 51.55188821337839],
        [0.000325653411943, 51.55179558516113],
        [-0.00035128972375, 51.5517198969806],
        [-0.000951657521166, 51.551614123731767],
        [-0.001117627805112, 51.551579182676015],
        [-0.001602525517233, 51.551475035703419],
        [-0.002634519667317, 51.551196753057354],
        [-0.003662138040147, 51.550919286195771],
        [-0.003822303832486, 51.55114862552314],
        [-0.005065408971656, 51.550792080694698],
        [-0.005708141651736, 51.550574595912046],
        [-0.005991769316487, 51.550487692321454],
        [-0.006302741953004, 51.550402152018492],
        [-0.006990776675822, 51.550269960702593],
        [-0.008017316861557, 51.55004909107587],
        [-0.008384729830711, 51.549959108036788],
        [-0.008551894507217, 51.549929572365855],
        [-0.008676122728666, 51.549925386243387],
        [-0.008684652926838, 51.549928228817976],
        [-0.008752855311536, 51.549951867988149],
        [-0.00889037221865, 51.550304014649726],
        [-0.009038147867197, 51.550619465508767],
        [-0.009137243668194, 51.550893623323269],
        [-0.009168813391086, 51.551095593541277],
        [-0.009178537768389, 51.551269315948261],
        [-0.009164355865433, 51.551528062472144],
        [-0.009190837780751, 51.551681386229085],
        [-0.009228861136051, 51.551801633165439],
        [-0.009471862956855, 51.55221581938526],
        [-0.009778536451414, 51.552328034300125],
        [-0.009964339612311, 51.552400429235945],
        [-0.010230499438899, 51.552515552770011],
        [-0.01040944995925, 51.552579737419435],
        [-0.010473646650168, 51.552596113531209],
        [-0.010595225205844, 51.552619757481025],
        [-0.010715989755647, 51.552628999330423],
        [-0.010831459154115, 51.552627360146879],
        [-0.010889389856898, 51.552622047532303],
        [-0.011119336094215, 51.552542314728193],
        [-0.011820732049963, 51.552335682874471],
        [-0.01293756383264, 51.552095617217603],
        [-0.013148327760958, 51.552058720071884],
        [-0.013367700548734, 51.552022867588981],
        [-0.013636236830762, 51.551984250069125],
        [-0.014385237659309, 51.55187642836426],
        [-0.015699151430574, 51.551714310578603],
        [-0.016951306853931, 51.551579011293349],
        [-0.01696745388676, 51.551439898914801],
        [-0.01697045844671, 51.551403979297184],
        [-0.017137154305051, 51.551385214589608],
        [-0.017146184423038, 51.551442919856598],
        [-0.01716782641657, 51.551575476863718],
        [-0.017169966733888, 51.55159259897858],
        [-0.017189429449812, 51.55170893246499],
        [-0.01730706729765, 51.552387164101532],
        [-0.0175042572535, 51.553392271880931],
        [-0.017675825458683, 51.553726098510815],
        [-0.017799644697579, 51.553963796602105],
        [-0.017950462358196, 51.554210943262014],
        [-0.01807561154336, 51.554086261889722],
        [-0.018471118694801, 51.555175650986833],
        [-0.018827502882188, 51.555339939285254],
        [-0.019159891606044, 51.555492130979886],
        [-0.020774883358187, 51.556238794113682],
        [-0.021933858510394, 51.556757428719401],
        [-0.022557264429552, 51.557052103337448],
        [-0.023033950869035, 51.557270563186869],
        [-0.023094184853066, 51.557278772207056],
        [-0.023553498910786, 51.55733237288284],
        [-0.02391981321781, 51.557368218757752],
        [-0.023968670751262, 51.557372638680803],
        [-0.023982505171889, 51.557619268487812],
        [-0.024071575703514, 51.557927415702927],
        [-0.024204130095984, 51.558297444680029],
        [-0.024278200583657, 51.558485737739815],
        [-0.024377557913406, 51.558656471381227],
        [-0.024447146828962, 51.558748468227698],
        [-0.024545413381711, 51.558877817471362],
        [-0.024656303737571, 51.558982199938526],
        [-0.024759167844964, 51.559072059041377],
        [-0.02494962334953, 51.559238030997804],
        [-0.025138950037463, 51.559396789567643],
        [-0.025534438496415, 51.559692107620741],
        [-0.025890887143413, 51.559922920124407],
        [-0.026200694514266, 51.560064819615242],
        [-0.026371905650999, 51.56014233816984],
        [-0.026506334458638, 51.560203051143993],
        [-0.026852695431173, 51.560367145905225],
        [-0.027531824697841, 51.560676219377974],
        [-0.027891126040904, 51.560808155292541],
        [-0.028127727366103, 51.560908352508541],
        [-0.028552028572921, 51.561071953519054],
        [-0.029170460780822, 51.561283776911736],
        [-0.029376511206714, 51.561323208151848],
        [-0.029589377606844, 51.561338473550315],
        [-0.029720222648516, 51.561348764193028],
        [-0.029756070928709, 51.56135386246649],
        [-0.029793399757879, 51.561358086333421],
        [-0.030048502989914, 51.561364168308579],
        [-0.030109248575199, 51.561360691925536],
        [-0.030117937610823, 51.561359938552506],
        [-0.030170071818788, 51.561355418300671],
        [-0.030230895049104, 51.561350144644067],
        [-0.030291757097156, 51.561343972350599],
        [-0.030301926657479, 51.56134234456178],
        [-0.030364269215567, 51.561335297828215],
        [-0.030425208884104, 51.561327328254556],
        [-0.030486226186309, 51.561317561438315],
        [-0.030545840590108, 51.561306871784694],
        [-0.030605493791406, 51.561295283495049],
        [-0.0306651857866, 51.561282796569323],
        [-0.030723474874248, 51.561269386809577],
        [-0.030781802749457, 51.561255078414895],
        [-0.030838766531648, 51.561238948583458],
        [-0.030872352575519, 51.561229620434865],
        [-0.03092791341678, 51.561212567757785],
        [-0.030983513034091, 51.561194616448347],
        [-0.03103915142411, 51.561175766506338],
        [-0.031093386888898, 51.561155993738481],
        [-0.03114621942682, 51.561135298146745],
        [-0.031197687849357, 51.561112781127193],
        [-0.031690905191818, 51.560916925055338],
        [-0.032177970016675, 51.560763228816931],
        [-0.032569738934565, 51.560678074672367],
        [-0.032874818680615, 51.560629234618048],
        [-0.033307981708579, 51.560621208858336],
        [-0.033516366240816, 51.560639989042038],
        [-0.03367102112032, 51.560666860968809],
        [-0.033877933172643, 51.560719787586777],
        [-0.03426687041533, 51.560867487827558],
        [-0.03472841492434, 51.561071257615538],
        [-0.034907907427868, 51.561157894859853],
        [-0.035026995718709, 51.561206650698956],
        [-0.035263335452636, 51.561279851323803],
        [-0.036014701775048, 51.561454297090769],
        [-0.036416522069211, 51.561504186812378],
        [-0.036608076008904, 51.56151188871808],
        [-0.036691888752148, 51.561508794930731],
        [-0.036814975994469, 51.561498264934485],
        [-0.0369644396617, 51.561478284296797],
        [-0.037086588120007, 51.561456047978027],
        [-0.037241073158513, 51.56141996438388],
        [-0.03768331644092, 51.561268193326505],
        [-0.03794958510698, 51.561215993195979],
        [-0.03813824407145, 51.561190371718276],
        [-0.038367154448775, 51.561168120679362],
        [-0.038485721980512, 51.561162009652008],
        [-0.038726486101578, 51.561166034511402],
        [-0.03883780642035, 51.5611607012398],
        [-0.038982954361123, 51.561173918377435],
        [-0.039109023741351, 51.561228182259882],
        [-0.039233740512001, 51.561313897361011],
        [-0.039375139832409, 51.561414279195105],
        [-0.039725275915892, 51.561626059204571],
        [-0.039910547161817, 51.561712785258962],
        [-0.040076523689028, 51.561778505825501],
        [-0.040191552365828, 51.561787621300184],
        [-0.040314523751939, 51.561779783463301],
        [-0.04047680790521, 51.561763609508027],
        [-0.040610412031632, 51.561743359357095],
        [-0.04074140298002, 51.561716770627434],
        [-0.041079113379093, 51.561613599530389],
        [-0.041714059197873, 51.56144254913022],
        [-0.041888415837152, 51.561413985146132],
        [-0.042192796464826, 51.56138129581813],
        [-0.042389641068998, 51.561366595167222],
        [-0.042539115947642, 51.561379880085475],
        [-0.042712058196392, 51.561417836197663],
        [-0.042793425556618, 51.561438077903567],
        [-0.043373607124195, 51.561601527318032],
        [-0.043735021651642, 51.561719061487899],
        [-0.044145450170153, 51.561736694987431],
        [-0.044364268617046, 51.561714264013716],
        [-0.044474417901421, 51.561702611081088],
        [-0.044740427428933, 51.561689958479306],
        [-0.045103965969966, 51.561758064759481],
        [-0.045354751848483, 51.561932202196132],
        [-0.045705469561296, 51.562232100826527],
        [-0.045726325120406, 51.562250433303497],
        [-0.04606418791917, 51.56231181411772],
        [-0.046568870605869, 51.562385863248032],
        [-0.046580289046429, 51.562388751117162],
        [-0.046617504892619, 51.562395665496375],
        [-0.046656123987957, 51.562403502480173],
        [-0.046693262840003, 51.562412214063265],
        [-0.046728921449997, 51.562421800247044],
        [-0.046765983315922, 51.562432309035188],
        [-0.046801603450389, 51.562442793811059],
        [-0.046835743345881, 51.562454153189982],
        [-0.046871286502463, 51.562466435172894],
        [-0.046903907673244, 51.562479567760356],
        [-0.046913845904177, 51.562483330212004],
        [-0.046937970613478, 51.562492724337993],
        [-0.046960653582007, 51.562502094460314],
        [-0.046983336559903, 51.562511464578343],
        [-0.04700598104408, 51.562521733306113],
        [-0.04702862553848, 51.562532002029556],
        [-0.047051231540916, 51.562543169362783],
        [-0.047072395801858, 51.56255431269436],
        [-0.047092118320262, 51.562565432025082],
        [-0.04711324410052, 51.562577473963515],
        [-0.047132928138219, 51.562589491901562],
        [-0.047151170432153, 51.562601485839991],
        [-0.047167893981057, 51.56261525300755],
        [-0.04718605929497, 51.562629044168894],
        [-0.047187424050596, 51.562630865393118],
        [-0.047204109121713, 51.562645531169849],
        [-0.047219352447446, 51.56266017294859],
        [-0.047234557284077, 51.562675713339587],
        [-0.047248320373896, 51.562691229733353],
        [-0.047260603217104, 51.562707620744597],
        [-0.047272886068985, 51.562724011754582],
        [-0.047283727170934, 51.562740378768474],
        [-0.047294529782816, 51.56275764439556],
        [-0.047302487380852, 51.56277396341828],
        [-0.047311848247205, 51.562791205049145],
        [-0.047318325598826, 51.562808398690386],
        [-0.047324764457907, 51.562826490945426],
        [-0.047331241819074, 51.562843684585985],
        [-0.047332414101018, 51.562849998879301],
        [-0.04733733421427, 51.562869864367634],
        [-0.047339409301822, 51.562888783253143],
        [-0.04734144589381, 51.562908600752749],
        [-0.047342040722741, 51.562928394258023],
        [-0.04734119378668, 51.562948163769043],
        [-0.047340308352488, 51.562968831894089],
        [-0.047338058145124, 51.562987678796524],
        [-0.04733284740681, 51.563008274938419],
        [-0.047329116928774, 51.563027996460242],
        [-0.047322541408171, 51.563046771378815],
        [-0.047315927384116, 51.563066444911001],
        [-0.047311024609039, 51.563079852138692],
        [-0.047302968804868, 51.563099501675261],
        [-0.047299777279692, 51.563106642598434],
        [-0.047293509721164, 51.563118228602171],
        [-0.047282608858354, 51.563136931533236],
        [-0.047271707986376, 51.563155634463094],
        [-0.047259403831984, 51.563173414782462],
        [-0.047245619395646, 51.56319206971893],
        [-0.04723187344751, 51.563209826039575],
        [-0.047216724214473, 51.563226659748572],
        [-0.047200094695338, 51.563244368073399],
        [-0.047028224186244, 51.56341686211961],
        [-0.046853947889846, 51.563611797239496],
        [-0.046847988207807, 51.563616194306434],
        [-0.04682399543502, 51.563637377026083],
        [-0.046802886214297, 51.563658607742667],
        [-0.046781776973751, 51.563679838455236],
        [-0.046762070992388, 51.563701991778963],
        [-0.04674236499166, 51.563724145099158],
        [-0.046725504041149, 51.563747245033568],
        [-0.046717871475595, 51.563757009773511],
        [-0.046705566937993, 51.563774790029065],
        [-0.04669322387955, 51.563793468896854],
        [-0.046680919322131, 51.563811249149502],
        [-0.046670018035961, 51.563829952017144],
        [-0.046660558533818, 51.563848678886494],
        [-0.046651099023672, 51.563867405754955],
        [-0.0466430812999, 51.563886156625692],
        [-0.046635063569364, 51.563904907495719],
        [-0.04662844911502, 51.563924580981997],
        [-0.046623314963523, 51.563943379857541],
        [-0.04661958409153, 51.563963101349778],
        [-0.046617911218154, 51.563968469027927],
        [-0.046615275523306, 51.563996302045638],
        [-0.046615561934964, 51.56402328445661],
        [-0.046617290146063, 51.564050290870981],
        [-0.046620421646248, 51.564078219902242],
        [-0.04662503346388, 51.564105274323239],
        [-0.046631087088664, 51.564132352747272],
        [-0.046638582523192, 51.564159455174284],
        [-0.046643579484247, 51.564177523458618],
        [-0.046652516737336, 51.564204649887905],
        [-0.046662934318153, 51.564230901705926],
        [-0.046673351910564, 51.564257153522981],
        [-0.0466866531285, 51.564283453344636],
        [-0.046701396169141, 51.564309777167345],
        [-0.046727266969324, 51.564379450461182],
        [-0.046770307135044, 51.5644188349073],
        [-0.04680044808144, 51.564456206099337],
        [-0.04683679690606, 51.564517061243009],
        [-0.047483502217278, 51.565183381297281],
        [-0.047547516910049, 51.565238401800407],
        [-0.047666531698754, 51.565323113578167],
        [-0.048239083892777, 51.565666262333046],
        [-0.048306330216415, 51.565713242874899],
        [-0.048433652475402, 51.565806185323403],
        [-0.048567607395442, 51.565912726753638],
        [-0.048959536683879, 51.566228587869517],
        [-0.049053852489252, 51.566317383768016],
        [-0.049150187529004, 51.566392724347899],
        [-0.049851937855526, 51.566853117547332],
        [-0.050446827311758, 51.56721461154951],
        [-0.05068855170957, 51.567466821646349],
        [-0.050787929436528, 51.567538614369326],
        [-0.050852681651857, 51.567576559434201],
        [-0.05117548191377, 51.567721305565939],
        [-0.051934442622265, 51.567991994388343],
        [-0.052824905870299, 51.56839345379629],
        [-0.053159198570054, 51.568573455968924],
        [-0.053293902012255, 51.568662918443913],
        [-0.053384250881742, 51.568743551649973],
        [-0.053534657005389, 51.569005930968984],
        [-0.05417594528337, 51.570073189663013],
        [-0.054291893054252, 51.570196511519057],
        [-0.054439044357572, 51.570298768564193],
        [-0.054556083497544, 51.570362757549596],
        [-0.05467919790138, 51.57041965311204],
        [-0.05479158210859, 51.570457486351053],
        [-0.054980277991159, 51.570499282211465],
        [-0.055290295008054, 51.570538592269564],
        [-0.055576043526831, 51.570537932232305],
        [-0.055780502576312, 51.570548514161551],
        [-0.055869562324715, 51.57055808305374],
        [-0.056010289803643, 51.570608075002184],
        [-0.056172111174004, 51.570671005757752],
        [-0.056399178169226, 51.570794367703492],
        [-0.056621585059439, 51.57099318923725],
        [-0.056770647272662, 51.57135535892958],
        [-0.057106084838146, 51.571610905706748],
        [-0.057590274155562, 51.571897690039812],
        [-0.058225795670715, 51.572324562279412],
        [-0.058430836401894, 51.572524891367159],
        [-0.058450170090097, 51.572579166397034],
        [-0.058496379669921, 51.572713919548761],
        [-0.058532953859551, 51.572939337718751],
        [-0.058593801416263, 51.573204724560128],
        [-0.058742720289901, 51.573503042221049],
        [-0.058748029284603, 51.5735139210745],
        [-0.058864751224103, 51.573755053028393],
        [-0.059079360630905, 51.574069744160262],
        [-0.059372780587561, 51.574431600107829],
        [-0.059686040649795, 51.57493766360821],
        [-0.059741609981113, 51.575022212856787],
        [-0.060004514144596, 51.575423129595372],
        [-0.060083468301413, 51.575602486689085],
        [-0.060333838116545, 51.576162362905819],
        [-0.060690406157619, 51.576838198552579],
        [-0.060994676801617, 51.577420545969531],
        [-0.061184138252449, 51.577784276148364],
        [-0.062715942301326, 51.577466960219425],
        [-0.063765955617722, 51.577245089588736],
        [-0.064233226825861, 51.577151183382092],
        [-0.064621296679597, 51.577019099805547],
        [-0.065472248954526, 51.576862273781579],
        [-0.066128755984945, 51.576730114065718],
        [-0.066782901898917, 51.576619493811279],
        [-0.066737752354444, 51.576357068053092],
        [-0.067089358853419, 51.576301711192244],
        [-0.067234608649269, 51.576279823888228],
        [-0.067372189847393, 51.576268601113711],
        [-0.067430106716209, 51.576264159462092],
        [-0.067994515729687, 51.576193420105184],
        [-0.068331545123179, 51.576141416534959],
        [-0.068749222651207, 51.576093437074555],
        [-0.069330862771179, 51.575990601881756],
        [-0.069489280724331, 51.575964432198617],
        [-0.069730512809976, 51.575925236577582],
        [-0.069976337554586, 51.575879821247824],
        [-0.070487643471008, 51.575801901767719],
        [-0.070933976754372, 51.575690538975415],
        [-0.07185258417635, 51.575604920598835],
        [-0.071857820487173, 51.575617596140674],
        [-0.071893108613304, 51.575704503979864],
        [-0.07192070036929, 51.575700461088637],
        [-0.072321558425924, 51.575640502338636],
        [-0.072366684490495, 51.575631351885136],
        [-0.072378183972514, 51.575632440037289],
        [-0.072513257911104, 51.575612177562597],
        [-0.072768370741377, 51.575654136220876],
        [-0.073043146827236, 51.57564066371998],
        [-0.073545562322417, 51.575602151956708],
        [-0.073544498382679, 51.575627313487871],
        [-0.073624008747139, 51.575624122534087],
        [-0.073628713607826, 51.575649378768084],
        [-0.073640589769062, 51.575709823473595],
        [-0.073761999811116, 51.575705521750926],
        [-0.073762077367011, 51.575669553028455],
        [-0.073999622295923, 51.575649172377609],
        [-0.074235724835495, 51.575628767575509],
        [-0.07437470676399, 51.575618458844346],
        [-0.074393528997168, 51.575685312200925],
        [-0.074448522167893, 51.575681718363924],
        [-0.074435544572054, 51.575613162424247],
        [-0.074434330264862, 51.575607746999246],
        [-0.075175502714929, 51.575554261640121],
        [-0.075205146622021, 51.575330834701155],
        [-0.075323747111616, 51.575324686784121],
        [-0.075374868427613, 51.575344409503181],
        [-0.075430240413529, 51.575366000414299],
        [-0.075752985401632, 51.575481001760743],
        [-0.07578425805121, 51.575492305567671],
        [-0.075898608084201, 51.57534760291945],
        [-0.075973335602783, 51.575252608485229],
        [-0.076246663569789, 51.574931561365602],
        [-0.077056141556103, 51.575071623392681],
        [-0.07709337259371, 51.57507852824385],
        [-0.077052006496015, 51.575135402350625],
        [-0.077521400165317, 51.575229421393956],
        [-0.077545727624919, 51.575234316199243],
        [-0.077568306973357, 51.575178033394756],
        [-0.078031022018658, 51.575259351482089],
        [-0.078029276566241, 51.575266516889137],
        [-0.07802404020557, 51.575288013110089],
        [-0.078068444576039, 51.575295934389693],
        [-0.078468312026124, 51.575361833383951],
        [-0.078958811101402, 51.57543461025552],
        [-0.079348166463061, 51.575476054411148],
        [-0.079840751314713, 51.575499403010546],
        [-0.079836465610172, 51.575532605101955],
        [-0.080861716290795, 51.575587145623579],
        [-0.080876789273155, 51.575640447829109],
        [-0.081847284518439, 51.575453085487524],
        [-0.082234916772583, 51.575364100783389],
        [-0.082799979377071, 51.575311286025887],
        [-0.083611831800617, 51.575189660034617],
        [-0.083821326358309, 51.575184088658169],
        [-0.084904959629719, 51.575119947124151],
        [-0.085689182839102, 51.575037422821538],
        [-0.085853251790712, 51.574876436011422],
        [-0.086055073190287, 51.574847355026996],
        [-0.086088469703595, 51.574842504241907],
        [-0.086663684405687, 51.574753866571832],
        [-0.087231619192712, 51.574701077364061],
        [-0.087180148904827, 51.574517690934513],
        [-0.087173918996936, 51.574494208921848],
        [-0.087043709179402, 51.574501978043436],
        [-0.086954739413865, 51.574455565198392],
        [-0.086865874743431, 51.5743722848093],
        [-0.086872117331602, 51.574292353468209],
        [-0.08742110658804, 51.574381335749365],
        [-0.087606692748115, 51.574395151419182],
        [-0.087713261845031, 51.574400485146207],
        [-0.087791176303794, 51.574400855591435],
        [-0.087900893756344, 51.57439994571358],
        [-0.087996378142793, 51.574394307579759],
        [-0.088102259313374, 51.574381644776885],
        [-0.088413144118467, 51.574332754715151],
        [-0.088638799723038, 51.574320244041189],
        [-0.088838845356555, 51.574333394033587],
        [-0.088985568840397, 51.57434477607098],
        [-0.08901722100456, 51.574347090033967],
        [-0.089153661008878, 51.574362800632571],
        [-0.089219849709289, 51.574367475426655],
        [-0.08928748058657, 51.574372173666156],
        [-0.089353593947455, 51.574378645654271],
        [-0.089421300223328, 51.574381546547713],
        [-0.089543620295031, 51.57438983280737],
        [-0.08983641711261, 51.574393700135644],
        [-0.089981047858789, 51.574386162647976],
        [-0.090092697158, 51.574373591938986],
        [-0.090147913710392, 51.57436459890333],
        [-0.090188633280473, 51.574357168397285],
        [-0.090296068966997, 51.57434183117357],
        [-0.090351812748819, 51.574320257149282],
        [-0.090660552589218, 51.574219169851297],
        [-0.090997369762971, 51.5741023520577],
        [-0.091264521783516, 51.574029362547407],
        [-0.091389713916041, 51.574003522178202],
        [-0.091488269627102, 51.573993434923587],
        [-0.091546219199666, 51.573988082675733],
        [-0.091588267448597, 51.573983371039901],
        [-0.091631720202017, 51.573979581478461],
        [-0.09175889302657, 51.573975354880417],
        [-0.091800865972454, 51.573972440439945],
        [-0.091844243430282, 51.573970448071421],
        [-0.091886141099079, 51.573969330872259],
        [-0.091910695312174, 51.573968830892724],
        [-0.091952555345819, 51.573968612305919],
        [-0.09199289796398, 51.573970167527015],
        [-0.092033202954255, 51.573972621370402],
        [-0.092074950101269, 51.573975098648184],
        [-0.092115217471575, 51.57397845109957],
        [-0.092155484848166, 51.573981803537208],
        [-0.09217419520057, 51.57398300698577],
        [-0.092342550795053, 51.573994736525478],
        [-0.092512235770988, 51.574009185176315],
        [-0.092680365851713, 51.574026306051252],
        [-0.09271911592766, 51.574031432128308],
        [-0.092801243499129, 51.574034565470484],
        [-0.092883408697734, 51.574036800118776],
        [-0.092964206976692, 51.574037213999198],
        [-0.093046522635744, 51.574035853987091],
        [-0.093065270648367, 51.574036158657421],
        [-0.093150771486887, 51.574027656351184],
        [-0.0932464425906, 51.574017520746125],
        [-0.0935409672374, 51.573980041516464],
        [-0.093583052891917, 51.573974430526633],
        [-0.093724257692077, 51.573945250828643],
        [-0.093826524220107, 51.573915438445056],
        [-0.094302665675027, 51.573745120995163],
        [-0.094575903205179, 51.57362995817023],
        [-0.094710384126027, 51.573588977891831],
        [-0.094893122867534, 51.573601836557799],
        [-0.094922003293888, 51.573601406185936],
        [-0.094950846146868, 51.573601874444627],
        [-0.094979651428168, 51.573603241333885],
        [-0.095008456711368, 51.573604608216108],
        [-0.095037261996522, 51.573605975091304],
        [-0.095066067283565, 51.573607341959402],
        [-0.095094835002323, 51.573609607458174],
        [-0.095123640293757, 51.573610974312224],
        [-0.095153887730285, 51.573612364569435],
        [-0.095250361058534, 51.57361752756875],
        [-0.09534679684549, 51.573623589126832],
        [-0.095443157533463, 51.573631447881723],
        [-0.09553944313379, 51.573641103833701],
        [-0.095565326611416, 51.573643322406475],
        [-0.096127493210514, 51.573727981506167],
        [-0.096523739552849, 51.573811745074266],
        [-0.096568408681833, 51.573813368902691],
        [-0.096613077814435, 51.573814992714084],
        [-0.09664192083091, 51.573815460558571],
        [-0.096686665047083, 51.573815287064967],
        [-0.096731409263362, 51.573815113554325],
        [-0.096777670705269, 51.573813166139793],
        [-0.096808030947672, 51.57381186005663],
        [-0.096854367455334, 51.573808115334586],
        [-0.096902146106569, 51.573804393983018],
        [-0.09694999981825, 51.573798875334568],
        [-0.096999295669255, 51.573793380054191],
        [-0.097074700340439, 51.573784711161792],
        [-0.097150217573793, 51.573773346304286],
        [-0.097225734770684, 51.573761981397773],
        [-0.097301326984872, 51.5737488191645],
        [-0.097342082426379, 51.573740487518556],
        [-0.097558334641962, 51.573676550145201],
        [-0.097664699462493, 51.573652196359227],
        [-0.097798952662713, 51.573616604347549],
        [-0.097453708498964, 51.572968045401545],
        [-0.096912210825584, 51.571939517859199],
        [-0.096864837021005, 51.571829940565152],
        [-0.096762113212496, 51.571594470081386],
        [-0.09669224562581, 51.571505210564538],
        [-0.096604494697764, 51.571394978222422],
        [-0.096442467199261, 51.571093799610694],
        [-0.096367583571052, 51.570986473556452],
        [-0.096217682552426, 51.570809587533844],
        [-0.096115551105565, 51.570698222236771],
        [-0.096055345153289, 51.570654081470039],
        [-0.096353140596881, 51.570434101048342],
        [-0.098740796252683, 51.568614066944605],
        [-0.099042011559874, 51.568380646477586],
        [-0.100700344563572, 51.567125173256251],
        [-0.101380521439117, 51.566661378140722],
        [-0.103095512764814, 51.565566854357478],
        [-0.104307165869755, 51.564812183779836],
        [-0.104391109230802, 51.564771275300672],
        [-0.104402270451904, 51.564780448091149],
        [-0.104463582500635, 51.56483269570839],
        [-0.104603475396631, 51.564764814235367],
        [-0.104871463448891, 51.564635154979889],
        [-0.10620460830242, 51.56553884118491],
        [-0.106634143966527, 51.565827237436721],
        [-0.106903921393176, 51.566036618661364],
        [-0.107021533574616, 51.566123045371342],
        [-0.107330321080157, 51.56633125642211],
        [-0.107611229656318, 51.566550707230512],
        [-0.107770037191492, 51.566722326770247],
        [-0.107843736184347, 51.566789160273757],
        [-0.108320442355335, 51.56715834378474],
        [-0.108422497010913, 51.567237324254116],
        [-0.108614450257112, 51.567375305542747],
        [-0.108815354764914, 51.5675062368026],
        [-0.109056076162621, 51.567651298074317],
        [-0.109308521272535, 51.567792051510658],
        [-0.110337264269256, 51.568420110827986],
        [-0.110672272957783, 51.568588268997317],
        [-0.110707615030065, 51.568605923727581],
        [-0.111621234603165, 51.569053167819838],
        [-0.115043074504098, 51.570574855852094],
        [-0.115045876611669, 51.57061176993794],
        [-0.11504786859478, 51.570633383833197],
        [-0.115093457113017, 51.570647604829084],
        [-0.115166036047747, 51.570672151050751],
        [-0.115159494007183, 51.570830313204461],
        [-0.115139272776925, 51.57131917801243],
        [-0.1151427288555, 51.571410057330247],
        [-0.115199520362593, 51.571432551438988],
        [-0.115507548376325, 51.571556199075843],
        [-0.115606005112748, 51.571618029662282],
        [-0.115601493005449, 51.571622453430685],
        [-0.115405642936191, 51.571891779529281],
        [-0.11574902128544, 51.572033079901168],
        [-0.116099426584557, 51.572178988293231],
        [-0.116127823047593, 51.572190235125269],
        [-0.115585284469398, 51.57257269555582],
        [-0.115818784943952, 51.57282373753236],
        [-0.116586936725514, 51.573372019209444],
        [-0.117184392001333, 51.573825834004616],
        [-0.117451157825168, 51.574040537287857],
        [-0.117585262765486, 51.574147900276145],
        [-0.117800067555731, 51.574188214926458],
        [-0.11823441311687, 51.574259027292591],
        [-0.118867962383035, 51.57436360588818],
        [-0.119063988494942, 51.574369445875568],
        [-0.11956701517872, 51.57438470173409],
        [-0.119487393791215, 51.574425690301652],
        [-0.118899011880558, 51.574730096219923],
        [-0.118890210280793, 51.574733552106125],
        [-0.119140318257433, 51.574897626707035],
        [-0.119263967809711, 51.574978742048259],
        [-0.119238819668878, 51.574993626150871],
        [-0.119393879426531, 51.575257791414785],
        [-0.119539401741591, 51.575508314950461],
        [-0.119568283301556, 51.575507878521499],
        [-0.11965063839723, 51.575505601212264],
        [-0.119928291015238, 51.575456994504727],
        [-0.121758691536405, 51.575025892756543],
        [-0.121775847290158, 51.575064834852689],
        [-0.121794818310841, 51.575059743030089],
        [-0.12237108395645, 51.574908899587975],
        [-0.122407579339586, 51.574968833651994],
        [-0.123273656677523, 51.574684138921931],
        [-0.123435442232267, 51.574680431535342],
        [-0.123609061445348, 51.574669719194915],
        [-0.123775321558755, 51.574662485912107],
        [-0.123822878160389, 51.574629074994874],
        [-0.123845214236323, 51.57461234647068],
        [-0.123960296792564, 51.574516168760169],
        [-0.124119310625793, 51.574404506829467],
        [-0.124283499866913, 51.574342385837518],
        [-0.124404458908964, 51.57434881545548],
        [-0.124506558530533, 51.57435764126123],
        [-0.124554039868988, 51.574361097854947],
        [-0.124577966517769, 51.574270656599715],
        [-0.124623156337985, 51.574154477080562],
        [-0.124713644420279, 51.574129845106818],
        [-0.124880937965095, 51.574097447949875],
        [-0.125105585761681, 51.574074060140326],
        [-0.125476337403277, 51.574042214968792],
        [-0.125477779585264, 51.574042238006591],
        [-0.1261554197271, 51.57402248656215],
        [-0.126232373634095, 51.574046196472892],
        [-0.126530167577621, 51.57410400660789],
        [-0.126699606444411, 51.574124696502679],
        [-0.126777373630956, 51.57412863567135],
        [-0.127124237060833, 51.574116187324123],
        [-0.127496470596518, 51.574153601193338],
        [-0.128755296516613, 51.57393268427856],
        [-0.12937501890265, 51.573847245120866],
        [-0.129751866755463, 51.573807390448124],
        [-0.130529778413229, 51.573700186725667],
        [-0.131024804147029, 51.573628938628161],
        [-0.131197528553027, 51.573604712183275],
        [-0.131389701255472, 51.573563709555266],
        [-0.131612080481113, 51.573489915562419],
        [-0.13173262294081, 51.573436081692442],
        [-0.131915509866281, 51.573375147015845],
        [-0.13235361140849, 51.573249032524565],
        [-0.132681707225413, 51.573166128108866],
        [-0.132801547888433, 51.573129367604594],
        [-0.132977147753544, 51.573070113820286],
        [-0.133112109070679, 51.573016507954428],
        [-0.133396077739628, 51.572883441136554],
        [-0.133427099195928, 51.572865949722505],
        [-0.134225223722452, 51.572440711046518],
        [-0.135190559786249, 51.571913812186253],
        [-0.135258147812411, 51.571884311988576],
        [-0.135603150148861, 51.571740519600311],
        [-0.135904895289098, 51.571631109527573],
        [-0.136170292157805, 51.571528315301229],
        [-0.136550809407426, 51.571327532685366],
        [-0.136703838333332, 51.571255325537706],
        [-0.1368929560413, 51.571182791946796],
        [-0.137285022873231, 51.571052331307193],
        [-0.137595485505784, 51.570941256818251],
        [-0.138072381146704, 51.570712323909582],
        [-0.138343903315773, 51.570600629571743],
        [-0.138429012640525, 51.570566010080135],
        [-0.138448163539437, 51.570556422220768],
        [-0.138677202859891, 51.570460239532224],
        [-0.138856869628792, 51.570336296041773],
        [-0.139094328391747, 51.570210571067086],
        [-0.139489646093569, 51.570000122057088],
        [-0.140521094232143, 51.569476925721759],
        [-0.140706165745502, 51.569397127979187],
        [-0.140915836968554, 51.569350991674419],
        [-0.141587609127931, 51.569260917587592],
        [-0.142170851415175, 51.569147856222301],
        [-0.14241583843384, 51.569120261237174],
        [-0.142412312034105, 51.569277572886477],
        [-0.142417970320478, 51.569280360187733],
        [-0.143855388160194, 51.569912792695028],
        [-0.144153376462817, 51.57000113545913],
        [-0.144417122127483, 51.57007994355201],
        [-0.144602652285655, 51.570130537084545],
        [-0.145128711153076, 51.570217087848178],
        [-0.146119406364013, 51.570445864131109],
        [-0.147096623845646, 51.570615968433778],
        [-0.148067496075521, 51.570800352275143],
        [-0.14916270859022, 51.571085605855508],
        [-0.14954311680019, 51.571205808968791],
        [-0.149775682387901, 51.571306594245364],
        [-0.150113654555267, 51.571512453555677],
        [-0.150350712265373, 51.571573741862196],
        [-0.151177288655173, 51.571616442784311],
        [-0.152706204736715, 51.571705266858743],
        [-0.153933175128328, 51.571802809798697],
        [-0.155391280424736, 51.571930051388279],
        [-0.156981381040843, 51.57207643354257],
        [-0.158862744708766, 51.572193193151243],
        [-0.159813561906153, 51.572590284514789],
        [-0.160166283790573, 51.572718111897984],
        [-0.160191879968251, 51.57272750560891],
        [-0.160218954610542, 51.572736023253562],
        [-0.160246029263078, 51.572744540892025],
        [-0.160274582379274, 51.572752182462899],
        [-0.160303135505192, 51.572759824026924],
        [-0.160331724923557, 51.572766566912691],
        [-0.160337457321269, 51.572767556020501],
        [-0.160366083031815, 51.572773400226659],
        [-0.160394745031318, 51.572778345754514],
        [-0.160424849207916, 51.572783313883455],
        [-0.16045498967154, 51.572787383333321],
        [-0.160485166420505, 51.572790554104053],
        [-0.160515343173833, 51.572793724867111],
        [-0.160545556210059, 51.572795996950973],
        [-0.16055276706604, 51.572796109983386],
        [-0.160583016383802, 51.572797483386182],
        [-0.160611896086695, 51.572797036832519],
        [-0.160642217960494, 51.572796612877077],
        [-0.160671133938691, 51.572795267637325],
        [-0.160701492086588, 51.572793944995041],
        [-0.160731886507811, 51.572791723673355],
        [-0.160760875029366, 51.572788581068323],
        [-0.160791269444475, 51.572786359731154],
        [-0.160820221685802, 51.572784115782945],
        [-0.160839042454856, 51.572782612279191],
        [-0.160933146282652, 51.572775094714956],
        [-0.161028728520944, 51.572766701003808],
        [-0.161122977356778, 51.57275558859979],
        [-0.161215820243643, 51.572743554849509],
        [-0.161308699346629, 51.572730622353397],
        [-0.161401650921791, 51.572715892439433],
        [-0.161494674957988, 51.572699365107333],
        [-0.161552869335012, 51.572687687478961],
        [-0.162608312924945, 51.572566634408034],
        [-0.163384784568083, 51.572528432227472],
        [-0.164003552187238, 51.572500346956382],
        [-0.164090190693043, 51.572499004741481],
        [-0.164176756782236, 51.57249945980918],
        [-0.164263286669943, 51.572500813486435],
        [-0.164300782956731, 51.572501400060077],
        [-0.164387240449341, 51.572504550992754],
        [-0.164473661754812, 51.572508600535322],
        [-0.164559974480207, 51.572515346034912],
        [-0.164594441660647, 51.572519482094684],
        [-0.164633199147586, 51.572524584486708],
        [-0.164671848053079, 51.572532382886664],
        [-0.164709054805626, 51.572540158718752],
        [-0.164746225375753, 51.572548833212757],
        [-0.164783359765624, 51.572558406368735],
        [-0.164820530365285, 51.572567080839455],
        [-0.164857664786172, 51.572576653972142],
        [-0.16489483541539, 51.572585328419628],
        [-0.164911996663293, 51.572589193749302],
        [-0.165271230865403, 51.572663153160143],
        [-0.165633531496288, 51.57273266319956],
        [-0.165771075755651, 51.572757294193266],
        [-0.165889768122351, 51.572748358513181],
        [-0.165956469845968, 51.572740408631624],
        [-0.166214252825314, 51.572789399264508],
        [-0.166321073494246, 51.572860309940829],
        [-0.166595440529234, 51.572927543659638],
        [-0.166853586828931, 51.572967546158324],
        [-0.167107121644076, 51.572978700398387],
        [-0.167372989231225, 51.572970263427095],
        [-0.168448287919511, 51.572893530654788],
        [-0.169148434008087, 51.57285140128571],
        [-0.169913442448497, 51.572775208995715],
        [-0.169946937383182, 51.572767638208006],
        [-0.170504523551985, 51.572645942874118],
        [-0.17100856611297, 51.572527906572958],
        [-0.171285248062191, 51.572429705410215],
        [-0.171358438422805, 51.572403868802382],
        [-0.171696988037219, 51.572238288595415],
        [-0.171811063295803, 51.572128560240209],
        [-0.171843007199405, 51.572051723352359],
        [-0.172090769142837, 51.571918898678504],
        [-0.17229613158265, 51.571907709604538],
        [-0.172694594361144, 51.571687306882247],
        [-0.173073656945276, 51.571482787087149],
        [-0.173149944223875, 51.571415632598459],
        [-0.173223455085182, 51.571345737122535],
        [-0.173295523585974, 51.571275819148113],
        [-0.173307565001899, 51.571263417249355],
        [-0.173376785003322, 51.571192555644956],
        [-0.173443156552522, 51.571120750423546],
        [-0.173461326616113, 51.571099451515927],
        [-0.17350667965858, 51.571048001590043],
        [-0.173548102441419, 51.570986598845721],
        [-0.17365181885519, 51.570775093493246],
        [-0.173743523209863, 51.570431212979145],
        [-0.173739549561058, 51.570242310953986],
        [-0.173730919520393, 51.569917551363183],
        [-0.173853497239964, 51.569919459007771],
        [-0.173851505394108, 51.569717099229571],
        [-0.173995600690081, 51.569614130622305],
        [-0.174106095452089, 51.569521429885327],
        [-0.174261364189793, 51.569391657643784],
        [-0.174351380848702, 51.569305831974305],
        [-0.174406861550954, 51.569253640029252],
        [-0.174887838984381, 51.569422085662893],
        [-0.175157363283296, 51.569429874342674],
        [-0.175192739452919, 51.569555418687266],
        [-0.175933556849124, 51.569793544856488],
        [-0.17592462300852, 51.569872538997537],
        [-0.175992980098103, 51.569895183288629],
        [-0.176514277084418, 51.570066047357919],
        [-0.176953769559033, 51.570189777049244],
        [-0.177386328338336, 51.570198294847252],
        [-0.177678001681233, 51.570265771465344],
        [-0.177695019443513, 51.570273229650496],
        [-0.178078315803424, 51.570431152689231],
        [-0.178101293015197, 51.570253460216534],
        [-0.178100246130526, 51.570243552339363],
        [-0.178099199246246, 51.570233644462107],
        [-0.178099594466275, 51.570223758974919],
        [-0.178099953757051, 51.570214772168363],
        [-0.178101791080005, 51.57020490907118],
        [-0.178105070505143, 51.570195068363923],
        [-0.178106907826116, 51.570185205266569],
        [-0.178111593422255, 51.570176285629678],
        [-0.178114872843055, 51.570166444922016],
        [-0.178119558435619, 51.570157525284763],
        [-0.178125650199414, 51.570149526717636],
        [-0.178131777889363, 51.570140629469492],
        [-0.178137905576922, 51.570131732220993],
        [-0.178145475362794, 51.570122857361575],
        [-0.178153045145686, 51.570113982501638],
        [-0.178162021098152, 51.570106028711145],
        [-0.178170997047456, 51.570098074919876],
        [-0.178179937066262, 51.570091019808615],
        [-0.178190355108992, 51.570083088404864],
        [-0.178200737221183, 51.570076055680808],
        [-0.178211119330164, 51.570069022955835],
        [-0.17822290760842, 51.570062911299111],
        [-0.178233253784746, 51.570056777252816],
        [-0.178245006130866, 51.570051564274578],
        [-0.178258200572765, 51.570046373683169],
        [-0.178271395011693, 51.570041183090225],
        [-0.178284553522426, 51.570036891176528],
        [-0.178299118203819, 51.57003352032968],
        [-0.178313718807739, 51.570029250800225],
        [-0.178328283484638, 51.570025879949696],
        [-0.178342848159393, 51.570022509097335],
        [-0.178357412832073, 51.570019138243154],
        [-0.178370571328526, 51.570014846319658],
        [-0.178385135996763, 51.570011475462017],
        [-0.178388020191681, 51.570011520234907],
        [-0.178437590338159, 51.56999880115071],
        [-0.178487124536286, 51.569986980726149],
        [-0.178538064885476, 51.569976081345871],
        [-0.178588933372557, 51.569966979305107],
        [-0.178639801839824, 51.569957877242103],
        [-0.178692076465936, 51.56994969622049],
        [-0.178744315157812, 51.569942413856438],
        [-0.178796517918601, 51.569936030149947],
        [-0.178848648837414, 51.569931443782281],
        [-0.178902221841477, 51.569926879771437],
        [-0.178955723011815, 51.569924113098232],
        [-0.179007782081128, 51.569921324021784],
        [-0.179061211420251, 51.569920354662749],
        [-0.179087205041634, 51.56991985878517],
        [-0.17972458633887, 51.569785869527401],
        [-0.180181135420399, 51.569699429913662],
        [-0.180515406216343, 51.569675837774518],
        [-0.180752411025599, 51.569666923059522],
        [-0.180974564410592, 51.569668568506358],
        [-0.180833771046279, 51.569436180914536],
        [-0.180918703168631, 51.569405124986325],
        [-0.181710893309056, 51.569007350228674],
        [-0.181828159044018, 51.568961507612798],
        [-0.181890016556926, 51.568930093460075],
        [-0.182000063545386, 51.568848169298541],
        [-0.182132055528799, 51.568722522329828],
        [-0.182210635459007, 51.568669785350721],
        [-0.183493211802826, 51.568023311386654],
        [-0.183567472144459, 51.568006476167405],
        [-0.183718876740643, 51.567972850226901],
        [-0.18348178994636, 51.567766851685256],
        [-0.183811365964056, 51.567498584767101],
        [-0.184008106256532, 51.567413504324044],
        [-0.1841948331176, 51.56736243965473],
        [-0.184750623846106, 51.567246943967945],
        [-0.185241424569929, 51.567169107818671],
        [-0.185681849622062, 51.567051823504734],
        [-0.186114847808493, 51.566939818171406],
        [-0.186167546889479, 51.566920849546122],
        [-0.186220317456405, 51.566900083526242],
        [-0.186271645970965, 51.56687929519353],
        [-0.186321568197624, 51.56685758586454],
        [-0.186371526138624, 51.566834977828471],
        [-0.186421519790978, 51.566811471085231],
        [-0.186470071390021, 51.566787942033962],
        [-0.186484741724899, 51.56678187409706],
        [-0.186564254679559, 51.56674173798492],
        [-0.186643767494612, 51.566701601817215],
        [-0.186721945435504, 51.566658747254522],
        [-0.186776550734458, 51.566628117720512],
        [-0.187016767787882, 51.566465470379256],
        [-0.187192855692348, 51.566210109566796],
        [-0.187277670298882, 51.566181744975474],
        [-0.187391061912238, 51.566124146908315],
        [-0.187446714965759, 51.566103424868913],
        [-0.187529801335701, 51.566082227305145],
        [-0.187728639095966, 51.566052925828998],
        [-0.187813274422786, 51.566029054274225],
        [-0.187918561849691, 51.565993811492362],
        [-0.188093408361929, 51.565914680819972],
        [-0.188414965178662, 51.565810837836111],
        [-0.188384777770111, 51.565771704551025],
        [-0.188701216822691, 51.56557875722207],
        [-0.189149618708975, 51.565550607677451],
        [-0.189187573955951, 51.565539503315946],
        [-0.189252091496264, 51.565513521795637],
        [-0.189311198131018, 51.56547846436618],
        [-0.189364929537491, 51.565433432348243],
        [-0.189422901343479, 51.565354294695815],
        [-0.189495949109309, 51.565295172862328],
        [-0.189643335851252, 51.565253384201355],
        [-0.189847365288126, 51.565056901011737],
        [-0.189900317461084, 51.564958801695461],
        [-0.18993518783189, 51.564807368395847],
        [-0.189997112334431, 51.564701314297857],
        [-0.190018783872398, 51.564627911074417],
        [-0.190021445923633, 51.564524539774887],
        [-0.190143027842554, 51.563969786816706],
        [-0.190160386047766, 51.563750640474289],
        [-0.190144565736692, 51.563495012856926],
        [-0.190371184010445, 51.562765628975242],
        [-0.190405159040825, 51.56263666264875],
        [-0.190514993951381, 51.562377577402081],
        [-0.190618673465366, 51.562055450457407],
        [-0.190663025544188, 51.56191945015938],
        [-0.19076636550781, 51.561823925874378],
        [-0.190960062400151, 51.561705515167212],
        [-0.191140297865787, 51.56163545548884],
        [-0.191406472730664, 51.561581108011168],
        [-0.191746996842018, 51.561580061540674],
        [-0.192319961895785, 51.561538532578538],
        [-0.192980477080541, 51.561180918110644],
        [-0.193615739666419, 51.56095060300629],
        [-0.193788777132687, 51.560843559718414],
        [-0.193852733253171, 51.560867924387701],
        [-0.193982194335299, 51.560913979745557],
        [-0.194110285141545, 51.560885377117309],
        [-0.194279779110744, 51.560831333615653],
        [-0.194301691188447, 51.560824476918206],
        [-0.194402707354711, 51.560787364177031],
        [-0.194481775751607, 51.560758006773213],
        [-0.194568978529783, 51.56070539429124],
        [-0.194612784310361, 51.560655710984257],
        [-0.194612089179213, 51.560563978016425],
        [-0.194851962599216, 51.560481341705277],
        [-0.195077738812588, 51.560463233190738],
        [-0.19534833639294, 51.560479085410108],
        [-0.19559476249014, 51.560522441671743],
        [-0.195958066248567, 51.560601765487078],
        [-0.196124802598348, 51.560653786996625],
        [-0.196243904352698, 51.560670005744221],
        [-0.196594625165934, 51.560739242526807],
        [-0.196649268085996, 51.560670841039517],
        [-0.19675074833603, 51.560694881584816],
        [-0.196813062167834, 51.56061490781925],
        [-0.196919578747511, 51.560621040860894],
        [-0.196918670119441, 51.560607538332718],
        [-0.196903705580208, 51.560402282175922],
        [-0.196922497969654, 51.560036581185621],
        [-0.196944542480035, 51.559880452559185],
        [-0.196932063978421, 51.559867671477747],
        [-0.196842601823762, 51.559868095185216],
        [-0.196817434356165, 51.559592541644626],
        [-0.196766319448963, 51.559389427593956],
        [-0.196680231290031, 51.559231637151449],
        [-0.196817748355807, 51.559183393231464],
        [-0.197034257953016, 51.559107587354703],
        [-0.19734670512184, 51.559013471797705],
        [-0.197564207915803, 51.558912501548512],
        [-0.197623228514659, 51.558879237132835],
        [-0.197984631747102, 51.559115892166396],
        [-0.198229591651074, 51.558940705630746],
        [-0.198231033414171, 51.558940727770008],
        [-0.198479123530099, 51.558759294121209],
        [-0.198500061296427, 51.558448479307785],
        [-0.198498974835002, 51.558256924966251],
        [-0.19850760400267, 51.558221087939501],
        [-0.198533228638328, 51.558156736236548],
        [-0.198580301698502, 51.558097210012861],
        [-0.198638979530425, 51.558036063455567],
        [-0.198791255812811, 51.557906213186087],
        [-0.19890669308886, 51.557832449231455],
        [-0.199052264244423, 51.557762744639746],
        [-0.199126196502153, 51.557717119022037],
        [-0.199498052077558, 51.557250725878085],
        [-0.199624079753684, 51.557054827383006],
        [-0.1996602198865, 51.55697984592986],
        [-0.199673634308741, 51.556932392147601],
        [-0.199675657054811, 51.556881166622844],
        [-0.199669207043757, 51.55682531490497],
        [-0.199604077829385, 51.556648064927032],
        [-0.19951752337454, 51.556501959465741],
        [-0.199501855654615, 51.556460354095478],
        [-0.199484915038397, 51.556341394721024],
        [-0.199464084010106, 51.556284423065073],
        [-0.19941000141656, 51.5561927700859],
        [-0.199991565131794, 51.556187305503208],
        [-0.200169210755656, 51.556181937492809],
        [-0.200551409741505, 51.556147333908534],
        [-0.200981798484412, 51.556061312168083],
        [-0.201338270394926, 51.555984047382921],
        [-0.201648808723027, 51.555937550832525],
        [-0.201850157941445, 51.555916357302259],
        [-0.202790630772915, 51.555771601393623],
        [-0.203347701315897, 51.55569200754055],
        [-0.203676729507543, 51.555652083427994],
        [-0.203948895095444, 51.555627474270757],
        [-0.204082094459756, 51.555615125321509],
        [-0.204310771496083, 51.555559275596003],
        [-0.204789297881027, 51.555422720106307],
        [-0.204975837743655, 51.555411186254233],
        [-0.2051045785793, 51.555365496150628],
        [-0.205346573129567, 51.555337724503964],
        [-0.205779077944148, 51.555307470328565],
        [-0.205815225390845, 51.55530532536909],
        [-0.205837383047993, 51.555438751331103],
        [-0.205877512670817, 51.555555366583533],
        [-0.205865366655903, 51.555937356748032],
        [-0.205903383184, 51.556071025177921],
        [-0.20589795368512, 51.556135687245259],
        [-0.205893824397837, 51.55620396614222],
        [-0.205966107122593, 51.556419989085327],
        [-0.205992234342426, 51.556415892382134],
        [-0.206089534731298, 51.556399395301113],
        [-0.206215598107884, 51.556385136343707],
        [-0.206335859301033, 51.556371687791284],
        [-0.206496000495764, 51.556334569304113],
        [-0.206991404851598, 51.556209053669662],
        [-0.20752274253193, 51.55608678261838],
        [-0.208038324931408, 51.555961570841838],
        [-0.20833398709769, 51.555889650792658],
        [-0.208845104699951, 51.555731095542036],
        [-0.208856320321007, 51.555739359887781],
        [-0.209237124392179, 51.556033827495526],
        [-0.209538534572253, 51.556329780046092],
        [-0.209566450793494, 51.556353586191555],
        [-0.210026931502361, 51.556749981454601],
        [-0.210031115481925, 51.556753642229751],
        [-0.210844587553254, 51.556463006412201],
        [-0.211246836002014, 51.556321664556229],
        [-0.211697679850517, 51.556154984128838],
        [-0.212129397269108, 51.555924164741675],
        [-0.212511705933382, 51.555702482687508],
        [-0.213000241130008, 51.555420369967109],
        [-0.213285276802595, 51.555288026794464],
        [-0.213501320597128, 51.555186105772584],
        [-0.213736757207657, 51.555399212396466],
        [-0.214287841541181, 51.555877002179045],
        [-0.214855253435604, 51.556343347611971],
        [-0.215373167409898, 51.556747789299415],
        [-0.215500599086645, 51.556845945705057],
        [-0.216176059453186, 51.557390362817138],
        [-0.216511210841277, 51.557636452823331],
        [-0.216759438284622, 51.55781827431052],
        [-0.216942929629467, 51.557995514587191],
        [-0.217172875672027, 51.558202235961616],
        [-0.217769251447025, 51.558667208406007],
        [-0.218319748082375, 51.559125186432283],
        [-0.218650214107057, 51.5594179592226],
        [-0.219022255569641, 51.559791394042627],
        [-0.219323932237643, 51.560119697288762],
        [-0.220312737321789, 51.561287518252769],
        [-0.22058773917451, 51.561597428785113],
        [-0.220662688310343, 51.561673201838978],
        [-0.221206438425124, 51.562231777727071],
        [-0.221553196085394, 51.562551765975314],
        [-0.221954970634582, 51.56294092866078],
        [-0.222389841096537, 51.56329552113985],
        [-0.222675092223792, 51.563528247639162],
        [-0.223431000739937, 51.564123297735918],
        [-0.224107550755134, 51.564718940257876],
        [-0.224620090064885, 51.565154731438355],
        [-0.225071669052088, 51.565488884032774],
        [-0.22518627288895, 51.565584137791525],
        [-0.225489886104523, 51.565864794317356],
        [-0.225705377482988, 51.566037108798902],
        [-0.22594225584123, 51.566216040846136],
        [-0.226426531968402, 51.566563271649528],
        [-0.226720581099513, 51.566793423235659],
        [-0.226893755747852, 51.566903948095216],
        [-0.227188036534724, 51.567054070195532],
        [-0.22773834175251, 51.567373517493294],
        [-0.228031011604502, 51.567528109271592],
        [-0.228397972054398, 51.567701806580239],
        [-0.228637918447398, 51.567839414622078],
        [-0.228819055637165, 51.567968041431634],
        [-0.228937650492695, 51.568072343979573],
        [-0.229382959656218, 51.568532277477402],
        [-0.229807438156221, 51.568934344065063],
        [-0.230169030779187, 51.569209568028619],
        [-0.230546828075842, 51.569550679178306],
        [-0.230919722875535, 51.56983236579913],
        [-0.231328944162153, 51.57018204115699],
        [-0.231881610371629, 51.57062829584541],
        [-0.232235542761289, 51.570952855581659],
        [-0.233442488672184, 51.571979969466547],
        [-0.233755892433032, 51.571861492156913],
        [-0.233875322965265, 51.571795847251643],
        [-0.234047487495303, 51.571747181988208],
        [-0.234196326695907, 51.571779096373945],
        [-0.234269321589722, 51.571794582442315],
        [-0.234357101241088, 51.57183816710873],
        [-0.234406643790931, 51.571788555522005],
        [-0.234453072682904, 51.571782060204825],
        [-0.234506747368567, 51.571774774648361],
        [-0.234586277137998, 51.571770575730461],
        [-0.234666671979642, 51.571818545226307],
        [-0.234715939991874, 51.571962264250168],
        [-0.234971359478814, 51.572074014046073],
        [-0.234998065228314, 51.572092400353782],
        [-0.235009011133442, 51.572107851926837],
        [-0.235069111648978, 51.572158213598385],
        [-0.235103078448048, 51.57221267836082],
        [-0.235169957442271, 51.572237064199996],
        [-0.235238278722187, 51.572261471690247],
        [-0.2353464447383, 51.572263098283479],
        [-0.235492595522657, 51.57225270668517],
        [-0.23552587082932, 51.572250509320078],
        [-0.235644982995487, 51.572267587163687],
        [-0.2356939642565, 51.572306990549734],
        [-0.235687828207688, 51.572353658349655],
        [-0.235598774250909, 51.572380195615125],
        [-0.235408451699441, 51.572413303175118],
        [-0.235372898789158, 51.572437047821964],
        [-0.235354443662476, 51.572466444955992],
        [-0.235350132296661, 51.572503248627839],
        [-0.235363301606263, 51.572535819003761],
        [-0.235381284840016, 51.572555872520766],
        [-0.235401058334864, 51.572566960637211],
        [-0.235578799797968, 51.572560640877477],
        [-0.235619251644343, 51.572559450618783],
        [-0.23575245811546, 51.572547964840631],
        [-0.235812111168475, 51.572535373171803],
        [-0.235837255236434, 51.572519565000349],
        [-0.235889124710984, 51.572484375486503],
        [-0.235915625608196, 51.5724335176577],
        [-0.235858025503836, 51.572393085567484],
        [-0.235842458548788, 51.572347889959197],
        [-0.235868159184075, 51.572317702440117],
        [-0.235887221119511, 51.572309895911076],
        [-0.235921938667178, 51.572307720114487],
        [-0.23601417088169, 51.572310905027791],
        [-0.236156548745662, 51.572360704414201],
        [-0.236360107549388, 51.572433004678842],
        [-0.236485545896376, 51.572435789031871],
        [-0.236554598560415, 51.572441322875015],
        [-0.236626883461539, 51.57243791293017],
        [-0.237053816892078, 51.572368792024569],
        [-0.237179568024611, 51.572363487250549],
        [-0.237202539217077, 51.572366530012367],
        [-0.237389523120529, 51.572419695634778],
        [-0.237527471919722, 51.572472124515819],
        [-0.237566099077974, 51.572480797728744],
        [-0.237594908764044, 51.572482129635411],
        [-0.237664587282763, 51.572471486055356],
        [-0.237736403111426, 51.572442889899477],
        [-0.237761720247184, 51.572422587760514],
        [-0.237778523061217, 51.572398560833136],
        [-0.237783544820292, 51.572380651612526],
        [-0.237776924560755, 51.57236526526183],
        [-0.237761650996181, 51.572349748965529],
        [-0.237667003539809, 51.572297071420309],
        [-0.237644901288671, 51.572271561009806],
        [-0.237649593107964, 51.572224871428915],
        [-0.237721547893462, 51.572118044222435],
        [-0.237754180168544, 51.572095154243236],
        [-0.237777603078755, 51.572086513665909],
        [-0.23795457789699, 51.572099961899383],
        [-0.238093499363313, 51.57212722624071],
        [-0.238126670227038, 51.572127724265364],
        [-0.238147069672963, 51.572122635147117],
        [-0.238175375108566, 51.572099680090304],
        [-0.238184862293182, 51.572078240967571],
        [-0.238185904692662, 51.572051279671143],
        [-0.238179249595131, 51.572036792051371],
        [-0.238138745950972, 51.572002013150303],
        [-0.237884205092031, 51.571904671190886],
        [-0.237840608865106, 51.571875241136034],
        [-0.237831312770182, 51.571854419216187],
        [-0.237836508209587, 51.571832016442201],
        [-0.237851694793324, 51.571812461391879],
        [-0.237903249148569, 51.571785359349143],
        [-0.237944047775483, 51.57177518118371],
        [-0.238014993584188, 51.571769052587619],
        [-0.238087103589068, 51.5717701352809],
        [-0.238132976015984, 51.571778017860559],
        [-0.238169986775286, 51.571791162767788],
        [-0.238381974118381, 51.571906749181373],
        [-0.238443937247946, 51.571946346288321],
        [-0.238491617374354, 51.571982132038933],
        [-0.238701869598528, 51.572142653389953],
        [-0.238866475194406, 51.572252132360923],
        [-0.239056968341666, 51.572214525609056],
        [-0.239209040183536, 51.572088217382273],
        [-0.239437812327652, 51.572068269766071],
        [-0.239651556044558, 51.572101150918897],
        [-0.239748566115689, 51.572092714560128],
        [-0.239806462870929, 51.57208818760607],
        [-0.23990382001662, 51.572070764011585],
        [-0.239995600863851, 51.572085629032621],
        [-0.240075011048938, 51.572121890009207],
        [-0.240061078373848, 51.572183728019219],
        [-0.239972100008348, 51.572283107460798],
        [-0.239905395130869, 51.572328867029391],
        [-0.23990311979697, 51.572350414454178],
        [-0.239916882451723, 51.572367706268864],
        [-0.239939472005339, 51.572380634313916],
        [-0.239969480949611, 51.572388278243274],
        [-0.240016935405157, 51.572392586882174],
        [-0.240080462564958, 51.572391741158839],
        [-0.240138429089005, 51.572385416622993],
        [-0.240331493894745, 51.572355939452045],
        [-0.240462523580337, 51.572288663355089],
        [-0.240521615568065, 51.572215812392443],
        [-0.240561735203263, 51.572185840050039],
        [-0.240584741247934, 51.572187983440024],
        [-0.240647990533371, 51.572194327094842],
        [-0.240625251378187, 51.572297397774932],
        [-0.240687390497574, 51.572332500162908],
        [-0.240718460093245, 51.572350051344785],
        [-0.240785079805494, 51.572343856215312],
        [-0.240869159849933, 51.572296558150271],
        [-0.240956203413692, 51.572135102082505],
        [-0.241108433733699, 51.572116701544367],
        [-0.241206177420731, 51.572164027311445],
        [-0.241270472842451, 51.572218045562224],
        [-0.241343927460764, 51.572296480280926],
        [-0.241370086651269, 51.572403880815379],
        [-0.241376069306616, 51.572473211269674],
        [-0.241354045487854, 51.572595176651852],
        [-0.241361276788176, 51.572632153497189],
        [-0.241374762607173, 51.572656634836662],
        [-0.241394398891958, 51.572671316802357],
        [-0.24141139351262, 51.572679664559779],
        [-0.241497462120935, 51.572730412036222],
        [-0.2417420522709, 51.572749363881783],
        [-0.242015542686437, 51.572804717401951],
        [-0.242141606600899, 51.572791318911158],
        [-0.242216949534836, 51.572783455173038],
        [-0.242373563900303, 51.572801087892586],
        [-0.242492104566384, 51.572795669424877],
        [-0.242559660569756, 51.572765208071829],
        [-0.242592290918197, 51.572742316730832],
        [-0.242604383358972, 51.572728110126583],
        [-0.242606553458992, 51.572709258774594],
        [-0.242601512393187, 51.572690299431571],
        [-0.242583283278065, 51.572676537974637],
        [-0.242482063319831, 51.572644448237227],
        [-0.242455250200987, 51.572628759738663],
        [-0.242434587320274, 51.572603271804994],
        [-0.242418597787669, 51.572568861550735],
        [-0.242418611438138, 51.572531094052685],
        [-0.242496782612275, 51.572487303255635],
        [-0.242616730015744, 51.572482804965254],
        [-0.242791780560588, 51.572508806299261],
        [-0.242867976018432, 51.572516241837903],
        [-0.242918488634246, 51.572516098936369],
        [-0.242969243820379, 51.572509665028214],
        [-0.243004203798424, 51.572501196149354],
        [-0.243209844609606, 51.572444925609233],
        [-0.243376337008769, 51.572393464091348],
        [-0.243645954260946, 51.572324661971919],
        [-0.243920946220086, 51.572303598902494],
        [-0.244038619656101, 51.572320646673667],
        [-0.244112368527538, 51.572354122490438],
        [-0.244115183713976, 51.572355963074898],
        [-0.244103898469602, 51.572424135761487],
        [-0.244125287369355, 51.572543154266867],
        [-0.244152101022903, 51.572558842388929],
        [-0.244179226356688, 51.572566442090725],
        [-0.244223831604627, 51.572569807163156],
        [-0.24428897435365, 51.572564487177353],
        [-0.244338494940381, 51.572552638821605],
        [-0.244388950374234, 51.572516525199127],
        [-0.244445394348839, 51.57243733806439],
        [-0.244458779153817, 51.572352111371309],
        [-0.244489389380986, 51.572306708516969],
        [-0.24452040310748, 51.572288288615347],
        [-0.244646649812842, 51.572232626329225],
        [-0.244764485221615, 51.572170543483949],
        [-0.244900711529026, 51.572043091728432],
        [-0.245101963553653, 51.571950783020192],
        [-0.245241903961468, 51.571914208725367],
        [-0.245453908885405, 51.571917378669689],
        [-0.24565585470579, 51.572031902463138],
        [-0.245774464272383, 51.572137087098021],
        [-0.245791113546345, 51.572154421362718],
        [-0.245819300583484, 51.572171928093944],
        [-0.245869155528929, 51.572188859475865],
        [-0.245932301838308, 51.572197896429628],
        [-0.245992909662044, 51.572197903100644],
        [-0.246042429422306, 51.572186054017074],
        [-0.246065989213437, 51.572173816916276],
        [-0.246086941282145, 51.572154346990715],
        [-0.246111469577411, 51.572116945897271],
        [-0.246394859809692, 51.571765085672915],
        [-0.246624581469137, 51.571645323647928],
        [-0.246673315261083, 51.571616377174898],
        [-0.246717006321246, 51.571568471496327],
        [-0.246731023450772, 51.571541703999195],
        [-0.24673484144004, 51.571517481813238],
        [-0.246728598616007, 51.571492210083242],
        [-0.246720567825263, 51.571475903946521],
        [-0.246544152061087, 51.571297918070684],
        [-0.246472433145403, 51.571249187188272],
        [-0.246273673880566, 51.571164387016303],
        [-0.246142282969546, 51.571091384148438],
        [-0.246023709799186, 51.570985301171262],
        [-0.246008918125471, 51.570957203929439],
        [-0.246007140677504, 51.570928401975372],
        [-0.24602562291479, 51.570898104373953],
        [-0.246385766077397, 51.570613934397208],
        [-0.24646463205464, 51.570514399051739],
        [-0.246502978775367, 51.570417855122862],
        [-0.246513688467288, 51.570177021276621],
        [-0.246574507126333, 51.570021463866382],
        [-0.246558960753732, 51.56986296692871],
        [-0.246495966071955, 51.569812567934044],
        [-0.246361746475721, 51.569925663818012],
        [-0.246259689394416, 51.569952914041629],
        [-0.246182840465976, 51.569962556304851],
        [-0.24611832421723, 51.569951700529074],
        [-0.246088177445342, 51.569947653030901],
        [-0.246071148369747, 51.569940204662707],
        [-0.246058722454297, 51.569925631244956],
        [-0.24605258396932, 51.569897663335979],
        [-0.246057751118841, 51.569838391321099],
        [-0.246069990616205, 51.569782821935419],
        [-0.24610304264314, 51.569711377456954],
        [-0.246164844069988, 51.569605292638101],
        [-0.246480412199188, 51.569429263119424],
        [-0.246587634361581, 51.569342740639172],
        [-0.246615830101998, 51.569322479622421],
        [-0.246631427002841, 51.569292138811832],
        [-0.246631402517687, 51.569255269974533],
        [-0.246560620274398, 51.569182273870908],
        [-0.246524701421263, 51.569065736353608],
        [-0.246554857803495, 51.569032016182632],
        [-0.246609599317536, 51.568996864891055],
        [-0.246631784323189, 51.568982808676544],
        [-0.246861254054852, 51.568981740949347],
        [-0.247028841195508, 51.569013919150372],
        [-0.247192171345816, 51.569044235062584],
        [-0.24736781800776, 51.56897941621569],
        [-0.247382584812737, 51.568970644452548],
        [-0.247393370868943, 51.568952820924856],
        [-0.247391454347854, 51.568927613834042],
        [-0.247344530648407, 51.568872059921496],
        [-0.247281778373702, 51.568815370341824],
        [-0.247147853937875, 51.568733338393997],
        [-0.247083487153073, 51.568681120743413],
        [-0.24702365424686, 51.568623575398618],
        [-0.247041245817061, 51.568578876633076],
        [-0.24713476007479, 51.568511032738151],
        [-0.247309817184243, 51.568461492105087],
        [-0.247615162853519, 51.568475943865522],
        [-0.24786182258696, 51.56851559629154],
        [-0.24808014109326, 51.56861687201939],
        [-0.248225716173873, 51.568658611427608],
        [-0.24855248734049, 51.568528604403674],
        [-0.248597019932078, 51.568533765212401],
        [-0.248706274634532, 51.568544388088974],
        [-0.248771118277606, 51.568621790421602],
        [-0.248850659509005, 51.56869221819872],
        [-0.248999456957656, 51.568762780113765],
        [-0.249058989877956, 51.568790645341707],
        [-0.249180456808286, 51.568859000760526],
        [-0.249330091715219, 51.568870225512491],
        [-0.24942832051994, 51.56890496244916],
        [-0.249495091295832, 51.568969803885757],
        [-0.249582293602113, 51.569028655435496],
        [-0.249672242315954, 51.569091144806045],
        [-0.249785058212358, 51.56915937054962],
        [-0.250009372342982, 51.569367740504262],
        [-0.250034433491814, 51.569391494229272],
        [-0.250219439643044, 51.56957140142584],
        [-0.25050033270506, 51.569847157095303],
        [-0.250768663676064, 51.570111934043673],
        [-0.251149505803836, 51.570265084123328],
        [-0.251205088559298, 51.570320765509578],
        [-0.251281476271084, 51.570398338429996],
        [-0.251322016919503, 51.570469981748523],
        [-0.251377484310505, 51.570603894367004],
        [-0.251512955368509, 51.570758782085761],
        [-0.251611034009423, 51.57091041484739],
        [-0.251752959182625, 51.571085181495661],
        [-0.251772287890828, 51.57110795020229],
        [-0.251910864508315, 51.571181952983942],
        [-0.252083054572386, 51.571282533945059],
        [-0.252510292051318, 51.571505611257017],
        [-0.25266345002139, 51.571688637097246],
        [-0.252863330912184, 51.571970374417809],
        [-0.25303566926964, 51.572293065935042],
        [-0.253084252335193, 51.572343246805744],
        [-0.25310619107134, 51.572373247973829],
        [-0.253131112889312, 51.572438363507707],
        [-0.253130005642071, 51.572504890034836],
        [-0.253101254712534, 51.572577299669149],
        [-0.253051524726291, 51.572632311627629],
        [-0.253018865188238, 51.572656104644778],
        [-0.252970478794816, 51.572676066607052],
        [-0.252890604262307, 51.572689265155681],
        [-0.252640924344402, 51.572690043854472],
        [-0.252519155784039, 51.57270441680398],
        [-0.252314696840026, 51.572730147391646],
        [-0.252118615344328, 51.572763196240615],
        [-0.251859724119531, 51.57281599141875],
        [-0.251697566192517, 51.57286752950634],
        [-0.251491720536094, 51.572966974863647],
        [-0.251429559722234, 51.573007413248583],
        [-0.251389204998086, 51.573043680375974],
        [-0.251366226207386, 51.573078407945566],
        [-0.251355365450786, 51.573135796829078],
        [-0.251372424838314, 51.573180113294605],
        [-0.251442393236449, 51.57327467576409],
        [-0.251825176332342, 51.573716505116884],
        [-0.25196553062795, 51.573894844897119],
        [-0.252128474280162, 51.574123877814721],
        [-0.252353421785606, 51.574467136815883],
        [-0.252623102915271, 51.574923465129814],
        [-0.252715965730809, 51.575136166745089],
        [-0.252790615244163, 51.575447512354053],
        [-0.252818491769627, 51.57551087344806],
        [-0.25293429617841, 51.57572751333025],
        [-0.253233892293001, 51.576533186386541],
        [-0.253353329867598, 51.576843399712352],
        [-0.253427625749178, 51.577013560549538],
        [-0.253569291794513, 51.577271049915581],
        [-0.253597893895923, 51.577315537780187],
        [-0.253649604288082, 51.577397237901955],
        [-0.253944046856561, 51.577810768275448],
        [-0.254078820208334, 51.578022293736019],
        [-0.254102958268302, 51.578070311971167],
        [-0.254245304191948, 51.578460896431821],
        [-0.254415403130162, 51.578842901196971],
        [-0.254464706277685, 51.578987511133136],
        [-0.254612988924215, 51.579486990034226],
        [-0.254631798730553, 51.579598774136585],
        [-0.254630452225873, 51.579671591635183],
        [-0.254613273028129, 51.579743274437703],
        [-0.254586409694572, 51.579804022466647],
        [-0.254484392567711, 51.579942784849344],
        [-0.254429704867918, 51.580051677345836],
        [-0.254372158591879, 51.58023516327453],
        [-0.254335357660484, 51.580404570093442],
        [-0.254316378973018, 51.580598521171218],
        [-0.254311958886738, 51.580826859481775],
        [-0.254318371371977, 51.580923172320212],
        [-0.254334219183529, 51.581112246040377],
        [-0.254349355688466, 51.581206890179935],
        [-0.254394088485522, 51.581395494293993],
        [-0.254395798710706, 51.581463861095045],
        [-0.25437954825289, 51.581511278494816],
        [-0.254334891075072, 51.581584350987981],
        [-0.254122815374893, 51.581807801871015],
        [-0.25399871062002, 51.581920157614718],
        [-0.2538294387423, 51.582043531181348],
        [-0.253692181977807, 51.582122419467154],
        [-0.253539504706586, 51.582189388151093],
        [-0.253416746091368, 51.582228925813212],
        [-0.253211486546265, 51.582274429270285],
        [-0.253142790893896, 51.58229678673257],
        [-0.252885140667933, 51.582428734966498],
        [-0.252535740740876, 51.582619564868359],
        [-0.252417302212721, 51.582696933414532],
        [-0.252303874927319, 51.582794159494782],
        [-0.252044345416407, 51.583050171448384],
        [-0.251667870530121, 51.583457309609102],
        [-0.251409284379403, 51.583575752267365],
        [-0.250822884414684, 51.583698301341911],
        [-0.25038163800206, 51.583799631570557],
        [-0.249931906749033, 51.583896337482862],
        [-0.248503686578702, 51.584251808506082],
        [-0.248367589066515, 51.584300134145636],
        [-0.248284314693488, 51.584363635719242],
        [-0.248534593013576, 51.584574193612298],
        [-0.249982066087469, 51.586047140652788],
        [-0.250350258374957, 51.586382646936059],
        [-0.251937606026194, 51.58793768517554],
        [-0.252536488203088, 51.588544589855196],
        [-0.253129458124564, 51.589042596804696],
        [-0.253387382163953, 51.589205598664734],
        [-0.253932259115963, 51.589565303915059],
        [-0.253949090021827, 51.589578143487778],
        [-0.254270188182549, 51.58978794375691],
        [-0.254760570384328, 51.590063206358401],
        [-0.255629733704179, 51.590701090166235],
        [-0.257028489166318, 51.591760477402403],
        [-0.257421207727535, 51.592023487509451],
        [-0.257691082370564, 51.592252300622206],
        [-0.25803959344638, 51.592576698980842],
        [-0.25824588545289, 51.592769497256853],
        [-0.259770163925117, 51.594174217789515],
        [-0.260641470722254, 51.594911009867488],
        [-0.261901910398298, 51.595969186411416],
        [-0.262399113007516, 51.596371307990701],
        [-0.262682162420321, 51.59659670732114],
        [-0.263376807722564, 51.597122243078211],
        [-0.26387763798442, 51.597467760663761],
        [-0.264275775826453, 51.597780284639612],
        [-0.264761474590654, 51.598182225754861],
        [-0.265187703089916, 51.598553611424208],
        [-0.26573063298398, 51.599007650047348],
        [-0.266153722517458, 51.599423946928731],
        [-0.267052122829769, 51.600288779750052],
        [-0.267155869443287, 51.600370342358239],
        [-0.267615671994524, 51.600733222256473],
        [-0.268448059658227, 51.601474775157811],
        [-0.268736225406249, 51.601719118543386],
        [-0.270079712765203, 51.602767638191445],
        [-0.270246570615006, 51.602898686143277],
        [-0.272970145735714, 51.605025886663427],
        [-0.2738076642183, 51.605712623022264],
        [-0.27489360222305, 51.60693264641742],
        [-0.274932585094672, 51.606970986654822],
        [-0.275272227620593, 51.607306891349964],
        [-0.275555489503315, 51.607568230538398],
        [-0.276036802465811, 51.608015019936111],
        [-0.276445559425992, 51.608318664866566],
        [-0.276652768667303, 51.608452993504848],
        [-0.277135963699276, 51.608736147417652],
        [-0.277315173838341, 51.608885350696184],
        [-0.277937459119733, 51.609424122926384],
        [-0.278745973674661, 51.610156257542634],
        [-0.279339915773088, 51.610719784656531],
        [-0.279367901565914, 51.610743574621502],
        [-0.280150394682744, 51.611439348890435],
        [-0.281482088990544, 51.612699776799353],
        [-0.282199703229832, 51.613355920545239],
        [-0.283412315187261, 51.614291762758612],
        [-0.283962194849162, 51.614647800456787],
        [-0.284185402346211, 51.614780550797448],
        [-0.284410088636445, 51.614912423094033],
        [-0.285307043435821, 51.615411106678032],
        [-0.286003758901882, 51.615896069256792],
        [-0.286852274278747, 51.616608047890686],
        [-0.287565593448043, 51.617151692501572],
        [-0.287698774362785, 51.617297510274959],
        [-0.288008667291993, 51.617775918650906],
        [-0.288276186087504, 51.618036996369284],
        [-0.289600303757528, 51.619164133631834],
        [-0.291673425546274, 51.62088934676494],
        [-0.292676617915444, 51.621757298763839],
        [-0.293151062084316, 51.622203016129497],
        [-0.293870981931797, 51.622806065429003],
        [-0.294364078937186, 51.623294312020029],
        [-0.294879480140829, 51.623804461619002],
        [-0.295188975645529, 51.624103899728119],
        [-0.295907979794407, 51.624694333694642],
        [-0.297275758053381, 51.625900246737977],
        [-0.297712852489817, 51.626265372852586],
        [-0.298027423619204, 51.62650732684444],
        [-0.298668867502002, 51.626971627697934],
        [-0.299254915464879, 51.627410843633776],
        [-0.300153081836355, 51.628197177535284],
        [-0.300543172022932, 51.628622758941688],
        [-0.301182356013457, 51.629265057804751],
        [-0.301838448790423, 51.629841954776879],
        [-0.302185879284401, 51.630133829397884],
        [-0.3025389900102, 51.630428482724142],
        [-0.303953920044572, 51.63146414558814],
        [-0.304484772519683, 51.632030225855409],
        [-0.305052296854994, 51.632775776942857],
        [-0.305462270890676, 51.633367983174658],
        [-0.305597635000022, 51.634117184880346],
        [-0.305585398217579, 51.63432922316187],
        [-0.305574220880617, 51.634396503025883],
        [-0.305049855754815, 51.635399652912419],
        [-0.304482738231347, 51.636347330940275],
        [-0.304451231812325, 51.636339682254039],
        [-0.304349625211197, 51.636313036932222],
        [-0.304301262440194, 51.636369888284236],
        [-0.304160330238843, 51.636428999540072],
        [-0.303994003707027, 51.636471557948951],
        [-0.303808663705271, 51.636481469702659],
        [-0.303569647403167, 51.636458233906851],
        [-0.30336260718623, 51.636430064380278],
        [-0.303203126462167, 51.636366613163339],
        [-0.303077839661461, 51.636316244925766],
        [-0.303042268980404, 51.636301343398067],
        [-0.302996722440949, 51.636282700817908],
        [-0.302944088654902, 51.636260358923593],
        [-0.302746551029338, 51.6361325127166],
        [-0.302436372452978, 51.636351034138222],
        [-0.301781063238127, 51.636253434947712],
        [-0.30124926028247, 51.636137836261376],
        [-0.301104394598958, 51.636108763813631],
        [-0.300926579198418, 51.636072020664074],
        [-0.300667884406216, 51.63595677416258],
        [-0.300618006357864, 51.635938067962172],
        [-0.300476970952238, 51.635883872125525],
        [-0.30033704418702, 51.635838684324241],
        [-0.300205245761959, 51.635808001480747],
        [-0.300101795413207, 51.635792116358566],
        [-0.299877630841375, 51.635758297436112],
        [-0.29966021743241, 51.635737164873397],
        [-0.299612690806472, 51.635732879748979],
        [-0.299428395108898, 51.635714924002279],
        [-0.298827239255909, 51.635753874160073],
        [-0.298763489390399, 51.635758345800895],
        [-0.298702661693178, 51.635761960531994],
        [-0.298499891426642, 51.635774308983613],
        [-0.298240592479237, 51.635791233099091],
        [-0.297743158711291, 51.635761542099381],
        [-0.297232727185319, 51.63573166049391],
        [-0.296151062411161, 51.63544350657326],
        [-0.294406496050809, 51.635646578646224],
        [-0.294105739665658, 51.635728534214834],
        [-0.29359914108794, 51.635904613081109],
        [-0.293338517740224, 51.635995242893522],
        [-0.292189703203112, 51.636379589642083],
        [-0.29204334978431, 51.636428716196214],
        [-0.291891320177701, 51.636475062344815],
        [-0.291740539695905, 51.636488155452774],
        [-0.291379263875247, 51.636488294072741],
        [-0.29057493589445, 51.636588089730871],
        [-0.289928911887169, 51.636666805932535],
        [-0.289411998591806, 51.636617013166742],
        [-0.289278118766729, 51.636603372826158],
        [-0.289141587176306, 51.636583399174874],
        [-0.288366936359016, 51.636470497709603],
        [-0.288101819190626, 51.636488213864226],
        [-0.287810569216281, 51.636509145216522],
        [-0.287253500912693, 51.636643096883738],
        [-0.286936612957184, 51.636692427040217],
        [-0.286505714279046, 51.636776061288401],
        [-0.28601573326121, 51.636855234651343],
        [-0.28552389957764, 51.636945169532424],
        [-0.285195697844818, 51.637064468758588],
        [-0.285080668911055, 51.637125733976411],
        [-0.284650358267886, 51.637423383766865],
        [-0.284282427784111, 51.637599649964862],
        [-0.283897996201886, 51.637791859762494],
        [-0.282935846515775, 51.638013388522396],
        [-0.281414678071708, 51.638342727712278],
        [-0.280547409455391, 51.638309348664677],
        [-0.280430349747471, 51.638309432823569],
        [-0.280050997833657, 51.638290388350491],
        [-0.279418444537247, 51.638279322444475],
        [-0.279041929447286, 51.638299881859751],
        [-0.278636527221249, 51.638320016579776],
        [-0.278243559876639, 51.638393386098102],
        [-0.277963760872677, 51.638454925815239],
        [-0.27779760751921, 51.638492054487216],
        [-0.277345978031912, 51.638587940246616],
        [-0.277010507913954, 51.63866934294041],
        [-0.276760948340583, 51.638771788347093],
        [-0.276498729160262, 51.638865055225224],
        [-0.275905494828153, 51.638807788216198],
        [-0.275513312280479, 51.638784044598928],
        [-0.275121164273103, 51.63875940095793],
        [-0.274750579672083, 51.638737770498693],
        [-0.274019317330127, 51.638700047000242],
        [-0.273737180367295, 51.638670721259587],
        [-0.273745322481877, 51.638760762798192],
        [-0.273985004929194, 51.638842518328651],
        [-0.274164468797034, 51.638911698431684],
        [-0.274174158506002, 51.638999065024514],
        [-0.274183643536872, 51.639091823916203],
        [-0.274200145778619, 51.639304281967028],
        [-0.273911132070619, 51.639874634133633],
        [-0.273724438179439, 51.640262150200357],
        [-0.273563856906706, 51.640456718014377],
        [-0.273378898525322, 51.640798398920751],
        [-0.273176719740333, 51.641060695093394],
        [-0.273145769585752, 51.641190626542013],
        [-0.273128867079641, 51.641255121660627],
        [-0.273087474598027, 51.641431658855254],
        [-0.272920251630808, 51.641762809247702],
        [-0.27287810657815, 51.641959118087748],
        [-0.2728902495605, 51.642095977827744],
        [-0.271946199668686, 51.64210366945828],
        [-0.271555264688917, 51.64208442722105],
        [-0.271125979270991, 51.64204753387682],
        [-0.270647215479614, 51.64205756882172],
        [-0.270060877872637, 51.642084001357269],
        [-0.269745762690452, 51.642161187245677],
        [-0.26946126120946, 51.642269396903103],
        [-0.269434945614608, 51.642239334857592],
        [-0.268805449321902, 51.642298396127671],
        [-0.268270361468559, 51.642383125310346],
        [-0.268332606346004, 51.642759916572473],
        [-0.268412515379147, 51.643052441744352],
        [-0.268428060688748, 51.6432513982298],
        [-0.268422082127214, 51.643484207596224],
        [-0.268414324832994, 51.643574015025891],
        [-0.268405561608356, 51.643614350617241],
        [-0.2683656614359, 51.643789109764192],
        [-0.268369864458509, 51.643830535784183],
        [-0.266791127475059, 51.644107582341277],
        [-0.265554995525999, 51.644041671329425],
        [-0.265235068315728, 51.644017162428575],
        [-0.264818866877319, 51.643902207379249],
        [-0.264749015830106, 51.643914663425328],
        [-0.264675822893612, 51.643863225521336],
        [-0.264635064535644, 51.643832948950589],
        [-0.264572741604865, 51.643799655999061],
        [-0.264532669674059, 51.643751405164146],
        [-0.26447385362508, 51.643701978053912],
        [-0.264382878063972, 51.643624199786764],
        [-0.264250620165526, 51.643832661965789],
        [-0.264057465482326, 51.64378124875067],
        [-0.263296171808815, 51.644830170278134],
        [-0.263229034130435, 51.644809394469931],
        [-0.263124716392844, 51.644778177269039],
        [-0.262969426011708, 51.644719229387768],
        [-0.262779190701397, 51.644629190870809],
        [-0.262687254383067, 51.644576575204738],
        [-0.262461901928235, 51.644422172054711],
        [-0.262221590405244, 51.64428103535743],
        [-0.262045700475779, 51.6441939055861],
        [-0.261843466316072, 51.644115377773282],
        [-0.26172573715612, 51.644056984218956],
        [-0.261628609521161, 51.643989004133537],
        [-0.261513837970472, 51.643891088514735],
        [-0.261361371716969, 51.64375844432611],
        [-0.261314252654637, 51.643705591932161],
        [-0.261293857192699, 51.643672018827402],
        [-0.261272360493702, 51.643591670023653],
        [-0.261264963321624, 51.643407220588962],
        [-0.261242985473782, 51.643339453717545],
        [-0.261187165178828, 51.643249604437102],
        [-0.261070125940924, 51.643097701630843],
        [-0.26103611133759, 51.643042345525011],
        [-0.260954703247557, 51.642865792137925],
        [-0.260913569757139, 51.642807632901594],
        [-0.260870441722438, 51.642763831615085],
        [-0.260736724857239, 51.642670130684394],
        [-0.2604730413839, 51.642535837846857],
        [-0.260280894129571, 51.642458355917086],
        [-0.260178097094848, 51.642425360136933],
        [-0.260047889941646, 51.6423910588816],
        [-0.259755422984615, 51.642329174650868],
        [-0.259315899114567, 51.642220148772324],
        [-0.258938693785609, 51.642144417190238],
        [-0.258760511823926, 51.642117496106586],
        [-0.258414980997083, 51.642082697412448],
        [-0.258406937711769, 51.641990857719762],
        [-0.257907918523326, 51.641963672267359],
        [-0.257728190133779, 51.641939424323546],
        [-0.257614975051469, 51.641914364672111],
        [-0.25750777901163, 51.641883099695114],
        [-0.257356666933927, 51.641828702369367],
        [-0.257267962368128, 51.641955974270104],
        [-0.25691017210577, 51.642580117199465],
        [-0.25649260340439, 51.643142224501631],
        [-0.256196038962716, 51.64348851626908],
        [-0.255511756466305, 51.643241857307096],
        [-0.255482655667265, 51.643284587505775],
        [-0.255444439492587, 51.643338872123628],
        [-0.255380218172975, 51.643430537578404],
        [-0.254766494712929, 51.643604858198202],
        [-0.254513698731946, 51.643676635067116],
        [-0.254069512988498, 51.644178090482193],
        [-0.253693445941307, 51.644712030004946],
        [-0.252990598134227, 51.645625073741485],
        [-0.252583416644755, 51.646140562411041],
        [-0.252275266501006, 51.646561307197281],
        [-0.252071343188415, 51.646902672943384],
        [-0.251900511679247, 51.647210360634844],
        [-0.251765212825038, 51.647496096608457],
        [-0.25158155247889, 51.647949266387968],
        [-0.251418570600684, 51.648353286724813],
        [-0.251404047313957, 51.648392636112483],
        [-0.251296700902934, 51.648703066692207],
        [-0.25121705941386, 51.648932080807356],
        [-0.251078675062591, 51.649447970161233],
        [-0.250445099966778, 51.652087631889778],
        [-0.249880965825016, 51.654611426010689],
        [-0.25037763504324, 51.654665586344493],
        [-0.250592630711825, 51.654713750314365],
        [-0.250756676748432, 51.654771046366221],
        [-0.250816045347196, 51.654806101001967],
        [-0.250915896025488, 51.65487862653405],
        [-0.251072226356207, 51.654986163454481],
        [-0.25117042542605, 51.655064059476999],
        [-0.251356918108887, 51.655214308457936],
        [-0.251281189507368, 51.655266234675061],
        [-0.251205460732495, 51.655318160841276],
        [-0.2512774217059, 51.655514362861176],
        [-0.251275146637526, 51.655535910224941],
        [-0.251232079855002, 51.655678244626493],
        [-0.251178058023182, 51.655729594807703],
        [-0.251062348024047, 51.655806103586997],
        [-0.250835062251636, 51.655926810523262],
        [-0.250607533034923, 51.656053807926256],
        [-0.250483748929228, 51.656077141973455],
        [-0.250435271749573, 51.656097101775288],
        [-0.250277528224165, 51.656138813247821],
        [-0.25011045864593, 51.656047301205646],
        [-0.249977910236082, 51.65603543460022],
        [-0.249871222127599, 51.656065317301064],
        [-0.249735721512046, 51.656167607177331],
        [-0.249372876061032, 51.656054292411817],
        [-0.249007108046415, 51.655941832154035],
        [-0.248902171436116, 51.655851244794363],
        [-0.248511112062401, 51.65564488708997],
        [-0.248294541305115, 51.655562525518391],
        [-0.248019862325415, 51.655374987254191],
        [-0.247890446533492, 51.655244468124927],
        [-0.246763076697771, 51.655574740646749],
        [-0.246498838640924, 51.655678701612231],
        [-0.246029055999645, 51.655864118739522],
        [-0.245857889118293, 51.655916414427608],
        [-0.245155740265882, 51.656128930348416],
        [-0.244715018925493, 51.656310280434383],
        [-0.244413038496091, 51.656492803874158],
        [-0.244010670347778, 51.656579407479015],
        [-0.24392321240537, 51.656597882499995],
        [-0.243649473097047, 51.656685509078891],
        [-0.243381214176627, 51.656743542770734],
        [-0.243189514339929, 51.656765853221025],
        [-0.24300876279147, 51.656766745903454],
        [-0.242868155608942, 51.656776331959435],
        [-0.242711202549998, 51.656797363096096],
        [-0.24260034713857, 51.656822680764506],
        [-0.242393119751458, 51.656872633341877],
        [-0.242129594571847, 51.656957711612797],
        [-0.241909311321657, 51.657046134334571],
        [-0.24139007218197, 51.657201118381387],
        [-0.241018338372426, 51.656832266328458],
        [-0.239983006576587, 51.657172844893481],
        [-0.239643712941206, 51.657272967973142],
        [-0.239224006944243, 51.657396163347386],
        [-0.23849313177893, 51.657639681627053],
        [-0.237995897021858, 51.657785988613675],
        [-0.238300446560095, 51.658246462037084],
        [-0.237691420573245, 51.65840457896126],
        [-0.237267743143831, 51.658592451616634],
        [-0.237114906986478, 51.658618932426435],
        [-0.237007646544845, 51.658663182424888],
        [-0.236702700400739, 51.658771905691346],
        [-0.236489608216577, 51.658823558294884],
        [-0.236215617790566, 51.658879691202571],
        [-0.235780886720552, 51.658942400985282],
        [-0.235141890654668, 51.659015527868384],
        [-0.234951469484173, 51.659004573017107],
        [-0.234731974505224, 51.658997676925445],
        [-0.234413229456025, 51.658568453393819],
        [-0.234252131490878, 51.658249505824308],
        [-0.234097408343276, 51.658324512213845],
        [-0.233889174343259, 51.658362744859183],
        [-0.233564435828271, 51.658422604466814],
        [-0.233268502497871, 51.658522462220894],
        [-0.232452441824493, 51.658798831891659],
        [-0.231298535835579, 51.659211285654983],
        [-0.231153569443305, 51.659295427346692],
        [-0.231039681900116, 51.659361153391799],
        [-0.23072712250578, 51.659405002694761],
        [-0.230581864665084, 51.659459465030487],
        [-0.230125903709432, 51.659658515532357],
        [-0.229917669582631, 51.659733609203649],
        [-0.229773381290257, 51.659726038965559],
        [-0.229487695152285, 51.659859312876058],
        [-0.228943984502987, 51.659972509132977],
        [-0.228837747674422, 51.659916054481954],
        [-0.228513517399298, 51.659962419560209],
        [-0.228441390289254, 51.659550387808572],
        [-0.228385600216777, 51.659386787283545],
        [-0.228294317277209, 51.659206465292513],
        [-0.228475744168906, 51.659188520214371],
        [-0.228236124791497, 51.658844999925421],
        [-0.228082765349156, 51.658588206636303],
        [-0.227993331002332, 51.658471756928854],
        [-0.227319628657022, 51.65787799501291],
        [-0.227002462327926, 51.657558479617315],
        [-0.226635016062802, 51.657267878343276],
        [-0.22648747623301, 51.657158642946627],
        [-0.22588817742827, 51.657474209374485],
        [-0.226068885722549, 51.657622613065037],
        [-0.225590021660069, 51.657852772770468],
        [-0.224998558948209, 51.658115399072685],
        [-0.223938499344573, 51.658603834587709],
        [-0.22290344539786, 51.659154685279205],
        [-0.22162808047695, 51.659749546768147],
        [-0.221262197243105, 51.659973306863947],
        [-0.220264189426127, 51.660462649373152],
        [-0.219825690227731, 51.660657428665736],
        [-0.219440298457559, 51.660751399559707],
        [-0.219272255230627, 51.660796510302148],
        [-0.218919491780523, 51.66005829528774],
        [-0.217152467832775, 51.660615976456626],
        [-0.214805481153223, 51.661691760305288],
        [-0.214546559348212, 51.66184159096499],
        [-0.213525636278252, 51.662322435287841],
        [-0.213418026406827, 51.662374751561643],
        [-0.212839141712311, 51.661946906166378],
        [-0.212449874735201, 51.661587587431569],
        [-0.212159915242422, 51.661350274989744],
        [-0.211909131784581, 51.661476844003111],
        [-0.21156117611163, 51.661610924911393],
        [-0.211038640145435, 51.661808887901771],
        [-0.21001220562518, 51.662171819820252],
        [-0.208122464370124, 51.662793138640865],
        [-0.207888559174329, 51.662857910339298],
        [-0.209724022155258, 51.665301215327716],
        [-0.210446234446195, 51.666128715814608],
        [-0.211158533401828, 51.666951564498277],
        [-0.209863477041184, 51.667559487934007],
        [-0.207984178949164, 51.666591140678072],
        [-0.207451583664721, 51.667115351955083],
        [-0.207086536372004, 51.667424507160938],
        [-0.205760580906935, 51.668483323263303],
        [-0.205659168735707, 51.668597773491015],
        [-0.204735335108138, 51.668482043093704],
        [-0.203886599794696, 51.668332384282934],
        [-0.203581442973871, 51.668223407210007],
        [-0.203296117133176, 51.668161492266989],
        [-0.203187643461527, 51.668088794181088],
        [-0.202858370554297, 51.668004624456692],
        [-0.20269487275401, 51.66793378156266],
        [-0.202254689113119, 51.667802052396354],
        [-0.202405250242491, 51.668455393841334],
        [-0.202547267940527, 51.668959333395868],
        [-0.202617285849131, 51.669126761056781],
        [-0.202633117952172, 51.669311343855469],
        [-0.203377581356236, 51.670123042233485],
        [-0.202406428701026, 51.670069515328471],
        [-0.201811146682113, 51.670055906366962],
        [-0.201089199221182, 51.670063734071242],
        [-0.200145287784445, 51.67012570612119],
        [-0.199896361630627, 51.670166852124567],
        [-0.199700282575575, 51.669859909501028],
        [-0.199530406337327, 51.669366329991874],
        [-0.199375350619458, 51.669009659205479],
        [-0.199228651815877, 51.668734046336553],
        [-0.19913801793237, 51.668503354874638],
        [-0.199029896078031, 51.66820315502104],
        [-0.198879485289437, 51.668203546052112],
        [-0.198734677184818, 51.668208518934172],
        [-0.19862050406662, 51.668206767753802],
        [-0.197384976412246, 51.668184213307612],
        [-0.196960828910746, 51.668158818641096],
        [-0.196638971725171, 51.668143086189438],
        [-0.196184130476753, 51.668526363775555],
        [-0.195650001683851, 51.668430034957332],
        [-0.194877074401132, 51.668302157618228],
        [-0.195318891256629, 51.667628235867994],
        [-0.195346657321755, 51.667511763543871],
        [-0.195631659685127, 51.667071926490202],
        [-0.196071740661299, 51.666368300878602],
        [-0.196673289912386, 51.665494502288325],
        [-0.196689828781147, 51.665478570230867],
        [-0.195777003081879, 51.665306286735728],
        [-0.195160683286748, 51.665205095794114],
        [-0.193851996707937, 51.664988046258529],
        [-0.192555885316904, 51.66474599732738],
        [-0.192274309856106, 51.664663430919909],
        [-0.191849892209596, 51.664500432160615],
        [-0.191553805306688, 51.664346601890195],
        [-0.191243958278093, 51.664102636531993],
        [-0.191091785369617, 51.663893471175165],
        [-0.191031905879803, 51.663944703820398],
        [-0.190969673005294, 51.663982411823369],
        [-0.190357582094652, 51.664719337419108],
        [-0.189414046351103, 51.665826126748357],
        [-0.18949238293427, 51.665856109617565],
        [-0.188978371333487, 51.666489330887877],
        [-0.187815358746799, 51.667875978294973],
        [-0.185829267457643, 51.668506244658658],
        [-0.184990325242807, 51.668547235634243],
        [-0.18496812705776, 51.668487543781104],
        [-0.182110401323701, 51.668600707858978],
        [-0.181568785975086, 51.668944818879709],
        [-0.179956970127689, 51.669975540605783],
        [-0.179423525314877, 51.67033145838181],
        [-0.178324994167493, 51.671038299837328],
        [-0.177871229954136, 51.671354082216517],
        [-0.17673651833553, 51.672096316621705],
        [-0.177031399938898, 51.672676397755865],
        [-0.176410908424404, 51.67264158667075],
        [-0.17546571958805, 51.672589139375496],
        [-0.175682862981414, 51.673159923212161],
        [-0.175354625679358, 51.673446172900761],
        [-0.174983666908343, 51.673212006060304],
        [-0.172498179522644, 51.673087930879497],
        [-0.171600224611215, 51.674017241832139],
        [-0.170345536359282, 51.675363624837011],
        [-0.168258122067382, 51.677630405628051],
        [-0.167848757514329, 51.678097012704143],
        [-0.167059476081587, 51.678909286851777],
        [-0.165469684334675, 51.680594791304628],
        [-0.165358140734013, 51.680670382337219],
        [-0.165197939929889, 51.680804561998137],
        [-0.164692296622914, 51.681325406054924],
        [-0.163631923060737, 51.682399591571794],
        [-0.163593124769628, 51.684395263282333],
        [-0.163559555827282, 51.684509839147459],
        [-0.163501802777427, 51.685079044356804],
        [-0.163497149970185, 51.685623002253791],
        [-0.163528558087226, 51.685919338073944],
        [-0.163579080059141, 51.68624384865678],
        [-0.163589667076547, 51.686697223098335],
        [-0.163521591160589, 51.687485677384871],
        [-0.163517965466905, 51.688111480508589],
        [-0.163192907307087, 51.688100103222872],
        [-0.162712854063194, 51.68809349452544],
        [-0.16210045969742, 51.687996689240997],
        [-0.161512147884325, 51.687876877863076],
        [-0.161042433029426, 51.687758021116849],
        [-0.160524232382579, 51.687693255849972],
        [-0.160018146380728, 51.687615189696302],
        [-0.159673689719677, 51.687582816602948],
        [-0.159253383307138, 51.687494401162859],
        [-0.15801672444211, 51.687237619221975],
        [-0.157713424896775, 51.687153730737464],
        [-0.157671971003975, 51.687141390624788],
        [-0.157631999417836, 51.687128174523039],
        [-0.157592100826887, 51.687113161103163],
        [-0.157552202262565, 51.687098147669936],
        [-0.1575137495221, 51.687083156902517],
        [-0.157479634197364, 51.687068234161444],
        [-0.157442736768894, 51.687050570093831],
        [-0.157405839369261, 51.687032906014885],
        [-0.157370387793394, 51.687015264605456],
        [-0.157335009226739, 51.686995825881041],
        [-0.157302522277771, 51.686976432509653],
        [-0.157278564147333, 51.686960769830577],
        [-0.15725467901801, 51.686943309842334],
        [-0.157233685490978, 51.686925895214429],
        [-0.157212728473041, 51.686907581930768],
        [-0.157191734978513, 51.68689016729558],
        [-0.15717204131495, 51.686876369948749],
        [-0.157150865379193, 51.686863448567337],
        [-0.157129652960889, 51.686851425834362],
        [-0.157108440553844, 51.686839403097636],
        [-0.157085745873837, 51.686828256325043],
        [-0.157078662912546, 51.686824548294688],
        [-0.156906131436535, 51.686762492315864],
        [-0.156229555274956, 51.686536959148135],
        [-0.155619826254021, 51.686375417467964],
        [-0.154903553305658, 51.686201408282329],
        [-0.154691553078599, 51.68614951970676],
        [-0.15399153981875, 51.686002737110762],
        [-0.153282929793055, 51.685854016697789],
        [-0.15266187581887, 51.685757924919415],
        [-0.152019596044146, 51.685685774977941],
        [-0.151469480058607, 51.685624064269732],
        [-0.151010868020649, 51.685588969769533],
        [-0.150486228686268, 51.685541143870267],
        [-0.149839945393522, 51.685531864725597],
        [-0.149395060189224, 51.685514964637946],
        [-0.148775069110613, 51.685605907948947],
        [-0.147923603811076, 51.685767834063256],
        [-0.147362918947512, 51.685858805856896],
        [-0.146651382132028, 51.685924014917227],
        [-0.146140289101508, 51.68600497267807],
        [-0.145617274652728, 51.68612980209496],
        [-0.14537283508645, 51.686234749062969],
        [-0.145044550517017, 51.686267332554856],
        [-0.144683136086474, 51.686331763973008],
        [-0.144087176570229, 51.686506690274328],
        [-0.143293360896098, 51.686779199488285],
        [-0.14240849929685, 51.687084434131322],
        [-0.141604690293097, 51.687353177071174],
        [-0.141002848968924, 51.687529793228578],
        [-0.140346992714039, 51.687718140319909],
        [-0.13961109580062, 51.687917805235507],
        [-0.138936313745494, 51.688073472579582],
        [-0.138425973728402, 51.688205664806908],
        [-0.137681710267498, 51.688362022223458],
        [-0.136937324235801, 51.688486000836107],
        [-0.136177399253399, 51.688600735912125],
        [-0.135404162647847, 51.688722448592124],
        [-0.134674550545533, 51.688803484546888],
        [-0.134236707484105, 51.688685026339606],
        [-0.133827911926887, 51.688704609755746],
        [-0.133754881256218, 51.688721433976909],
        [-0.13371254997957, 51.688765722751221],
        [-0.133709667030896, 51.688835816667506],
        [-0.13328103894742, 51.688880261433916],
        [-0.132793685488653, 51.688910282708981],
        [-0.132186101950461, 51.688908715646441],
        [-0.131266588507379, 51.688893190882375],
        [-0.130274748944663, 51.688912476743738],
        [-0.129456815158876, 51.688889562434682],
        [-0.128737050579292, 51.688871803327991],
        [-0.127916004466834, 51.68885422405797],
        [-0.127214778099102, 51.688807975779326],
        [-0.126647495618983, 51.688776448847257],
        [-0.126032576019041, 51.68874236070674],
        [-0.125106102393163, 51.688685312109207],
        [-0.124158646821161, 51.688645905667315],
        [-0.123064834847263, 51.688577176090732],
        [-0.122648997451178, 51.688557042017713],
        [-0.122563880241793, 51.688551185404705],
        [-0.122477242874967, 51.688547102887973],
        [-0.122390568340676, 51.68854391894164],
        [-0.122381893451041, 51.688543780270344],
        [-0.122295144558477, 51.68854239352202],
        [-0.122208321296295, 51.688542803977846],
        [-0.122121460844141, 51.688544113003573],
        [-0.122054804603313, 51.688546644224189],
        [-0.121979436274504, 51.688549935339857],
        [-0.121905439362266, 51.688555046792722],
        [-0.121831368042976, 51.68856195546654],
        [-0.121757259505054, 51.68856976272729],
        [-0.121691863033965, 51.68857681003017],
        [-0.121606039124109, 51.688588026766041],
        [-0.12152162378741, 51.688600165195055],
        [-0.121438617019674, 51.688613225320175],
        [-0.121355535795045, 51.688628082653359],
        [-0.121272380103437, 51.688644737194394],
        [-0.121216918137169, 51.688656439277722],
        [-0.120904057835922, 51.688699992913428],
        [-0.120742492665222, 51.688723485720487],
        [-0.120220310445811, 51.688825735126784],
        [-0.119446440684348, 51.688926650569371],
        [-0.118953735748258, 51.688980807945235],
        [-0.118442308459609, 51.689032864891509],
        [-0.118272759489187, 51.688934830503129],
        [-0.117995965721996, 51.688980752666247],
        [-0.118013806306812, 51.689108729043916],
        [-0.1178197431876, 51.689218023128852],
        [-0.116876150945125, 51.689434000923811],
        [-0.116202549817468, 51.689663293876357],
        [-0.115719067233058, 51.689843477737718],
        [-0.115199434437888, 51.690023079550521],
        [-0.114796036837945, 51.69015598631379],
        [-0.114159180537325, 51.69030132982796],
        [-0.113793706272613, 51.690426748971326],
        [-0.113404860496844, 51.690592256926735],
        [-0.112922305351034, 51.690819204195442],
        [-0.112636807688145, 51.690900043923762],
        [-0.112253200955355, 51.691008980827718],
        [-0.111264100372845, 51.69120439939632],
        [-0.110560122127715, 51.691327961912876],
        [-0.109646171253133, 51.691490405011038],
        [-0.109774597998383, 51.691672317715927],
        [-0.109282624499385, 51.691742632631318],
        [-0.108175576832311, 51.691816529158281],
        [-0.107519815361639, 51.691859020186705],
        [-0.106746613193035, 51.691872637787512],
        [-0.106112818032201, 51.691874110440139],
        [-0.105804689707345, 51.691872738823193],
        [-0.105567448385151, 51.691871610470564],
        [-0.104873938767375, 51.691847834114483],
        [-0.104190269442246, 51.691796336339443],
        [-0.103841111997937, 51.691772715819909],
        [-0.103365936895579, 51.69168321415885],
        [-0.102838392845289, 51.691565887819884],
        [-0.102332783086567, 51.69147768883947],
        [-0.101706773466241, 51.69136236346565],
        [-0.101015606170536, 51.691282849801027],
        [-0.100299130425628, 51.69118583734857],
        [-0.099561436932602, 51.69111185721728],
        [-0.099375904278051, 51.691016234450224],
        [-0.098745059069983, 51.690947574961058],
        [-0.098462496788037, 51.690923217844521],
        [-0.098208484149368, 51.690839073810629],
        [-0.097254581049043, 51.690607809702414],
        [-0.0968879976522, 51.690551513802149]
      ]
    ]
  }
}
