{
  "type": "Feature",
  "properties": { "name": "South London", "level": 1 },
  "geometry": {
    "type": "Polygon",
    "coordinates": [
      [
        [-0.029769226435636, 51.492924754455508],
        [-0.029629743987429, 51.492685004452092],
        [-0.029333116023753, 51.492180926856939],
        [-0.029006996001556, 51.491625993780559],
        [-0.028386957373123, 51.490805330752053],
        [-0.028169592586295, 51.49050132062392],
        [-0.027846003061332, 51.490055237888797],
        [-0.027516907798646, 51.489703484633239],
        [-0.027285086224083, 51.489434300983206],
        [-0.027103857240762, 51.489294563308313],
        [-0.026797500953491, 51.489016930432342],
        [-0.026598571650173, 51.488853513137009],
        [-0.025981682805917, 51.488395294387502],
        [-0.025122200764819, 51.487784607561089],
        [-0.024843687844213, 51.487596465832056],
        [-0.024692974410672, 51.487484216352783],
        [-0.024399022710369, 51.487320093688162],
        [-0.024143275243698, 51.487171901595957],
        [-0.023824546049492, 51.486981281165896],
        [-0.023554098036576, 51.486840034146553],
        [-0.02351741346765, 51.486822329703131],
        [-0.023444083277539, 51.486786022169674],
        [-0.024201723815783, 51.486186389464557],
        [-0.024611869073603, 51.485861469890509],
        [-0.024733849178533, 51.485705253621724],
        [-0.02475994848149, 51.4856679240227],
        [-0.024847309114568, 51.485546195902558],
        [-0.025029769047666, 51.485290280060333],
        [-0.025201256155031, 51.48502158938043],
        [-0.025207165841234, 51.48498481891761],
        [-0.025222190941003, 51.484637055194852],
        [-0.025289617267219, 51.484343230790607],
        [-0.025295945295768, 51.484196756643989],
        [-0.025578047913187, 51.483434431443442],
        [-0.025739120793476, 51.482572946758033],
        [-0.025819095326914, 51.482188507167628],
        [-0.025882950130985, 51.482043900788],
        [-0.02595209897297, 51.481943447656981],
        [-0.026065082811154, 51.481828444890276],
        [-0.026368334072762, 51.481576358948494],
        [-0.026408662495057, 51.481509592632257],
        [-0.024719825790609, 51.481196984940418],
        [-0.02316123082133, 51.480737270037963],
        [-0.023120720289547, 51.480241989084142],
        [-0.023070909902965, 51.479628747018587],
        [-0.022523464826456, 51.479699550323609],
        [-0.02036739136676, 51.47993564589153],
        [-0.020417988521377, 51.480230561240049],
        [-0.020014638624409, 51.480365835198633],
        [-0.018934683957547, 51.48072708495733],
        [-0.018727715730638, 51.480783838899583],
        [-0.018583721030287, 51.480816477137012],
        [-0.018400869074515, 51.48084845849732],
        [-0.018161346860056, 51.480858798515754],
        [-0.017875265217317, 51.4808800414717],
        [-0.017644585785612, 51.480719668696437],
        [-0.017116524857618, 51.480409484232503],
        [-0.017067363461999, 51.480380775465392],
        [-0.016859709006432, 51.480287336459355],
        [-0.016860020866011, 51.480280147575868],
        [-0.016910322031056, 51.480182977940622],
        [-0.016961786098903, 51.480125395822455],
        [-0.017027329448385, 51.480075245954829],
        [-0.017105551920375, 51.480031605365603],
        [-0.017231421168601, 51.47998517339186],
        [-0.017463668181593, 51.479943237845298],
        [-0.017644454529849, 51.479925611353742],
        [-0.01776860853402, 51.479918717675147],
        [-0.017951610592249, 51.479916415754595],
        [-0.018292411675031, 51.479895198234438],
        [-0.018376698633801, 51.479877738123847],
        [-0.018443949805265, 51.479854594426698],
        [-0.018517580570016, 51.479817170190181],
        [-0.018572580594539, 51.479777632525597],
        [-0.018632988381205, 51.47971300666994],
        [-0.018897834776277, 51.479516944802988],
        [-0.018964037119628, 51.479451517416848],
        [-0.018997722308059, 51.479405324532706],
        [-0.019029230113251, 51.479342907997832],
        [-0.019061597652508, 51.479194176093259],
        [-0.019131347096647, 51.478947156069005],
        [-0.019128359805533, 51.478783438515826],
        [-0.019139375499075, 51.478595677250283],
        [-0.019118650506743, 51.478475724234215],
        [-0.019133903947309, 51.478323106077198],
        [-0.019166620740967, 51.478166286599674],
        [-0.019201712223582, 51.477954651770773],
        [-0.019165821060747, 51.477785881959953],
        [-0.019095628116031, 51.477577864003166],
        [-0.019082368299587, 51.477518288165378],
        [-0.019067477906457, 51.477396635153347],
        [-0.019097622985446, 51.477332397026814],
        [-0.019118395520486, 51.477251813686273],
        [-0.019165146995798, 51.477203143692634],
        [-0.019261758480366, 51.477167006518918],
        [-0.019411847638875, 51.477126377025293],
        [-0.019561274811354, 51.477101023747061],
        [-0.019709962305365, 51.477092743913587],
        [-0.019895054621792, 51.477041913759692],
        [-0.020045648724424, 51.476989601479154],
        [-0.020212499831674, 51.476927671548943],
        [-0.020336723807738, 51.476885704857459],
        [-0.020453441707048, 51.476817532481967],
        [-0.020578326984877, 51.476727016132486],
        [-0.020670347732211, 51.476630549227579],
        [-0.02076046226417, 51.476544841310357],
        [-0.020775125027831, 51.476505520959321],
        [-0.020791576878515, 51.476458137379076],
        [-0.020768475743537, 51.476359727001849],
        [-0.020756614765023, 51.476234528268471],
        [-0.020753114650419, 51.476215584515884],
        [-0.020727252402116, 51.47611442970544],
        [-0.020700691055916, 51.47592963098473],
        [-0.020652427220522, 51.475846982643752],
        [-0.020707537585097, 51.4757714750601],
        [-0.020746080079098, 51.475679500907567],
        [-0.020846498840524, 51.475588571252217],
        [-0.020943805707499, 51.475536257591635],
        [-0.021075453439548, 51.475522292812258],
        [-0.021390085464993, 51.475506020403138],
        [-0.021599204844912, 51.475498758021104],
        [-0.021799729140292, 51.475490450978434],
        [-0.022026349462495, 51.475478087494793],
        [-0.02215869641821, 51.475447946441143],
        [-0.022318149810924, 51.475390385105548],
        [-0.022527968115743, 51.475366946003653],
        [-0.022763221552609, 51.475354726705675],
        [-0.022767577355211, 51.475353900892252],
        [-0.02288716694744, 51.47531904753103],
        [-0.022924538981917, 51.475254031039285],
        [-0.022918469635031, 51.475194576891596],
        [-0.022930560377397, 51.475081472786677],
        [-0.022830519399182, 51.474730869112896],
        [-0.022801655142068, 51.474532542994389],
        [-0.022803169367539, 51.474464224021965],
        [-0.022811018554402, 51.474282703877606],
        [-0.022645928227246, 51.474270927016832],
        [-0.02261158236244, 51.47409948648005],
        [-0.022617843317109, 51.474087901565063],
        [-0.022672675106424, 51.473985410273926],
        [-0.022506457856084, 51.473966420044192],
        [-0.022449409500484, 51.474086859272248],
        [-0.022341450075003, 51.474085937553291],
        [-0.022188455154481, 51.474060875015297],
        [-0.022101534986219, 51.474039624776886],
        [-0.022031998776704, 51.474015969940034],
        [-0.021884992704374, 51.473952339426397],
        [-0.021870797718842, 51.473947603581557],
        [-0.021772367884804, 51.474025977880729],
        [-0.021577643629195, 51.473933664464063],
        [-0.021644961770767, 51.473875448570276],
        [-0.021463150163334, 51.473817525104131],
        [-0.02123451543382, 51.473743523521662],
        [-0.021141101691706, 51.473705976106366],
        [-0.021052277119729, 51.473662211184354],
        [-0.020934479876287, 51.473589180495892],
        [-0.020836633435941, 51.47352098282277],
        [-0.020796538326517, 51.47348253663187],
        [-0.020767915741374, 51.473445183368845],
        [-0.020750687857286, 51.473410720269015],
        [-0.020736143608531, 51.473347525822547],
        [-0.020665599058797, 51.47321414216627],
        [-0.020647593371851, 51.473197651323645],
        [-0.020620837537106, 51.473183710563958],
        [-0.020553753328269, 51.473169988203445],
        [-0.020327494284444, 51.473174261442409],
        [-0.020225876346856, 51.47315995578203],
        [-0.020117997732548, 51.473123961821237],
        [-0.020050642154242, 51.473083256477523],
        [-0.02000452087425, 51.473017730127978],
        [-0.019989976975047, 51.472987808588357],
        [-0.019978428435957, 51.472921966816884],
        [-0.01998305802414, 51.47284830482883],
        [-0.020006081979787, 51.472782147647315],
        [-0.020041666833209, 51.472725195289676],
        [-0.020082656996362, 51.472676427636202],
        [-0.020155964135494, 51.472612918101795],
        [-0.020337228899521, 51.472417240158357],
        [-0.020327701877907, 51.472371216500989],
        [-0.020299664462217, 51.472287110928299],
        [-0.020245066524924, 51.47218457144097],
        [-0.020145163360439, 51.472097453740943],
        [-0.020109969597645, 51.472078874014656],
        [-0.020051948404349, 51.472055412425988],
        [-0.019999254765464, 51.472041932756191],
        [-0.019893322823852, 51.472027553933472],
        [-0.019398582654568, 51.47204707461524],
        [-0.019345423405077, 51.472011105019504],
        [-0.019319174653589, 51.471985482001898],
        [-0.019285226860617, 51.471938146414551],
        [-0.019152986852321, 51.471467392235091],
        [-0.019110025630991, 51.471229258911087],
        [-0.01902327093659, 51.471137866014992],
        [-0.018884244862769, 51.471189473119217],
        [-0.018827550691167, 51.47110218510835],
        [-0.018958564851976, 51.471069327380448],
        [-0.018981858834157, 51.471063426083475],
        [-0.018945196140176, 51.470879355350661],
        [-0.018792491271958, 51.470748179231336],
        [-0.018671673393802, 51.470645419184109],
        [-0.018937512550267, 51.470524912812984],
        [-0.019031693643598, 51.470611035644957],
        [-0.019090336691434, 51.4705868469118],
        [-0.019199922472548, 51.470550029781556],
        [-0.01927264351113, 51.470499999952871],
        [-0.019166802611703, 51.47025091229402],
        [-0.019020906840367, 51.470062298155909],
        [-0.019018145995189, 51.470059553693986],
        [-0.019117973014814, 51.469948831539234],
        [-0.018700574798474, 51.469712464380542],
        [-0.018473405662006, 51.469605208949609],
        [-0.018200388903942, 51.469525954754786],
        [-0.017887123652377, 51.469478393224307],
        [-0.017743867669243, 51.469461582845881],
        [-0.017508957700515, 51.469433330503044],
        [-0.017273814279591, 51.469410469366537],
        [-0.017161594284409, 51.469342025409901],
        [-0.017161672206941, 51.469340228185324],
        [-0.017140443852775, 51.469298502678271],
        [-0.01711385002009, 51.469247693707722],
        [-0.016949378656943, 51.469056064902723],
        [-0.016558947219775, 51.469227516010129],
        [-0.016467349220844, 51.469048809879943],
        [-0.016416375044421, 51.468995789715699],
        [-0.016269633639249, 51.468860214726597],
        [-0.015904452897632, 51.468549182139448],
        [-0.015806663640754, 51.468480081797104],
        [-0.015559758757714, 51.468330220836911],
        [-0.015456176489433, 51.468261921409599],
        [-0.01530119362835, 51.468150485987287],
        [-0.015090178495741, 51.468036303166599],
        [-0.015026678748407, 51.46803972442239],
        [-0.014652538828176, 51.468233926817753],
        [-0.014493837809849, 51.468307677321164],
        [-0.014108032290613, 51.468472004466548],
        [-0.013476095913658, 51.468767050876636],
        [-0.013128934513713, 51.468936525979331],
        [-0.013473973407823, 51.469379418948485],
        [-0.013716812571918, 51.469656012703418],
        [-0.013840918307405, 51.469782214720865],
        [-0.014046704017293, 51.470050086578752],
        [-0.014097013175946, 51.470118384126067],
        [-0.014422882832861, 51.470671559786062],
        [-0.014860694529665, 51.471399289985989],
        [-0.015184466870541, 51.471768976485748],
        [-0.014754580114172, 51.471886696741095],
        [-0.014534390039089, 51.471917140387561],
        [-0.014528595559608, 51.471917941530521],
        [-0.014540931658561, 51.472131277709273],
        [-0.014542912021501, 51.472151994482836],
        [-0.014257570470123, 51.472522158055213],
        [-0.014069480428056, 51.472675445398487],
        [-0.013671364508817, 51.472492444029996],
        [-0.013363187116062, 51.472393698257626],
        [-0.013143897523911, 51.472370198289752],
        [-0.012873974097318, 51.47235213463393],
        [-0.012518805642305, 51.472340718762673],
        [-0.01167868335178, 51.472388523808384],
        [-0.010322322714797, 51.472552561837567],
        [-0.010078009635792, 51.472607767365268],
        [-0.009071726084462, 51.472734567168594],
        [-0.008895829769826, 51.472739673537951],
        [-0.008614385959262, 51.472754677481056],
        [-0.008143439474014, 51.472756569413214],
        [-0.007362780845554, 51.472629096504747],
        [-0.006954579582478, 51.472578992994734],
        [-0.006689248603608, 51.472554698247734],
        [-0.005630396775754, 51.47240090113511],
        [-0.003598026925479, 51.472118112247308],
        [-0.00234962057529, 51.471952963982801],
        [-0.0014965004449, 51.471836806926113],
        [-0.001324348829831, 51.471822181743285],
        [-0.001192170921273, 51.47181543199526],
        [-0.000983537567782, 51.47181187488659],
        [-0.000359061555578, 51.47183449871735],
        [-0.000005678548649, 51.471848254964122],
        [0.000365717726363, 51.471878788993273],
        [0.000878019966104, 51.47193749246847],
        [0.001636305359079, 51.472023468908681],
        [0.002842843087447, 51.47215214308649],
        [0.003759073651994, 51.472260587190249],
        [0.004544825883549, 51.472348773254026],
        [0.005411630332086, 51.472446358980804],
        [0.007489712658126, 51.472681476420398],
        [0.009218835046553, 51.472872178573155],
        [0.010148376515557, 51.472955165094994],
        [0.012088940318499, 51.473172774920805],
        [0.013563667489469, 51.473340800557082],
        [0.014356847787476, 51.473433289835704],
        [0.015251109898982, 51.473532129801129],
        [0.017040200117963, 51.473742369433495],
        [0.018041189903217, 51.473844747624803],
        [0.018123643340124, 51.473853220382054],
        [0.01778059652052, 51.473715240863648],
        [0.016552734869785, 51.47343151225764],
        [0.016194846228605, 51.473348639176123],
        [0.016029149469877, 51.473313718991029],
        [0.014984943542434, 51.473079873076017],
        [0.014953197249439, 51.47281693120501],
        [0.014995242540904, 51.472529339958108],
        [0.015079040304646, 51.472274304232485],
        [0.015212840282213, 51.471912294538072],
        [0.015357581282977, 51.47156988062995],
        [0.015515850622684, 51.471273096964772],
        [0.015893115675081, 51.470620031877075],
        [0.016143840720112, 51.470166982157728],
        [0.016196149986136, 51.470079752168303],
        [0.016199277799662, 51.4700527201217],
        [0.016205612652235, 51.470000453215775],
        [0.016291278308869, 51.4699513183646],
        [0.016347442667164, 51.469918877791272],
        [0.016463928975001, 51.469850327951519],
        [0.016605608997106, 51.469634762765089],
        [0.016694306568167, 51.469491151546407],
        [0.016623185483285, 51.469445612611104],
        [0.016612041464222, 51.46932350285158],
        [0.016533023415807, 51.469131517812791],
        [0.016330578461591, 51.468981223681105],
        [0.016111917723083, 51.469116278351812],
        [0.016041842005423, 51.469159749348265],
        [0.01603037160123, 51.469160845870228],
        [0.015960189634693, 51.469169246906915],
        [0.015849868188759, 51.469214309099804],
        [0.015831468437427, 51.46925419358594],
        [0.015528247949551, 51.469365521358043],
        [0.015263001401911, 51.469456411533692],
        [0.014987312679457, 51.469571761000992],
        [0.01454523983271, 51.469701659536852],
        [0.014358502440563, 51.469744436260079],
        [0.014025168078759, 51.469793328246638],
        [0.013756063481827, 51.469829425475922],
        [0.013587608067977, 51.469829621017375],
        [0.013496925650429, 51.469830279190397],
        [0.013486113127745, 51.469879025733093],
        [0.013481149299153, 51.469897096481141],
        [0.012992508643602, 51.469852430268084],
        [0.012601745173434, 51.469806981107673],
        [0.012889883165865, 51.468796645019509],
        [0.013013461804126, 51.468431216085548],
        [0.013051694387419, 51.468285776325267],
        [0.0130689540005, 51.468121811898591],
        [0.013053147754289, 51.467991688416639],
        [0.012976782095833, 51.467892280842051],
        [0.012779950912794, 51.467738287164423],
        [0.012692882605938, 51.467624674754035],
        [0.012666848542237, 51.467491129706474],
        [0.01269120863152, 51.46735761877914],
        [0.01276486462037, 51.467264628175826],
        [0.013012686214648, 51.467072424675905],
        [0.013141500584114, 51.466956904101693],
        [0.013245421612519, 51.466831918838473],
        [0.013153598083032, 51.466806517396151],
        [0.012974346462184, 51.466757437376785],
        [0.012837528722043, 51.466723815492827],
        [0.012746377894715, 51.46671368986307],
        [0.012483130247953, 51.466653461290441],
        [0.012089579409252, 51.466478562796226],
        [0.011808547998544, 51.466341300273115],
        [0.011596621383198, 51.466269397721398],
        [0.011459489928519, 51.466228585422918],
        [0.011302770658574, 51.466200698869969],
        [0.010913534553466, 51.466123743427701],
        [0.010753978141328, 51.466096804084593],
        [0.010484886263265, 51.466067246643789],
        [0.009943273337748, 51.465995598855841],
        [0.009097136377418, 51.46587431193371],
        [0.00911634784789, 51.46582002620373],
        [0.009174232181828, 51.465564539387195],
        [0.009138880800158, 51.465316945344007],
        [0.009067862169041, 51.465109530626322],
        [0.008987519777202, 51.464853714789143],
        [0.008988103884464, 51.464735899749435],
        [0.00901775832288, 51.464657154640228],
        [0.009048969685281, 51.464581080665951],
        [0.009120931589895, 51.46444945253549],
        [0.009269143746353, 51.464087202360389],
        [0.009279880631693, 51.464036658929935],
        [0.009310196423466, 51.463841895896564],
        [0.00938043707954, 51.463638355062237],
        [0.00953276305515, 51.463271537592007],
        [0.009617856521499, 51.463012886189752],
        [0.009719641744383, 51.462773732621272],
        [0.009795667717195, 51.462505344472994],
        [0.009825072402105, 51.462289913525176],
        [0.009843972797878, 51.4620647706193],
        [0.009823294845743, 51.461725198973504],
        [0.009804726940078, 51.461400878819177],
        [0.009764902565552, 51.46114976439091],
        [0.009747147163166, 51.460876688987007],
        [0.009823816344041, 51.46029534174199],
        [0.009867132878544, 51.459839565552308],
        [0.009903525690212, 51.459553871158356],
        [0.009947431283246, 51.459340889275552],
        [0.010113892161691, 51.459034079831902],
        [0.010311065573299, 51.458672786885586],
        [0.010442988611934, 51.458464590282063],
        [0.010645239358899, 51.458087921940113],
        [0.010796191043733, 51.457854218791965],
        [0.010998854309446, 51.457519808678811],
        [0.011233712055148, 51.457197435698561],
        [0.011256821439857, 51.457166463817245],
        [0.011375442171776, 51.457016047978698],
        [0.011414942739591, 51.456965010741662],
        [0.011481630389298, 51.456877535934929],
        [0.011485361820227, 51.456765961630488],
        [0.011483876728695, 51.456699440656728],
        [0.011484682995071, 51.456685038398902],
        [0.011516161713154, 51.456615253963925],
        [0.011518998929936, 51.456614306002798],
        [0.011700422516993, 51.456550041955957],
        [0.011915259765098, 51.456460024417034],
        [0.012288543804485, 51.456307035167548],
        [0.012606718008205, 51.456177472801414],
        [0.012979112535614, 51.456037086461841],
        [0.013160334051577, 51.455968327207515],
        [0.013528632696956, 51.455865779061675],
        [0.014030629863588, 51.455726760241909],
        [0.014197292768656, 51.45568702635304],
        [0.014395282117517, 51.455639559699598],
        [0.014813309274742, 51.455555037746258],
        [0.015316235452482, 51.455469954022576],
        [0.016024377175005, 51.455338173712974],
        [0.017479692410639, 51.455046050820123],
        [0.017513934426646, 51.455039166553263],
        [0.017472873748324, 51.454793471216817],
        [0.017452313690395, 51.45475155902249],
        [0.017428639357759, 51.45470430475666],
        [0.017438188661744, 51.454594428563027],
        [0.01743871569361, 51.454573736111101],
        [0.017462620180363, 51.45443033959009],
        [0.017478425619373, 51.454364420314569],
        [0.017495154229499, 51.454286794539954],
        [0.017502302203416, 51.454187750991416],
        [0.017507603736379, 51.454112120435489],
        [0.017604035518758, 51.453818195518217],
        [0.017703636013396, 51.453596158169859],
        [0.017858966316875, 51.453267046641976],
        [0.017928128222074, 51.453138158639149],
        [0.018010143075261, 51.45303962476784],
        [0.018041597861635, 51.453002212874082],
        [0.018330500320784, 51.451589869026499],
        [0.018331621451958, 51.45158265549879],
        [0.019289100484799, 51.451688467344908],
        [0.019535944776859, 51.451704898253979],
        [0.019639689725927, 51.45134879525223],
        [0.019710689050263, 51.45119649321925],
        [0.019744869339474, 51.451123062752067],
        [0.019871672181537, 51.450735087456991],
        [0.019838435633916, 51.450732063053444],
        [0.01512275490592, 51.450226895741174],
        [0.015009173003, 51.450621832636756],
        [0.014875990913852, 51.450604337846279],
        [0.015063793732772, 51.450031866772257],
        [0.017293980426001, 51.449527681440429],
        [0.017985480297834, 51.449412361953037],
        [0.019165582297398, 51.44928052939197],
        [0.020467203216401, 51.449130403351894],
        [0.021567351155109, 51.449013413803449],
        [0.021927612001863, 51.448958639070973],
        [0.022131448476941, 51.448718612534485],
        [0.022140610774095, 51.448665397023426],
        [0.022179315660721, 51.448531636043285],
        [0.022196797537033, 51.448438708729761],
        [0.022293837177391, 51.448257178815801],
        [0.022401728230585, 51.448125821209246],
        [0.022459515538945, 51.448033097711473],
        [0.022678721066805, 51.44765251743781],
        [0.022820146927407, 51.447433350669087],
        [0.022942439832945, 51.44720462184474],
        [0.022751115661587, 51.447141376940138],
        [0.021531914471657, 51.446777518390718],
        [0.021210059080662, 51.446691342271457],
        [0.02123399563687, 51.445701722548222],
        [0.02126225315069, 51.44523361011084],
        [0.021263122395437, 51.44499258829174],
        [0.021421116717106, 51.444659828214334],
        [0.021496512214696, 51.444444499475573],
        [0.021483411739531, 51.444441128291174],
        [0.020596858101245, 51.444210911298988],
        [0.021098223472188, 51.443409102999098],
        [0.021482904566053, 51.44273520392322],
        [0.021554006726706, 51.442715992058218],
        [0.022074409184487, 51.442573922158886],
        [0.022776160242141, 51.442367569430289],
        [0.023259137820268, 51.442192866708751],
        [0.02363852803352, 51.442083799308385],
        [0.024173812068488, 51.441953153693085],
        [0.024417585043771, 51.441901281777575],
        [0.024673019519574, 51.441852805034429],
        [0.02500438306702, 51.441796721002426],
        [0.025416227420551, 51.441738346061143],
        [0.026217901165987, 51.441644454393519],
        [0.026662250981116, 51.441605297294863],
        [0.026852454130017, 51.441578627099638],
        [0.027281145259886, 51.441543335541674],
        [0.027767509812619, 51.441510641786046],
        [0.028216001994106, 51.44153255819019],
        [0.028563321397263, 51.441576907371264],
        [0.028648793117627, 51.441589816573561],
        [0.028880565542779, 51.441624473964914],
        [0.028895103602873, 51.441627819437521],
        [0.029359008045488, 51.441705220093475],
        [0.029576442611515, 51.441741023636069],
        [0.029574301997778, 51.44195239166276],
        [0.029573979641123, 51.441977577103252],
        [0.029572925625438, 51.442116084575169],
        [0.029978330427452, 51.443275431044661],
        [0.030324892039113, 51.444308097490079],
        [0.030500721568053, 51.444314044509198],
        [0.030585760429957, 51.444317067741622],
        [0.030759240618205, 51.444237623425067],
        [0.031001098845619, 51.444207353762081],
        [0.031285895957642, 51.444171843078045],
        [0.031334028685865, 51.444153922603846],
        [0.031658495910722, 51.44400711199026],
        [0.032094636431407, 51.443944695405754],
        [0.032285246490124, 51.443894628085353],
        [0.032526544707795, 51.44381940092395],
        [0.032703771970351, 51.443792046999185],
        [0.032971232377063, 51.443690286059756],
        [0.033068773724393, 51.443650824434933],
        [0.033087626530065, 51.443654094552137],
        [0.033180532488993, 51.44367226721193],
        [0.033377212169677, 51.443596912947669],
        [0.033470518156903, 51.443591697133861],
        [0.033584834979994, 51.443541152671074],
        [0.033597297304507, 51.44353014508291],
        [0.033638918187668, 51.443495250289914],
        [0.033835196488503, 51.443443283515002],
        [0.033939608315144, 51.443299385342144],
        [0.033971523126265, 51.443240378264257],
        [0.033989697033037, 51.443228372238977],
        [0.034031756570195, 51.443203361780718],
        [0.034129775517107, 51.443142308223422],
        [0.034296614514402, 51.443075563775288],
        [0.034309316150813, 51.443069947641966],
        [0.034570817360062, 51.442963790010765],
        [0.034606126177051, 51.442916414492046],
        [0.03461543268176, 51.442899166603667],
        [0.034837389707374, 51.442777507722468],
        [0.035131959769305, 51.442670774722586],
        [0.035240560788422, 51.442621227134943],
        [0.035257495978619, 51.442613738823475],
        [0.035479170201562, 51.442485788642706],
        [0.035488995734821, 51.442480222325052],
        [0.035543595239929, 51.442446000728587],
        [0.035731360076169, 51.442429250547882],
        [0.035896477302492, 51.442388612846912],
        [0.035935300417044, 51.442387938503281],
        [0.035979875102298, 51.44238716424104],
        [0.036047335216217, 51.442350920451446],
        [0.036173588856324, 51.442310058158576],
        [0.036567524193341, 51.442140444156941],
        [0.036701723001875, 51.442051781315918],
        [0.03677637291067, 51.442047786300741],
        [0.036820945748138, 51.442014637612246],
        [0.036953149197259, 51.441978167482162],
        [0.036992408557186, 51.441922629027523],
        [0.03759638878754, 51.441784432958094],
        [0.037895577279222, 51.441652432735019],
        [0.038298205149248, 51.441452086103389],
        [0.038490115647888, 51.441399288098026],
        [0.038815386289684, 51.441336076574089],
        [0.039049630848576, 51.441264555615426],
        [0.039323730985236, 51.441150973774718],
        [0.039616922128324, 51.441046051892933],
        [0.039748519904958, 51.440996099879349],
        [0.039814260419542, 51.440985962986296],
        [0.039999451023478, 51.440879322501665],
        [0.040098614502188, 51.440811948951108],
        [0.040076999316057, 51.440746677578559],
        [0.04011705474952, 51.440709109822599],
        [0.040946420148114, 51.440204562307493],
        [0.041401294611803, 51.439950237360058],
        [0.041953568832378, 51.439653746073731],
        [0.042184708042478, 51.439480653912305],
        [0.042313396271622, 51.439268878785356],
        [0.042467241817082, 51.439040478024594],
        [0.042498105870814, 51.438990479634732],
        [0.042712313692705, 51.438631529905521],
        [0.042912512972736, 51.438345665821487],
        [0.042943536479469, 51.43829926165499],
        [0.043225340032923, 51.437875283588582],
        [0.043311620829712, 51.43774518198979],
        [0.043586651898489, 51.437653156474937],
        [0.044319001485752, 51.437169160717382],
        [0.044884582973883, 51.436785192569481],
        [0.045182907573596, 51.43660282849855],
        [0.045148158375038, 51.436404693235126],
        [0.045147078454509, 51.436219459705946],
        [0.045802212933035, 51.435650470434439],
        [0.046198231941467, 51.435239778901227],
        [0.046414868051973, 51.435032758455108],
        [0.046623639470054, 51.434842961315368],
        [0.047104174791523, 51.434392121499648],
        [0.047784917082388, 51.4337534285117],
        [0.048368624578931, 51.433325960546419],
        [0.049252122424503, 51.432717887713686],
        [0.049535906895258, 51.43253306854416],
        [0.050148223740291, 51.432134767511961],
        [0.051049086481584, 51.431529974097252],
        [0.051334903290433, 51.431262380673324],
        [0.05215612645333, 51.430486309636223],
        [0.052454009811022, 51.430167242819429],
        [0.0529270252057, 51.429647264851319],
        [0.053458873600056, 51.428995857665775],
        [0.05389180561783, 51.428448700020581],
        [0.05441817350055, 51.427932277081801],
        [0.054711296851324, 51.427668144066431],
        [0.054827026616457, 51.42752222928722],
        [0.055985201735773, 51.426500112407297],
        [0.056391304567264, 51.426157553602728],
        [0.056414973236941, 51.426140051854077],
        [0.057780796746691, 51.425162834201487],
        [0.058199762060838, 51.424882993102422],
        [0.058596597155412, 51.424590949186026],
        [0.058731067992452, 51.424670422096042],
        [0.058831760924985, 51.424670451753073],
        [0.059005797380319, 51.424670092035228],
        [0.059152501355224, 51.42470168734387],
        [0.059254123496345, 51.424722383905298],
        [0.059836364496247, 51.424874922533384],
        [0.060644449195286, 51.425059458902311],
        [0.060899947673162, 51.425079246864549],
        [0.061337517090651, 51.424062551202447],
        [0.061708273271994, 51.423734983757377],
        [0.062940584215119, 51.424108984154458],
        [0.063202312196576, 51.424203298253047],
        [0.063264054880186, 51.424232787007604],
        [0.063342174621414, 51.424274577411083],
        [0.063388309572646, 51.424308837332823],
        [0.063480154385708, 51.424399846789115],
        [0.063529143717166, 51.42446553145156],
        [0.064004022535482, 51.424789005828181],
        [0.064437224787668, 51.4250493630772],
        [0.06419699190847, 51.425368345232634],
        [0.064194198232784, 51.425370193013684],
        [0.064778973390206, 51.425514568990373],
        [0.064714558375598, 51.425617323331458],
        [0.066579522338758, 51.426015210279431],
        [0.066404183618902, 51.426337549067632],
        [0.06693508299368, 51.426722074769756],
        [0.068541613928209, 51.427607405833129],
        [0.069928824569237, 51.428476804676443],
        [0.070125160485772, 51.428587546324117],
        [0.0702890208157, 51.428679976299115],
        [0.071230810206262, 51.429210102534263],
        [0.071636595228796, 51.429434946550927],
        [0.071942833526682, 51.429653455533547],
        [0.072237708918082, 51.429938711926312],
        [0.073471425543429, 51.431259527836886],
        [0.073035153924202, 51.431378757179992],
        [0.073327823296025, 51.431773762967083],
        [0.074022226849561, 51.431572626048464],
        [0.074304792686792, 51.431490286506694],
        [0.074835988369017, 51.430830698575669],
        [0.075182198145527, 51.431613244292642],
        [0.075343176131047, 51.431990792543658],
        [0.075576772604935, 51.431938993568302],
        [0.077009895045083, 51.431594357180153],
        [0.079439323972946, 51.431044977950954],
        [0.080371699802252, 51.430826091207159],
        [0.080385847274251, 51.430757494146526],
        [0.080516241766536, 51.430777661642892],
        [0.080711740169323, 51.430774190951972],
        [0.080995399444406, 51.430684621426735],
        [0.081405972460869, 51.430570315091082],
        [0.082167106067726, 51.430350857873762],
        [0.082606470559328, 51.430205459939295],
        [0.082906193902109, 51.430058045777045],
        [0.0831441454527, 51.429912628116931],
        [0.083464500011885, 51.429681211895051],
        [0.083663684180503, 51.429505906500296],
        [0.083996790973279, 51.429143865111953],
        [0.084420474220683, 51.428654311274187],
        [0.085146028467792, 51.427780784385959],
        [0.085607263443536, 51.427295054306803],
        [0.08597504544876, 51.426905411182545],
        [0.086464687098467, 51.426380502456972],
        [0.086934636721917, 51.425928784734225],
        [0.087250190401878, 51.42562460071067],
        [0.087398455293356, 51.425500555783671],
        [0.087592307742774, 51.425335230542089],
        [0.087881724714824, 51.42512054005261],
        [0.08862507643929, 51.424513762538901],
        [0.088730010755858, 51.424385991652109],
        [0.088936502353238, 51.424214143790763],
        [0.089120979683952, 51.424064270967136],
        [0.089396705682742, 51.423865108598918],
        [0.089810907541405, 51.423548367046244],
        [0.090064125751089, 51.423328920735884],
        [0.090307071691455, 51.423168110984598],
        [0.090528621430285, 51.423011279563298],
        [0.090651243113865, 51.422924558726997],
        [0.090929457620038, 51.422780204981642],
        [0.090932250043483, 51.422778356576501],
        [0.091049490605211, 51.422699824941596],
        [0.091222496762728, 51.422582527849457],
        [0.091455290810684, 51.422451573409781],
        [0.091805404754468, 51.422212408059735],
        [0.092089320819602, 51.422004100044944],
        [0.092385840724922, 51.421788371949106],
        [0.092873545996663, 51.421475702537236],
        [0.092973082114181, 51.421387592896984],
        [0.093311271969871, 51.421171118152991],
        [0.093593368270392, 51.421017695662393],
        [0.093885112118861, 51.420855107180415],
        [0.094081796913334, 51.420752670608643],
        [0.0942430448088, 51.420661658494055],
        [0.09425170825817, 51.420630927753756],
        [0.094264313460504, 51.420592032944249],
        [0.094798064028049, 51.420280330988092],
        [0.094858176632638, 51.420242385454365],
        [0.09566016380555, 51.419789191747626],
        [0.096644397517175, 51.419264385669592],
        [0.096721505842744, 51.419220739319648],
        [0.097402584111848, 51.418860525180115],
        [0.098046122770594, 51.418497381924951],
        [0.098433865416018, 51.418264716836354],
        [0.098672406304326, 51.41813454407238],
        [0.099510986369635, 51.417696855280433],
        [0.100441887293002, 51.417234123980009],
        [0.101089046296776, 51.416950935795747],
        [0.102275357721195, 51.416381989742348],
        [0.102452869691388, 51.416269990531241],
        [0.10244974826983, 51.416264650774998],
        [0.10243861713886, 51.416241468859852],
        [0.102391478265655, 51.416217134383182],
        [0.102450630886936, 51.416158518330782],
        [0.102524907992231, 51.416178768691267],
        [0.102604597092372, 51.416160252285138],
        [0.102621635029238, 51.416155450105805],
        [0.10270875021643, 51.416110720873938],
        [0.102849963807785, 51.415991278731049],
        [0.102987401818367, 51.415883594982972],
        [0.103116017551594, 51.415803048208133],
        [0.103231493639324, 51.415718240657149],
        [0.103351452007199, 51.415668424980012],
        [0.103513859828232, 51.41560345848638],
        [0.103728651908347, 51.415520464760533],
        [0.103817696886243, 51.415486491562348],
        [0.104132698132377, 51.415362129023485],
        [0.104475653089652, 51.415220177023556],
        [0.104716307160022, 51.415136716996869],
        [0.105688766852661, 51.414798198526142],
        [0.106404313035647, 51.414565011279272],
        [0.107011355420586, 51.414380533944431],
        [0.107010281123094, 51.414357171614093],
        [0.10700569471534, 51.414257432433224],
        [0.107210507439587, 51.414207885543014],
        [0.107502880985814, 51.414123489646165],
        [0.107623615739098, 51.414090742150286],
        [0.108342479561267, 51.413898850767644],
        [0.108870701848862, 51.41378322888302],
        [0.109536938013911, 51.413635443353549],
        [0.10959290629383, 51.413664112487332],
        [0.110348930819912, 51.413529993817484],
        [0.11130672776048, 51.413374249032557],
        [0.111764221207184, 51.413315644632952],
        [0.11207478855505, 51.413283068438844],
        [0.112333738109804, 51.413222644479958],
        [0.112493954667369, 51.413172992883609],
        [0.112522211161143, 51.413099640580505],
        [0.112559006129057, 51.413024335743742],
        [0.113098950999449, 51.412913879064156],
        [0.113478152998488, 51.413059920433206],
        [0.113560484581324, 51.413098903726187],
        [0.114346802184782, 51.41309191261854],
        [0.115030160162446, 51.413097566195951],
        [0.116023146679842, 51.413174964313285],
        [0.116380909752516, 51.413199079309827],
        [0.116915437916005, 51.413189423921608],
        [0.117292130352846, 51.413218589938204],
        [0.117985548401006, 51.413224044507821],
        [0.118173176544649, 51.413238638929208],
        [0.118583981869511, 51.413259090492474],
        [0.118855116957259, 51.413275771178448],
        [0.119070462272952, 51.413298855931885],
        [0.119489824524374, 51.413348826342222],
        [0.119883739021299, 51.413408248593271],
        [0.120161745548276, 51.413449082941071],
        [0.120729440293505, 51.413565610792233],
        [0.121785996429937, 51.413773106882388],
        [0.122015650877221, 51.413825603915662],
        [0.122449179974083, 51.413932862180474],
        [0.123072883530229, 51.414109516391541],
        [0.124059823515834, 51.414427967542153],
        [0.124575019341161, 51.414590393304671],
        [0.124809595344415, 51.414624809739919],
        [0.125080325241602, 51.414694541910819],
        [0.125339018561892, 51.4147528009197],
        [0.125402474381567, 51.414787621836062],
        [0.125507621489869, 51.414791110415642],
        [0.125679368331116, 51.41480418233801],
        [0.125899637904652, 51.414809179338931],
        [0.126164035875149, 51.414804382283791],
        [0.12625014674737, 51.414769545846369],
        [0.126318513793794, 51.414724239762627],
        [0.126626243286719, 51.414630524301018],
        [0.126709089115286, 51.414680280658231],
        [0.126845249971364, 51.414763242559104],
        [0.126910394130203, 51.414803427801814],
        [0.127018813623654, 51.414846424680704],
        [0.127134501482975, 51.414891088113158],
        [0.127255812208745, 51.414932951466604],
        [0.127370582691539, 51.414957846795495],
        [0.127520818093463, 51.414972205853182],
        [0.127744856976969, 51.414965440096616],
        [0.128005570660864, 51.414974195238116],
        [0.128229734663041, 51.414970124171596],
        [0.129030566976009, 51.414903417443476],
        [0.129778121504441, 51.414804399586032],
        [0.130297575463012, 51.414717617644868],
        [0.13153368711988, 51.414517078038614],
        [0.131864881176082, 51.414464289571967],
        [0.132140034274886, 51.414412519872641],
        [0.132436322441783, 51.414351371932291],
        [0.132814738409746, 51.414262648803444],
        [0.133204746516646, 51.414144935889425],
        [0.133703261024723, 51.413979381744277],
        [0.133933111562176, 51.413912245341692],
        [0.134136036818806, 51.41385369254678],
        [0.134319849351446, 51.413817070667193],
        [0.134317296281584, 51.413762260008731],
        [0.135290349579741, 51.413318265335491],
        [0.135971508527602, 51.413029766358122],
        [0.136350781944698, 51.412867273592781],
        [0.136874668342797, 51.412598723174966],
        [0.137048457404476, 51.412563179045918],
        [0.137527464950015, 51.412380877468998],
        [0.137712591489166, 51.412310952189472],
        [0.137998236300318, 51.412176241719486],
        [0.138176481862325, 51.412082160185868],
        [0.138356152312062, 51.412018628520251],
        [0.138607099502578, 51.41188005323464],
        [0.13885302168913, 51.411726281045439],
        [0.139139708090709, 51.411614031186133],
        [0.139268446425489, 51.411568514563704],
        [0.139695174379575, 51.411468095301679],
        [0.139966041831097, 51.411386708410355],
        [0.140356855858308, 51.411256366438288],
        [0.140589598323502, 51.411190063261287],
        [0.141482457639259, 51.410878778835965],
        [0.141975326784207, 51.41071688932977],
        [0.14214366010219, 51.41065715620941],
        [0.142597604973736, 51.410493277740713],
        [0.14369980228765, 51.410108002798978],
        [0.144180656406242, 51.409935532104093],
        [0.144412209182523, 51.40984406261731],
        [0.144686107200567, 51.409735630217298],
        [0.14520976208961, 51.409556076728585],
        [0.145544925829141, 51.409466305220384],
        [0.145544673426138, 51.409460914043507],
        [0.145538175662097, 51.409414269435452],
        [0.145680841797134, 51.409390073829961],
        [0.145886682983099, 51.409363821795651],
        [0.146593006491654, 51.409185413058559],
        [0.147348047374875, 51.409003409321414],
        [0.147964481536068, 51.408809552828487],
        [0.148601113337843, 51.408586545078407],
        [0.148803153111978, 51.408509996768537],
        [0.148876683233199, 51.408483467884132],
        [0.148742887618595, 51.408267391564479],
        [0.148666043017944, 51.408131207788692],
        [0.149230872773797, 51.407879836254374],
        [0.149666470210737, 51.407693783985643],
        [0.150107902109132, 51.407448269164846],
        [0.150333865448703, 51.407238182650595],
        [0.150363996989812, 51.407206154147708],
        [0.150417413808369, 51.407149417170992],
        [0.150473746017855, 51.407093525962416],
        [0.15053151477015, 51.407037608359374],
        [0.150545333460466, 51.4070256638242],
        [0.150589494194156, 51.406986183363401],
        [0.150633697015409, 51.406947601413513],
        [0.150679336437531, 51.406908993077309],
        [0.150725017947958, 51.406871283250815],
        [0.150773657059771, 51.40683531771807],
        [0.150822296095484, 51.406799352165848],
        [0.150873850562817, 51.406764232375721],
        [0.150894768095182, 51.406750358884317],
        [0.150938039790744, 51.40672258551735],
        [0.15098279027129, 51.406695684287705],
        [0.151027540699251, 51.406668783041461],
        [0.151073769912014, 51.406642753930328],
        [0.151121477909628, 51.406617596952529],
        [0.151169185854661, 51.406592439955816],
        [0.151218414758803, 51.406569053616629],
        [0.15126912245033, 51.406546539406513],
        [0.151319830091659, 51.406524025174917],
        [0.151322661240052, 51.40652307389248],
        [0.151376326505537, 51.406502303934019],
        [0.151431470560722, 51.406482406098647],
        [0.151486656746625, 51.406463406764253],
        [0.151543321725893, 51.406445279550098],
        [0.151599986659695, 51.406427152308993],
        [0.151656778095133, 51.406411720619971],
        [0.151716442807274, 51.40639623613837],
        [0.151774713005697, 51.406381676536562],
        [0.151834504194701, 51.406368887574459],
        [0.151895774192869, 51.406356970723465],
        [0.151955649690415, 51.406345978752618],
        [0.151972762996963, 51.406342966544855],
        [0.152029765145679, 51.406332027308267],
        [0.152058287304613, 51.40632700694276],
        [0.152086809457102, 51.406321986570333],
        [0.152115373794342, 51.406317864717167],
        [0.1521438959345, 51.406312844330969],
        [0.152172460260553, 51.406308722463983],
        [0.152202503428578, 51.406305472727425],
        [0.152231109937802, 51.406302249372274],
        [0.1522597164428, 51.406299026010196],
        [0.152288365138091, 51.40629670116715],
        [0.152318534874652, 51.406296146978981],
        [0.152347225760467, 51.406294720647502],
        [0.152376001036853, 51.406295091360967],
        [0.152406255164355, 51.406296334202018],
        [0.152414917285462, 51.40629707438061],
        [0.152443776958592, 51.406299242129144],
        [0.152472678832466, 51.406302308396448],
        [0.152501580709945, 51.40630537465654],
        [0.152530524790427, 51.406309339435325],
        [0.152559511075625, 51.406314202732709],
        [0.152587060712228, 51.406319092416247],
        [0.152683272586064, 51.406347001763237],
        [0.152796307500952, 51.406273880215174],
        [0.152785871091741, 51.406265978255071],
        [0.152775350278026, 51.406256279242633],
        [0.152764871672649, 51.406247478754906],
        [0.152755787519544, 51.406237753345032],
        [0.152748182225389, 51.406228900064768],
        [0.152739055876311, 51.40621827612776],
        [0.152734450500202, 51.406212065633241],
        [0.152729845125399, 51.406205855138467],
        [0.152725197548822, 51.406198746117774],
        [0.152720592176616, 51.406192535622637],
        [0.152715944602904, 51.406185426601553],
        [0.152712775883422, 51.406179189711111],
        [0.152709564962132, 51.406172054294828],
        [0.152707790691544, 51.406164892483638],
        [0.152706016421543, 51.406157730672369],
        [0.152705678801287, 51.406150542466285],
        [0.152705172371167, 51.406139760157174],
        [0.152706102589842, 51.406128951453233],
        [0.152708469456321, 51.406118116354499],
        [0.152712272969552, 51.406107254860835],
        [0.152714639833612, 51.406096419761923],
        [0.152717217709876, 51.406090077291772],
        [0.152718569951766, 51.406088253845368],
        [0.152722373460339, 51.406077392351385],
        [0.152727655816525, 51.406067402988029],
        [0.152734332613748, 51.406056488703548],
        [0.153187953069437, 51.405611992483159],
        [0.153206629283178, 51.405611649275109],
        [0.153233883075165, 51.405610249132415],
        [0.153261094652674, 51.405607950457934],
        [0.153288264014203, 51.405604753251623],
        [0.153313996740339, 51.405601582441136],
        [0.153322574314889, 51.405600525503026],
        [0.153335419568912, 51.405598490832013],
        [0.153348307036059, 51.405597354685057],
        [0.153361152287969, 51.405595320011209],
        [0.153373997538727, 51.405593285336003],
        [0.153386800573269, 51.405590352133984],
        [0.153399603606117, 51.405587418930487],
        [0.153412406637308, 51.405584485725704],
        [0.153422294189772, 51.405580706800826],
        [0.153435012785673, 51.4055759765427],
        [0.153447731378896, 51.405571246283237],
        [0.153460407753065, 51.405565617497025],
        [0.153471647494144, 51.40556001511348],
        [0.153482845015582, 51.405553514203447],
        [0.153494042533879, 51.405547013292356],
        [0.153498225770968, 51.405544238503417],
        [0.1535079866556, 51.405537763995305],
        [0.153517705319953, 51.405530390961083],
        [0.153760417584316, 51.405340673700337],
        [0.153970887955001, 51.405168635365612],
        [0.154273428069045, 51.404936449279909],
        [0.154627093005317, 51.404599003273248],
        [0.155122258099592, 51.404029631628944],
        [0.155223072469866, 51.403972020555763],
        [0.155115033949265, 51.4038759839096],
        [0.154940957061623, 51.403659756021348],
        [0.155101641764424, 51.403621727839486],
        [0.155103078332085, 51.403621701416263],
        [0.15527555103485, 51.403589751285146],
        [0.155487698069543, 51.403575956369757],
        [0.155805556165107, 51.40318071070233],
        [0.155938646803144, 51.403014588884474],
        [0.156189741830459, 51.402697910527507],
        [0.156408767399478, 51.402494234588744],
        [0.156477380686419, 51.402394048533246],
        [0.156509827630701, 51.402319708560377],
        [0.156599858441482, 51.402094125223243],
        [0.156728208342213, 51.401827367852334],
        [0.156908315018731, 51.401621709395684],
        [0.15707177301586, 51.401398371109657],
        [0.157196020279078, 51.401136185210696],
        [0.157275020007745, 51.400951272985075],
        [0.157334711871279, 51.400783802957015],
        [0.157346447610901, 51.400544372414323],
        [0.157396207837101, 51.400318630547133],
        [0.157499157410272, 51.400062232230113],
        [0.157637880359776, 51.399588443091524],
        [0.157760340596316, 51.39922736608181],
        [0.157680904278434, 51.399005801936426],
        [0.157678438838973, 51.39867850114107],
        [0.157691861298903, 51.398413858932543],
        [0.157702326285426, 51.39814747257131],
        [0.15789567886614, 51.397918186541055],
        [0.157958956574777, 51.397765938183703],
        [0.158004615114745, 51.397575344287851],
        [0.158059189207966, 51.397421457568925],
        [0.158195251685121, 51.397196823442158],
        [0.158437001632717, 51.39680477035909],
        [0.158624001432883, 51.396471280886054],
        [0.158771375713297, 51.396181687773058],
        [0.158878747005893, 51.395958480720914],
        [0.158954228736474, 51.395821295017171],
        [0.159067646583381, 51.395696000410886],
        [0.159252364445469, 51.395466871066382],
        [0.159335670324455, 51.395465335710639],
        [0.15948988761357, 51.395260150002194],
        [0.159433742388221, 51.39522791063235],
        [0.159634041571579, 51.394963420618218],
        [0.159890898180418, 51.394648425884547],
        [0.160256944230921, 51.394271163937923],
        [0.160459983289287, 51.394034500309978],
        [0.160699604092722, 51.393811550511899],
        [0.160814028533002, 51.393707818839523],
        [0.160964270483736, 51.393571051466452],
        [0.161262345096622, 51.393307452904331],
        [0.161595351756156, 51.39305310139072],
        [0.161889792640602, 51.392834533412696],
        [0.162159438015887, 51.392638904882098],
        [0.162357995268799, 51.392490452316572],
        [0.161659814654358, 51.392408010290687],
        [0.161287154839185, 51.392369920443059],
        [0.161183154885875, 51.392359248713454],
        [0.160677648176019, 51.392338895642908],
        [0.160204624381963, 51.392306250506657],
        [0.159556764669383, 51.392284920089466],
        [0.158984434374677, 51.392280180322146],
        [0.158247993985721, 51.392239791029468],
        [0.15739024126781, 51.392309547517861],
        [0.156354310273524, 51.392350202407627],
        [0.155505507559821, 51.392396398435288],
        [0.154823135328627, 51.392435930115376],
        [0.154578513113272, 51.392461113068393],
        [0.154577076894643, 51.392461139481142],
        [0.153734691419971, 51.392491017171679],
        [0.153106725398803, 51.392495365136796],
        [0.152590487082117, 51.392521938135822],
        [0.152147411164008, 51.392545366299601],
        [0.151379154800779, 51.392592750624061],
        [0.150650563237764, 51.392627710845339],
        [0.149976041596868, 51.392650882661833],
        [0.148885643901225, 51.392695168785259],
        [0.148036736342083, 51.392770090162685],
        [0.147714761902078, 51.392801173439302],
        [0.14767804767064, 51.39235489324183],
        [0.147507764929515, 51.392156570950306],
        [0.147960608894673, 51.391820024017392],
        [0.14859767711119, 51.391365885406898],
        [0.149393238108196, 51.391073407943686],
        [0.149705410847347, 51.390956166743642],
        [0.149809290868976, 51.390872424042939],
        [0.149718954549329, 51.390754474408617],
        [0.149651976433685, 51.390644189841154],
        [0.149592773265031, 51.390515776523984],
        [0.149515287836011, 51.39033463974684],
        [0.14949707272285, 51.390099356608381],
        [0.149458313687893, 51.389977762543865],
        [0.149403247656605, 51.389876252308561],
        [0.149303708021321, 51.389745880966231],
        [0.149030714123961, 51.389472105063881],
        [0.148879564757457, 51.38931390236862],
        [0.14880709896984, 51.389209113795062],
        [0.148713994869617, 51.389001283873114],
        [0.148636305149817, 51.388815653746086],
        [0.148627965217445, 51.388668321025669],
        [0.148731846941314, 51.388554002900136],
        [0.149054266555402, 51.388164985838529],
        [0.149390438981098, 51.387854854185541],
        [0.148875564717345, 51.387572025870007],
        [0.148994482325582, 51.387441244219389],
        [0.149317725490833, 51.38713134987762],
        [0.149679922711208, 51.386702031784061],
        [0.149899569116271, 51.386573897316971],
        [0.149910720479952, 51.386566498246658],
        [0.150086733077575, 51.386458049526155],
        [0.150099278295856, 51.386449725552531],
        [0.150117525524965, 51.386440397623737],
        [0.150134336712575, 51.386431096048277],
        [0.150152541804331, 51.38642086958388],
        [0.150169352977673, 51.386411568003531],
        [0.150187600177263, 51.386402240064122],
        [0.1502044113366, 51.386392938478885],
        [0.150219744332617, 51.386382764718213],
        [0.150235035197495, 51.386371692425307],
        [0.150250326055023, 51.386360620130489],
        [0.150270939780817, 51.386340457100253],
        [0.150290075332895, 51.386319421894328],
        [0.15030773271223, 51.386297514513387],
        [0.15032251801696, 51.386275659846689],
        [0.150338697209953, 51.386252880289391],
        [0.150348033259944, 51.386237420765305],
        [0.150361424626261, 51.386216490982783],
        [0.150373337827347, 51.386194689027555],
        [0.150383814991715, 51.386172913430265],
        [0.150394250019262, 51.386150239301884],
        [0.150403291139745, 51.386128490062141],
        [0.150409712968766, 51.386112184721718],
        [0.150414740897454, 51.386096804270601],
        [0.150418290672645, 51.386080551648547],
        [0.150423318595336, 51.38606517119706],
        [0.150426910492951, 51.386049817104933],
        [0.150430460260678, 51.386033564482467],
        [0.150432616132893, 51.386018236749749],
        [0.150433293855802, 51.386002036846413],
        [0.150434013706072, 51.385986735473217],
        [0.150433255409003, 51.385970561929376],
        [0.150432539240231, 51.38595528691571],
        [0.150430976838761, 51.385952617684651],
        [0.15043076620118, 51.385948125033572],
        [0.150430555563652, 51.385943632382499],
        [0.150430344926192, 51.385939139731377],
        [0.150430134288746, 51.38593464708029],
        [0.150431317541991, 51.385929229539371],
        [0.150431106904525, 51.385924736888271],
        [0.150430896267141, 51.385920244237177],
        [0.15043068562981, 51.385915751586076],
        [0.150430474992546, 51.385911258934918],
        [0.150430264355285, 51.385906766283817],
        [0.150428617700897, 51.385902299992189],
        [0.150428407063939, 51.385897807341102],
        [0.15042676041008, 51.385893341049446],
        [0.150425113756541, 51.385888874757782],
        [0.150422073213928, 51.385885333355823],
        [0.1504190326718, 51.385881791953729],
        [0.150415950003021, 51.385877352021296],
        [0.150411515572574, 51.385874735508608],
        [0.150405602999446, 51.385871246824735],
        [0.150401168570191, 51.385868630311627],
        [0.150395255998636, 51.3858651416272],
        [0.150389385554536, 51.385862551472762],
        [0.150383557237571, 51.385860859848236],
        [0.150377686794681, 51.385858269693152],
        [0.150370422462837, 51.385856604426877],
        [0.150363158131468, 51.385854939160119],
        [0.150357329816421, 51.385853247534264],
        [0.15035010761185, 51.385852480796991],
        [0.150342885407493, 51.38585171405925],
        [0.150335663203418, 51.385850947321053],
        [0.150328440999508, 51.385850180582459],
        [0.149965806850054, 51.385840648762972],
        [0.14991725919487, 51.385663477614905],
        [0.149863240971297, 51.385338921060857],
        [0.149773723554911, 51.384870228032767],
        [0.149802661244445, 51.384506378353088],
        [0.149800117164904, 51.384268109575252],
        [0.149785647164563, 51.383836709345189],
        [0.14976062516123, 51.383670797329081],
        [0.149851388785748, 51.383644850524],
        [0.150037434138896, 51.38359737029861],
        [0.150439980772143, 51.383446992358927],
        [0.150447916475092, 51.382788556239809],
        [0.150435397650219, 51.382245606445657],
        [0.150424070019843, 51.381636086240526],
        [0.150419636006293, 51.381633469721528],
        [0.150397508066421, 51.381621285655008],
        [0.15037542225817, 51.381610000115018],
        [0.150372508372468, 51.381609154298729],
        [0.150365160479035, 51.381605691961234],
        [0.150357812586733, 51.381602229623255],
        [0.150350506814923, 51.381599665815756],
        [0.15033441727216, 51.381593666025196],
        [0.150327111502994, 51.381591102216198],
        [0.150319763615863, 51.381587639875768],
        [0.150312415729836, 51.38158417753489],
        [0.150305067844911, 51.381580715193508],
        [0.150299113724758, 51.381576327964318],
        [0.150296115605918, 51.381573685084085],
        [0.150290119369338, 51.381568399323449],
        [0.150285601133776, 51.381563985737266],
        [0.150281040781134, 51.381558673619907],
        [0.150276480429587, 51.381553361502334],
        [0.150273355960147, 51.381548023028557],
        [0.150270231491487, 51.381542684554631],
        [0.15026706490591, 51.381536447549649],
        [0.15026537631936, 51.381531082719633],
        [0.150263687733252, 51.381525717889595],
        [0.150263392910221, 51.381519428172595],
        [0.15026314020486, 51.381514036986594],
        [0.150262845382027, 51.381507747269552],
        [0.150262592676849, 51.381502356083537],
        [0.1502637337337, 51.381496040010617],
        [0.150264916907796, 51.381490622468661],
        [0.150346853957925, 51.381092525348102],
        [0.149582172554908, 51.381089472571432],
        [0.149557279391269, 51.380926256007371],
        [0.149580447711937, 51.380745970066791],
        [0.149629243184338, 51.380315207310588],
        [0.149587044818183, 51.380089356992904],
        [0.149937653806001, 51.379996589703815],
        [0.150218407121348, 51.379946471578805],
        [0.151107020945048, 51.379895984057896],
        [0.151090916708312, 51.379644474536654],
        [0.15094828522259, 51.379085028248497],
        [0.151630986996271, 51.378872845245347],
        [0.152326559745494, 51.378690098786578],
        [0.15216337546802, 51.378336072927738],
        [0.1524014246845, 51.378264251401049],
        [0.152532717550904, 51.378214175799478],
        [0.152731407133629, 51.378161062920896],
        [0.153003615726996, 51.378112893641728],
        [0.153209822499458, 51.378036259855897],
        [0.153175496599278, 51.377947859605108],
        [0.153107275137468, 51.377657738738534],
        [0.153048843400731, 51.377484347542179],
        [0.152830551913822, 51.377119644416965],
        [0.152734331438115, 51.37690647880536],
        [0.152733952007204, 51.376898392033084],
        [0.152722430991697, 51.376805975337646],
        [0.152611432917593, 51.376584088139019],
        [0.152548451841811, 51.376313655339146],
        [0.152562831101949, 51.376038203755087],
        [0.152604483626684, 51.375823403733946],
        [0.152602385645127, 51.375656171528661],
        [0.152571496998249, 51.375395940636338],
        [0.152510536270467, 51.375229790059997],
        [0.15192620219571, 51.375362831447625],
        [0.151709786727239, 51.375436053366364],
        [0.15155943118707, 51.375324603331002],
        [0.151303059824911, 51.37509729117626],
        [0.151072740247923, 51.374904572977378],
        [0.15077162637942, 51.37458095633469],
        [0.150648767812993, 51.374442920437623],
        [0.149858853807334, 51.373898951844858],
        [0.149754022948977, 51.37380824732972],
        [0.149573883913965, 51.373582230323073],
        [0.15080729521936, 51.372920184063048],
        [0.150769942095912, 51.372797665077854],
        [0.150750248761517, 51.372592085745531],
        [0.150815427833436, 51.372357968907288],
        [0.150958871588938, 51.372260907939413],
        [0.151179538112514, 51.37218670990984],
        [0.150100214883026, 51.370157009015522],
        [0.150844638981597, 51.36997697081236],
        [0.152031035079709, 51.369693482305038],
        [0.151805945179621, 51.368968280374744],
        [0.151613518681609, 51.368449318381472],
        [0.151613476557301, 51.368448419849251],
        [0.151612971065572, 51.368437637462584],
        [0.151611072228959, 51.368427779975804],
        [0.151609173393251, 51.36841792248898],
        [0.151605839089591, 51.36840809136968],
        [0.151602504787368, 51.368398260250245],
        [0.151597735018411, 51.368388455498213],
        [0.151592965251562, 51.368378650745946],
        [0.151586760019148, 51.368368872360804],
        [0.151580596913001, 51.368359992507536],
        [0.151574391685846, 51.368350214121669],
        [0.151566793117893, 51.368341360634759],
        [0.151559194552871, 51.368332507147358],
        [0.15155168023669, 51.36832545072393],
        [0.151544208045596, 51.368319292832297],
        [0.151538171322469, 51.368313108573396],
        [0.151532176723529, 51.368307822846496],
        [0.151524704537969, 51.368301664953492],
        [0.151518709942052, 51.368296379225825],
        [0.151511279882293, 51.368291119864246],
        [0.151502414359084, 51.368285886868513],
        [0.151494984302882, 51.368280627505818],
        [0.151486160905123, 51.368276293041085],
        [0.151477337509051, 51.368271958575662],
        [0.151468514114598, 51.368267624109549],
        [0.15145829737838, 51.368264214540822],
        [0.15144955822888, 51.36826167713793],
        [0.151434992981821, 51.368257448131644],
        [0.15142046985768, 51.368254117655866],
        [0.15140455339138, 51.368251712075718],
        [0.151388636926714, 51.368249306493375],
        [0.151372762582963, 51.368247799441228],
        [0.151356888240178, 51.368246292386956],
        [0.15133962055304, 51.368245710227242],
        [0.151316611010169, 51.368245233521051],
        [0.151287943846747, 51.368246659329962],
        [0.151257883334216, 51.368249010027725],
        [0.151229384632221, 51.368254029952219],
        [0.15120092803976, 51.368259948402361],
        [0.15117251355522, 51.36826676537823],
        [0.151145576641989, 51.368274454517852],
        [0.151117204254246, 51.368282170012989],
        [0.151090309436284, 51.368290757672689],
        [0.151063414608104, 51.368299345326285],
        [0.151052099332786, 51.36830315034338],
        [0.151025246602602, 51.368312636520997],
        [0.150998393861186, 51.368322122692476],
        [0.150972976575604, 51.368331582498143],
        [0.150949078969127, 51.368342813004148],
        [0.15092370377243, 51.368353171332032],
        [0.150692367471021, 51.368475228158218],
        [0.150215378462641, 51.368720502516581],
        [0.14949221928543, 51.369108785558439],
        [0.149411401471976, 51.369162428300825],
        [0.149047580167721, 51.36869516972439],
        [0.148937714429709, 51.368496640195623],
        [0.148849832921483, 51.368123241964618],
        [0.148618549830289, 51.367908953377466],
        [0.147332503376131, 51.367106074677771],
        [0.147253489057744, 51.367013995382216],
        [0.147220017983545, 51.366974140204576],
        [0.147267603464948, 51.366947188025037],
        [0.147768488007318, 51.366690695780655],
        [0.148321010596279, 51.366371202168985],
        [0.147885879824997, 51.365883664528255],
        [0.147322872380407, 51.365241990443351],
        [0.146530103026144, 51.364386892475515],
        [0.145770949505157, 51.363604916487404],
        [0.145197979841297, 51.363025466953921],
        [0.145190467384411, 51.363018410094725],
        [0.145021735501406, 51.362850632114196],
        [0.145233869784564, 51.362656094213214],
        [0.145364603225721, 51.362502616352899],
        [0.145322910933133, 51.362440428570245],
        [0.145278348182997, 51.362378293346701],
        [0.145232434251598, 51.362317981465296],
        [0.145220280135862, 51.362303815172346],
        [0.145168667217627, 51.362244506948869],
        [0.145112832568532, 51.36218707463204],
        [0.145055562781785, 51.362129668571519],
        [0.144998293139573, 51.362072262480787],
        [0.144945287483564, 51.362013878971695],
        [0.144927056569413, 51.361992629483026],
        [0.144875150509542, 51.361927031358462],
        [0.144824637889119, 51.361860508389064],
        [0.144778431222891, 51.361793906550851],
        [0.14473361798001, 51.361726379873808],
        [0.144693068685841, 51.36165787579867],
        [0.144664841174098, 51.36160713221453],
        [0.144631762237161, 51.36154478647547],
        [0.144601511933558, 51.36148148962944],
        [0.14457413222972, 51.361418140216131],
        [0.144548145883437, 51.361353865978828],
        [0.144526465371433, 51.361289512899475],
        [0.144507613450374, 51.36122420872114],
        [0.144493571020987, 51.361169608155421],
        [0.144483834369631, 51.361114928754155],
        [0.144474139716894, 51.361061147888869],
        [0.144467273603871, 51.361006415929545],
        [0.14446184275165, 51.360951657691814],
        [0.14446075960968, 51.360897719158835],
        [0.14446394021646, 51.360842803255643],
        [0.144465803342175, 51.360821185798386],
        [0.144471174691403, 51.360782417294125],
        [0.144472316117159, 51.360776101253443],
        [0.144476286043111, 51.36076883412013],
        [0.144480255967796, 51.360761566986696],
        [0.144484225891255, 51.360754299853149],
        [0.144485493234475, 51.360750679425138],
        [0.144492165734533, 51.360739765585642],
        [0.144500273466999, 51.360728825468065],
        [0.144508423169288, 51.360718783887521],
        [0.144515221580845, 51.360710565659595],
        [0.144524806511316, 51.360700497800039],
        [0.144535826671902, 51.360690403661522],
        [0.144548324035939, 51.360681181781231],
        [0.144560821395011, 51.360671959899697],
        [0.144574795957296, 51.360663610275758],
        [0.14458877051452, 51.360655260650219],
        [0.144602745066628, 51.360646911023053],
        [0.144618196821911, 51.360639433652622],
        [0.144633606596146, 51.360631057742658],
        [0.144647623108949, 51.360623606647827],
        [0.144679961815576, 51.360608625613523],
        [0.144695413545271, 51.360601148233165],
        [0.144709430038817, 51.360593697131122],
        [0.144724839780952, 51.36058532120947],
        [0.144733241276293, 51.360580670838893],
        [0.144839590103069, 51.360520268531637],
        [0.14494893504848, 51.36046250917633],
        [0.145016356516876, 51.360429798756826],
        [0.145073941237973, 51.360401764979201],
        [0.145131609859123, 51.360375528248525],
        [0.14517407876714, 51.360362160157607],
        [0.145192526738439, 51.360357325753185],
        [0.145209581469551, 51.360353416169531],
        [0.145228071420641, 51.360349480296875],
        [0.145246603356075, 51.360346442958559],
        [0.145265135288961, 51.360343405617321],
        [0.145285144430208, 51.360341240523177],
        [0.145303718346929, 51.360339101713066],
        [0.145322334250844, 51.360337861437237],
        [0.145342427365543, 51.360337493407677],
        [0.145362520479817, 51.360337125374691],
        [0.145343984480142, 51.360186381434232],
        [0.145322311057296, 51.360091451943916],
        [0.145277288819196, 51.360019432760296],
        [0.145236572356335, 51.359947334697367],
        [0.145203451925195, 51.359884090561003],
        [0.14516843454357, 51.359810988788411],
        [0.145137680903886, 51.359736909610184],
        [0.145108362568393, 51.359662804137045],
        [0.145077609131629, 51.359588724938995],
        [0.145066387215539, 51.359563749881083],
        [0.145021415713297, 51.359462052561419],
        [0.145019308809434, 51.359447702245212],
        [0.14501863710148, 51.359433325645256],
        [0.145019442569892, 51.359419821299177],
        [0.14501877086258, 51.359405444699178],
        [0.145019576330692, 51.359391940352992],
        [0.145017805284314, 51.359384778336619],
        [0.145011568556099, 51.359343524461927],
        [0.145008705997118, 51.359313000469832],
        [0.145010946657723, 51.359299469840025],
        [0.145013229298546, 51.359286837747618],
        [0.145016905146281, 51.359273280834152],
        [0.145022058162588, 51.359260596174444],
        [0.145032364186964, 51.359235226854324],
        [0.145037475213258, 51.359221643656433],
        [0.145041193030977, 51.359208985279679],
        [0.145043601605304, 51.359199048799276],
        [0.145049476099962, 51.359171062716676],
        [0.145052480217164, 51.359143129201691],
        [0.14505434302035, 51.359121511733207],
        [0.145054770637988, 51.359099920548623],
        [0.145053763072196, 51.359078355647938],
        [0.145052797489484, 51.359057689284732],
        [0.145048919561944, 51.359036176951619],
        [0.145046854654673, 51.359022725172359],
        [0.145042724844087, 51.358995821613625],
        [0.14503576666022, 51.358969869159523],
        [0.145028808484634, 51.358943916704817],
        [0.145025602277223, 51.358936780971455],
        [0.144932202918432, 51.358720859280098],
        [0.144891698097251, 51.35865325375088],
        [0.144877228386958, 51.358620244391517],
        [0.144869003101402, 51.358597912356636],
        [0.14485740376102, 51.358564850431122],
        [0.144847239604514, 51.358531762222881],
        [0.144841842705348, 51.358508479085209],
        [0.144821178646431, 51.358435114361477],
        [0.145347948343926, 51.358334636951504],
        [0.145868513083933, 51.358224378462992],
        [0.14562698066081, 51.35720539239307],
        [0.145253431083989, 51.356188823860251],
        [0.145087070030406, 51.355763800794797],
        [0.144840132460751, 51.355520114458898],
        [0.14425998562878, 51.354907517463985],
        [0.144239559197643, 51.354900696971157],
        [0.144217697719121, 51.354893902746909],
        [0.144197355217869, 51.354888879323866],
        [0.144175535709442, 51.354882983630269],
        [0.144161059303732, 51.354880550730087],
        [0.144137846708517, 51.354875579839572],
        [0.144116111128223, 51.354871481212172],
        [0.144092982455743, 51.35486830739007],
        [0.14407133079536, 51.354866005831759],
        [0.14404824408441, 51.354863730539563],
        [0.144025157375573, 51.354861455242727],
        [0.144019417165204, 51.354861560321922],
        [0.143984506831472, 51.354729101968502],
        [0.143967135652349, 51.354664669863631],
        [0.143826516197337, 51.354021541545045],
        [0.143743893339282, 51.353666928327755],
        [0.143733940911899, 51.353638332670506],
        [0.143725423511188, 51.353609710746504],
        [0.143719776147375, 51.353581036290421],
        [0.143714086843758, 51.353551463294671],
        [0.143709874506269, 51.353522762572098],
        [0.143707097184814, 51.353494035583815],
        [0.143707055237666, 51.35349313704458],
        [0.143705670982473, 51.353463485251446],
        [0.143705763684945, 51.353434705731907],
        [0.143707291395265, 51.353405899946793],
        [0.14371021216366, 51.35337616935697],
        [0.143739609818495, 51.353298290877149],
        [0.143604421861675, 51.35301748352677],
        [0.143113266691107, 51.35304895453848],
        [0.143098413507736, 51.353038434642301],
        [0.142977752578725, 51.352884163048671],
        [0.142918778223351, 51.35278991556163],
        [0.142849475102326, 51.352658985436555],
        [0.142804222209671, 51.352550997237493],
        [0.142785334762392, 51.352484794080091],
        [0.142764150839115, 51.352338594612846],
        [0.142757429018445, 51.352102199849419],
        [0.142692899159178, 51.35182729317323],
        [0.142683950171578, 51.351697057370671],
        [0.142683652875596, 51.351567562591313],
        [0.142746070029848, 51.351304722294579],
        [0.142757532110303, 51.351088678876998],
        [0.142713487369141, 51.351037324876529],
        [0.142704123133419, 51.351021308667768],
        [0.142690537951383, 51.351007168294736],
        [0.142679780720436, 51.350992076876004],
        [0.142667546641135, 51.350976113167775],
        [0.142658182434452, 51.35096009695485],
        [0.142648860157099, 51.350944979281174],
        [0.142640930894628, 51.350928936815045],
        [0.142634394646069, 51.350911969556698],
        [0.142627900324677, 51.35089590083814],
        [0.14262140600801, 51.350879832119048],
        [0.142619803390544, 51.350876264209319],
        [0.142613015626929, 51.350853905708092],
        [0.142606227870252, 51.350831547206319],
        [0.142602309975207, 51.350809136202109],
        [0.142598392084241, 51.350786725197636],
        [0.142594474197451, 51.350764314192936],
        [0.142593426165319, 51.350741850686425],
        [0.142593090795302, 51.350734662364296],
        [0.142584313560879, 51.350731225707712],
        [0.140957153710919, 51.350145855851942],
        [0.141260296717592, 51.349778792456469],
        [0.141253164472743, 51.349533412002529],
        [0.141076987641021, 51.349481775159965],
        [0.141004332416729, 51.349432742177775],
        [0.140792902995474, 51.349302610324038],
        [0.140608202031123, 51.349252927209953],
        [0.14049874334581, 51.349215358270911],
        [0.140396166098102, 51.349171368318167],
        [0.140294605183718, 51.349118366632304],
        [0.140117186169142, 51.349009195406317],
        [0.139938291261123, 51.348899151575225],
        [0.139831380259153, 51.348823764571222],
        [0.13973004162262, 51.348744678435644],
        [0.139652079753306, 51.348674158208297],
        [0.139505572888905, 51.348519455965899],
        [0.139228452984791, 51.348150406359551],
        [0.138686630858542, 51.347524491832303],
        [0.138619703397531, 51.347413300605766],
        [0.139465992046326, 51.34729981922024],
        [0.139413870451988, 51.346982416598088],
        [0.139211299081208, 51.347011297511287],
        [0.139108578484085, 51.347025764044346],
        [0.139008685600089, 51.347039279533966],
        [0.138908708967519, 51.347050997853025],
        [0.138831521934596, 51.347058702663034],
        [0.138549574809834, 51.347079139625812],
        [0.13852239700363, 51.347081434508134],
        [0.138495219194486, 51.347083729384224],
        [0.138468083217607, 51.347086922797224],
        [0.138449472457718, 51.347088161925406],
        [0.138440863567572, 51.347088319117468],
        [0.138413685749724, 51.347090613974707],
        [0.138386466095513, 51.347092010282346],
        [0.138359162773431, 51.347091609497085],
        [0.138350553882157, 51.347091766682496],
        [0.138323250560283, 51.347091365888822],
        [0.138295905406996, 51.347090066545462],
        [0.13826851842384, 51.347087868652324],
        [0.138241089612429, 51.34708477220935],
        [0.138191202325336, 51.346691786496329],
        [0.13818255167908, 51.34669104512507],
        [0.138150735045721, 51.346686230156777],
        [0.138118876591101, 51.346680516636297],
        [0.138088452946621, 51.346674776912856],
        [0.138057987483063, 51.346668138637888],
        [0.138046341759931, 51.346664754013339],
        [0.138015834483209, 51.346657217183648],
        [0.137985285391296, 51.346648781802315],
        [0.137956129287478, 51.346639421676706],
        [0.137926973195347, 51.346630061543706],
        [0.137897775291703, 51.346619802859621],
        [0.137868577400983, 51.346609544168118],
        [0.137840772501341, 51.346598360734369],
        [0.137830477967818, 51.346593152809398],
        [0.13779672478186, 51.346577581410109],
        [0.137765841217097, 51.346561957620487],
        [0.13773635065205, 51.346545409088876],
        [0.137706818288795, 51.346527962005766],
        [0.137677244129196, 51.346509616371094],
        [0.137650539587471, 51.346491218351218],
        [0.137622400270614, 51.346472846513308],
        [0.137591182299161, 51.34645003432508],
        [0.137577767335159, 51.34643948748981],
        [0.137562917582053, 51.346428966840556],
        [0.137549502630745, 51.346418420001868],
        [0.137534652890992, 51.346407899348868],
        [0.137521196136798, 51.346396453962868],
        [0.137509215998621, 51.346385880932147],
        [0.137497194050922, 51.346374409356251],
        [0.137485172109278, 51.346362937779034],
        [0.137474584966589, 51.346351440013919],
        [0.137463956014925, 51.346339043703843],
        [0.137454761861259, 51.346326621206472],
        [0.137447002504407, 51.346314172522071],
        [0.13743924315185, 51.346301723837136],
        [0.137437682919069, 51.346299054391281],
        [0.1374343115719, 51.346288324235609],
        [0.13742954724934, 51.34627851880979],
        [0.137424741115328, 51.34626781483972],
        [0.137421369773685, 51.346257084683607],
        [0.137418040246987, 51.346247253071347],
        [0.137414668908543, 51.34623652291495],
        [0.137412732360795, 51.346225766572701],
        [0.137410837627205, 51.34621590877439],
        [0.137408901081353, 51.346205152432027],
        [0.137408399324598, 51.346194369904012],
        [0.137409332355872, 51.346183561190259],
        [0.137410265386783, 51.346172752476477],
        [0.137411240230411, 51.346162842306732],
        [0.137415042834098, 51.346151981221503],
        [0.137417452462802, 51.346142044865928],
        [0.137418761809699, 51.346139323048156],
        [0.137422606223085, 51.346129360506723],
        [0.137427885420547, 51.346119371779281],
        [0.137433164615784, 51.346109383051598],
        [0.137439878593874, 51.346099368137736],
        [0.137446592569062, 51.346089353223498],
        [0.137454783139618, 51.346080210666713],
        [0.137462973706977, 51.34607106810936],
        [0.137471164271043, 51.346061925551467],
        [0.137169354141671, 51.345871384575872],
        [0.137153906041922, 51.345878860937184],
        [0.13712296802022, 51.345892915109587],
        [0.137092029979492, 51.345906969274033],
        [0.137059615333994, 51.345920151067489],
        [0.137032814374939, 51.345930532495728],
        [0.137015889647367, 51.345937136475882],
        [0.136998964914897, 51.345943740453706],
        [0.136980605396661, 51.345950370609422],
        [0.136963680654131, 51.345956974582236],
        [0.136945279321746, 51.345962706188217],
        [0.136926877984718, 51.345968437791406],
        [0.136908434840066, 51.345973270847374],
        [0.136889949888866, 51.345977205356164],
        [0.136870030152502, 51.345981166041035],
        [0.136860070283006, 51.345983146382224],
        [0.136847240848501, 51.345985179080003],
        [0.13683441141281, 51.345987211776418],
        [0.136823016758156, 51.345989218293013],
        [0.136810145519137, 51.345990352442421],
        [0.136797316080242, 51.345992385134778],
        [0.136784444839605, 51.345993519281386],
        [0.136771573598328, 51.34599465342653],
        [0.136758660556281, 51.345994889025903],
        [0.136745747514111, 51.345995124623812],
        [0.136732834471741, 51.3459953602203],
        [0.136719879629873, 51.345994697270946],
        [0.136706882989363, 51.345993135775693],
        [0.136693886349657, 51.345991574278997],
        [0.13668232449319, 51.345989986604195],
        [0.13666928605682, 51.345987526560229],
        [0.136657682404101, 51.345985040338462],
        [0.136646036954763, 51.345981655571038],
        [0.136634391507117, 51.34597827080249],
        [0.136624180843108, 51.34597485985671],
        [0.13661253539877, 51.345971475085896],
        [0.136602282940915, 51.345967165593699],
        [0.136592030484969, 51.345962856100584],
        [0.136581736234407, 51.345957648062011],
        [0.136575829922903, 51.345954158585513],
        [0.136565535676074, 51.345948950545463],
        [0.13655667621268, 51.345943716329359],
        [0.136549209736303, 51.345937557392972],
        [0.136540308481227, 51.345931424631033],
        [0.136532842009087, 51.345925265693523],
        [0.136526810319249, 51.345919080580757],
        [0.136519302055687, 51.345912023097782],
        [0.136172920979633, 51.345936327747815],
        [0.136169549956018, 51.34592559755135],
        [0.13616297506684, 51.345907731337171],
        [0.136159227954295, 51.345888914237328],
        [0.136154046065897, 51.345870123307407],
        [0.13615173373906, 51.345851280036882],
        [0.136149421414352, 51.345832436766273],
        [0.136148543869143, 51.345813567325443],
        [0.136149101101655, 51.345794671714451],
        [0.136149658333901, 51.34577577610343],
        [0.136153085117143, 51.345756828152147],
        [0.136155118910664, 51.345738804915648],
        [0.136159980463794, 51.345719830793982],
        [0.136164842013093, 51.34570085667206],
        [0.136168561301669, 51.345688198533885],
        [0.136172322376407, 51.345676438940409],
        [0.13617608344932, 51.345664679346825],
        [0.136181279292677, 51.345652893582709],
        [0.136185082149833, 51.345642032533647],
        [0.136190277988481, 51.345630246769154],
        [0.136196908595779, 51.345618434833817],
        [0.136203580988363, 51.345607521442915],
        [0.136210253377857, 51.345596608051679],
        [0.136218360534435, 51.345585668489171],
        [0.136226467687173, 51.345574728926174],
        [0.136236051394805, 51.345564661736397],
        [0.136252599996732, 51.34554997096577],
        [0.136361335814233, 51.345479640154451],
        [0.136365472948097, 51.345475967457716],
        [0.136469736950715, 51.345402120887861],
        [0.136486536182795, 51.345392821353379],
        [0.136524355327323, 51.345372346664675],
        [0.136560697880228, 51.345350999594359],
        [0.136595563841634, 51.345328780143923],
        [0.136630429769296, 51.34530656068339],
        [0.136663819105744, 51.345283468844457],
        [0.136695731851402, 51.345259504628324],
        [0.136724816844518, 51.345236491302238],
        [0.136766187645771, 51.345199764204907],
        [0.13680608182512, 51.345162164726851],
        [0.136843022828437, 51.345122820503519],
        [0.136878529015259, 51.34508350244775],
        [0.136912558587677, 51.345043312016422],
        [0.136945153350007, 51.345003147755207],
        [0.136954569573265, 51.34498948633108],
        [0.136984461974092, 51.344952968596523],
        [0.136999408156911, 51.344934709726523],
        [0.137012877776052, 51.344915578490621],
        [0.137026389187839, 51.344897345797676],
        [0.137039858785154, 51.344878214558818],
        [0.137051893624726, 51.344859109499275],
        [0.137062493708411, 51.34484003061953],
        [0.137073093783454, 51.344820951738853],
        [0.137082217300389, 51.344801000494002],
        [0.137088471321185, 51.34478110161097],
        [0.137091131785994, 51.344776556526398],
        [0.137097218580632, 51.344753063465284],
        [0.137101828821867, 51.344728698040754],
        [0.137105004316764, 51.344704358797436],
        [0.137106745067625, 51.344680045735437],
        [0.137107051076687, 51.344655758854685],
        [0.137105922346245, 51.344631498155266],
        [0.137103400683315, 51.344608162181515],
        [0.137099402480577, 51.344583953844506],
        [0.137099068043819, 51.344576765488995],
        [0.137095404282442, 51.344559745507169],
        [0.137093384282848, 51.344547192066145],
        [0.137087951355437, 51.344523009909551],
        [0.13707969076736, 51.344499778659056],
        [0.137071388384044, 51.344475648863295],
        [0.137061693079515, 51.344452443792029],
        [0.137051997785136, 51.344429238719798],
        [0.13703943303569, 51.344406086007538],
        [0.136990287940858, 51.344275683912194],
        [0.13693100296044, 51.344174244650418],
        [0.136655619968905, 51.344273696436041],
        [0.136524238032872, 51.344320159400198],
        [0.136244340127024, 51.34441519603488],
        [0.135961362663791, 51.344505791621664],
        [0.135955665499095, 51.344506794835929],
        [0.135743212310962, 51.344570023712308],
        [0.135527763724886, 51.344630608897432],
        [0.135310712738749, 51.344687625669785],
        [0.135292228157348, 51.344691559922687],
        [0.134802363209215, 51.344841681636836],
        [0.134734372223142, 51.344861806434032],
        [0.134653677215707, 51.344886659285173],
        [0.134502037915246, 51.344929891955282],
        [0.134399904880825, 51.344956933968241],
        [0.13424662160069, 51.344995699730966],
        [0.134091819808884, 51.345032694348191],
        [0.133935457775924, 51.345067019267539],
        [0.133877175423239, 51.345079772205331],
        [0.133636871889324, 51.345130914365548],
        [0.133393531354643, 51.345178514124697],
        [0.133315203786293, 51.345192531236464],
        [0.13242430147935, 51.345365235598003],
        [0.132151120201872, 51.345419671239426],
        [0.13175018502737, 51.3455061088343],
        [0.131642330139495, 51.345193314717335],
        [0.131436558255186, 51.345215046001968],
        [0.13111376084282, 51.345252396077136],
        [0.131119107352963, 51.345274781448147],
        [0.130425270231307, 51.345362047510314],
        [0.129733674971756, 51.345435779078613],
        [0.129439195043751, 51.345464515800671],
        [0.129438320265676, 51.345445646276225],
        [0.128878388130636, 51.345509784281546],
        [0.127655609035604, 51.34561743929909],
        [0.127246405591762, 51.345618577547135],
        [0.127263333443963, 51.345674027037617],
        [0.127109084436119, 51.345692116898924],
        [0.12693896947573, 51.345708696088941],
        [0.126913226601272, 51.345710962217197],
        [0.126694328853477, 51.345728426979655],
        [0.126475264532944, 51.345742297132901],
        [0.126284687789318, 51.345751153143155],
        [0.126062545690989, 51.345760581872248],
        [0.125734769941041, 51.345783618537901],
        [0.125706115801334, 51.345785037936096],
        [0.125677420076626, 51.345785558776399],
        [0.125618635420183, 51.345787525028015],
        [0.125589981273636, 51.345788944397839],
        [0.125561327125087, 51.345790363760734],
        [0.125531238187988, 51.345791809156609],
        [0.125504101981394, 51.345794999567502],
        [0.125475572563124, 51.345799114562531],
        [0.125464135846996, 51.345800221427986],
        [0.125447043139534, 51.345803229550704],
        [0.125428557220833, 51.345807162260755],
        [0.125410029721061, 51.345810196416906],
        [0.125393020161155, 51.345815001633902],
        [0.125383059803645, 51.345816981004241],
        [0.125366091815326, 51.345822684768514],
        [0.12534908224605, 51.345827489979293],
        [0.125332114249492, 51.345833193738727],
        [0.125316622613021, 51.345839770009427],
        [0.125185786139989, 51.345867324813163],
        [0.12510518850586, 51.345863391485594],
        [0.124643189745306, 51.345747669572852],
        [0.123981805265935, 51.345512357199006],
        [0.123824688676602, 51.345468442655338],
        [0.123674330833793, 51.345415412290016],
        [0.123568949853756, 51.345372357870467],
        [0.123505675995468, 51.345339331550889],
        [0.12352178153721, 51.345128602047488],
        [0.123023804284716, 51.344948776168749],
        [0.122642687588145, 51.344811795477582],
        [0.122211919691927, 51.344656827877621],
        [0.12176310189924, 51.344546251681265],
        [0.121282970735299, 51.344441636789703],
        [0.120590457860383, 51.344339966435605],
        [0.119942715259028, 51.344243776735979],
        [0.119898039288588, 51.344333616638963],
        [0.119804158784873, 51.344321826368422],
        [0.119183777131885, 51.344258411521075],
        [0.118581194202555, 51.344207261689377],
        [0.118429080134703, 51.344147061971412],
        [0.118053769886672, 51.343855280970629],
        [0.117664320477866, 51.343474723261807],
        [0.117570001640951, 51.343484522457288],
        [0.117563634224479, 51.343284092583588],
        [0.117559337903995, 51.343128590505387],
        [0.117393532689541, 51.343145077939532],
        [0.117204813367761, 51.343162878692922],
        [0.117042746455253, 51.342668492834193],
        [0.116915020403942, 51.342233739435734],
        [0.116654625520867, 51.341474936046247],
        [0.116653849993385, 51.341302283482548],
        [0.116977001770572, 51.340556314254279],
        [0.117255697234762, 51.339780571342565],
        [0.11749734721564, 51.339821167524192],
        [0.118443742409231, 51.339981214861197],
        [0.118986932478436, 51.338683581922126],
        [0.118271963145005, 51.338404242159029],
        [0.118806043739765, 51.337438618328534],
        [0.11908616677764, 51.336663743851915],
        [0.11936324354544, 51.336040906428551],
        [0.119553100600356, 51.335425942050065],
        [0.119775510853319, 51.335236659229942],
        [0.119983699981526, 51.334739171324401],
        [0.120277437389229, 51.334509026735368],
        [0.120885368411833, 51.33414998643039],
        [0.121582413553947, 51.333762349232202],
        [0.121656974146487, 51.333635994748747],
        [0.121468913422845, 51.333511700267891],
        [0.121009984563426, 51.332993019626706],
        [0.120483534041182, 51.332410809816082],
        [0.120218232774072, 51.332136828452704],
        [0.120084911639023, 51.332047512948165],
        [0.119692015014311, 51.331808215436126],
        [0.119417185513649, 51.331638724342575],
        [0.11898280845696, 51.331371397406777],
        [0.118756974365695, 51.331236990462607],
        [0.118672938715402, 51.331189049042422],
        [0.118538644640895, 51.331109641777793],
        [0.118405661105569, 51.331027512732952],
        [0.118374628921158, 51.331008289362671],
        [0.118311006048425, 51.330967172870118],
        [0.118247383289573, 51.330926056341454],
        [0.11818515355835, 51.330884015274265],
        [0.118124275441565, 51.330840151113193],
        [0.118079630556404, 51.330805885676462],
        [0.118023014206668, 51.330761045071789],
        [0.117967790881001, 51.33071527993841],
        [0.117915394900333, 51.330668564336875],
        [0.11786439193935, 51.330620924211836],
        [0.117864309123742, 51.330619127096206],
        [0.117848972142485, 51.3305978211149],
        [0.117833593768548, 51.330575616573526],
        [0.117821042639093, 51.330552461591758],
        [0.117808491522618, 51.330529306608376],
        [0.117806850172507, 51.330524839759093],
        [0.117795816200173, 51.330503455949824],
        [0.117787650870243, 51.330482020259879],
        [0.117779444142291, 51.330459686011345],
        [0.117772671737171, 51.330437325822523],
        [0.117765940744504, 51.330415864191025],
        [0.117761912762963, 51.330390756448665],
        [0.117756849653296, 51.330343184758235],
        [0.117757523796052, 51.330295509310012],
        [0.11775811512857, 51.330246036745557],
        [0.117760223578649, 51.330198335357352],
        [0.117764470219201, 51.330165883514397],
        [0.117778945889209, 51.330012739572865],
        [0.117824434403132, 51.329753815851035],
        [0.11786456474177, 51.329690138589115],
        [0.117876231162418, 51.329662948386435],
        [0.117335291970219, 51.329481178201846],
        [0.116972807737729, 51.329714357145278],
        [0.116614319836768, 51.330003219710548],
        [0.115715817255896, 51.329506852082751],
        [0.115153206263353, 51.328822751060166],
        [0.114183320056642, 51.327397778176845],
        [0.114006621312838, 51.327394673143885],
        [0.113636161137794, 51.327454419642585],
        [0.112989318646027, 51.327559621260939],
        [0.112999245883739, 51.327588219936189],
        [0.111628534974655, 51.327746942436725],
        [0.111258316306965, 51.327812072848083],
        [0.110644077737369, 51.32803358338488],
        [0.110364399698439, 51.328038624072882],
        [0.110125984717932, 51.328035726092644],
        [0.110103109691726, 51.328006461197113],
        [0.110084981630218, 51.327955527413224],
        [0.109989125514795, 51.327524688436313],
        [0.109898579205748, 51.327303292024396],
        [0.109799364718939, 51.327143204536149],
        [0.109730918773526, 51.326683992970224],
        [0.109212010702487, 51.326793163842673],
        [0.108568695919127, 51.327069145628251],
        [0.107956036662286, 51.327231259432317],
        [0.107343182380003, 51.32745182838314],
        [0.107210102430327, 51.327523469790655],
        [0.106969136336455, 51.32746485434842],
        [0.106816729748373, 51.327428027055532],
        [0.106533231938807, 51.327380967602025],
        [0.10622884581501, 51.32737924846262],
        [0.10580460849711, 51.327424649169096],
        [0.105157117530777, 51.327453378072043],
        [0.105046393506917, 51.327449073428262],
        [0.104873909189807, 51.327412604542964],
        [0.104742888503062, 51.327341216535885],
        [0.104686571505371, 51.327271183633265],
        [0.104361833566149, 51.326887620612766],
        [0.104287648961494, 51.326803519727491],
        [0.104191375577468, 51.326707225443279],
        [0.104081007317436, 51.326616580178325],
        [0.103969616591833, 51.326534946236869],
        [0.103885316901075, 51.326480703924283],
        [0.103551970383197, 51.326253772513148],
        [0.103212885577536, 51.325995467541041],
        [0.103117242364635, 51.325975602032408],
        [0.103023567862302, 51.325967392059724],
        [0.102523652387138, 51.325989858817742],
        [0.102118594357689, 51.325983641454904],
        [0.101978039744936, 51.325954688891301],
        [0.10189471782373, 51.325827583879793],
        [0.101157981010416, 51.325693319850672],
        [0.100764061152109, 51.325585276468914],
        [0.100784414520653, 51.325465303727839],
        [0.100785185335642, 51.325387949648842],
        [0.100773418212801, 51.325318914252314],
        [0.100751694080251, 51.325251856095868],
        [0.100502793721026, 51.324705047031486],
        [0.100449551358756, 51.324545026440596],
        [0.100384182189893, 51.324402310146681],
        [0.100308038276019, 51.32427507526873],
        [0.100266606938758, 51.324216464245247],
        [0.100148052781604, 51.324072003829109],
        [0.099576615747201, 51.323565150733614],
        [0.099503676505747, 51.323508003694648],
        [0.099350178746693, 51.323415429412542],
        [0.099010691072829, 51.32321017867659],
        [0.098479194958464, 51.322886062611403],
        [0.097690872969186, 51.322280566265462],
        [0.097157019486668, 51.321904326805168],
        [0.096495666687641, 51.321533065722306],
        [0.096151739744499, 51.321292813384225],
        [0.09565449631723, 51.32108947768738],
        [0.094448777321869, 51.320487832091075],
        [0.094063729431346, 51.320321152933069],
        [0.09379717042359, 51.320235089890446],
        [0.093468008651666, 51.320129461501026],
        [0.093323299956744, 51.320071795174769],
        [0.0929158904395, 51.319886626639892],
        [0.092856893970154, 51.319851708927679],
        [0.092748855067235, 51.319811372575671],
        [0.092161744503923, 51.319682472013518],
        [0.091679322299329, 51.319520222803554],
        [0.091480251829551, 51.31943474754101],
        [0.090984880418893, 51.319334778822302],
        [0.090874384990308, 51.319303477670339],
        [0.090541097889579, 51.319201512001563],
        [0.090147180590608, 51.319060158968149],
        [0.08983966765963, 51.318956831931303],
        [0.089588943530858, 51.318839900405976],
        [0.089415319119757, 51.318777349481941],
        [0.089298886002484, 51.318741656284779],
        [0.089063723939102, 51.318682900771527],
        [0.088670539713332, 51.318620668542223],
        [0.088394248305464, 51.318541062034015],
        [0.088208537099409, 51.318496710999561],
        [0.087756708928476, 51.318312316830585],
        [0.087415103640165, 51.317868754917868],
        [0.087228570912988, 51.317648153297327],
        [0.087130347619662, 51.31753928969065],
        [0.086793158612344, 51.317192772162109],
        [0.08626203562494, 51.316810139861012],
        [0.085921309746334, 51.316575196642901],
        [0.08535811801453, 51.316212916286005],
        [0.085000797783728, 51.316023231193142],
        [0.085012568301767, 51.315808087812727],
        [0.085066606160491, 51.315638955594189],
        [0.085099152847062, 51.31556553234352],
        [0.085115096297255, 51.315537369982614],
        [0.085263117231464, 51.31535217510551],
        [0.085422093321977, 51.315092142621765],
        [0.08547349060448, 51.314991404371327],
        [0.085613360998982, 51.314784770870965],
        [0.085567648104449, 51.314757706665318],
        [0.08554233524818, 51.314737473523024],
        [0.085525503280332, 51.314714391403619],
        [0.085245139829038, 51.313816482767358],
        [0.085060612137054, 51.313386303986356],
        [0.085009286687601, 51.313203759769088],
        [0.084987403834962, 51.313069253706644],
        [0.085017047255581, 51.312805229491509],
        [0.085043571795648, 51.312725618317252],
        [0.085049730127807, 51.312671550353095],
        [0.085042128805382, 51.312598842012072],
        [0.084962258904125, 51.312388028307161],
        [0.084920930770086, 51.312204406705106],
        [0.084896442359384, 51.312170669170108],
        [0.084806138693389, 51.312077850102177],
        [0.084619495904052, 51.311948975433339],
        [0.084574690729842, 51.311910203723521],
        [0.084493642471251, 51.311831608516549],
        [0.084423738778762, 51.311745620413163],
        [0.084375749003481, 51.311668235206255],
        [0.08413515302922, 51.311108653825599],
        [0.084107635435507, 51.31107137282703],
        [0.08409028479752, 51.311005133090312],
        [0.083581884834908, 51.310710216295902],
        [0.083565634229398, 51.310668238144558],
        [0.083543512767834, 51.310528340211434],
        [0.083730827983431, 51.310418888750426],
        [0.083874793494926, 51.310049410032804],
        [0.083868049561626, 51.309995571750719],
        [0.083879333130133, 51.30992792303541],
        [0.08391642334126, 51.309859815002284],
        [0.08397745585372, 51.309718437085685],
        [0.083990856397088, 51.30969751454802],
        [0.084069360604174, 51.309625072100182],
        [0.08412411110387, 51.309535066316954],
        [0.084251022843965, 51.309042685778053],
        [0.0843181306825, 51.308845442568803],
        [0.084394442381077, 51.308693000729654],
        [0.084445663919411, 51.308620144400827],
        [0.084516834402772, 51.308544234966348],
        [0.084560878988446, 51.308502982051536],
        [0.084639086974376, 51.308455725017559],
        [0.084683172093529, 51.308415370638798],
        [0.084712716928152, 51.30837077861279],
        [0.084720219224385, 51.308346363781666],
        [0.084706632155965, 51.308299841819306],
        [0.084647046032746, 51.30825144095801],
        [0.084061059268355, 51.308080213246051],
        [0.084057540543649, 51.308065886991614],
        [0.084058241335511, 51.308049687019107],
        [0.084194195614659, 51.307883593362007],
        [0.084227675067813, 51.307830837665385],
        [0.084403910294772, 51.307445495429157],
        [0.084604073715264, 51.307176636590142],
        [0.084640997849088, 51.307104934012699],
        [0.084670689393004, 51.306810332387364],
        [0.084849800695152, 51.306045431108998],
        [0.084274795973565, 51.305957644465529],
        [0.083508168557239, 51.305788730458623],
        [0.083134561733316, 51.305712642279097],
        [0.082853640619324, 51.305655588103626],
        [0.082788112638885, 51.305634271185269],
        [0.083161272170559, 51.305003514125438],
        [0.083342534039293, 51.304792549206795],
        [0.084034998191256, 51.304116537466989],
        [0.08447057380568, 51.303692404568707],
        [0.084633840558356, 51.303496146820997],
        [0.084904488112239, 51.303168476563933],
        [0.08511477925252, 51.302933609827718],
        [0.085404486188284, 51.302520164793755],
        [0.085879398441534, 51.301730207242478],
        [0.085985388720045, 51.301568242260075],
        [0.08600789798468, 51.301463521638411],
        [0.086038607773195, 51.301318186097149],
        [0.086031940806378, 51.301107867135073],
        [0.086081532998067, 51.300777837257314],
        [0.086184304943236, 51.300355130440209],
        [0.086248096695232, 51.300243378970507],
        [0.086310895694489, 51.300173013266729],
        [0.086348171334651, 51.300140873258968],
        [0.086642427110043, 51.299954868385655],
        [0.086947583818294, 51.299724602394157],
        [0.087162910420211, 51.299569680250748],
        [0.087384458276561, 51.29942543846046],
        [0.087553126659183, 51.299317212123505],
        [0.08782812691859, 51.299118057918228],
        [0.088605288482121, 51.29847827801489],
        [0.089173595869557, 51.297946539629045],
        [0.089323254207651, 51.297830556122022],
        [0.089409508870999, 51.297771461074817],
        [0.089456895279532, 51.297740938205152],
        [0.089875785685474, 51.297520325388561],
        [0.091156884379293, 51.296828364256768],
        [0.091069216736911, 51.296761582764816],
        [0.090929134362312, 51.296677751204754],
        [0.09082062133723, 51.296625730757313],
        [0.090703835470607, 51.296581052412932],
        [0.090644131816242, 51.296561434527611],
        [0.089786863450871, 51.296320437660619],
        [0.089628228706481, 51.296270210116546],
        [0.089540640812317, 51.296236700457484],
        [0.089488104457707, 51.296216954061606],
        [0.08937238696217, 51.296164161562295],
        [0.089234069123875, 51.296087490966308],
        [0.087613087544803, 51.294884356153204],
        [0.08729156677998, 51.294626591984681],
        [0.087066992023488, 51.294482210054682],
        [0.087064832105767, 51.29443458525418],
        [0.086970451885277, 51.294029780709614],
        [0.086890416939988, 51.293941276678737],
        [0.086466953448565, 51.293649355171468],
        [0.08638569064365, 51.29356536922279],
        [0.086298239861985, 51.293503076880313],
        [0.086204601002065, 51.293462478132113],
        [0.086089146144683, 51.293383597828111],
        [0.085959041620761, 51.29326630821361],
        [0.085847960964682, 51.293220624118717],
        [0.085751464493524, 51.293148600158339],
        [0.085665407821457, 51.293085383203625],
        [0.085565996928983, 51.293043987476089],
        [0.085427605385541, 51.292996990909892],
        [0.085250933653954, 51.292928193353134],
        [0.084946294562322, 51.29288415734873],
        [0.083886427848771, 51.292664711926548],
        [0.083405302583304, 51.29236571211338],
        [0.0832555096625, 51.292256863687882],
        [0.082865782167169, 51.292234121208125],
        [0.082398806784146, 51.292152497945771],
        [0.082177867383302, 51.29211955620103],
        [0.08204463513245, 51.292091349356774],
        [0.081992594490134, 51.292082382505178],
        [0.081966553851264, 51.292077449778418],
        [0.081940513217824, 51.292072517045781],
        [0.081914431940677, 51.29206668572283],
        [0.08188978382149, 51.292060828907317],
        [0.081865095060321, 51.292054073502115],
        [0.081840365658588, 51.292046419507074],
        [0.081817028768674, 51.292037841436411],
        [0.081790744292833, 51.292027517162865],
        [0.081765811686608, 51.292015370229045],
        [0.081739445943644, 51.292003248774513],
        [0.081715905868339, 51.29199017776034],
        [0.08169236580638, 51.29197710674125],
        [0.081668785113573, 51.291963137132669],
        [0.08164663758331, 51.291949142035477],
        [0.081625882571034, 51.291934222865891],
        [0.081606601362566, 51.291920176793958],
        [0.081587279523344, 51.291905232133985],
        [0.081567876412505, 51.291888490301339],
        [0.081561574838975, 51.291876012046259],
        [0.081552081843492, 51.291856396078167],
        [0.081550160997478, 51.291845638544309],
        [0.08155409465685, 51.291837474834708],
        [0.081552620870218, 51.291836601732463],
        [0.081499025540367, 51.291824964384958],
        [0.081408228199501, 51.291878738581325],
        [0.081287529676946, 51.29184221427073],
        [0.081072986214824, 51.291792069903323],
        [0.080755135065724, 51.291741063458318],
        [0.080547300120912, 51.291712382268983],
        [0.08048809447353, 51.291703542089948],
        [0.080428929467664, 51.291695600466035],
        [0.080345360461511, 51.291687193178745],
        [0.08025753267715, 51.291679760816571],
        [0.080168393621725, 51.29167504961017],
        [0.080080768949164, 51.291672110042427],
        [0.079991751755856, 51.291670094457828],
        [0.079938644314891, 51.291669239416315],
        [0.079858603299034, 51.291643682264258],
        [0.079732974209929, 51.291656705850833],
        [0.0796651293303, 51.291647119427452],
        [0.079643417205789, 51.291674484348107],
        [0.079397119830166, 51.291683355971472],
        [0.079253805617444, 51.291685901485558],
        [0.078902470259304, 51.291719120291013],
        [0.078835315451162, 51.291724809351827],
        [0.078568157042602, 51.291779914322468],
        [0.078462185411694, 51.29178359444446],
        [0.078360472620322, 51.291786299554182],
        [0.078255812367081, 51.291787258286639],
        [0.078145310811755, 51.291754146955313],
        [0.0781438776664, 51.291754172396061],
        [0.077645764791067, 51.291745027526517],
        [0.077486185409775, 51.291768543593989],
        [0.077416326281331, 51.29177787705688],
        [0.077288979003168, 51.291784633354155],
        [0.077011191746423, 51.2917949580171],
        [0.077006893136551, 51.291699707763378],
        [0.076951162698435, 51.291704293743521],
        [0.076839701786668, 51.291713465624433],
        [0.076688477667547, 51.291731436534562],
        [0.076588157443882, 51.29173321609359],
        [0.076419046186404, 51.291736215727212],
        [0.076343575904772, 51.291748345992985],
        [0.076308450674077, 51.291732781457434],
        [0.076276704465579, 51.291760323703713],
        [0.076050023968181, 51.291758947979076],
        [0.075779376348924, 51.291736768064617],
        [0.075341091335226, 51.291718458777211],
        [0.075147130299894, 51.2917111054199],
        [0.074894693882231, 51.291711083312435],
        [0.074480246319553, 51.291680657324648],
        [0.073907003508547, 51.291659338252792],
        [0.073703755705223, 51.291636858815458],
        [0.073340943183775, 51.291606413446992],
        [0.073278872662465, 51.291597620367497],
        [0.073205256049528, 51.291587233118022],
        [0.073043084349306, 51.291553233418298],
        [0.072865876802844, 51.291535687242693],
        [0.072671674007885, 51.291522938231246],
        [0.072467456216379, 51.291478890476398],
        [0.072303649971627, 51.29144042216231],
        [0.072280517416089, 51.291436335115762],
        [0.072202520930532, 51.291424226156145],
        [0.072125957624754, 51.291412091777147],
        [0.072049394358013, 51.291399957347544],
        [0.071972750222105, 51.291386025686947],
        [0.071897539270407, 51.291372068611487],
        [0.071822247460817, 51.291356314306526],
        [0.071746874802289, 51.291338762771801],
        [0.071557978274742, 51.291284549929159],
        [0.071295929118182, 51.291198356781386],
        [0.071105600549262, 51.291144168551483],
        [0.070969228260207, 51.291109709559464],
        [0.07076432654704, 51.291050382745631],
        [0.070808830110262, 51.290987543406708],
        [0.070723871254103, 51.290980053155714],
        [0.070653427684809, 51.291008278345956],
        [0.070477920872852, 51.291028469343829],
        [0.070275224839867, 51.291050040213641],
        [0.068417758647391, 51.290697071563876],
        [0.067541092357182, 51.290529998706965],
        [0.067535986145494, 51.290384401350302],
        [0.067372066195826, 51.290407080976344],
        [0.067201606430283, 51.290411889738628],
        [0.06716581895109, 51.290413420984237],
        [0.067122865900865, 51.290415078745994],
        [0.067079872489931, 51.290415837898848],
        [0.067038352547281, 51.290417470324797],
        [0.06699543984293, 51.290420026633015],
        [0.066952607842799, 51.290424380112022],
        [0.066945482626817, 51.290425405221384],
        [0.06693262495372, 51.290426531542643],
        [0.066906990313238, 51.29043058136736],
        [0.066894172991244, 51.290432606277683],
        [0.06687988220026, 51.290433757895677],
        [0.066867024523022, 51.290434884209802],
        [0.066861292064973, 51.290434985418564],
        [0.066848394034167, 51.290435213137329],
        [0.066835455650737, 51.290434542261409],
        [0.066821084153169, 51.29043389668572],
        [0.066649736533277, 51.290418935592818],
        [0.066412062334467, 51.290396151977426],
        [0.065973773854857, 51.2903454327544],
        [0.065956455498717, 51.290343040467029],
        [0.065926198797928, 51.290339977200155],
        [0.065897415547243, 51.290337787228907],
        [0.065838375608419, 51.290332533960836],
        [0.065808118921496, 51.290329470663245],
        [0.065779295350537, 51.29032638206899],
        [0.065750471783218, 51.290323293467523],
        [0.065721607889032, 51.290319306264962],
        [0.065692663339688, 51.290313521867361],
        [0.06566515190908, 51.29030771217505],
        [0.065624460181421, 51.29029583990188],
        [0.065545701047095, 51.290266653176026],
        [0.065471080038415, 51.290233796164415],
        [0.065393673566427, 51.29020278686037],
        [0.065331082147666, 51.290182307801388],
        [0.065165328968007, 51.290132172927457],
        [0.06499683088203, 51.290084784155923],
        [0.064857398349549, 51.290045875535682],
        [0.064697821984711, 51.290005523416554],
        [0.064686195920208, 51.290002131242062],
        [0.064638339194356, 51.28999038499623],
        [0.064591875286797, 51.289977714861699],
        [0.064545451711488, 51.289965943303038],
        [0.0644990281595, 51.289954171725697],
        [0.064452604630778, 51.289942400129604],
        [0.06440474802436, 51.289930653786797],
        [0.064358364845956, 51.28991978074751],
        [0.064310588891005, 51.289909831555157],
        [0.064262893559173, 51.289901679532662],
        [0.064213765143621, 51.289893552760148],
        [0.064164717343991, 51.289887223156491],
        [0.06409417306072, 51.289881272555746],
        [0.063937602515791, 51.289875939320183],
        [0.063779921237428, 51.289877819899743],
        [0.063622320517977, 51.289881497457415],
        [0.063610855716166, 51.289881699555494],
        [0.06351483799574, 51.289883392083027],
        [0.063417387165447, 51.289885109791648],
        [0.063321449992376, 51.289888599351315],
        [0.063225553083708, 51.289892987427876],
        [0.063129736713246, 51.289899172617041],
        [0.062784335700999, 51.289936734978554],
        [0.062544460315134, 51.289960746190488],
        [0.062448103759276, 51.289922874380601],
        [0.062383332287956, 51.289917720350644],
        [0.062208074850747, 51.289879439716188],
        [0.061379462038881, 51.289727661891718],
        [0.060992615466901, 51.289672421024562],
        [0.060664461424312, 51.289646722135231],
        [0.060308113542153, 51.289599935206596],
        [0.059881946935047, 51.289563368784471],
        [0.059295004817044, 51.289459483311028],
        [0.05862956693879, 51.289364169731037],
        [0.058482869446681, 51.289355058370766],
        [0.058370647103371, 51.289443364882366],
        [0.05814026783407, 51.289615585382826],
        [0.058120807195444, 51.289629417088207],
        [0.058095774876987, 51.289646943962396],
        [0.058070742539512, 51.289664470831404],
        [0.058044317263769, 51.289682921487561],
        [0.058019325066515, 51.289701346944291],
        [0.05799576594956, 51.289719747202412],
        [0.057973680093192, 51.289739020861248],
        [0.05792716443044, 51.289789300331449],
        [0.057886461437303, 51.289841276212393],
        [0.057853044411514, 51.289895821916716],
        [0.057822533699089, 51.289951215827678],
        [0.05779202291492, 51.290006609730973],
        [0.05772520148958, 51.290148075814315],
        [0.057661486940518, 51.290294883072811],
        [0.057620595440756, 51.290374740608165],
        [0.057575765977916, 51.290462761082082],
        [0.05757342196281, 51.290474493239756],
        [0.057569885852216, 51.290491642176896],
        [0.057566309567549, 51.2905078925154],
        [0.057561259983227, 51.290523269443661],
        [0.057554817441033, 51.290539570158565],
        [0.057548374894402, 51.290555870873092],
        [0.057540459044947, 51.290571298176914],
        [0.057531110062673, 51.290586750668297],
        [0.057531150233741, 51.290587649266797],
        [0.057509545822356, 51.290617706024456],
        [0.057486468083296, 51.290646889367267],
        [0.057460524054382, 51.290676123080132],
        [0.057448228423569, 51.290689828742437],
        [0.057424909595304, 51.290713620482371],
        [0.057398724478217, 51.290737462590748],
        [0.057373972467393, 51.290761279507329],
        [0.057350693732996, 51.290785969831653],
        [0.057341183974315, 51.290797827914126],
        [0.057299327486575, 51.290856118976023],
        [0.057260377336916, 51.290915258252525],
        [0.057233602364215, 51.290957996081296],
        [0.057209773955187, 51.291002480733042],
        [0.057184552523848, 51.291047889162733],
        [0.057156384427395, 51.291091550757173],
        [0.057118585900864, 51.291144374614433],
        [0.057069723741808, 51.291206385908133],
        [0.0570247994414, 51.291260234247822],
        [0.056970124109684, 51.291320549032456],
        [0.056916921949374, 51.291381737210479],
        [0.056896629449885, 51.29140907288285],
        [0.056868340388867, 51.291450038614812],
        [0.05684005127829, 51.291491004340259],
        [0.056811762118206, 51.291531970059147],
        [0.056779093115882, 51.291571214111499],
        [0.056769583052093, 51.291583072149592],
        [0.056721751563097, 51.291636072137202],
        [0.056669580321032, 51.291688249040902],
        [0.056615975797269, 51.291740451099493],
        [0.056453045750393, 51.291881806127293],
        [0.056424033288045, 51.291906596975842],
        [0.056388095846058, 51.291936905283912],
        [0.056352158357012, 51.291967213581387],
        [0.056317653993494, 51.291997496694499],
        [0.05628322988245, 51.292029576995823],
        [0.056251672073157, 51.292061606941672],
        [0.056244787236103, 51.292068022998961],
        [0.056216176021246, 51.292101799787986],
        [0.056187524617805, 51.292134677971305],
        [0.056160386645209, 51.292169328174133],
        [0.056136074844622, 51.292203029428883],
        [0.056111843300462, 51.29223852787689],
        [0.05609047808254, 51.292273975978269],
        [0.056022805276478, 51.292396570554054],
        [0.055920045555612, 51.292375892615645],
        [0.055750556669977, 51.292338400295399],
        [0.055653289106802, 51.292312229856584],
        [0.05554590910647, 51.292284438287638],
        [0.055438649631326, 51.292259342416841],
        [0.055329997220362, 51.292235170207555],
        [0.055227198027479, 51.292213593053177],
        [0.055115839976128, 51.292193065361552],
        [0.055004522145409, 51.292173436162471],
        [0.054893324772354, 51.292156502655693],
        [0.054731444688138, 51.292128767655953],
        [0.054362545435136, 51.292090276580517],
        [0.053928727250137, 51.292332606846763],
        [0.053639505695105, 51.29247257631701],
        [0.05354122729133, 51.292520164772306],
        [0.053381050883857, 51.292594918648192],
        [0.05321788729077, 51.292667026779959],
        [0.053205229061767, 51.292672644606753],
        [0.052960101839636, 51.29277226965413],
        [0.052713500264041, 51.292871020727517],
        [0.052617805900768, 51.292912267958769],
        [0.052378649384791, 51.293017182903924],
        [0.051996509530483, 51.293196547917447],
        [0.051961400372818, 51.293213350764582],
        [0.05182932240243, 51.293275019727474],
        [0.051698757416939, 51.293338460629869],
        [0.051571178687338, 51.293404546962208],
        [0.05155151418086, 51.293413884599978],
        [0.051523490685487, 51.29342876453655],
        [0.051495427114561, 51.293442745865093],
        [0.051465970360842, 51.293457650903349],
        [0.051439380033925, 51.293472505705466],
        [0.051411396522103, 51.293488284217403],
        [0.051386319494368, 51.293504911096633],
        [0.051225993222995, 51.293640817222347],
        [0.051032790277388, 51.293811472635284],
        [0.051020371755665, 51.29382248184141],
        [0.051007993276426, 51.293834389647898],
        [0.050995614790858, 51.293846297453165],
        [0.050984669534308, 51.293858180148142],
        [0.050972291036422, 51.293870087951035],
        [0.050959912532137, 51.293881995752621],
        [0.050947534021525, 51.293893903552991],
        [0.050933682220585, 51.293904937858827],
        [0.050919830413043, 51.293915972163092],
        [0.050905978598873, 51.293927006465758],
        [0.050889180209732, 51.29393629377924],
        [0.05087664148241, 51.2939446071654],
        [0.050865415851621, 51.293950199637401],
        [0.050855623456647, 51.293955767000853],
        [0.050844357775184, 51.293960460869137],
        [0.050834565375477, 51.293966028230891],
        [0.050823299689326, 51.293970722097221],
        [0.050812034000857, 51.293975415962443],
        [0.050799295026212, 51.293979236331658],
        [0.050795075397177, 51.29398110885564],
        [0.050762391197614, 51.293987976519411],
        [0.05072672037893, 51.293992198580632],
        [0.050690929426069, 51.293993724825462],
        [0.050655058387063, 51.293993453855705],
        [0.050617754108245, 51.293993207979561],
        [0.050581843029102, 51.29399203838544],
        [0.050558911190287, 51.293992440049884],
        [0.050495688476286, 51.293989950196092],
        [0.050433818933193, 51.293985638001807],
        [0.050371909364599, 51.293980427172635],
        [0.049970506540199, 51.293920908171636],
        [0.049804523402722, 51.293897734703513],
        [0.049546172928783, 51.293861789247217],
        [0.049436406554375, 51.293844825492641],
        [0.049117100534142, 51.293792859399929],
        [0.049072310152503, 51.293785549637796],
        [0.049013067409939, 51.29377579489968],
        [0.048955257926023, 51.293766015047169],
        [0.04889605523892, 51.293757158852131],
        [0.048838285807633, 51.293748277544132],
        [0.048779163173782, 51.293741218495335],
        [0.048718647327248, 51.293735083100678],
        [0.048711441155894, 51.293734309903833],
        [0.048671150604791, 51.293731417758153],
        [0.048630860058345, 51.293728525598482],
        [0.048590609517662, 51.293726532027996],
        [0.04855035898003, 51.293724538443549],
        [0.048510148444968, 51.293723443448428],
        [0.048468544676724, 51.293723272120751],
        [0.048464244976419, 51.293723347355311],
        [0.04839123006248, 51.293726423524866],
        [0.048316901890892, 51.293732220534977],
        [0.048244086921948, 51.293739789629193],
        [0.048171351913588, 51.293749155884939],
        [0.04807297861047, 51.293762567832836],
        [0.047892117384117, 51.293791811510943],
        [0.047816675687283, 51.293804822104079],
        [0.047598949760803, 51.293843703189204],
        [0.047579044355022, 51.293847648548464],
        [0.047274170228628, 51.293894348337219],
        [0.047232886096219, 51.293901365402341],
        [0.047178742761418, 51.293909506619926],
        [0.047124599406743, 51.293917647812712],
        [0.047070456032271, 51.293925788980609],
        [0.047014799455484, 51.293932157976364],
        [0.047011932972988, 51.29393220809731],
        [0.046957629682061, 51.293936754797727],
        [0.046901893138076, 51.293941326532178],
        [0.046846076647657, 51.293944101032203],
        [0.046833217438761, 51.293945225161373],
        [0.046664614419903, 51.293959863768862],
        [0.046497564411622, 51.29397717289303],
        [0.0460059668966, 51.294018140252895],
        [0.045984628026523, 51.29402211039141],
        [0.045704186536163, 51.2940054278898],
        [0.045489745098612, 51.293924640390394],
        [0.045327610901534, 51.293794376324037],
        [0.045225859847636, 51.293570428991451],
        [0.045066656711156, 51.293312412387699],
        [0.044739693364672, 51.293087902054197],
        [0.044184221504729, 51.292917742005436],
        [0.044117295927334, 51.292896428017251],
        [0.044069361358073, 51.292882876130193],
        [0.044001122403293, 51.292864282915616],
        [0.043931490201437, 51.292846613288795],
        [0.043892234812043, 51.292834708404932],
        [0.043815316928665, 51.292814467999563],
        [0.043739872225575, 51.292795101128796],
        [0.043661601071833, 51.292776682852676],
        [0.043583409783372, 51.2927600617355],
        [0.043505258450434, 51.292744339171506],
        [0.043467675860162, 51.29273780076219],
        [0.043406922576338, 51.292726270960898],
        [0.043344815909956, 51.292716563355199],
        [0.043282709268925, 51.292706855716233],
        [0.043220642547938, 51.292698046650308],
        [0.043157222430889, 51.292691059776473],
        [0.043095235538031, 51.292684047856021],
        [0.043031895239544, 51.292678858126543],
        [0.04297584065261, 51.292676239128802],
        [0.042912580153983, 51.292672846547234],
        [0.042849399438632, 51.292671251144284],
        [0.042784825407215, 51.292670579321893],
        [0.042721724467436, 51.292670781062959],
        [0.042667182877385, 51.292669934122621],
        [0.042568211906172, 51.292669862339906],
        [0.042528082139692, 51.292670562490748],
        [0.042429190922593, 51.292672287803789],
        [0.042369036141993, 51.292674236560181],
        [0.042373854177355, 51.292685843437745],
        [0.042441675701264, 51.292985926529418],
        [0.042644920274128, 51.293557934017791],
        [0.042673951829128, 51.293662645847029],
        [0.042718717300062, 51.293863308482571],
        [0.042734491035636, 51.293960157901296],
        [0.042747084645978, 51.294114618151085],
        [0.042838460891706, 51.294654403668737],
        [0.04292888777676, 51.294785023164842],
        [0.042964049988703, 51.294866246073965],
        [0.042981893331174, 51.294945073291039],
        [0.043012462955433, 51.295310555808534],
        [0.043114246276006, 51.295955377778618],
        [0.043169132212821, 51.296190037057933],
        [0.043285547532101, 51.296582798908375],
        [0.043302790501003, 51.296615772140548],
        [0.043391669664463, 51.296743720379219],
        [0.043418590190902, 51.296800805837215],
        [0.043481599981424, 51.297024531538476],
        [0.043525720902307, 51.29708131674488],
        [0.043646065606779, 51.297304041565198],
        [0.043689315833515, 51.297405807006093],
        [0.043789257014208, 51.29781504333949],
        [0.043813674713676, 51.29791264098111],
        [0.044011345497938, 51.298132216891183],
        [0.044058215164402, 51.298186256002225],
        [0.04404141383417, 51.298195542359501],
        [0.043948966479568, 51.298245718677677],
        [0.044051984931171, 51.298368923055357],
        [0.044138191219826, 51.298404289303285],
        [0.044161524561346, 51.29841287491999],
        [0.044270880228922, 51.298581832853046],
        [0.044143791474427, 51.298627218378975],
        [0.043882526072339, 51.29871991135343],
        [0.04375340794597, 51.298784217214688],
        [0.043524593532104, 51.298897026827575],
        [0.043349725287048, 51.298964828683779],
        [0.043184012478752, 51.299012685860475],
        [0.043065402164105, 51.299055224329308],
        [0.043061862537847, 51.299524721534915],
        [0.043062353487222, 51.29966500401116],
        [0.043029758926113, 51.299835540791705],
        [0.042979327508764, 51.300024374838927],
        [0.042962936190996, 51.300172146306608],
        [0.042846078908862, 51.300706571811766],
        [0.042775266808257, 51.300985691482374],
        [0.042686049716712, 51.301173403477165],
        [0.04254180669842, 51.30141423485756],
        [0.042409625847913, 51.301635970295862],
        [0.042384626132822, 51.301719142117101],
        [0.04227605519808, 51.301923378796936],
        [0.042050895871809, 51.302183606976982],
        [0.041946376725828, 51.302285252330641],
        [0.04176314245978, 51.302520467584628],
        [0.041479964582356, 51.302863542765884],
        [0.04148279573121, 51.302927343765724],
        [0.041515292346966, 51.30298073518442],
        [0.041491321127974, 51.302990146175205],
        [0.04136580097849, 51.302877224250537],
        [0.041109590058806, 51.302728810023019],
        [0.041078688783908, 51.302711362717808],
        [0.040991486534086, 51.30278302837025],
        [0.040889783040434, 51.30272185020771],
        [0.040741339064168, 51.302835951035291],
        [0.040847662102263, 51.302904243208744],
        [0.04039794437491, 51.303212447928694],
        [0.04022668052853, 51.303329643666423],
        [0.040170372892236, 51.303289257028794],
        [0.040090331780467, 51.303231297901313],
        [0.039402119597235, 51.303564338080633],
        [0.038798517322089, 51.303929174920732],
        [0.038290754778471, 51.30441734286353],
        [0.037825156627493, 51.304691640479511],
        [0.037676221074724, 51.304794954251072],
        [0.036747705819924, 51.305501772730963],
        [0.036698166012937, 51.305517023305249],
        [0.03663735620079, 51.305536966398911],
        [0.036586902702935, 51.305499174120712],
        [0.036375356984932, 51.30567911643508],
        [0.036448549491304, 51.305712016801621],
        [0.036505693822287, 51.305738901161604],
        [0.036308923700553, 51.305863729044447],
        [0.036157354068549, 51.305940107635543],
        [0.036018368393319, 51.306009072799547],
        [0.035571105825435, 51.30617962287652],
        [0.035088148193748, 51.306483888009105],
        [0.034088426994865, 51.306847490687133],
        [0.033936095457206, 51.306906792893095],
        [0.033861581725319, 51.306941361370107],
        [0.033737085070852, 51.307013669282711],
        [0.03349326554056, 51.307177979430278],
        [0.033214595495248, 51.307365376734296],
        [0.032881447388713, 51.307521344468697],
        [0.032333896493006, 51.306981378202025],
        [0.032019471346517, 51.306814170077587],
        [0.031919878953437, 51.306768235622116],
        [0.031708228482859, 51.306686475063366],
        [0.03120389678022, 51.306474897124666],
        [0.03111673259273, 51.306417954793901],
        [0.031086670999383, 51.306387000813281],
        [0.030898113396695, 51.306113287476009],
        [0.030629552654254, 51.305847256490182],
        [0.030576083386044, 51.305773541985857],
        [0.030358597962158, 51.305624432772348],
        [0.030253836423562, 51.305558801973412],
        [0.029569272365264, 51.305424084746477],
        [0.029434122580325, 51.305385059655833],
        [0.02935396564125, 51.305356772141671],
        [0.029109597623649, 51.305248595036744],
        [0.02869154749129, 51.305040906848546],
        [0.028066325195066, 51.304754969724584],
        [0.027949941684411, 51.304685941002283],
        [0.027616380152444, 51.304409338156646],
        [0.027160296242253, 51.303956794585922],
        [0.027102565548213, 51.30391642636836],
        [0.02687390877011, 51.303773799268711],
        [0.026795435629074, 51.303718501901884],
        [0.02622942746594, 51.303245375122486],
        [0.026110746333637, 51.303156599780316],
        [0.025893327336585, 51.303008380523558],
        [0.025204300637504, 51.302510398452029],
        [0.02481138398073, 51.302155676091154],
        [0.024607429253104, 51.301889413452905],
        [0.024528547036777, 51.301759479842346],
        [0.024437930516192, 51.301591079220067],
        [0.024338723815015, 51.301390452288786],
        [0.024206894692132, 51.301100459385736],
        [0.024020182897542, 51.300606374941346],
        [0.023983043630519, 51.300446941743104],
        [0.0239584978748, 51.300378120038822],
        [0.02390987050087, 51.300283634949686],
        [0.023808186919328, 51.300124418139241],
        [0.023742577449373, 51.299969973486689],
        [0.023688296230499, 51.299877384632204],
        [0.023571687108536, 51.299704936115269],
        [0.023518789757661, 51.299643798735325],
        [0.023207537488617, 51.299285860988313],
        [0.023079898943843, 51.299123494875552],
        [0.022983300212145, 51.299014550244074],
        [0.022807728424745, 51.298838623280723],
        [0.022264396563849, 51.298258968494252],
        [0.022010041116856, 51.29795490206407],
        [0.021343274949813, 51.297340503539729],
        [0.021271275877487, 51.297268903360198],
        [0.021171423968799, 51.297151020425176],
        [0.020925588947605, 51.296779357129239],
        [0.020827118784882, 51.296594901906403],
        [0.020769847161815, 51.296335992959882],
        [0.020766571851318, 51.296261407650768],
        [0.0207699107685, 51.296174117985672],
        [0.020786833223254, 51.296069507172078],
        [0.020824150583827, 51.295939363937528],
        [0.020870604538537, 51.295657980678747],
        [0.020846789176002, 51.295572958319362],
        [0.020762247800003, 51.295411644382277],
        [0.020714776805695, 51.295343217691119],
        [0.020624319603099, 51.295243158123824],
        [0.020336670962156, 51.294833545368448],
        [0.020305480271816, 51.294776528455877],
        [0.020273066720638, 51.294691654353841],
        [0.020246452131565, 51.294542829911535],
        [0.020131132735882, 51.294105062378577],
        [0.020053841913352, 51.293945421414172],
        [0.020035985462005, 51.293898066644275],
        [0.019970043643699, 51.293637508250015],
        [0.019929322164905, 51.293428674048762],
        [0.019858910791675, 51.293196970285436],
        [0.019421787797156, 51.29232229826507],
        [0.019206366968909, 51.291956401795368],
        [0.019073993405544, 51.291685297747136],
        [0.018810758286725, 51.291700628957237],
        [0.018100916886253, 51.291736249341938],
        [0.017308303134106, 51.291781385428344],
        [0.016260695652377, 51.291833605946579],
        [0.015652466327132, 51.291831489418193],
        [0.014982153960674, 51.29178727192987],
        [0.014967687014642, 51.291817197802452],
        [0.014608167728295, 51.292319798230096],
        [0.014486302182979, 51.292550317233982],
        [0.014418347693372, 51.292767318293286],
        [0.01431362698297, 51.293094666371807],
        [0.014280850942459, 51.293263399205671],
        [0.01424147740903, 51.293707430995887],
        [0.01421374324258, 51.29382751490769],
        [0.014060082044625, 51.294314880563697],
        [0.013956750175143, 51.294346335033353],
        [0.013914939749988, 51.294505330846683],
        [0.013698569603428, 51.295133165936285],
        [0.013611492739267, 51.295503376058086],
        [0.013385127024363, 51.296263579205139],
        [0.013385166341732, 51.296264477827457],
        [0.013035898940308, 51.296641893995279],
        [0.012962791190189, 51.296938120851841],
        [0.012853321673996, 51.297321305434004],
        [0.012711692121718, 51.297821951518479],
        [0.012549284444546, 51.298306767185842],
        [0.012340495122006, 51.298846337668081],
        [0.012304826949508, 51.299178791662079],
        [0.01213098044519, 51.299599053756822],
        [0.011961681077429, 51.299795312264294],
        [0.01188227501008, 51.299947758828274],
        [0.011802947012885, 51.300102002585497],
        [0.011749578111496, 51.300259397425542],
        [0.011681638374348, 51.30041164680938],
        [0.01161848918299, 51.300542230694973],
        [0.011539473627766, 51.300703663260556],
        [0.011489520174013, 51.300873589443277],
        [0.011415492039917, 51.301083498291398],
        [0.011323279867455, 51.301336885746935],
        [0.011248347420116, 51.301591774872982],
        [0.011186216801368, 51.30174572272],
        [0.011098832774906, 51.301978343181048],
        [0.011035917427577, 51.302442561989395],
        [0.011071167097318, 51.302494115765015],
        [0.011053002853109, 51.302570868035396],
        [0.01107195580374, 51.302971629067322],
        [0.010950202267635, 51.30307444160939],
        [0.010913381579567, 51.303118240286288],
        [0.010873791983728, 51.303197159096904],
        [0.010801093448424, 51.303765864157853],
        [0.010838347104749, 51.303863247732629],
        [0.010833025268596, 51.303905606095455],
        [0.010779531155818, 51.304060304614559],
        [0.01062140364113, 51.304381371331736],
        [0.010502846014802, 51.304590245515982],
        [0.01048530877108, 51.304615726970972],
        [0.010450803852906, 51.304646895559735],
        [0.010426766132719, 51.304687776673319],
        [0.01042535195815, 51.304721074942151],
        [0.010434051600782, 51.304755998141189],
        [0.010466003225973, 51.304797716452256],
        [0.010502196410962, 51.304936485986808],
        [0.010409834810431, 51.305153903188383],
        [0.010268393657173, 51.305528640627635],
        [0.010260281809215, 51.30563849411088],
        [0.010157823694101, 51.305821911148584],
        [0.010091246126468, 51.305939962736943],
        [0.010000747216099, 51.306101591185865],
        [0.009939432316505, 51.306208760773423],
        [0.009877410403329, 51.306299755122382],
        [0.009789896418887, 51.306398381388441],
        [0.009677047192731, 51.306508234007289],
        [0.009588982781422, 51.306594279410639],
        [0.009568635067057, 51.306653982219345],
        [0.009592632250179, 51.306743500001517],
        [0.009544082058988, 51.306814478411802],
        [0.009453385002061, 51.306905964667273],
        [0.009423294762601, 51.307005403695072],
        [0.009435900900818, 51.30709691558949],
        [0.009421403558037, 51.307224864492134],
        [0.0093568223074, 51.307454394110138],
        [0.009194195032777, 51.307804313306704],
        [0.009012038223656, 51.308298454743678],
        [0.008985970328289, 51.30845717816225],
        [0.009083041920124, 51.308741488763644],
        [0.00845441613066, 51.310051756366654],
        [0.008401438687845, 51.310185760892985],
        [0.008363209255744, 51.31036177933435],
        [0.008361041743758, 51.310509301039872],
        [0.008353374481054, 51.310662312851015],
        [0.008398658206863, 51.310844992474877],
        [0.008495794853673, 51.311032178404481],
        [0.008656449156803, 51.311293815481889],
        [0.008920456132272, 51.311622025636147],
        [0.009065479179483, 51.311919902172541],
        [0.009119485949828, 51.312170778312883],
        [0.009151452743916, 51.312508364996091],
        [0.009209229628267, 51.312845508774011],
        [0.009461258284087, 51.313621772472381],
        [0.009561273202763, 51.313808908106346],
        [0.009586375232353, 51.313857938553298],
        [0.009535224901757, 51.313935256531231],
        [0.009596978847872, 51.314034917795986],
        [0.009699331335958, 51.314308345562374],
        [0.009936254854616, 51.314804287230494],
        [0.010094336353426, 51.315334855821405],
        [0.010320406527677, 51.316140340618283],
        [0.010081582580427, 51.316126454699742],
        [0.009493775654174, 51.316073593076254],
        [0.009329047196155, 51.316047642478459],
        [0.009231184285788, 51.316041228104616],
        [0.00908189502083, 51.316040192502484],
        [0.008384188171302, 51.315935253205147],
        [0.008168212618282, 51.31588589898513],
        [0.008064910320075, 51.315853497365936],
        [0.007886828342561, 51.315784607582657],
        [0.007475426238236, 51.315696336170632],
        [0.007473992283887, 51.315696360754565],
        [0.007147447512442, 51.315645303045876],
        [0.006973272450647, 51.315633000500327],
        [0.006557778951373, 51.315648214927954],
        [0.006552396036952, 51.315656400825972],
        [0.006550150011028, 51.315736476566578],
        [0.006459043264375, 51.316213764771199],
        [0.006126378018517, 51.317107967901073],
        [0.006002921868122, 51.317468901521011],
        [0.005626196209473, 51.318175905197741],
        [0.005517338986642, 51.318443960824723],
        [0.005443109826724, 51.318749193649154],
        [0.00542407737353, 51.318905097537062],
        [0.005409464569903, 51.31906362360948],
        [0.005377561561799, 51.319615437403023],
        [0.005320836342434, 51.319894290777519],
        [0.00523763049536, 51.320158309575824],
        [0.005149635196357, 51.320378344897691],
        [0.005104388032361, 51.320591353103431],
        [0.005059140476187, 51.320804361289028],
        [0.004887308479818, 51.321932320201746],
        [0.00484190970203, 51.322076085205403],
        [0.004453437287586, 51.322811163492112],
        [0.004047698562466, 51.323874777981167],
        [0.003851063927015, 51.324236961082931],
        [0.003725089657349, 51.324508005431731],
        [0.003696530591823, 51.324873607221761],
        [0.003575943813867, 51.325235387809869],
        [0.003486561961724, 51.325687462988149],
        [0.003371831332914, 51.326150763235745],
        [0.003253299805171, 51.326526896914565],
        [0.003155933325999, 51.326993496994831],
        [0.002907441593122, 51.32751663939657],
        [0.002728967453512, 51.328065562565378],
        [0.002476646266798, 51.328632834736531],
        [0.002342085447359, 51.328904923412381],
        [0.002266122862993, 51.329138239735592],
        [0.001056419293822, 51.329015029966847],
        [-0.000000374413759, 51.328908980796157],
        [-0.000531453280393, 51.328777760001998],
        [-0.000777572895406, 51.329356609739271],
        [-0.001184308483168, 51.329840177567931],
        [-0.001705192071143, 51.330306806607197],
        [-0.00232908510258, 51.330682563381508],
        [-0.003558331955563, 51.331431952067845],
        [-0.004692064077733, 51.332133836317887],
        [-0.005057187864141, 51.3323208142602],
        [-0.005666729460534, 51.332631559352151],
        [-0.006728414487082, 51.333142446026727],
        [-0.007237498442395, 51.333386723950731],
        [-0.007146629335349, 51.333694533756663],
        [-0.008130339427214, 51.333852457809847],
        [-0.008256072140579, 51.333866287023113],
        [-0.00838192176742, 51.333877420216957],
        [-0.008507849343506, 51.333886756019233],
        [-0.008635289390139, 51.33389431882236],
        [-0.00876280735721, 51.333900084230017],
        [-0.00888896869316, 51.333904027851979],
        [-0.008914790351775, 51.333904466864418],
        [-0.009042503049739, 51.333905738824505],
        [-0.009168859080498, 51.333905189001435],
        [-0.009296766429566, 51.333901967539987],
        [-0.00942331707648, 51.33389692429747],
        [-0.009551380079945, 51.333890108041416],
        [-0.009678047432048, 51.333882368635706],
        [-0.009804792579058, 51.333872831834107],
        [-0.009930142055417, 51.333862371888507],
        [-0.009953211376497, 51.333860066030034],
        [-0.010114618740981, 51.333845722151246],
        [-0.010277538361484, 51.333829605162592],
        [-0.01043638769534, 51.333808023056598],
        [-0.010484116384213, 51.333799840986259],
        [-0.010550727418371, 51.333786583921665],
        [-0.010615903881078, 51.333773302450204],
        [-0.010681158106218, 51.333758223682651],
        [-0.01068697403957, 51.333756523894117],
        [-0.010902133559424, 51.333627982804309],
        [-0.011021480785866, 51.33355716728957],
        [-0.010883940124592, 51.33341813911666],
        [-0.010691450192562, 51.333089326380097],
        [-0.010946198460922, 51.332908399543307],
        [-0.011914495183185, 51.332891567703854],
        [-0.0133483440402, 51.331536388693038],
        [-0.013631594253838, 51.331525905477946],
        [-0.01371240548492, 51.331316842182979],
        [-0.013714882217091, 51.330860943930837],
        [-0.013773590254171, 51.330698268793455],
        [-0.013975316610005, 51.330514637579277],
        [-0.014231124704091, 51.33030854152657],
        [-0.014335472153659, 51.329953292530732],
        [-0.014356260860022, 51.329804362788217],
        [-0.014513571021266, 51.329984190210617],
        [-0.014637966448032, 51.330194934570414],
        [-0.014856760527021, 51.330480121524019],
        [-0.015100335394061, 51.330656913924763],
        [-0.015180815007161, 51.330754502025371],
        [-0.015249812449727, 51.331018264173309],
        [-0.015376926342086, 51.331265924648775],
        [-0.015556845270694, 51.331520774801191],
        [-0.015967633053015, 51.332014250882366],
        [-0.016244290370987, 51.332223076399181],
        [-0.016561967940021, 51.332512632787825],
        [-0.01705756705989, 51.332904122887342],
        [-0.017233508113277, 51.332985340024905],
        [-0.017386342199731, 51.33300321542778],
        [-0.017809988719526, 51.332933047792281],
        [-0.017841742720263, 51.332995636236653],
        [-0.017970078894029, 51.333315257562859],
        [-0.018162005425475, 51.333824805662346],
        [-0.018312173517855, 51.334104327967836],
        [-0.01880063284391, 51.334528963289934],
        [-0.019014279431087, 51.334868012280161],
        [-0.019129829589666, 51.33508489690972],
        [-0.019187915640874, 51.335202786973241],
        [-0.019405685878727, 51.335712769863818],
        [-0.019473271829847, 51.335810136774448],
        [-0.01954252504728, 51.335902136102554],
        [-0.019765516072033, 51.336024612936811],
        [-0.020074666708628, 51.336213294784116],
        [-0.020441056804788, 51.336506361538639],
        [-0.02052907932005, 51.336595979639213],
        [-0.020537106441383, 51.336609604646533],
        [-0.020472525287751, 51.336842328193732],
        [-0.020584409571765, 51.337144581726015],
        [-0.021229968949101, 51.337689668306204],
        [-0.021448166066286, 51.337823751576359],
        [-0.022083791049842, 51.338099778182759],
        [-0.022397958056124, 51.338205803872995],
        [-0.022898631739818, 51.338281703698918],
        [-0.023656386914421, 51.338355644889212],
        [-0.023913312099921, 51.338357282357386],
        [-0.024096411246029, 51.338372961647124],
        [-0.024285133364348, 51.338391433371861],
        [-0.024693175490263, 51.338451374181467],
        [-0.025130045327979, 51.338608922781951],
        [-0.025497117226899, 51.338519787380633],
        [-0.02598495850177, 51.338560385371885],
        [-0.026207330122942, 51.338530859598002],
        [-0.026466533790755, 51.338479471866641],
        [-0.026894676510744, 51.338405749796337],
        [-0.027458180350173, 51.338322615326284],
        [-0.027727617201003, 51.338266900729089],
        [-0.027991468932528, 51.338207494321992],
        [-0.02847961615628, 51.338073625253955],
        [-0.028816656587731, 51.337948002441657],
        [-0.028996090394647, 51.337881777194092],
        [-0.029141755249924, 51.337832969162108],
        [-0.029502458177444, 51.337758102696966],
        [-0.030211699121219, 51.337657622666676],
        [-0.030389618120648, 51.337593168396246],
        [-0.030511748159391, 51.337557452184335],
        [-0.03070735420451, 51.337515777057398],
        [-0.030893543198969, 51.337492828312762],
        [-0.03103607589462, 51.337483533929351],
        [-0.031844910240863, 51.337471049966624],
        [-0.032101831264688, 51.337472669417572],
        [-0.032324628135503, 51.337466520688956],
        [-0.032796738260643, 51.337438480187629],
        [-0.033356281964309, 51.337514424770596],
        [-0.033701253737082, 51.337605649389353],
        [-0.034304656114015, 51.33799887481829],
        [-0.034520703606332, 51.338083436605132],
        [-0.034655244380344, 51.33805961509379],
        [-0.034893056822019, 51.338071699177263],
        [-0.035374921091043, 51.338184999963268],
        [-0.035832167448862, 51.338303281606812],
        [-0.036300891083278, 51.338321033766974],
        [-0.036847543361653, 51.338497465510336],
        [-0.036971402824498, 51.338522023775795],
        [-0.037096812298163, 51.338543910027695],
        [-0.037397961525444, 51.338585827688519],
        [-0.037668814223159, 51.338597560492317],
        [-0.037918344575225, 51.338705159116792],
        [-0.037992727853803, 51.338644354470176],
        [-0.038502602711262, 51.338337245445857],
        [-0.039308404431371, 51.337790482870631],
        [-0.039495331643772, 51.337615553401768],
        [-0.039842098444385, 51.337227470188523],
        [-0.040015063462216, 51.336975866861145],
        [-0.040182846296533, 51.336677413660418],
        [-0.040430353658117, 51.33639468277525],
        [-0.040534291838974, 51.336212967353468],
        [-0.040632528976096, 51.336030257173057],
        [-0.04070406081145, 51.335867783734614],
        [-0.04092219488971, 51.335330961577867],
        [-0.041086048659446, 51.334956001985972],
        [-0.041331671063651, 51.33458240972363],
        [-0.04199333074348, 51.333811094331566],
        [-0.042908909906407, 51.333650138043893],
        [-0.043406854702756, 51.333654861041651],
        [-0.044520915287055, 51.333721130351982],
        [-0.045006885750739, 51.333669890839886],
        [-0.04545075611002, 51.333629637421737],
        [-0.045904417622956, 51.333561667819595],
        [-0.046579572464354, 51.333483901834718],
        [-0.046915936454864, 51.33333843173321],
        [-0.047389071200061, 51.333116103929818],
        [-0.047808350113137, 51.333012481567025],
        [-0.048181203337096, 51.332886501116846],
        [-0.048499679338398, 51.332790189118107],
        [-0.048691846228603, 51.332761016820264],
        [-0.049091501405125, 51.33271371794536],
        [-0.049293289782014, 51.332694597088214],
        [-0.049685565854901, 51.332685842577668],
        [-0.050287564808861, 51.332640110575419],
        [-0.050127135280612, 51.332158120179834],
        [-0.050098564086304, 51.332053327298489],
        [-0.050634431784932, 51.331874297424676],
        [-0.050860415063442, 51.331758453732661],
        [-0.051068333853658, 51.331594646831164],
        [-0.051125618034163, 51.33136088647624],
        [-0.051132569181088, 51.331061539904852],
        [-0.051107248792135, 51.330846189172327],
        [-0.050686295043951, 51.330211481407012],
        [-0.050470905425771, 51.33001005305487],
        [-0.050260226207072, 51.329832983441896],
        [-0.049818313297098, 51.329625084435435],
        [-0.049467765114042, 51.329395324052022],
        [-0.048970480772759, 51.328936497857406],
        [-0.048775872985171, 51.328719225328783],
        [-0.049096363338242, 51.32860855680169],
        [-0.048572341489868, 51.32803597323506],
        [-0.048399888155321, 51.327837954208334],
        [-0.048145160336344, 51.327447914843312],
        [-0.048034595132227, 51.327212257383493],
        [-0.048013126960897, 51.327109380835367],
        [-0.048060705458976, 51.327070605254619],
        [-0.047983214538142, 51.326901146951322],
        [-0.047854831620612, 51.326510514919555],
        [-0.047850242109301, 51.326314393833151],
        [-0.047909107947019, 51.325536592452245],
        [-0.047895616322847, 51.325245897788186],
        [-0.048214100267247, 51.325181961238791],
        [-0.048232524282187, 51.325255110570069],
        [-0.048443580008113, 51.325287405173398],
        [-0.048784722910077, 51.325365932044853],
        [-0.04926475745169, 51.325384720828886],
        [-0.049552738897346, 51.325329265402694],
        [-0.049792182118386, 51.325267605234167],
        [-0.05002168410472, 51.324966568703559],
        [-0.050471480794158, 51.324615242104102],
        [-0.050710367136206, 51.324329648345866],
        [-0.050852961577772, 51.324148567286556],
        [-0.050894239550058, 51.324089002098283],
        [-0.050916580701031, 51.324002143102874],
        [-0.050970594505081, 51.323709874514257],
        [-0.051001832145806, 51.323650142180455],
        [-0.051038692417556, 51.323593201276701],
        [-0.051293522064188, 51.323439167592994],
        [-0.051320045041145, 51.322881151661072],
        [-0.051340330824938, 51.322639580982354],
        [-0.051334063622291, 51.322448827809097],
        [-0.051789674983431, 51.322399753465575],
        [-0.052251733128973, 51.32236787103664],
        [-0.052508000675946, 51.322382924632407],
        [-0.052615324795735, 51.322322658634683],
        [-0.05290537635636, 51.322217768708747],
        [-0.05310755944598, 51.322120410119723],
        [-0.053659044854719, 51.321806733485928],
        [-0.054205524575661, 51.321543331179534],
        [-0.054909350424276, 51.321258259252005],
        [-0.055047259967971, 51.321255154150286],
        [-0.055741004360867, 51.321344013157578],
        [-0.055954478785896, 51.321454572419711],
        [-0.056278548540251, 51.321664989299911],
        [-0.056511514677413, 51.321586121559271],
        [-0.056735153207349, 51.32152418501898],
        [-0.057040186964001, 51.321370072772247],
        [-0.057689414056575, 51.320950084611226],
        [-0.057844595568617, 51.320843844733496],
        [-0.058137754548108, 51.320596906187603],
        [-0.058419429236329, 51.320383949397559],
        [-0.058782073895654, 51.320258665740063],
        [-0.058874732344454, 51.320239518128858],
        [-0.058951121848348, 51.320231791501662],
        [-0.05906328928126, 51.320226456415597],
        [-0.0596189792911, 51.320083686120896],
        [-0.059769382212297, 51.320056501755467],
        [-0.059956541951506, 51.320042516172109],
        [-0.06014181246793, 51.320039290432078],
        [-0.060246505286586, 51.320041024685501],
        [-0.060489590282063, 51.320062137509147],
        [-0.060684634582797, 51.320065367793745],
        [-0.060881921036741, 51.319981404098662],
        [-0.061002477074251, 51.319913256018303],
        [-0.061404954329437, 51.319625853001057],
        [-0.061566092198758, 51.319480138248778],
        [-0.061767942101042, 51.319389953613133],
        [-0.062033720897601, 51.319315215225899],
        [-0.062105972839401, 51.319201302282195],
        [-0.062448477941651, 51.319110746233491],
        [-0.063306679990507, 51.318872243464],
        [-0.063819544613469, 51.31872334936579],
        [-0.064021197655102, 51.318637654055351],
        [-0.064075281196022, 51.318614267457647],
        [-0.064113286836255, 51.318597809328793],
        [-0.064152268972612, 51.318626331642577],
        [-0.064153703080085, 51.318626355350567],
        [-0.067765014883263, 51.318817295741667],
        [-0.07005511359939, 51.318893730628858],
        [-0.071043326339738, 51.321233766276642],
        [-0.071192856378364, 51.321158890765034],
        [-0.071411302453506, 51.321083351502971],
        [-0.071536112841268, 51.321050334840457],
        [-0.071955155643168, 51.320982594267619],
        [-0.072074190951791, 51.32095038123559],
        [-0.072622225379671, 51.320784041951981],
        [-0.072773941750459, 51.320725387552386],
        [-0.072949885192443, 51.320636555954415],
        [-0.073236563842461, 51.320576524689507],
        [-0.073577213255231, 51.320529970584488],
        [-0.073916427829845, 51.320483391891671],
        [-0.074065732467932, 51.320482250392217],
        [-0.0741059646164, 51.320481113495298],
        [-0.074890402829547, 51.320358219892668],
        [-0.075377733942287, 51.320201661258714],
        [-0.075462119256209, 51.32017427102064],
        [-0.07589310570056, 51.320060849189382],
        [-0.07623257783188, 51.32000797305318],
        [-0.077202610266747, 51.319873724283283],
        [-0.077368365078237, 51.319856661568117],
        [-0.077641531235338, 51.3198449590774],
        [-0.078895871486979, 51.31977561523982],
        [-0.078893274121302, 51.319631687127107],
        [-0.078829764926242, 51.318438193987802],
        [-0.078853628099399, 51.318141821573327],
        [-0.079048658860451, 51.318110848255948],
        [-0.07912507931956, 51.31810220972163],
        [-0.079210179450379, 51.318091914940375],
        [-0.079295354619128, 51.318079822759032],
        [-0.079380604815664, 51.318065933177458],
        [-0.079464458393684, 51.318051121343956],
        [-0.079484685962067, 51.318047855950539],
        [-0.079539669774438, 51.31803706700282],
        [-0.079594653561639, 51.318026278028974],
        [-0.079649674853835, 51.318014590359972],
        [-0.079703299546696, 51.318001980478357],
        [-0.079756999266808, 51.317987573233559],
        [-0.079806359125826, 51.317973994084696],
        [-0.079893643486581, 51.31794574893479],
        [-0.079979531166285, 51.317916581535343],
        [-0.080062625586421, 51.317885569707194],
        [-0.080138474370168, 51.317856237597695],
        [-0.08022020951752, 51.317823404804386],
        [-0.080439592041673, 51.317690309977365],
        [-0.08058422182062, 51.317594658712892],
        [-0.080826276178437, 51.317434056966952],
        [-0.081130360199208, 51.317231305542066],
        [-0.081053239463242, 51.317153602590302],
        [-0.081102092441326, 51.317083359671457],
        [-0.08115852811852, 51.317003348856034],
        [-0.081158903112101, 51.316994362155832],
        [-0.081160787174717, 51.316983601614758],
        [-0.081164105306605, 51.316972864572776],
        [-0.081167423436917, 51.316962127530694],
        [-0.081170741565616, 51.316951390488455],
        [-0.081175493761925, 51.316940676945102],
        [-0.08118020845714, 51.316930862071537],
        [-0.081186394717666, 51.31692017202657],
        [-0.081193977545005, 51.316910404150036],
        [-0.08120012630108, 51.316900612774312],
        [-0.08120914318993, 51.316890868395348],
        [-0.081216726007448, 51.316881100517193],
        [-0.081225705391023, 51.316872254806988],
        [-0.081236118837988, 51.316863432594189],
        [-0.081246532280971, 51.316854610380489],
        [-0.081256945719901, 51.316845788165743],
        [-0.081268755723957, 51.316837888118016],
        [-0.081280565723941, 51.316829988068974],
        [-0.081292375719831, 51.316822088018768],
        [-0.081305582280908, 51.316815110134712],
        [-0.081318788837916, 51.316808132249214],
        [-0.08132905226939, 51.316802904708275],
        [-0.081337844137964, 51.316798552339669],
        [-0.081346636004881, 51.316794199970332],
        [-0.081355390374906, 51.316790746270499],
        [-0.081364182238685, 51.316786393899818],
        [-0.081374370670452, 51.316782963695168],
        [-0.081384559100689, 51.316779533489616],
        [-0.081393313465147, 51.316776079786827],
        [-0.081403501892503, 51.316772649579583],
        [-0.081413615330203, 51.316771016711812],
        [-0.081425200325158, 51.316768508668851],
        [-0.08143531376125, 51.316766875799168],
        [-0.081451163452716, 51.316765336910969],
        [-0.081469843778236, 51.316764743681546],
        [-0.081488486610701, 51.316765049119375],
        [-0.081505657887163, 51.316766229729588],
        [-0.081524225736851, 51.316768332502235],
        [-0.081542793588328, 51.316770435271927],
        [-0.081561361441526, 51.31677253803872],
        [-0.081577061167697, 51.31677459381455],
        [-0.081594157469253, 51.316777571752411],
        [-0.081612650347529, 51.316781471851684],
        [-0.081629709164195, 51.316785348454651],
        [-0.081646767983847, 51.316789225055217],
        [-0.081663789317153, 51.316794000323647],
        [-0.081750752005573, 51.316842187712574],
        [-0.081761999614868, 51.316847767669515],
        [-0.081924547323532, 51.317010502915046],
        [-0.082188049720133, 51.316920393879982],
        [-0.082195295025547, 51.316918713971532],
        [-0.082225897703241, 51.316907524466444],
        [-0.082521473010499, 51.31680534996724],
        [-0.082882312470085, 51.3167555024366],
        [-0.083338125767731, 51.316664941985088],
        [-0.083670581677039, 51.316607433180884],
        [-0.08359335467184, 51.316325592639977],
        [-0.0838271689924, 51.316293447557292],
        [-0.08398566351158, 51.31627805531361],
        [-0.084200299168161, 51.316224012857425],
        [-0.084474568111189, 51.31608191637492],
        [-0.084829305106882, 51.31586829332732],
        [-0.084288348020879, 51.315453867416267],
        [-0.083898267550189, 51.315138131279667],
        [-0.083494156793051, 51.314711552169562],
        [-0.083221043990769, 51.314309598099179],
        [-0.082902631470757, 51.313961758074591],
        [-0.082345540088507, 51.313212524710643],
        [-0.08218917948319, 51.313004926972241],
        [-0.081920089882272, 51.312610229807198],
        [-0.081853039319058, 51.312360029514977],
        [-0.081748902489701, 51.311863716793091],
        [-0.081849498425983, 51.311584787746675],
        [-0.081923935934895, 51.311279350851486],
        [-0.081958847378408, 51.310648624480059],
        [-0.082270342582149, 51.310542215096113],
        [-0.082466237987574, 51.310489667564568],
        [-0.082579990401396, 51.310445666776261],
        [-0.082742783341672, 51.31036110174243],
        [-0.083417051517151, 51.310053793106796],
        [-0.083722118914295, 51.309929288978097],
        [-0.08403960267997, 51.309816677934094],
        [-0.08546988768838, 51.309270825057688],
        [-0.08660467626545, 51.308860415010244],
        [-0.086676615673125, 51.308821122716537],
        [-0.086743828919624, 51.308757472460442],
        [-0.086826552322342, 51.308700370582542],
        [-0.087568648464551, 51.308209793056101],
        [-0.088430361314882, 51.30760245811949],
        [-0.088509152623178, 51.307536298023614],
        [-0.088637872289005, 51.307408002953295],
        [-0.088852289006888, 51.30721995513322],
        [-0.088751275262045, 51.306854095931101],
        [-0.088751305122914, 51.306749779354874],
        [-0.08878033113866, 51.306603669674701],
        [-0.088779569292394, 51.306414807374999],
        [-0.088788783709699, 51.30608941657065],
        [-0.088768845600199, 51.305878658404666],
        [-0.088667140991267, 51.305218721483961],
        [-0.088759338876039, 51.305106017232248],
        [-0.088818725485468, 51.305023353052007],
        [-0.088859368980164, 51.304873835805417],
        [-0.088885220086172, 51.304804113495024],
        [-0.089174241447949, 51.304512066375793],
        [-0.089196567941567, 51.304492646453724],
        [-0.089523305786112, 51.304432330300969],
        [-0.089604158071691, 51.304350915254865],
        [-0.089633226595286, 51.304307324549775],
        [-0.08967883351369, 51.304210945834271],
        [-0.089710178099612, 51.304112535841867],
        [-0.089733054040605, 51.303976217693886],
        [-0.090743926245223, 51.303954935490381],
        [-0.09089160277177, 51.303818853510428],
        [-0.09119906360103, 51.303393108612163],
        [-0.091067490006624, 51.303279452214404],
        [-0.090903817442647, 51.303178761577314],
        [-0.090986155685688, 51.302750245686362],
        [-0.090932203613394, 51.30266753106141],
        [-0.090979450722582, 51.302462365053564],
        [-0.0909898089249, 51.302351022549182],
        [-0.090994502158655, 51.301995881330718],
        [-0.091195476993595, 51.301473975197069],
        [-0.093694402488094, 51.300783568547189],
        [-0.094414371078415, 51.300614532036434],
        [-0.094807283290814, 51.300687473198352],
        [-0.095307252537828, 51.301327804949132],
        [-0.095669843598227, 51.301405645621294],
        [-0.095746703232118, 51.30148962988531],
        [-0.096058186806076, 51.301519875317958],
        [-0.096386658924016, 51.301382229847633],
        [-0.097404750329816, 51.301115503059506],
        [-0.097287051864249, 51.300943625614941],
        [-0.09738149254921, 51.300845339673337],
        [-0.097401519724763, 51.300777319458746],
        [-0.097374982016131, 51.300690556878884],
        [-0.097202739475148, 51.300346029558789],
        [-0.097272198150993, 51.300296798380188],
        [-0.096950098034342, 51.3001072101275],
        [-0.096353142682569, 51.299799842576114],
        [-0.096134289347998, 51.299715348433025],
        [-0.095803265513435, 51.299602950379494],
        [-0.095547868979293, 51.299534947221368],
        [-0.095357188339562, 51.299497672684033],
        [-0.095148598730134, 51.299477192894287],
        [-0.094440469032855, 51.299464770865747],
        [-0.094303780088748, 51.299440064023329],
        [-0.094351755401698, 51.299355412758899],
        [-0.097857407011086, 51.297730754593005],
        [-0.099279063040552, 51.297102759918296],
        [-0.09937696113221, 51.297059384901679],
        [-0.099596657090242, 51.296949641139136],
        [-0.100177775782985, 51.296632631543524],
        [-0.100390077981764, 51.296528162043046],
        [-0.10057263460658, 51.296449288868615],
        [-0.10072699082954, 51.296393339367889],
        [-0.100847561555123, 51.296356625916424],
        [-0.10093023211091, 51.296334585452279],
        [-0.101129827280705, 51.296294657038814],
        [-0.10116739343668, 51.296288072012636],
        [-0.101505525444315, 51.296227907545088],
        [-0.102157702972223, 51.296135063097488],
        [-0.102316752374581, 51.29610436756743],
        [-0.102473194082693, 51.296067334565052],
        [-0.102664964283826, 51.296008391743506],
        [-0.103029657643744, 51.295860523401274],
        [-0.106447425742462, 51.294335805542353],
        [-0.108287884025953, 51.293528323071577],
        [-0.109001064021997, 51.293206209517656],
        [-0.109388507391592, 51.29302721402096],
        [-0.110191762441945, 51.292641799300696],
        [-0.11107971780506, 51.292254148550363],
        [-0.114675119376373, 51.292437101227556],
        [-0.114762368681953, 51.292443002593643],
        [-0.114850170143472, 51.292435423524246],
        [-0.114905925097058, 51.292404846309466],
        [-0.114879321881011, 51.29231898598028],
        [-0.114861424756939, 51.292300712130434],
        [-0.114716393931271, 51.291849634056064],
        [-0.114621742801367, 51.29153425969313],
        [-0.114823070350468, 51.291486242420035],
        [-0.11490079573602, 51.291549544527953],
        [-0.115143764486114, 51.291465326520772],
        [-0.115077063679633, 51.291412993477891],
        [-0.115085737098121, 51.291411334548854],
        [-0.115161704061331, 51.29137748548338],
        [-0.11531430002262, 51.291293610748198],
        [-0.115561129967539, 51.291115029203432],
        [-0.115447169077602, 51.29102596431072],
        [-0.115756184598568, 51.290729677808109],
        [-0.115857694291961, 51.290632390201289],
        [-0.115967289542368, 51.290512750517415],
        [-0.116280636939218, 51.290145488902517],
        [-0.116382587506851, 51.289967272359007],
        [-0.116429702109666, 51.289937454700969],
        [-0.11645807399592, 51.289910033343432],
        [-0.116481227655714, 51.289869938049627],
        [-0.116618343764338, 51.289813690407904],
        [-0.116749947141395, 51.289751958225985],
        [-0.116895811508315, 51.289551965508437],
        [-0.117007717488828, 51.289375707120492],
        [-0.117085372003774, 51.289195300632805],
        [-0.117098933664804, 51.289109187453249],
        [-0.11704472958228, 51.288996804440373],
        [-0.11708390854476, 51.288670095070692],
        [-0.117124297965768, 51.288489089207971],
        [-0.117440562210326, 51.288049928665764],
        [-0.117626216683456, 51.287718380045632],
        [-0.117741128499973, 51.287503500047563],
        [-0.117807311384423, 51.287322908628077],
        [-0.1178022391979, 51.287096207402122],
        [-0.118278933376407, 51.287082287406264],
        [-0.118675296351336, 51.287068873182484],
        [-0.121233936637925, 51.286958881579601],
        [-0.124319626906401, 51.286760156652072],
        [-0.124378475394884, 51.286864517099971],
        [-0.124486350128502, 51.286997540714204],
        [-0.124537253979696, 51.287050514630899],
        [-0.12463953797055, 51.287144779335904],
        [-0.124777175975149, 51.28725130091766],
        [-0.125474541578238, 51.287875780147765],
        [-0.125789535797982, 51.288205464508827],
        [-0.125947244610613, 51.28831230596608],
        [-0.12608333969936, 51.288386427056395],
        [-0.126136041722508, 51.288606695728767],
        [-0.126182538126579, 51.289049887297139],
        [-0.126239201344364, 51.289419500305506],
        [-0.126274972528283, 51.289492015457199],
        [-0.126304967646532, 51.28953026539601],
        [-0.127084588502255, 51.290284648339991],
        [-0.127283667730304, 51.290467689474987],
        [-0.127981590491059, 51.29108047121764],
        [-0.12813780774654, 51.291189084306176],
        [-0.128255537627455, 51.291256614163281],
        [-0.128637603285989, 51.291560384215792],
        [-0.129517128543086, 51.292222821725993],
        [-0.130121215906322, 51.292604774068707],
        [-0.130155990900263, 51.292631408641164],
        [-0.130215507529461, 51.292684517520279],
        [-0.130557867746875, 51.293118942190944],
        [-0.130657841293164, 51.293270718567925],
        [-0.130858205149947, 51.293740644885411],
        [-0.131194052865395, 51.294229819777144],
        [-0.131357303902493, 51.294448253077533],
        [-0.131479508618735, 51.294688513126246],
        [-0.131485690558455, 51.294712892395111],
        [-0.131492138342458, 51.294766052926228],
        [-0.131489912635769, 51.294820873600408],
        [-0.131476401971766, 51.294871017767584],
        [-0.131448301613038, 51.294927224065134],
        [-0.131402854107824, 51.294986750629093],
        [-0.131354941016011, 51.295036345724128],
        [-0.131257305925128, 51.295109427810402],
        [-0.131104683030326, 51.29530033730537],
        [-0.13107701989366, 51.295345759111072],
        [-0.131110274805572, 51.295445210937686],
        [-0.131136305854087, 51.295475302746432],
        [-0.13128869314148, 51.295608130901826],
        [-0.131416994212697, 51.295698308207278],
        [-0.131960503544042, 51.295983959837798],
        [-0.132150978285823, 51.296132682295685],
        [-0.132333860286016, 51.296327146677093],
        [-0.132799291177881, 51.296769822348821],
        [-0.13291091853367, 51.296882214094587],
        [-0.132977647654283, 51.29693453721751],
        [-0.133064190578288, 51.296993471208665],
        [-0.133174884354962, 51.297058185893292],
        [-0.13332044332472, 51.297182808902143],
        [-0.133917909254346, 51.297801146192292],
        [-0.134436326636154, 51.298317501322693],
        [-0.134435124310541, 51.298347158440421],
        [-0.134458182774369, 51.298379899954845],
        [-0.134480682134478, 51.298391049811229],
        [-0.134513398418825, 51.298397866041618],
        [-0.134549309672555, 51.298396639636948],
        [-0.135586494059903, 51.298324131048048],
        [-0.135780885823864, 51.298376686738912],
        [-0.135949382928848, 51.298289441316271],
        [-0.136007998381969, 51.29825889965376],
        [-0.136204742387478, 51.298217966877118],
        [-0.136299428255417, 51.298217675511033],
        [-0.136354694912594, 51.298269814210791],
        [-0.136539365001679, 51.299093796798374],
        [-0.136635620977845, 51.299515292775787],
        [-0.136670250130952, 51.299793721585935],
        [-0.136671647319403, 51.299794643101514],
        [-0.136821895771057, 51.300016458528525],
        [-0.137340291900015, 51.300782799906003],
        [-0.137402825146347, 51.30079728388813],
        [-0.137468771330697, 51.300798332921083],
        [-0.137558346475067, 51.300782671443024],
        [-0.137852737116762, 51.300668648751703],
        [-0.137926869510429, 51.300644647869859],
        [-0.138048565446706, 51.300615108353362],
        [-0.138551683309034, 51.30044774829215],
        [-0.138715788916925, 51.300398198857195],
        [-0.138814800563223, 51.300362002983732],
        [-0.138994477397963, 51.300282125145451],
        [-0.139729509606855, 51.299984453153847],
        [-0.140010878594842, 51.299872916031468],
        [-0.140306545735239, 51.299762504617043],
        [-0.140487469662854, 51.299687140715399],
        [-0.140586768935008, 51.299643753681643],
        [-0.14068701217686, 51.299577000269572],
        [-0.140724684630031, 51.29956770641143],
        [-0.140801099954074, 51.29955812845774],
        [-0.14088159811835, 51.299554010963142],
        [-0.140988862226737, 51.299562009026545],
        [-0.141239810081714, 51.299635237674508],
        [-0.141394763470201, 51.299670071546579],
        [-0.141723797495757, 51.299763423519877],
        [-0.142155760872331, 51.299865602042949],
        [-0.142393355975114, 51.299914335763852],
        [-0.142485886256472, 51.299931990772407],
        [-0.142795306739411, 51.29997826599368],
        [-0.142859709545059, 51.299981985353583],
        [-0.14358555658968, 51.301262379557571],
        [-0.144449468231809, 51.300543160635414],
        [-0.144878655242008, 51.300714529547498],
        [-0.145651643520219, 51.299830192360893],
        [-0.145675797238099, 51.299835970565759],
        [-0.146583607915829, 51.30005537984978],
        [-0.148090772522953, 51.300602608044365],
        [-0.148478243971576, 51.300705857940528],
        [-0.149522714094302, 51.300702585377302],
        [-0.149841071026214, 51.30020581857768],
        [-0.15001995915301, 51.300287781689505],
        [-0.150082170717027, 51.300310347307033],
        [-0.150271167213128, 51.300390671176125],
        [-0.151049628310779, 51.300724009086004],
        [-0.151075000149588, 51.300735201077813],
        [-0.151368355241446, 51.300860336395324],
        [-0.152524046688009, 51.301374079644454],
        [-0.152632163983379, 51.301432440061589],
        [-0.152690005297994, 51.301456733878531],
        [-0.153386847072869, 51.301679955559969],
        [-0.155343983983224, 51.301276453678774],
        [-0.155405788249429, 51.301380844350753],
        [-0.156710189876961, 51.303591128241329],
        [-0.156989326092991, 51.303642284603733],
        [-0.157035336501988, 51.303711353908682],
        [-0.15776118832479, 51.304429608468915],
        [-0.157670989148715, 51.304532505516299],
        [-0.157728759324176, 51.304594565334689],
        [-0.155049534573755, 51.305793384530858],
        [-0.15453537054746, 51.30645074765242],
        [-0.155166143578531, 51.306427414002904],
        [-0.155789667690764, 51.306441732445954],
        [-0.156441940394043, 51.306454701637868],
        [-0.156598146386875, 51.306494930532807],
        [-0.156764706845476, 51.306563199813354],
        [-0.156909934250158, 51.306662607777938],
        [-0.157088044586962, 51.306693288737058],
        [-0.157189197254735, 51.306711067696817],
        [-0.156504512403661, 51.307292014781282],
        [-0.156422806439216, 51.307361771319172],
        [-0.156191723252021, 51.307650397997172],
        [-0.155597796829352, 51.308471976672458],
        [-0.155074866529211, 51.309275786132666],
        [-0.154371310026931, 51.310253904071253],
        [-0.154341397027485, 51.310319979107184],
        [-0.155376638553025, 51.310409133150699],
        [-0.155639451064794, 51.310367409774003],
        [-0.15582671147695, 51.310420718603687],
        [-0.156254202058037, 51.310422953990035],
        [-0.156492047182123, 51.310467166165921],
        [-0.156643280659567, 51.310524402876162],
        [-0.157041233461043, 51.310726709131941],
        [-0.15736363506456, 51.310845091709886],
        [-0.157664355096568, 51.310931657583069],
        [-0.158090909397407, 51.310993223763425],
        [-0.158356585462714, 51.310987510392458],
        [-0.158358050009324, 51.311022605215371],
        [-0.158291958688508, 51.311168147852698],
        [-0.158240962216032, 51.311295043059353],
        [-0.157847744861627, 51.312120688639737],
        [-0.157633415888892, 51.312671271072062],
        [-0.157298300221213, 51.313228045935418],
        [-0.1571955955071, 51.313391896589941],
        [-0.15744160957693, 51.313769866820557],
        [-0.157519995070888, 51.313890703928529],
        [-0.157607165223995, 51.314007182810194],
        [-0.157669099026335, 51.314108876165875],
        [-0.15777106069394, 51.314321810188275],
        [-0.157905364471415, 51.314515468802234],
        [-0.158330637826295, 51.314968198854444],
        [-0.15838461781548, 51.315053579740386],
        [-0.158566724003275, 51.315200327673367],
        [-0.158990796843498, 51.315611669635132],
        [-0.159193339410481, 51.315785716118754],
        [-0.159339989458025, 51.315957984441326],
        [-0.159511271469298, 51.316411213756382],
        [-0.159588281899416, 51.316710084358867],
        [-0.159606839789143, 51.31710695659747],
        [-0.159943223740306, 51.317056487589142],
        [-0.160276135502179, 51.316949308705382],
        [-0.160507290476113, 51.316874702982581],
        [-0.16094498610271, 51.317269165326017],
        [-0.161113803137874, 51.317461563499798],
        [-0.16120310923361, 51.317525015839585],
        [-0.161222785535859, 51.317607158862643],
        [-0.161199652771512, 51.317683234040643],
        [-0.161117219575865, 51.317734996880539],
        [-0.161207943892564, 51.317978326558318],
        [-0.161257100876584, 51.317969206385477],
        [-0.161405722917379, 51.318307868876133],
        [-0.161388369049769, 51.318311193514468],
        [-0.161471712445147, 51.318523831708497],
        [-0.161794733541351, 51.319346343748265],
        [-0.161798748758712, 51.319353600975539],
        [-0.161888620257409, 51.319582528238918],
        [-0.16190546884077, 51.319627756447574],
        [-0.158714603178791, 51.320681939532342],
        [-0.15852419701036, 51.320741894883035],
        [-0.156466058000111, 51.321389365488443],
        [-0.15650993680432, 51.321440415651089],
        [-0.156568836043801, 51.321510587021557],
        [-0.158660110924414, 51.323977825070308],
        [-0.158957037450652, 51.323874580322993],
        [-0.159050326831442, 51.323982161273086],
        [-0.160625652191152, 51.323243430226462],
        [-0.16222072003153, 51.324486988985164],
        [-0.162907000465229, 51.325020234837439],
        [-0.163476109684315, 51.325468905926684],
        [-0.164177659528151, 51.326015872641477],
        [-0.164212479283381, 51.326042497403861],
        [-0.163592693780259, 51.326215333000548],
        [-0.163772700437606, 51.326559879577623],
        [-0.164293193074182, 51.327543751313492],
        [-0.164368031550929, 51.327718484167789],
        [-0.16438444866314, 51.327990322129608],
        [-0.164387564799144, 51.328127959835534],
        [-0.164222597720799, 51.328161345030836],
        [-0.164007602792143, 51.328189449356962],
        [-0.163999163462048, 51.328508559192194],
        [-0.163996112335708, 51.32858494961598],
        [-0.16356055449716, 51.328744486220693],
        [-0.163128620877629, 51.328813251422055],
        [-0.16235914537627, 51.328887510480151],
        [-0.162315930474873, 51.328891328761266],
        [-0.16310214330479, 51.330266062211507],
        [-0.165459619154209, 51.329966685757547],
        [-0.168411425376491, 51.329592925868326],
        [-0.169607497369004, 51.329511805916738],
        [-0.170091218189441, 51.32947619982464],
        [-0.170016558847075, 51.329945352932185],
        [-0.169919826317729, 51.330247795601537],
        [-0.169986424218413, 51.33023354861156],
        [-0.170187759563438, 51.330188133683841],
        [-0.171496923906499, 51.330115056150582],
        [-0.17188661267726, 51.330061787583041],
        [-0.172503572473223, 51.330032747557091],
        [-0.172670587946179, 51.33002006592266],
        [-0.172808590767477, 51.330015024866768],
        [-0.172888961414349, 51.330015379464314],
        [-0.172972581066107, 51.330150675551714],
        [-0.173085195436686, 51.330387142370967],
        [-0.173223567643075, 51.330661780272003],
        [-0.173507531632988, 51.331246239727761],
        [-0.173744939922367, 51.331774217588901],
        [-0.17390825294877, 51.332288449835247],
        [-0.174164357552023, 51.333213297103029],
        [-0.174691475160931, 51.333170254899876],
        [-0.174800964646456, 51.333485807078816],
        [-0.174894046171851, 51.333708478461737],
        [-0.175044993580871, 51.333811549028127],
        [-0.175619716527188, 51.334124456657698],
        [-0.175936535617012, 51.33431643976234],
        [-0.176118979258195, 51.334421797975857],
        [-0.176290409789231, 51.334515293884159],
        [-0.178528686018393, 51.335741659150706],
        [-0.178867797468436, 51.335915096138109],
        [-0.179395464734346, 51.336184987431963],
        [-0.179741019817059, 51.336413377521247],
        [-0.180846408891061, 51.337140076110423],
        [-0.18164072661309, 51.337638016690441],
        [-0.181789828128704, 51.337715870111694],
        [-0.182021272406231, 51.337853454043987],
        [-0.182330637168924, 51.338017426356089],
        [-0.182392631250726, 51.338047165079253],
        [-0.183554608895002, 51.338615544812164],
        [-0.184632932659891, 51.339194306765322],
        [-0.184918029819584, 51.339355198161783],
        [-0.185934992406071, 51.339888932736784],
        [-0.187253920331718, 51.340593696959672],
        [-0.187473102767629, 51.340678922484479],
        [-0.187461020904743, 51.340694023098287],
        [-0.187382825412924, 51.34078363920829],
        [-0.1878993871737, 51.340937313776649],
        [-0.188363108801927, 51.341083873883846],
        [-0.188373046867154, 51.341086725404551],
        [-0.188754255033644, 51.341214022290565],
        [-0.189498998321574, 51.34148002961475],
        [-0.190195529024802, 51.341730898896813],
        [-0.190921741125803, 51.341993912914994],
        [-0.191304540489875, 51.3421176288984],
        [-0.193254449501863, 51.342627033038262],
        [-0.194440025680976, 51.342893512796138],
        [-0.196072612303309, 51.343331431786069],
        [-0.196119531636272, 51.343270104886351],
        [-0.196292222843874, 51.343040753152827],
        [-0.196715436897848, 51.343159678030332],
        [-0.196589572788144, 51.343403240380958],
        [-0.196566284068772, 51.343447845211038],
        [-0.19713324889663, 51.343562686877782],
        [-0.197344429152024, 51.34359651226287],
        [-0.197356367529074, 51.343585005512814],
        [-0.197469975741299, 51.343470748333537],
        [-0.197490206665039, 51.343467462594894],
        [-0.19758268077821, 51.34345269880923],
        [-0.197677555981624, 51.343486532361247],
        [-0.197724297076253, 51.343429698427435],
        [-0.19785989743208, 51.343267218798474],
        [-0.198055715903155, 51.343033724000414],
        [-0.198385200611312, 51.342650308643563],
        [-0.198470300548101, 51.342457375697293],
        [-0.198582689377341, 51.34230083310193],
        [-0.198776552561572, 51.342153636755022],
        [-0.199145858217811, 51.341889535002139],
        [-0.199351266514923, 51.341887297350766],
        [-0.199582503791432, 51.341885456364089],
        [-0.200092379376864, 51.341221539557459],
        [-0.200648473693398, 51.340550237164123],
        [-0.201224393658657, 51.339885531496762],
        [-0.201383623020106, 51.339925745992232],
        [-0.20138369337831, 51.339923948536764],
        [-0.201386809399797, 51.339917701510842],
        [-0.201391395483071, 51.339910577791123],
        [-0.201394511502522, 51.339904330764981],
        [-0.201399027225687, 51.33989900450041],
        [-0.201405013009598, 51.339892801541808],
        [-0.20140956390891, 51.339886576549048],
        [-0.201415514511354, 51.339881272317591],
        [-0.201422899995037, 51.339875990119495],
        [-0.201428850594517, 51.339870685887327],
        [-0.201436236074955, 51.33986540368835],
        [-0.20144358637579, 51.339861020216631],
        [-0.201452371557331, 51.339856658777734],
        [-0.201461156737182, 51.339852297338147],
        [-0.20146850703359, 51.339847913864816],
        [-0.201478691914773, 51.339844473184719],
        [-0.201487441912849, 51.339841010470934],
        [-0.201497591614373, 51.33983846851698],
        [-0.201506341609907, 51.339835005801717],
        [-0.201515021251284, 51.339833340541425],
        [-0.201525170949636, 51.339830798585041],
        [-0.20153528547084, 51.339829155355623],
        [-0.201545399991344, 51.339827512125268],
        [-0.20155551451113, 51.339825868894053],
        [-0.201564158973675, 51.339825102357935],
        [-0.201575673198208, 51.339824379884689],
        [-0.201585717366236, 51.33982453410659],
        [-0.201595761534369, 51.339824688327568],
        [-0.201607205409169, 51.339825763306962],
        [-0.201618649284533, 51.339826838285212],
        [-0.201630093160457, 51.339827913262411],
        [-0.201640066981627, 51.339829864935339],
        [-0.201651475685113, 51.339831838638283],
        [-0.201661414334554, 51.339834689037339],
        [-0.201671352985217, 51.339837539435557],
        [-0.201682726518862, 51.339840411863356],
        [-0.201686960817927, 51.339842275410426],
        [-0.201696864298984, 51.339846024534388],
        [-0.201706767781696, 51.339849773657534],
        [-0.201715236383861, 51.339853500749818],
        [-0.201725104697329, 51.339858148599326],
        [-0.20173353813036, 51.339862774418201],
        [-0.201903107396115, 51.340189114137679],
        [-0.202071418768583, 51.34014403666491],
        [-0.20210771303957, 51.340133802567287],
        [-0.202323340222936, 51.340090350282132],
        [-0.202610337697169, 51.339984144825543],
        [-0.202956346032455, 51.339837477748091],
        [-0.203503908518129, 51.339639945192921],
        [-0.204272140940293, 51.339306406991959],
        [-0.206749270973007, 51.338263439163214],
        [-0.20689818435232, 51.338200072457312],
        [-0.206899619186951, 51.338200094423357],
        [-0.209635422987077, 51.337036926899735],
        [-0.210453785576393, 51.336704114753417],
        [-0.211029414240128, 51.336447624452795],
        [-0.211506493173391, 51.336251675982517],
        [-0.211901436397515, 51.336063464350126],
        [-0.213055839316649, 51.335542421416861],
        [-0.212272442212894, 51.334054768675493],
        [-0.211931063700647, 51.333309460169275],
        [-0.212477191501524, 51.332555217441119],
        [-0.212670753902592, 51.332302779409375],
        [-0.212727682189886, 51.332241598673129],
        [-0.213316433923034, 51.331424154467328],
        [-0.214032204026431, 51.330477351182147],
        [-0.214120334249101, 51.330351898281847],
        [-0.214289819816534, 51.330275346962907],
        [-0.214369700004669, 51.330251385362395],
        [-0.215923595196458, 51.329862302222843],
        [-0.216108651659029, 51.329828251067276],
        [-0.216841269308635, 51.32985109807997],
        [-0.217330670939687, 51.329853152680087],
        [-0.218773506640689, 51.329847227895172],
        [-0.219360495024567, 51.32984985886489],
        [-0.220064520111389, 51.329832683214271],
        [-0.22066602833454, 51.329831031967508],
        [-0.220719359727052, 51.329862417280225],
        [-0.220963308802455, 51.329864324576278],
        [-0.220967612558764, 51.32986438995011],
        [-0.221516557485301, 51.330405093248558],
        [-0.222169000487711, 51.331016608510794],
        [-0.223119688280932, 51.331748650543638],
        [-0.224154589387232, 51.3324567820477],
        [-0.225729237707922, 51.333463544939619],
        [-0.227002261331747, 51.334327233610374],
        [-0.226919281353325, 51.334394321660426],
        [-0.22737005494874, 51.334654737825758],
        [-0.228296521876207, 51.335237091858254],
        [-0.228726081731374, 51.335526857552281],
        [-0.22923035463117, 51.335889692450955],
        [-0.22981032193891, 51.336486578891623],
        [-0.229847642164823, 51.336524012807857],
        [-0.228477035027656, 51.337071626251998],
        [-0.228338440696253, 51.337128881466668],
        [-0.228274269216913, 51.337154888750938],
        [-0.228484696582055, 51.337245300360458],
        [-0.227883776769959, 51.33748980288776],
        [-0.226985449747912, 51.337814331674352],
        [-0.226851897127463, 51.337889646773682],
        [-0.226677964334438, 51.338081254882702],
        [-0.226182259545475, 51.338537769801441],
        [-0.225679740146792, 51.338947417605986],
        [-0.224451905384887, 51.339846961360394],
        [-0.224115567595344, 51.340042398559767],
        [-0.223701425392017, 51.339984860552249],
        [-0.223286151996881, 51.339882340634404],
        [-0.222301786399027, 51.340461819358644],
        [-0.222514037259291, 51.340690756211579],
        [-0.222725426954283, 51.340830652306018],
        [-0.221810980533513, 51.341346440745355],
        [-0.221090017633852, 51.341685307673359],
        [-0.220406736131172, 51.342014850788175],
        [-0.219815805532432, 51.342332304575727],
        [-0.219205613036656, 51.342627880188161],
        [-0.218392248698488, 51.342978814781723],
        [-0.21728943035332, 51.343388287324693],
        [-0.217427088755006, 51.343652068690133],
        [-0.217480868289577, 51.343783280646711],
        [-0.217741962104092, 51.344418538144822],
        [-0.217709066397345, 51.344452209699732],
        [-0.217795404821061, 51.344854595816976],
        [-0.218015118163837, 51.345594436975425],
        [-0.217802558481142, 51.345632569267671],
        [-0.218060296842117, 51.34598450617198],
        [-0.218168858210769, 51.346110256255294],
        [-0.218182511949215, 51.346128449258906],
        [-0.218385437153527, 51.346449875822771],
        [-0.218618074373912, 51.346930923793813],
        [-0.218745048889215, 51.347248496788495],
        [-0.218771974160421, 51.347294768750594],
        [-0.218864649511223, 51.347422974357841],
        [-0.218954962403071, 51.347649163848949],
        [-0.219315735881141, 51.348381254873736],
        [-0.219459578952453, 51.348634336339515],
        [-0.219759127287806, 51.349093917202367],
        [-0.219887132578916, 51.349422295617089],
        [-0.219913851255749, 51.349473959735874],
        [-0.220137761126947, 51.349921598876705],
        [-0.220210568816283, 51.350080975692009],
        [-0.220252386643745, 51.350187724272693],
        [-0.220266293636052, 51.350236495850929],
        [-0.220266099681111, 51.350315628177825],
        [-0.220214481357832, 51.350387684328531],
        [-0.220283014310814, 51.350694475497598],
        [-0.220367892969871, 51.350987126710137],
        [-0.220445870595724, 51.351420857499029],
        [-0.221312115425673, 51.351339591343958],
        [-0.221287013338645, 51.351171947035155],
        [-0.222116868048085, 51.351325729586527],
        [-0.222079638809066, 51.351397105663985],
        [-0.222026987240901, 51.351532994662634],
        [-0.221989932237462, 51.351748255610623],
        [-0.221962349490091, 51.351904308890902],
        [-0.221968491441567, 51.352116628433762],
        [-0.221989447426045, 51.352354352216416],
        [-0.221995616010099, 51.352677281613602],
        [-0.222074253215179, 51.352723438369509],
        [-0.222069295185021, 51.352777318954097],
        [-0.221992780725239, 51.35282471786536],
        [-0.221981176763606, 51.352901878433372],
        [-0.221976140650621, 51.353069065080625],
        [-0.221980734183652, 51.353247189053356],
        [-0.221999881376585, 51.353531647054204],
        [-0.222032042309393, 51.353776734953428],
        [-0.222114388693749, 51.354098122672838],
        [-0.222160590951311, 51.354351516989645],
        [-0.222207715086956, 51.354506905526215],
        [-0.222272620481288, 51.354648175665602],
        [-0.222440032114096, 51.355072470775866],
        [-0.22244399037457, 51.35508152347532],
        [-0.22250176434789, 51.355258655794245],
        [-0.222609468755134, 51.355741395992759],
        [-0.222703273375916, 51.356212234734272],
        [-0.222747757693564, 51.356435926951953],
        [-0.222806596654449, 51.356659836917245],
        [-0.222806903113462, 51.356763256846463],
        [-0.222751334778391, 51.357011509738705],
        [-0.222761331976975, 51.357087199523704],
        [-0.222789588552941, 51.357099318631619],
        [-0.22287501919483, 51.357118599938573],
        [-0.222888782316638, 51.357134096203865],
        [-0.222981134454537, 51.357382794550865],
        [-0.223156529477377, 51.357749656629075],
        [-0.223203571247999, 51.357833102348103],
        [-0.223227079668162, 51.357893709535688],
        [-0.223246639226864, 51.357982133980634],
        [-0.223299755763826, 51.358131317995024],
        [-0.223484975980089, 51.358429984535711],
        [-0.223647280196723, 51.358652765184424],
        [-0.223852219255497, 51.35896162199294],
        [-0.224082826345128, 51.359275363850593],
        [-0.22426297762105, 51.359445357636424],
        [-0.224337276694433, 51.359455476479674],
        [-0.224429424703717, 51.359561187659381],
        [-0.2245213646263, 51.359672291184992],
        [-0.22472014402148, 51.359954974396267],
        [-0.224948620444387, 51.360249797637913],
        [-0.225449551771603, 51.360816728060641],
        [-0.226169701407424, 51.361658552964045],
        [-0.226307449530058, 51.36177394565518],
        [-0.226369412374028, 51.36184322771151],
        [-0.226431561198262, 51.361944885987654],
        [-0.226463133972308, 51.362020002735584],
        [-0.226700071685302, 51.362319446753808],
        [-0.226897717701855, 51.362594914763811],
        [-0.226966917380496, 51.36262563774828],
        [-0.228541412085044, 51.363329298598273],
        [-0.229929770019374, 51.364018435301674],
        [-0.230007172064995, 51.364060071528911],
        [-0.230481167429873, 51.364359491922052],
        [-0.231607994490007, 51.365089620791458],
        [-0.23176854817305, 51.365172977705683],
        [-0.231914606993031, 51.365259712682708],
        [-0.232061513687588, 51.365361747707382],
        [-0.232832659168383, 51.365816718077618],
        [-0.233215910827692, 51.36601134328847],
        [-0.233844241474574, 51.365324789483793],
        [-0.233974044336729, 51.365386097490983],
        [-0.234188538074658, 51.365486450856416],
        [-0.23525064066512, 51.365959279198329],
        [-0.235913348474955, 51.366358639878278],
        [-0.236804372546983, 51.366798302816989],
        [-0.237076240286905, 51.366901312794937],
        [-0.237433936794336, 51.366939068174915],
        [-0.237849327009694, 51.367008265105412],
        [-0.238590981220192, 51.367073373742983],
        [-0.23894200154794, 51.366835850519145],
        [-0.239499739965875, 51.366901785703355],
        [-0.240551749255295, 51.367003019348161],
        [-0.240915296039393, 51.367038154152624],
        [-0.241101965376048, 51.366478020116972],
        [-0.241174837945545, 51.366263291766117],
        [-0.241256296269544, 51.366274406522841],
        [-0.242984021864764, 51.366511656776879],
        [-0.244615199876725, 51.366719557808963],
        [-0.245153593726545, 51.366803161366853],
        [-0.245429183624689, 51.36684685647645],
        [-0.245353094570424, 51.366995893238617],
        [-0.245317358093375, 51.367066399501937],
        [-0.245041490796438, 51.367743906058877],
        [-0.244903607869487, 51.368156399110532],
        [-0.244769629134538, 51.36869214900333],
        [-0.244731316878425, 51.368980237234908],
        [-0.244703746018749, 51.369062556011251],
        [-0.24465632540301, 51.369250689966904],
        [-0.244645167084418, 51.369317067966122],
        [-0.24462767340958, 51.369436407334369],
        [-0.244605841275041, 51.369706757236472],
        [-0.244562198312141, 51.370472272088016],
        [-0.244609015910206, 51.370901020866356],
        [-0.244707347146991, 51.371372806556479],
        [-0.244712586594761, 51.371498781302343],
        [-0.244704627919845, 51.371631752381695],
        [-0.244732967792503, 51.37231831146152],
        [-0.244733059074271, 51.372879450288821],
        [-0.244723492308521, 51.373016893543344],
        [-0.24469631589794, 51.373163964813735],
        [-0.24462383058322, 51.373180863991237],
        [-0.244624901597599, 51.373791476652151],
        [-0.244661012946843, 51.374425095701632],
        [-0.244742074132266, 51.374446993088263],
        [-0.244763942464121, 51.374513865833009],
        [-0.244791062066577, 51.374819120731026],
        [-0.24478860624515, 51.374958468995956],
        [-0.244794067649653, 51.375003513733454],
        [-0.244824304153233, 51.375114575483046],
        [-0.244854307806814, 51.375194159690913],
        [-0.2448655401491, 51.375276160466562],
        [-0.244940179755375, 51.375616298955144],
        [-0.244968717747366, 51.375846936560635],
        [-0.245082789918926, 51.376320755797863],
        [-0.245137362088663, 51.376659694252368],
        [-0.245197519726869, 51.37711561986405],
        [-0.245207523193563, 51.377192206623015],
        [-0.245202242772721, 51.377443020530166],
        [-0.245230753561311, 51.378350798813187],
        [-0.245184897447194, 51.379061424982915],
        [-0.24514509209802, 51.379425927464077],
        [-0.245054253159237, 51.380035162887488],
        [-0.245036255288623, 51.380092445803129],
        [-0.244992349299605, 51.38060166724015],
        [-0.244984782592705, 51.380649214554218],
        [-0.244922739699196, 51.380881192935497],
        [-0.24483578482205, 51.38086280450149],
        [-0.244792736522429, 51.38101143639323],
        [-0.244778683928457, 51.381003132563372],
        [-0.24467241628559, 51.38160224462451],
        [-0.244695284788587, 51.381643053806329],
        [-0.24448402531884, 51.382432134560055],
        [-0.244340053455079, 51.38292726671736],
        [-0.24417472388618, 51.383492220697029],
        [-0.242959762891856, 51.382945244580284],
        [-0.242931485118446, 51.382933130186117],
        [-0.242821578092937, 51.383063672833423],
        [-0.242553297891204, 51.383351907865553],
        [-0.242555413037161, 51.383371723255117],
        [-0.242558482477068, 51.383404142562604],
        [-0.242094266889035, 51.384005076919088],
        [-0.241951206497811, 51.384175587937655],
        [-0.241826472559396, 51.384355366349475],
        [-0.241620212425064, 51.384524928628252],
        [-0.241403252625781, 51.384673647039271],
        [-0.241065009467426, 51.384874499903702],
        [-0.240720064233278, 51.385062661568618],
        [-0.240059581611521, 51.385421438443657],
        [-0.239912775644935, 51.385501964995576],
        [-0.239750916049169, 51.38560025036881],
        [-0.23937761245443, 51.385778090262065],
        [-0.239191022320541, 51.385884096585173],
        [-0.239035918358734, 51.385918635218495],
        [-0.238914182564902, 51.385982451410008],
        [-0.238854934274551, 51.386028322293143],
        [-0.238744585275394, 51.386095007229343],
        [-0.238956147548243, 51.386686301446083],
        [-0.238971003437477, 51.38674857347948],
        [-0.238995832340737, 51.386850562719403],
        [-0.239013717443064, 51.387058559960558],
        [-0.239097309894618, 51.387239667690963],
        [-0.239223878952927, 51.387461887747229],
        [-0.239323696995093, 51.387707086378732],
        [-0.239459460952837, 51.387951925743366],
        [-0.239470752749612, 51.388144536430154],
        [-0.239494871381382, 51.388227630460854],
        [-0.239490995821297, 51.388366057826559],
        [-0.239580350389087, 51.388509482928661],
        [-0.239612248008317, 51.38865204476344],
        [-0.239584655301261, 51.388734361867783],
        [-0.239573804665525, 51.388867288889955],
        [-0.239571367936271, 51.388893330734355],
        [-0.239581893708197, 51.388918668067987],
        [-0.239600279344146, 51.388963907138425],
        [-0.239638497275981, 51.389129045331934],
        [-0.239646012263803, 51.389157934454438],
        [-0.239706881078202, 51.389294636682749],
        [-0.239743652916188, 51.389385114781156],
        [-0.239785562024421, 51.389454087872082],
        [-0.239886009445521, 51.389570701629417],
        [-0.239892419561817, 51.389740757465425],
        [-0.239954563104719, 51.390069020395423],
        [-0.240027349181243, 51.39038215575507],
        [-0.240035151179976, 51.390478493411464],
        [-0.240063592189955, 51.390636290511523],
        [-0.240115902216648, 51.390808834197529],
        [-0.24013734537165, 51.390924261104814],
        [-0.240104901631221, 51.391095531857175],
        [-0.240108256385941, 51.391195399729654],
        [-0.240236208377028, 51.391419437752596],
        [-0.240402510958711, 51.391730380143947],
        [-0.240471786273655, 51.391797965373243],
        [-0.240560863042812, 51.391986348250327],
        [-0.240619807350089, 51.392060972316749],
        [-0.240693163181835, 51.392097144698511],
        [-0.240789883087157, 51.392123775981439],
        [-0.240847850784134, 51.392148926163529],
        [-0.240967934833846, 51.392166016231023],
        [-0.240961706068068, 51.392178512317194],
        [-0.240885213814658, 51.392336532405189],
        [-0.240824063124782, 51.392431834815149],
        [-0.240860115631, 51.39254118607785],
        [-0.240935208887327, 51.392719466885367],
        [-0.241168593147471, 51.393155512430106],
        [-0.24130157644867, 51.393286102035397],
        [-0.241344559699891, 51.393327213673494],
        [-0.241345169165032, 51.393348804969349],
        [-0.241345296143175, 51.39338297861066],
        [-0.241691686009634, 51.393871077316916],
        [-0.241745783961696, 51.393922247393242],
        [-0.241823039999662, 51.393969268629888],
        [-0.242048693979013, 51.39408236336557],
        [-0.242285438745866, 51.394168646341711],
        [-0.242510012591607, 51.394234962662026],
        [-0.242791476053685, 51.394279650263556],
        [-0.243188489214611, 51.394309882994435],
        [-0.243543840992751, 51.394339489909697],
        [-0.243548116427019, 51.394340453251154],
        [-0.243753303068908, 51.394387592198314],
        [-0.243925000454262, 51.394445919242827],
        [-0.244076895244232, 51.394495855996517],
        [-0.244101214617841, 51.394498918179941],
        [-0.244232971132683, 51.394511683480246],
        [-0.244595174070784, 51.394662789362762],
        [-0.244707817826841, 51.394799365089405],
        [-0.244792986064241, 51.39497779417492],
        [-0.24499215792612, 51.395182210556456],
        [-0.245115514111375, 51.395301860448932],
        [-0.245488268533535, 51.395590707602025],
        [-0.245536007190937, 51.395657967262913],
        [-0.245585045117152, 51.395728843376794],
        [-0.245692333253347, 51.395817677385246],
        [-0.24577530156355, 51.395903449459695],
        [-0.2458898625943, 51.396065231838648],
        [-0.246002864432741, 51.396155050334244],
        [-0.246174791061876, 51.396320388822843],
        [-0.246298036525402, 51.39651827096386],
        [-0.246399986743993, 51.396634002067223],
        [-0.246493695327559, 51.396739717944094],
        [-0.246769673931443, 51.396965963325528],
        [-0.246940066539119, 51.397133975452491],
        [-0.247424784370401, 51.397578263725968],
        [-0.24742300415275, 51.397587229651123],
        [-0.247415642827236, 51.397629384539869],
        [-0.247212821771777, 51.397858358790131],
        [-0.247070079348057, 51.398019888031328],
        [-0.246959088007737, 51.398140526362461],
        [-0.2468930754249, 51.398287915882108],
        [-0.246769407594656, 51.398514476470552],
        [-0.246763915943625, 51.398620506386308],
        [-0.246759798815643, 51.398690586669737],
        [-0.246754272747313, 51.398797515322343],
        [-0.246730983457256, 51.398955435736084],
        [-0.246721056996891, 51.398989458904943],
        [-0.246685392981368, 51.399095037380171],
        [-0.246621983332126, 51.399211891018155],
        [-0.246609245257685, 51.399281842301015],
        [-0.246591640245197, 51.399403877538177],
        [-0.246619401319013, 51.399692953696359],
        [-0.246660128245257, 51.399981324573936],
        [-0.246710424165059, 51.400132252623798],
        [-0.246823989141457, 51.400395634779329],
        [-0.246846449675989, 51.400484997006764],
        [-0.246834370969499, 51.400500103633135],
        [-0.246792793391473, 51.400572321231046],
        [-0.246719021433306, 51.400659344473695],
        [-0.24668809214694, 51.400678665325522],
        [-0.246673036592096, 51.400696425160575],
        [-0.246477574310779, 51.400807705868402],
        [-0.246461425530348, 51.400816456772027],
        [-0.246123825497635, 51.401073087676629],
        [-0.246085230200592, 51.401104883202379],
        [-0.24569790620682, 51.401421018734027],
        [-0.245495693713066, 51.401558275153],
        [-0.245376076095404, 51.401641014141958],
        [-0.245294125743493, 51.401716223733267],
        [-0.245238604516435, 51.401701903556855],
        [-0.245234259567526, 51.401702737750462],
        [-0.24507069089013, 51.402220057525071],
        [-0.245055591791545, 51.402276484448073],
        [-0.245044570461201, 51.402301498526171],
        [-0.244892276025129, 51.402711975576402],
        [-0.244855228456131, 51.402853502930483],
        [-0.244845024440488, 51.402894715810774],
        [-0.244739592000658, 51.403170107068746],
        [-0.244682986935816, 51.403409360163828],
        [-0.244700094405874, 51.403713564398622],
        [-0.24470341669327, 51.403852099335921],
        [-0.244684722173349, 51.404227707642022],
        [-0.244718288840491, 51.404364897065598],
        [-0.24481156156344, 51.404482297873784],
        [-0.244848518790679, 51.404606049218813],
        [-0.244886474040336, 51.404703737122908],
        [-0.244884668441655, 51.404826008656194],
        [-0.244946641051535, 51.405085022730397],
        [-0.245013131657665, 51.405338708891719],
        [-0.245050468526862, 51.405452574039892],
        [-0.245184394851609, 51.405709967679101],
        [-0.245192116829959, 51.405921408008162],
        [-0.245195895808484, 51.40601049074241],
        [-0.245221634517717, 51.406126879912144],
        [-0.245229740408369, 51.406140490095659],
        [-0.245358239110401, 51.406351940270355],
        [-0.245477367929099, 51.406545264933456],
        [-0.245532845277014, 51.406636020878466],
        [-0.245503944416382, 51.406752491211471],
        [-0.245399855920246, 51.406955063482378],
        [-0.245338289353413, 51.407023384244944],
        [-0.245353675873339, 51.407072174325826],
        [-0.245386994691771, 51.407103247810959],
        [-0.24547313157962, 51.40718187325043],
        [-0.245487356462702, 51.407223451889806],
        [-0.245504868208261, 51.407254288688804],
        [-0.245703827693168, 51.407428125355729],
        [-0.245758427320397, 51.407466711316722],
        [-0.245801420104517, 51.407545589934514],
        [-0.245810757083524, 51.407564614022398],
        [-0.245847948022596, 51.407569666971298],
        [-0.246042490671122, 51.407595959322286],
        [-0.24619231348061, 51.40762607839067],
        [-0.246297072556885, 51.407669011738811],
        [-0.246598630697023, 51.407754456742225],
        [-0.246733609453983, 51.407759173920248],
        [-0.246841827784049, 51.407786871216594],
        [-0.246956413101667, 51.407798477088562],
        [-0.247032363675268, 51.407842777343213],
        [-0.247103900153426, 51.407889709285541],
        [-0.247203181097581, 51.407963134495958],
        [-0.247257473341061, 51.408009808428986],
        [-0.247283224578547, 51.408088428615208],
        [-0.247292281085239, 51.408152411059774],
        [-0.24729542383949, 51.408183032680348],
        [-0.247338729202749, 51.408253822100612],
        [-0.247363249830049, 51.408327028339954],
        [-0.247394446590518, 51.408376054569395],
        [-0.247460848386416, 51.408444491578116],
        [-0.247507612516379, 51.408500045344887],
        [-0.247509971229394, 51.408513569417771],
        [-0.247538550773367, 51.408668668370744],
        [-0.247555868346165, 51.408855072777172],
        [-0.247557068887787, 51.409049329454298],
        [-0.247508848724867, 51.409107059864319],
        [-0.247428943818297, 51.409166114941875],
        [-0.247257224263092, 51.409294837856542],
        [-0.247246614756009, 51.409309067236208],
        [-0.247240694556995, 51.409313474961102],
        [-0.247228338639948, 51.409335771500025],
        [-0.247211430858269, 51.409364294732683],
        [-0.247193360909823, 51.409385606554494],
        [-0.247179739699869, 51.40940338789752],
        [-0.247151047314726, 51.409514466171601],
        [-0.247136938439694, 51.40958259840145],
        [-0.247170894058024, 51.409709900977973],
        [-0.247425005946165, 51.410434902392524],
        [-0.247475046284768, 51.410555251363768],
        [-0.248235569731316, 51.412139414982136],
        [-0.248909558270101, 51.413543328831061],
        [-0.249059981018095, 51.4138594153562],
        [-0.249385364238779, 51.414527025111376],
        [-0.249533953257624, 51.414778337386387],
        [-0.249599676253432, 51.414902516551756],
        [-0.249603022363536, 51.414965514187266],
        [-0.249546582115555, 51.415050100203821],
        [-0.249543183508194, 51.415139075420029],
        [-0.24960111896926, 51.415429499928642],
        [-0.249714023252317, 51.415937465081157],
        [-0.249755000810486, 51.416107136433332],
        [-0.249820421115185, 51.416502885042732],
        [-0.249833210972619, 51.416582210213718],
        [-0.2498584515219, 51.417013328839737],
        [-0.249851251810504, 51.417126527077897],
        [-0.249773668917456, 51.417425718685315],
        [-0.249684148821846, 51.417660885077609],
        [-0.249617634675119, 51.417820857825433],
        [-0.249597188942725, 51.417941951480174],
        [-0.249574722076498, 51.418078302225929],
        [-0.249594071586539, 51.418249449059132],
        [-0.249613734784141, 51.418374738726122],
        [-0.249642361131917, 51.418528938302821],
        [-0.249780927736521, 51.418854738246523],
        [-0.249845219588419, 51.418978895788619],
        [-0.24988682669439, 51.419056852725504],
        [-0.250147194574726, 51.419432131211913],
        [-0.250277056070208, 51.419609424014403],
        [-0.250386897613582, 51.419783720056273],
        [-0.250475411013003, 51.420026939988077],
        [-0.250533438002091, 51.42020226092874],
        [-0.250579794321103, 51.420381903894047],
        [-0.250565778260504, 51.42056064572192],
        [-0.250551826862806, 51.420775358564242],
        [-0.250583019924497, 51.420975457958598],
        [-0.250674834478553, 51.42109463026766],
        [-0.250743817912924, 51.421246734055799],
        [-0.250825896075871, 51.421545611176178],
        [-0.250925221542098, 51.421882514150973],
        [-0.251122974227661, 51.422316206327515],
        [-0.251174000481724, 51.422373620507827],
        [-0.251233343145274, 51.422439252007507],
        [-0.251247066403123, 51.422456542531272],
        [-0.251442897644887, 51.422601545856288],
        [-0.251708136549936, 51.422812330229441],
        [-0.251804035828138, 51.422862320188422],
        [-0.252022156191079, 51.422951002155806],
        [-0.252422468316673, 51.423014523556297],
        [-0.252783214303555, 51.423097237297689],
        [-0.25295441139779, 51.423209497790616],
        [-0.252958272717972, 51.423334551203261],
        [-0.25295056519643, 51.423461230676487],
        [-0.252922897554392, 51.423696421967918],
        [-0.252909256494755, 51.424054120415811],
        [-0.252871394158906, 51.424179451137483],
        [-0.252801905177608, 51.424304310403656],
        [-0.252704997022899, 51.424469227160863],
        [-0.252599323348035, 51.424675378687297],
        [-0.25249409438747, 51.424869846489422],
        [-0.25243011364082, 51.425001082409992],
        [-0.252333190291286, 51.425354841248904],
        [-0.252279775851171, 51.425623819962688],
        [-0.252261045083529, 51.425737745483495],
        [-0.252299372990795, 51.425864212055892],
        [-0.252334928730482, 51.425987939526593],
        [-0.252360560915243, 51.426070153501193],
        [-0.25242934653222, 51.42630318569573],
        [-0.252528016918671, 51.426506988121915],
        [-0.252801152637704, 51.426775439492879],
        [-0.252987213756994, 51.426988637394864],
        [-0.253084385603256, 51.427118678456011],
        [-0.253208251230325, 51.427378609272282],
        [-0.253291282582589, 51.427615450179488],
        [-0.253381539071714, 51.427813730924143],
        [-0.253527795846159, 51.428052413007094],
        [-0.253696750196492, 51.428261757802304],
        [-0.253875047952886, 51.428565662771405],
        [-0.253991528878782, 51.428793109649867],
        [-0.253994198738932, 51.428798544919218],
        [-0.254103355224844, 51.429029479567177],
        [-0.254125877997193, 51.429080173031345],
        [-0.254204948371466, 51.429232424706633],
        [-0.254247735513908, 51.429317591453362],
        [-0.254237498221194, 51.429397472213218],
        [-0.254227500675521, 51.429471061793741],
        [-0.254220583092668, 51.429577070236746],
        [-0.254153449785802, 51.429753222544463],
        [-0.25408532467869, 51.429879901303842],
        [-0.253933362103187, 51.430092558410898],
        [-0.253738435396786, 51.430337847493313],
        [-0.253619950898035, 51.430502443459474],
        [-0.253445768029339, 51.430694086134444],
        [-0.253327829924825, 51.430844301953385],
        [-0.253208628363322, 51.430914465604836],
        [-0.253103051991712, 51.430966847202804],
        [-0.25291935552754, 51.431030653863765],
        [-0.252655929296209, 51.431110357475283],
        [-0.252541793747842, 51.431160812480044],
        [-0.252394380681563, 51.431253935222635],
        [-0.25223611102778, 51.431405347135602],
        [-0.252106701837802, 51.431516722961398],
        [-0.251841272750883, 51.431761856839863],
        [-0.251722269266778, 51.431864394937683],
        [-0.251586625956599, 51.431988266709091],
        [-0.251247173031974, 51.43228804856907],
        [-0.251084056775732, 51.432566180840148],
        [-0.251065495043646, 51.432637843865969],
        [-0.251036514182734, 51.432831649380731],
        [-0.251039593212125, 51.433203085412778],
        [-0.251026252842931, 51.433439389003738],
        [-0.251037302051527, 51.43352678107118],
        [-0.251093421365769, 51.433790199249486],
        [-0.251214138901923, 51.434095047370164],
        [-0.251254495181668, 51.434168488642484],
        [-0.251299336807749, 51.434237500565857],
        [-0.251411652467474, 51.434347985241615],
        [-0.251474572642578, 51.434395684789962],
        [-0.251615135348222, 51.434482310880973],
        [-0.251670114839226, 51.434511906894706],
        [-0.251785825580731, 51.434571184625383],
        [-0.251989485017028, 51.434663247515481],
        [-0.252099822328284, 51.434712553058112],
        [-0.252609436159713, 51.434968343758904],
        [-0.252726415723473, 51.435032135703572],
        [-0.252843772794978, 51.435086041415325],
        [-0.252935179276138, 51.435141358736608],
        [-0.253024462355829, 51.435214629320932],
        [-0.253110458489892, 51.435298641839587],
        [-0.253256809186789, 51.435459989843672],
        [-0.253321886898806, 51.435564373211321],
        [-0.253399527337059, 51.435716603923034],
        [-0.253456077494675, 51.435893699312075],
        [-0.253449050436255, 51.436077940644473],
        [-0.253451194110934, 51.436361235991036],
        [-0.253473541172507, 51.43656749694351],
        [-0.253512156724026, 51.436649004682181],
        [-0.253556661340999, 51.436727003150459],
        [-0.253609965235816, 51.436800636449796],
        [-0.253738074423226, 51.436950021778415],
        [-0.253814112122306, 51.43703118763473],
        [-0.254034901187413, 51.437240404354199],
        [-0.254090535362028, 51.437290691664053],
        [-0.253273440688358, 51.437626528234318],
        [-0.252043069284964, 51.438121659107843],
        [-0.25115157675632, 51.438483349063645],
        [-0.249062880567765, 51.439336130956598],
        [-0.247936239318227, 51.439787805951731],
        [-0.245945703530205, 51.440591641879713],
        [-0.245026033931738, 51.440972647467753],
        [-0.244454370493817, 51.441208683483637],
        [-0.243774765186835, 51.441482666604784],
        [-0.243203226958062, 51.441715101445816],
        [-0.242729209273461, 51.44191842096766],
        [-0.242455639232061, 51.442222762198078],
        [-0.241963643307113, 51.442744143340668],
        [-0.241659436254901, 51.44309658272104],
        [-0.241629258043997, 51.443132999277289],
        [-0.242046863977089, 51.443612267546889],
        [-0.242560573181256, 51.444174806687151],
        [-0.243028962406206, 51.444718679252126],
        [-0.244244620890502, 51.446077672396662],
        [-0.244500011067889, 51.446360264131201],
        [-0.245047756773483, 51.446899921020595],
        [-0.245524746329613, 51.447371072708002],
        [-0.246009927722187, 51.447854035155011],
        [-0.246684085800704, 51.448513376826398],
        [-0.24707615828716, 51.448910412785111],
        [-0.24724513030537, 51.449082897052271],
        [-0.24728666294119, 51.44912578264681],
        [-0.247326309920811, 51.449180330255309],
        [-0.249285098688748, 51.450118737660063],
        [-0.252448381158524, 51.451665877816218],
        [-0.254988854191337, 51.452906011957865],
        [-0.259113038630899, 51.454932177874888],
        [-0.259080248469468, 51.455264411863546],
        [-0.259018518202231, 51.455638480621069],
        [-0.258954696202619, 51.455991835619201],
        [-0.258731644597935, 51.456482208832682],
        [-0.258529034256092, 51.45692702372321],
        [-0.258525951842077, 51.456932373410446],
        [-0.25834083831505, 51.457333384832303],
        [-0.258150512707957, 51.457682162285735],
        [-0.257702269508487, 51.458340044262336],
        [-0.25731748047118, 51.458805529975486],
        [-0.25724654516993, 51.458967238982687],
        [-0.257155708558085, 51.459160125694986],
        [-0.257153485833163, 51.459331848503588],
        [-0.257049254185304, 51.459498457894902],
        [-0.256984755596347, 51.459604509220135],
        [-0.256867573969622, 51.459733157625799],
        [-0.256825510364064, 51.459779292984955],
        [-0.256809857138586, 51.459850100626262],
        [-0.25680800755378, 51.459860864069306],
        [-0.258043409102847, 51.460268598781127],
        [-0.258020494107125, 51.460303328875511],
        [-0.258021932806727, 51.460303350251294],
        [-0.257905610610418, 51.460485067901303],
        [-0.257534440327102, 51.461008308293174],
        [-0.257519128925917, 51.461032360352313],
        [-0.25708923748588, 51.461660837523013],
        [-0.256600996525249, 51.462384664705077],
        [-0.256020315311008, 51.463040570772037],
        [-0.255536260627126, 51.463465007267544],
        [-0.253931872694231, 51.464651509030389],
        [-0.253554061460676, 51.464894073610438],
        [-0.252915500279723, 51.465216381690745],
        [-0.251828104149243, 51.465228050269083],
        [-0.25106599508992, 51.465204095323038],
        [-0.249448541199051, 51.465072047980243],
        [-0.249046215634685, 51.465051652516223],
        [-0.248641901086197, 51.465045613885145],
        [-0.248137515027017, 51.465058761326773],
        [-0.245048305033298, 51.465238273820376],
        [-0.243976055609897, 51.465230312852576],
        [-0.243014953848519, 51.465177246905043],
        [-0.241502527349994, 51.46504756281027],
        [-0.235573996906842, 51.464412653000288],
        [-0.235233050659104, 51.46436885404659],
        [-0.234896733610692, 51.464317030565311],
        [-0.234563607115428, 51.464257160932746],
        [-0.233314197476582, 51.46399104835475],
        [-0.233340777355605, 51.464272013974629],
        [-0.233407215071239, 51.464452864456263],
        [-0.233479500866784, 51.464929655283306],
        [-0.233567965185133, 51.465323059798763],
        [-0.233580167176151, 51.465379896189845],
        [-0.233649514319053, 51.465709166062148],
        [-0.233647162272102, 51.466031061011591],
        [-0.233649623543717, 51.466041889053074],
        [-0.233566807353305, 51.466135961560745],
        [-0.233414802158992, 51.466269457666257],
        [-0.233277307962161, 51.46636270612381],
        [-0.232830601382636, 51.466633841499181],
        [-0.233327199283013, 51.467568448546054],
        [-0.233392117327784, 51.467714205400497],
        [-0.233415793099112, 51.467846751377856],
        [-0.233447471465003, 51.468144879292211],
        [-0.233390163376371, 51.468398502624893],
        [-0.233226936827825, 51.46882228604197],
        [-0.233100637850992, 51.469184577694016],
        [-0.233014759067467, 51.469693156262167],
        [-0.232969887817503, 51.470071962020633],
        [-0.232950420312368, 51.470352233497572],
        [-0.232890999327892, 51.470772185250517],
        [-0.232895306697624, 51.471256943891348],
        [-0.232946863379866, 51.471674071861571],
        [-0.232947989892912, 51.471682182053804],
        [-0.23302503766525, 51.472035847640505],
        [-0.233009551351566, 51.472101259230278],
        [-0.232986020992845, 51.472151262411131],
        [-0.23294936546264, 51.472205564018324],
        [-0.232748301235801, 51.472415655073512],
        [-0.232740754162924, 51.472499171207438],
        [-0.232730020841224, 51.472516095109114],
        [-0.23269542893072, 51.472554241311279],
        [-0.232615357581468, 51.472614183148423],
        [-0.232108774874809, 51.472793589482087],
        [-0.2317227560024, 51.472796761156104],
        [-0.231492449063665, 51.472831955331145],
        [-0.231107938472612, 51.472833349238364],
        [-0.230968800350585, 51.472819559929697],
        [-0.230803397774772, 51.472777497533841],
        [-0.230745230336765, 51.472755037949391],
        [-0.230678845790009, 51.472721663388263],
        [-0.230382053242727, 51.472540033016067],
        [-0.229986711485156, 51.472374899189276],
        [-0.229687580363621, 51.472216612125777],
        [-0.229582690906532, 51.472173663110127],
        [-0.229455833168016, 51.472140273989027],
        [-0.229291003592755, 51.47212069924722],
        [-0.229221929235595, 51.472119656099942],
        [-0.229080450016069, 51.472129209586058],
        [-0.228766702513563, 51.472125369788657],
        [-0.228529351746669, 51.471970710707822],
        [-0.228395474225186, 51.471932718142199],
        [-0.228357037863287, 51.471921346434911],
        [-0.228124040918821, 51.47187735963638],
        [-0.227802208444634, 51.471710631420187],
        [-0.227072334797208, 51.471446909292965],
        [-0.226783951358168, 51.47138319813628],
        [-0.226342081379594, 51.471304575152153],
        [-0.225739103134905, 51.471184845102982],
        [-0.225572751204288, 51.471093302302741],
        [-0.22433788802907, 51.4708569903352],
        [-0.223728187815769, 51.470762326995185],
        [-0.223636091685929, 51.470760931780418],
        [-0.223566635603543, 51.470769771224447],
        [-0.223508482058701, 51.470784177356819],
        [-0.22346166595055, 51.470803251475822],
        [-0.223420396351823, 51.47082780509966],
        [-0.223380181682056, 51.470862266413789],
        [-0.22335137426181, 51.470899598303397],
        [-0.223338116570925, 51.470944359781996],
        [-0.223333779785287, 51.47101893159347],
        [-0.22333951606792, 51.471093656035961],
        [-0.223385350525263, 51.471248121810554],
        [-0.223442255553951, 51.471302938856788],
        [-0.223534403134093, 51.471377174021406],
        [-0.223541074598885, 51.471390763806873],
        [-0.223541955069522, 51.471405165101871],
        [-0.22352795657797, 51.471431930430604],
        [-0.223425137903221, 51.471521196569888],
        [-0.223237563296841, 51.471642450470377],
        [-0.222996142535012, 51.471741306099517],
        [-0.222485445954654, 51.472025820591732],
        [-0.221733868922281, 51.472357937033166],
        [-0.220562093725048, 51.471350987841177],
        [-0.218946915943939, 51.470010865057006],
        [-0.218825015185015, 51.469924484009873],
        [-0.218515438958208, 51.46970306203341],
        [-0.218462158586043, 51.469666282571296],
        [-0.218163292215682, 51.469465705069474],
        [-0.217805358308322, 51.469229158302269],
        [-0.217074621790472, 51.468768424780713],
        [-0.216386438763906, 51.468361389580643],
        [-0.215991953944798, 51.468139568335552],
        [-0.215788817102974, 51.468032164501281],
        [-0.215369455900893, 51.467820753546867],
        [-0.214389137615424, 51.467411057960746],
        [-0.213375882906033, 51.467034124379957],
        [-0.212687123257067, 51.466790721555952],
        [-0.211639502803762, 51.466446521115955],
        [-0.209838164291918, 51.465974802462689],
        [-0.206944382579136, 51.465203090457116],
        [-0.20615401746772, 51.464982374659044],
        [-0.205603679575019, 51.464845360504185],
        [-0.205331195560394, 51.464781839423168],
        [-0.204832828369795, 51.464677990124223],
        [-0.20419381466763, 51.464562992038182],
        [-0.203869079207441, 51.464510357458337],
        [-0.203217712906865, 51.464416746793461],
        [-0.202558767002895, 51.464332908046771],
        [-0.201962564739478, 51.464264415826214],
        [-0.201961125958824, 51.464264393761439],
        [-0.201022506718317, 51.464153775741941],
        [-0.199709234262446, 51.464088655270089],
        [-0.198866974654946, 51.464017268033778],
        [-0.19840952717433, 51.464081280568003],
        [-0.198162576806923, 51.464100866170391],
        [-0.197477862956492, 51.464086744343604],
        [-0.196683263772507, 51.464011577859637],
        [-0.195189087908002, 51.46389776226119],
        [-0.194854869203611, 51.463903407968701],
        [-0.193237543873915, 51.463991801411062],
        [-0.193189922638893, 51.46399466455216],
        [-0.191844802737797, 51.464152878727049],
        [-0.191511203583832, 51.464179207254396],
        [-0.191257376059089, 51.464190578977252],
        [-0.19072215218733, 51.464255160179519],
        [-0.190508680791874, 51.464265354536749],
        [-0.190407469064719, 51.464276381965789],
        [-0.190169697142785, 51.464318573706976],
        [-0.189053335022237, 51.464589096396516],
        [-0.188693579248376, 51.464694147084892],
        [-0.187831972418197, 51.464965895885378],
        [-0.187391296667957, 51.465114654455746],
        [-0.186362492983565, 51.465499811063822],
        [-0.18628204013618, 51.465531838859128],
        [-0.185522714892669, 51.465837526082034],
        [-0.185047445280213, 51.466059479211147],
        [-0.184235793449272, 51.466558586622284],
        [-0.183891373708314, 51.466784359985404],
        [-0.183555440920344, 51.467013860840929],
        [-0.183404287798619, 51.467122127022733],
        [-0.1829780911747, 51.467449145420836],
        [-0.182894337124714, 51.467527880868275],
        [-0.182020771451131, 51.468569161872701],
        [-0.181701693332673, 51.468953590185585],
        [-0.18153128066307, 51.469183853590593],
        [-0.180982487003055, 51.470058406367933],
        [-0.18038279767257, 51.4710535657523],
        [-0.180321464337329, 51.471364654337158],
        [-0.180287741207153, 51.471452257655599],
        [-0.180240378989758, 51.471520764991752],
        [-0.179625516727513, 51.47271531890356],
        [-0.17952424425807, 51.472872014895472],
        [-0.179437926000205, 51.472978584890946],
        [-0.179273406015831, 51.47313250010815],
        [-0.179218801743626, 51.473165823753597],
        [-0.179161541701561, 51.473229680694168],
        [-0.179017353072573, 51.473415385098697],
        [-0.178877395442653, 51.473711763013583],
        [-0.178775610754496, 51.474025819466831],
        [-0.178721049848681, 51.474455713574706],
        [-0.178655640097285, 51.474615663612404],
        [-0.178481703424768, 51.475041904712192],
        [-0.17835639284771, 51.475404154884863],
        [-0.178170057257866, 51.475743874722887],
        [-0.178136870523245, 51.47585396702862],
        [-0.178124811893029, 51.476012047942064],
        [-0.178121074244021, 51.476033571904871],
        [-0.178107526936763, 51.476120588810019],
        [-0.178078005827303, 51.47621095451715],
        [-0.178032045285551, 51.476316352049331],
        [-0.178002517171262, 51.476370747566463],
        [-0.177735748352555, 51.476632780466339],
        [-0.177668091817591, 51.476740538431507],
        [-0.177645364763957, 51.476804931324438],
        [-0.177634473272596, 51.476861414895971],
        [-0.177636547028354, 51.476990040089042],
        [-0.17762724432614, 51.477078921404207],
        [-0.177631323914814, 51.477157219685878],
        [-0.177650482186824, 51.477254636595148],
        [-0.177680323655129, 51.477336932257032],
        [-0.177728731235934, 51.477423113451742],
        [-0.177815681013733, 51.477553956901659],
        [-0.177484677958856, 51.477801502229077],
        [-0.17746082703646, 51.477821814294124],
        [-0.177191209950344, 51.478118872493937],
        [-0.177036994701105, 51.47830262008317],
        [-0.176150469187852, 51.479190783306976],
        [-0.175885004661864, 51.479455530074496],
        [-0.175253067449253, 51.479989744764417],
        [-0.174948401578188, 51.480190032542019],
        [-0.174243093467713, 51.480541451084697],
        [-0.173940716841041, 51.480684219827566],
        [-0.173370461857466, 51.480935221599175],
        [-0.172545015288137, 51.48119303482963],
        [-0.171418246048702, 51.481530673407043],
        [-0.170928097465958, 51.481686692654002],
        [-0.170780101802042, 51.481714059360208],
        [-0.170681869465691, 51.481721519439176],
        [-0.170512067456006, 51.481717971060249],
        [-0.170271883969428, 51.48174569727972],
        [-0.170118813993131, 51.481755898192489],
        [-0.170034758686164, 51.481768974476708],
        [-0.169964952493694, 51.481785870089503],
        [-0.169667376074774, 51.481880143225361],
        [-0.169531505220898, 51.481928380408782],
        [-0.169391963912472, 51.481960373603769],
        [-0.169164768328005, 51.481987401072793],
        [-0.168780435408689, 51.482018268997813],
        [-0.168544171278653, 51.482055944667266],
        [-0.168313195921279, 51.482105392750569],
        [-0.168084989469251, 51.482193551467518],
        [-0.16798643158391, 51.482209097475497],
        [-0.167698530464295, 51.482241468427816],
        [-0.166792721840222, 51.48238288139958],
        [-0.166782574504011, 51.482384521263107],
        [-0.166387584819517, 51.482429602793175],
        [-0.164823844306107, 51.482636247777101],
        [-0.164512011095714, 51.482654747594751],
        [-0.164049264600602, 51.482665488313231],
        [-0.163587257074191, 51.482801234842704],
        [-0.163437525450544, 51.482835759148507],
        [-0.163286570918481, 51.482864868595385],
        [-0.163101216586834, 51.482889841968415],
        [-0.16257426982307, 51.482921153212928],
        [-0.161514610572876, 51.483019648305415],
        [-0.160656107239394, 51.483058341655259],
        [-0.160569312962314, 51.483067771203302],
        [-0.160347828269666, 51.483095770472993],
        [-0.158919301898592, 51.483305357423035],
        [-0.158595612862669, 51.483367718773906],
        [-0.158249264427847, 51.483384760700417],
        [-0.157978802840145, 51.483412885498005],
        [-0.157847025435064, 51.483430598926986],
        [-0.155531258986526, 51.483747602082055],
        [-0.154775707048047, 51.483840028475683],
        [-0.154149525440164, 51.483903012691343],
        [-0.153929218371826, 51.483937313182047],
        [-0.153767852237812, 51.483974339784297],
        [-0.153486474167671, 51.484022965195209],
        [-0.15336825202016, 51.484061569884773],
        [-0.153267737744508, 51.484089662297492],
        [-0.153166110758757, 51.484109643820524],
        [-0.153044477798663, 51.484125713134965],
        [-0.152819319295416, 51.484137453802987],
        [-0.150270129905674, 51.484526213397011],
        [-0.149843876983421, 51.484559955145549],
        [-0.149384626923247, 51.484590476831684],
        [-0.14885657727322, 51.484612716610535],
        [-0.147758132807983, 51.484635837332547],
        [-0.147255024996664, 51.484646773576799],
        [-0.146188519212881, 51.484628119290306],
        [-0.145170571460087, 51.484584145021408],
        [-0.144921068586722, 51.484556817531377],
        [-0.144789485141248, 51.484534052954864],
        [-0.144589687454479, 51.484488626803206],
        [-0.14427647186725, 51.484434211426283],
        [-0.144160320816392, 51.484421582161005],
        [-0.143454941597104, 51.484377143896509],
        [-0.14336477253148, 51.484363126691179],
        [-0.142929907096749, 51.484289695677063],
        [-0.142538589096762, 51.484207960314379],
        [-0.141695482483217, 51.484079497522018],
        [-0.141062160560636, 51.483963347099831],
        [-0.140745928091388, 51.483912471428958],
        [-0.14053108580165, 51.483882986354367],
        [-0.140356106808235, 51.483864924144108],
        [-0.140077348705099, 51.483848812645455],
        [-0.138989751597669, 51.483818067862551],
        [-0.138939411101121, 51.483816369654086],
        [-0.138566108422138, 51.483823033864553],
        [-0.138303305833136, 51.483839544602908],
        [-0.138110396959817, 51.483837380955727],
        [-0.137792899022407, 51.483853022070093],
        [-0.137376573303147, 51.483890473165395],
        [-0.137143520140003, 51.483919144175658],
        [-0.136665275425945, 51.483991579262266],
        [-0.135147288887994, 51.484272295263075],
        [-0.133061831505189, 51.484658163654466],
        [-0.132880001835005, 51.484702029839951],
        [-0.132791025664761, 51.484729389230942],
        [-0.132627209720982, 51.484790627722482],
        [-0.132392460193878, 51.484860628063331],
        [-0.132293297655705, 51.484890522607557],
        [-0.130708694566513, 51.485495650873595],
        [-0.130371122537587, 51.48561436634931],
        [-0.12998767186063, 51.485727852947939],
        [-0.129967000059356, 51.485705041893688],
        [-0.129777010324777, 51.485772153813613],
        [-0.129583699941528, 51.485850003529542],
        [-0.129526460013526, 51.485876068164082],
        [-0.12949121560751, 51.485892591823657],
        [-0.129411192433968, 51.485841856236178],
        [-0.129236306334807, 51.4857158682386],
        [-0.129079655113627, 51.485601861238479],
        [-0.128585816436186, 51.485174927700498],
        [-0.12845559258244, 51.485048752015757],
        [-0.128368297285602, 51.484964627156756],
        [-0.12817170406149, 51.484735775856883],
        [-0.128035888480747, 51.484746197339348],
        [-0.127727197931788, 51.484722384572905],
        [-0.127052310449967, 51.484601897592775],
        [-0.126531845747361, 51.48450905319546],
        [-0.126363659272596, 51.484465899424897],
        [-0.126873469059685, 51.483869744100033],
        [-0.127049008311453, 51.483627950358652],
        [-0.127161028029127, 51.483354567137738],
        [-0.127279817037162, 51.482880757750515],
        [-0.127405689476381, 51.482409759113494],
        [-0.127496434935081, 51.482022729488541],
        [-0.127989830008965, 51.48186154732322],
        [-0.128635444083066, 51.481640743833943],
        [-0.129168095770197, 51.481470291433553],
        [-0.129458995294876, 51.481365223077923],
        [-0.129947501750717, 51.481182372598859],
        [-0.130188952926861, 51.480666452941684],
        [-0.13021994880213, 51.480648062824116],
        [-0.130311350028683, 51.480596464152647],
        [-0.130348249762369, 51.480574571114659],
        [-0.13035278798527, 51.480569247938355],
        [-0.130370536593838, 51.480557840604746],
        [-0.130441335263582, 51.480446562410101],
        [-0.130567841091293, 51.48024085115852],
        [-0.130583299025434, 51.480215019170998],
        [-0.130644891732705, 51.480223195177885],
        [-0.130661715350106, 51.480199183465281],
        [-0.130853639364099, 51.479943257196368],
        [-0.130985017003558, 51.479759205310721],
        [-0.131168505379417, 51.479603860783278],
        [-0.131344839900505, 51.479482573706342],
        [-0.131412285319386, 51.479418002822221],
        [-0.131544363811054, 51.479251946612926],
        [-0.131611654813633, 51.479155899181322],
        [-0.13173619138955, 51.47892767389034],
        [-0.131829512485258, 51.47872323105139],
        [-0.131877057539433, 51.478616977041639],
        [-0.13196950328415, 51.478469173298471],
        [-0.131988131886511, 51.478436197588245],
        [-0.13198957105668, 51.478436220516016],
        [-0.131992596266584, 51.478432671685468],
        [-0.132061382703634, 51.478440961567131],
        [-0.132107164589968, 51.478377843684932],
        [-0.132275018172369, 51.478146710837997],
        [-0.13263218956879, 51.477652413032608],
        [-0.133094744364842, 51.477010515523908],
        [-0.133319247286137, 51.476696652291572],
        [-0.133645963024228, 51.476242333099705],
        [-0.133833637367543, 51.475948565568608],
        [-0.133883392728796, 51.475858532540698],
        [-0.133883385929312, 51.475682278140297],
        [-0.133980272632261, 51.475637058749378],
        [-0.134057186524242, 51.47555195414413],
        [-0.134111617229288, 51.475276748557924],
        [-0.134243984958666, 51.475173641894287],
        [-0.134520286050009, 51.474895671603683],
        [-0.134527811320501, 51.474887698021355],
        [-0.134710774020628, 51.474956254551138],
        [-0.134952873075291, 51.474704716846468],
        [-0.134857776004939, 51.474670830915898],
        [-0.134872789694772, 51.474655782378413],
        [-0.135230530363986, 51.474287381696655],
        [-0.134706443001696, 51.474074014855979],
        [-0.134533886989234, 51.473997530550427],
        [-0.134461742872977, 51.473965807979162],
        [-0.134449112393269, 51.473922442693251],
        [-0.134479176187588, 51.473891447041481],
        [-0.134537213955701, 51.473880680102511],
        [-0.134501989721341, 51.473791093255073],
        [-0.134494198793979, 51.473770286391897],
        [-0.134486306953394, 51.473646063389261],
        [-0.134557725903958, 51.473448463923241],
        [-0.13472195606462, 51.473305397095494],
        [-0.134747528353571, 51.473313897222624],
        [-0.134798746271362, 51.473329100112998],
        [-0.135071651141438, 51.473098735112892],
        [-0.135238866367917, 51.472953017278449],
        [-0.135348723664384, 51.472872032791734],
        [-0.135596530872233, 51.472762667117429],
        [-0.135704372047329, 51.472731109366947],
        [-0.135787127398128, 51.472714440032874],
        [-0.135909881425575, 51.472705600620877],
        [-0.136080048916116, 51.472699313337863],
        [-0.13625855731567, 51.472700352445472],
        [-0.136275532228391, 51.472707816323371],
        [-0.136293946140365, 51.472715303071986],
        [-0.136310921064457, 51.472722766944862],
        [-0.136327859369402, 51.472731129489901],
        [-0.136343358686074, 51.472739469160004],
        [-0.136358858008439, 51.472747808828146],
        [-0.136374320712617, 51.472757047168862],
        [-0.136388307804132, 51.472767161310266],
        [-0.136492559554152, 51.472823672943015],
        [-0.136660918276159, 51.472932460921307],
        [-0.136917994560653, 51.473090318994771],
        [-0.137492509235004, 51.472595862848998],
        [-0.137848980058266, 51.472293079834699],
        [-0.138042816918023, 51.472129795719283],
        [-0.138349148274163, 51.471962002707301],
        [-0.138515971190197, 51.471896307864398],
        [-0.13867863548728, 51.471862020748695],
        [-0.138726877961382, 51.471914943468377],
        [-0.138746573059912, 51.47199708846513],
        [-0.139066242884909, 51.47189065477945],
        [-0.139159689984318, 51.471858865411633],
        [-0.139209432264988, 51.471874942215329],
        [-0.139270380912108, 51.471863319890389],
        [-0.139448933286799, 51.471792414334047],
        [-0.139502065392203, 51.471795955213587],
        [-0.139599669505931, 51.471732757483252],
        [-0.1395785237385, 51.471721630880616],
        [-0.139455929677527, 51.471655838365031],
        [-0.139316188808103, 51.471516034569675],
        [-0.139741249984265, 51.471367207962267],
        [-0.139866864266194, 51.471323338804822],
        [-0.140342596099971, 51.47159256890582],
        [-0.140981294181846, 51.471288856955304],
        [-0.14178435885097, 51.470908612091016],
        [-0.14149566474104, 51.470678322981144],
        [-0.14158393626972, 51.470632061556913],
        [-0.142676823234539, 51.470063963207046],
        [-0.143100362719464, 51.470519400657317],
        [-0.14324068918369, 51.470467667605121],
        [-0.146114507429987, 51.469334218123912],
        [-0.1472983785025, 51.468863736051013],
        [-0.149429063182028, 51.468015215314239],
        [-0.150345255043637, 51.467682559888047],
        [-0.15061866526857, 51.467614932403535],
        [-0.15064317704607, 51.467400396896771],
        [-0.150641433333954, 51.467265481014387],
        [-0.150565665609942, 51.466326361929333],
        [-0.150470343120748, 51.46597774542257],
        [-0.151231398464975, 51.465884535707083],
        [-0.150991778228854, 51.464226125709459],
        [-0.150982533588023, 51.463956203034094],
        [-0.150967222678177, 51.463836360478382],
        [-0.150793090837392, 51.463051261050104],
        [-0.150731734931632, 51.462859650918624],
        [-0.15066051216238, 51.462698459828886],
        [-0.150535688088425, 51.462474374442039],
        [-0.150462395569879, 51.462364408188819],
        [-0.15038475103476, 51.462255272483944],
        [-0.150054804830774, 51.461870580387483],
        [-0.149930428224161, 51.46170675155787],
        [-0.149785251134774, 51.46148773966403],
        [-0.149702597250664, 51.461324569012035],
        [-0.149693435408085, 51.461301942997508],
        [-0.149671268335893, 51.461244939969326],
        [-0.149390425407784, 51.45936195942042],
        [-0.149299046232432, 51.459094336841616],
        [-0.149217177190279, 51.458876323453623],
        [-0.148964323670395, 51.458437090955307],
        [-0.148664580477143, 51.457911687953441],
        [-0.14836568050313, 51.457365614498329],
        [-0.14834074894107, 51.457305869728046],
        [-0.148333386826417, 51.457203238091772],
        [-0.148153859617788, 51.456410854255758],
        [-0.14808009156923, 51.45595736237027],
        [-0.147976900225568, 51.4551284150713],
        [-0.147969899448492, 51.45494575512943],
        [-0.14800161448565, 51.454873416266537],
        [-0.147957981528811, 51.454742334569289],
        [-0.147780632132093, 51.453860957628038],
        [-0.147651083145864, 51.452972242230949],
        [-0.147631018549594, 51.452970126675957],
        [-0.147377972478021, 51.452963430251067],
        [-0.147729947537085, 51.452339511284855],
        [-0.14735990258132, 51.452236544011342],
        [-0.146569730204866, 51.452023519313954],
        [-0.144621432966374, 51.451479223490907],
        [-0.143768603389575, 51.451214829545918],
        [-0.143612246914668, 51.451166491461358],
        [-0.14314738116311, 51.451095281760381],
        [-0.142322593777821, 51.450991389469564],
        [-0.142327893642887, 51.450967193459448],
        [-0.142372569636533, 51.450752978492304],
        [-0.142443697499606, 51.450560764870197],
        [-0.142583701209151, 51.450338168450969],
        [-0.142820891563818, 51.450061357510492],
        [-0.142953258731772, 51.449920472251769],
        [-0.143073571918612, 51.449792884794121],
        [-0.143360131537569, 51.449505164418497],
        [-0.143617226643792, 51.449305104158178],
        [-0.144068705322578, 51.44903168393602],
        [-0.144647564783172, 51.448704524053198],
        [-0.144795179005384, 51.448542295834741],
        [-0.144937041246083, 51.448237893466967],
        [-0.145174900704752, 51.447659836581124],
        [-0.145283333125077, 51.447327927052378],
        [-0.145440371508583, 51.446861897503943],
        [-0.145566167203875, 51.446314440152079],
        [-0.145586428646463, 51.445991926566649],
        [-0.145589177492676, 51.445959596713841],
        [-0.145678561625093, 51.445884573628312],
        [-0.145696438416237, 51.445869569002561],
        [-0.145687936764537, 51.445830766365994],
        [-0.145603448824163, 51.445394188300341],
        [-0.145406915870421, 51.444917169364217],
        [-0.145146017523952, 51.444466109374304],
        [-0.144854886766457, 51.444086511071689],
        [-0.14474967149407, 51.443913087294035],
        [-0.144594142758468, 51.443702896664981],
        [-0.144467104639225, 51.443464380486581],
        [-0.144337791877754, 51.443246511123434],
        [-0.144003503792137, 51.442654001983989],
        [-0.143823577253641, 51.442300441594021],
        [-0.143620703765527, 51.441838606272071],
        [-0.143271173291672, 51.441799797730695],
        [-0.142768629354535, 51.441772952071936],
        [-0.142358646053343, 51.441770052647492],
        [-0.141615478736976, 51.441751078910791],
        [-0.140804287098614, 51.441741812687816],
        [-0.139041709725037, 51.441703052566538],
        [-0.137885102703327, 51.441695475965176],
        [-0.137370303719857, 51.441722368097636],
        [-0.137351499763017, 51.441724767083365],
        [-0.136751100437758, 51.441804251919137],
        [-0.136416843405935, 51.441885267378794],
        [-0.136395467237298, 51.441915502408769],
        [-0.136023234612073, 51.4420103011742],
        [-0.135980020580774, 51.442011412520515],
        [-0.135903988046857, 51.442005707131599],
        [-0.135941823430306, 51.441783292065843],
        [-0.136104169174753, 51.441542173866154],
        [-0.13642419828962, 51.441138997647705],
        [-0.136688323011259, 51.440730435615095],
        [-0.136807483276987, 51.440595642035234],
        [-0.137011376378079, 51.440252667203843],
        [-0.137046996613959, 51.440261326671255],
        [-0.137048544292462, 51.440258653485074],
        [-0.137371856723198, 51.440340228625637],
        [-0.137433202552901, 51.440211709809539],
        [-0.137477182614042, 51.440191725625525],
        [-0.137497594536002, 51.440149784683548],
        [-0.13751829888891, 51.440100654295534],
        [-0.137487821294642, 51.44003632249462],
        [-0.137475939809272, 51.440010055133627],
        [-0.137286263006955, 51.439862260092774],
        [-0.137301837169, 51.439797760776436],
        [-0.137259758709693, 51.439771013531569],
        [-0.137259856408408, 51.439733246114379],
        [-0.137303312180088, 51.439690772135101],
        [-0.137381450099777, 51.439397056114771],
        [-0.137383436452713, 51.439383598760088],
        [-0.137401253018295, 51.439087125658745],
        [-0.137504138619645, 51.438821679880405],
        [-0.137683683793288, 51.438581732037072],
        [-0.137815435259558, 51.438420159642995],
        [-0.138003154717177, 51.438262173955117],
        [-0.138306806160933, 51.438048476594197],
        [-0.138508950915999, 51.437924891143936],
        [-0.1389819175299, 51.437757944592725],
        [-0.139119161752608, 51.437708865617331],
        [-0.139325251304607, 51.437594334011862],
        [-0.139381205892295, 51.437562848809534],
        [-0.139737107356054, 51.437302316311388],
        [-0.139912562597917, 51.437020934170882],
        [-0.139972896844512, 51.436881606838021],
        [-0.139877342750512, 51.436258700927951],
        [-0.139805040504966, 51.435878065204612],
        [-0.139759018779163, 51.435665109128557],
        [-0.13969758298485, 51.435442016513242],
        [-0.139648057136447, 51.435315333867095],
        [-0.139489586085684, 51.435178828629716],
        [-0.139110196227096, 51.434814000653041],
        [-0.138228735286555, 51.434059011473622],
        [-0.137857541307482, 51.43377614228384],
        [-0.13759893761902, 51.433802608496173],
        [-0.136931859080973, 51.433932292197511],
        [-0.136686145778217, 51.433924789333325],
        [-0.136522532002406, 51.433914994174529],
        [-0.136455555334025, 51.433828499443514],
        [-0.136150212824834, 51.432847045702324],
        [-0.135869649826856, 51.431964004644655],
        [-0.135594002585139, 51.431207836946989],
        [-0.135364945972868, 51.43065024744898],
        [-0.135264140022576, 51.430334801047167],
        [-0.135332054586856, 51.430256746394399],
        [-0.135379387563558, 51.430260197189043],
        [-0.135495508671566, 51.430270137808982],
        [-0.13593091122566, 51.430317529989814],
        [-0.136707674207724, 51.430390131477779],
        [-0.137223186494716, 51.430448684215946],
        [-0.137711822961923, 51.430496016513359],
        [-0.138398493692739, 51.43055548487348],
        [-0.138387002786431, 51.430484260642167],
        [-0.13838234798662, 51.430457208840664],
        [-0.138382421044777, 51.430455411476331],
        [-0.138385695618003, 51.430339458642671],
        [-0.138364584876242, 51.429974022814044],
        [-0.138394180574035, 51.42956442920957],
        [-0.138411066533105, 51.429078196395324],
        [-0.138437191086979, 51.42875397754257],
        [-0.138489371762974, 51.42831956319899],
        [-0.138541335295562, 51.427996653931572],
        [-0.138764450490657, 51.426824860814328],
        [-0.138871874287116, 51.426092768182521],
        [-0.1389263715447, 51.425282498372027],
        [-0.138932881014695, 51.424768223281269],
        [-0.138922116545171, 51.424572912264622],
        [-0.138866464372444, 51.423818446029323],
        [-0.138825075644005, 51.42363343982678],
        [-0.138530550085798, 51.422669248431319],
        [-0.138516564243781, 51.422624063129007],
        [-0.138302019109378, 51.42202804074693],
        [-0.137851888833419, 51.421106338626743],
        [-0.138171661387448, 51.42084703539696],
        [-0.138519068729181, 51.420580076856247],
        [-0.139046720055416, 51.42019547810122],
        [-0.139509856628556, 51.419876398383458],
        [-0.140405452554702, 51.419249437194608],
        [-0.141598486856127, 51.418415859110844],
        [-0.143260310674607, 51.417263264224957],
        [-0.143048747849077, 51.417125022723575],
        [-0.14373360097333, 51.416656564504791],
        [-0.144916319147118, 51.415861457967161],
        [-0.14500941030041, 51.415799983008398],
        [-0.144667499538376, 51.415577848158087],
        [-0.144351643627364, 51.415351628514365],
        [-0.144347477601427, 51.415347965495272],
        [-0.1451849780761, 51.414908893704308],
        [-0.145676526012653, 51.414631605682999],
        [-0.14613957912666, 51.414347570028845],
        [-0.146141016295193, 51.414347592762937],
        [-0.14640775964838, 51.414188145988113],
        [-0.146684197810175, 51.414037844563929],
        [-0.146865038638248, 51.41393998671888],
        [-0.147083333676624, 51.413804951705586],
        [-0.147329583126519, 51.413583129637793],
        [-0.147568571830658, 51.413362990818392],
        [-0.147611956169664, 51.413321411175801],
        [-0.147891778586296, 51.413051558358219],
        [-0.148090361577824, 51.412870347515252],
        [-0.147530585170232, 51.412737402089128],
        [-0.14680434135368, 51.412560455564204],
        [-0.145823939838771, 51.412552142279061],
        [-0.14550630177682, 51.41254801557605],
        [-0.145169981349179, 51.412543592323807],
        [-0.144869951920978, 51.412388666219293],
        [-0.144832405268949, 51.412392568179811],
        [-0.144806428219943, 51.412394854750758],
        [-0.144623042552286, 51.412413533898018],
        [-0.144575272318396, 51.412456841539559],
        [-0.14448540752418, 51.412474303289621],
        [-0.144402764595207, 51.412490980056091],
        [-0.144235549840891, 51.412571963871152],
        [-0.143029810697676, 51.413156270922848],
        [-0.142675449830267, 51.413348493541108],
        [-0.142582218222892, 51.413342519614069],
        [-0.142046325334359, 51.413117302234184],
        [-0.141209543872607, 51.412758715555896],
        [-0.140016140688629, 51.412364787598868],
        [-0.139550097997377, 51.412226097363288],
        [-0.13940851865907, 51.412206763646921],
        [-0.139375830311725, 51.41219725202108],
        [-0.138673424221604, 51.412000849468811],
        [-0.138524318511055, 51.411954417190763],
        [-0.138273020686934, 51.411874887054068],
        [-0.138101981272041, 51.411802027104812],
        [-0.13754275934957, 51.411656452777805],
        [-0.136652186502335, 51.411455248882966],
        [-0.135907665295767, 51.411304921741447],
        [-0.135479617071039, 51.411222573953822],
        [-0.135215014893987, 51.411222860136213],
        [-0.135016883256419, 51.411215210901062],
        [-0.134792654491235, 51.411177470213815],
        [-0.134424223943525, 51.411078981363346],
        [-0.134099941186919, 51.410991086189391],
        [-0.134096115799296, 51.411014406185281],
        [-0.133922279094781, 51.411822775700912],
        [-0.133865607286446, 51.41208445878398],
        [-0.133858295330116, 51.412158082111745],
        [-0.133832094509224, 51.412413056256362],
        [-0.133803282283561, 51.412555580636372],
        [-0.133768811531125, 51.412625174406855],
        [-0.133753013220181, 51.412659994173012],
        [-0.133739274139055, 51.412679559219249],
        [-0.133577910368114, 51.412934179310263],
        [-0.133354186950782, 51.412883854254126],
        [-0.133374004143912, 51.412856292675848],
        [-0.133480787710764, 51.41270601761908],
        [-0.133567753635973, 51.412583304072612],
        [-0.133572357745319, 51.412576183275839],
        [-0.133203882144428, 51.412478589205278],
        [-0.13271449994992, 51.412348492528487],
        [-0.13210129157336, 51.412292857784017],
        [-0.132099854480742, 51.412292834878478],
        [-0.127923969383034, 51.412007680062779],
        [-0.127888115798441, 51.412005308781296],
        [-0.12778018815804, 51.412253580575459],
        [-0.12775801296446, 51.412303585208015],
        [-0.12775171389957, 51.412316973565417],
        [-0.127428210141949, 51.412491658053781],
        [-0.127339151906506, 51.412524407096662],
        [-0.126615000969039, 51.4127907065606],
        [-0.126271512912413, 51.412926399979625],
        [-0.126259832331379, 51.41293070955463],
        [-0.126230387956378, 51.412912253453314],
        [-0.126018603080379, 51.41278117126415],
        [-0.125785997992631, 51.412631770388288],
        [-0.125676903427693, 51.41276761335515],
        [-0.125589033991398, 51.412911889101281],
        [-0.124937948435205, 51.41328995663055],
        [-0.124936474546874, 51.413290832314779],
        [-0.124497901659762, 51.413360252018641],
        [-0.124467501465623, 51.413365161099669],
        [-0.124508928732976, 51.413477333106187],
        [-0.124547849725407, 51.413580472324256],
        [-0.124527958892595, 51.413679972559095],
        [-0.124495838040372, 51.413832333773065],
        [-0.12445866993146, 51.41400259952438],
        [-0.124393814725543, 51.414006057903926],
        [-0.124310620647292, 51.414176486246305],
        [-0.124192274653483, 51.4143976100613],
        [-0.124074295382087, 51.414609746964445],
        [-0.123915214552342, 51.414631480626234],
        [-0.123675726225527, 51.414650128206951],
        [-0.123405617607163, 51.414714147564702],
        [-0.123122690829496, 51.414915548752369],
        [-0.123015866625834, 51.415030742507362],
        [-0.122993315171955, 51.41505466150798],
        [-0.122582836411453, 51.415034597469372],
        [-0.122480944573805, 51.41502936807867],
        [-0.122494289986037, 51.41519504687254],
        [-0.122531584112804, 51.415232514252594],
        [-0.122504168464637, 51.415269844228703],
        [-0.122481358877678, 51.415300053860371],
        [-0.12227441109577, 51.415507166557276],
        [-0.122205722697517, 51.415569014626612],
        [-0.12193608913685, 51.415796704698259],
        [-0.121703635377412, 51.415994414996142],
        [-0.121603697292136, 51.416187054739105],
        [-0.121574143132979, 51.416241436281908],
        [-0.121484742639844, 51.416352411595682],
        [-0.121334057823, 51.416519957493676],
        [-0.121211968773904, 51.416656487312117],
        [-0.121135022547324, 51.416779352478741],
        [-0.12105048436707, 51.416876916423242],
        [-0.12096815696525, 51.416955631163553],
        [-0.12092179700683, 51.416998951895124],
        [-0.120856532051378, 51.416977222317307],
        [-0.120771661382057, 51.417047802746161],
        [-0.120795615199652, 51.417059877302506],
        [-0.120852367406883, 51.417078772619654],
        [-0.120846397340147, 51.417084072491015],
        [-0.12084919809651, 51.417085915931501],
        [-0.120786291172194, 51.417146956613749],
        [-0.12068409924698, 51.417254129148894],
        [-0.120473189988045, 51.41755739665436],
        [-0.120334510510858, 51.417782686847424],
        [-0.120228481115625, 51.418018392498226],
        [-0.120132918468102, 51.418174231257062],
        [-0.120052723441603, 51.418306036265065],
        [-0.12002190837605, 51.418566329124687],
        [-0.119846627558151, 51.418807218392331],
        [-0.119507053116586, 51.418986119782012],
        [-0.11909550047995, 51.419166562840537],
        [-0.118866965137706, 51.419268108990742],
        [-0.118452348336613, 51.419452996958988],
        [-0.118369940033283, 51.419498435749134],
        [-0.118234533517956, 51.419573598587675],
        [-0.118108230293191, 51.419637216986729],
        [-0.117847476355081, 51.419787703455597],
        [-0.117782794609211, 51.419821736056832],
        [-0.117746273526553, 51.419800466396538],
        [-0.117107785438123, 51.420077975449381],
        [-0.116925571291788, 51.420137097251242],
        [-0.116559297893568, 51.420265202287894],
        [-0.116166415210772, 51.420375792419037],
        [-0.115907831193595, 51.420473252783019],
        [-0.115715067981181, 51.42057896497564],
        [-0.115593953435409, 51.420656153106236],
        [-0.11544850586378, 51.420800394813931],
        [-0.115382050865402, 51.420842490985599],
        [-0.115327016160355, 51.420921640687432],
        [-0.114854233030966, 51.421226082344042],
        [-0.114872068195858, 51.421247052345059],
        [-0.11458042911206, 51.42151843578398],
        [-0.114536262400304, 51.421613047481131],
        [-0.114512667630848, 51.421662127540579],
        [-0.114492433464965, 51.421664499814334],
        [-0.114462137692465, 51.421666710211532],
        [-0.114456351217348, 51.421667516383458],
        [-0.114220875766435, 51.421937104701996],
        [-0.114130526656195, 51.422035469482637],
        [-0.11408231070807, 51.422088649605058],
        [-0.113986311461457, 51.422254368326158],
        [-0.113959951966248, 51.422300705985435],
        [-0.113822711316366, 51.422454969696005],
        [-0.1132950217702, 51.4227648163494],
        [-0.113026825075393, 51.4229205679937],
        [-0.112753419334928, 51.423132888926951],
        [-0.112712048015843, 51.423229343489567],
        [-0.112685545060433, 51.423244204236561],
        [-0.112052865175329, 51.423204338564716],
        [-0.111524710383688, 51.423176045671944],
        [-0.11090470994161, 51.423142672956644],
        [-0.110491030908629, 51.423128810239199],
        [-0.110067318836649, 51.423148956401143],
        [-0.109940678020061, 51.42315051124303],
        [-0.109850009648875, 51.423151746830072],
        [-0.109603321722574, 51.423169350526976],
        [-0.109373669112947, 51.423157552712048],
        [-0.109211983105161, 51.423136959029478],
        [-0.108688199641478, 51.423037681780073],
        [-0.107887019377039, 51.422863781331195],
        [-0.107020753938045, 51.42269871608373],
        [-0.106515072299065, 51.422614109698642],
        [-0.106185511659282, 51.422583605380787],
        [-0.106054894578993, 51.422576998357265],
        [-0.105987299924616, 51.422576805281011],
        [-0.105797526827656, 51.42257463756772],
        [-0.105115818583742, 51.422607681831337],
        [-0.104616807278738, 51.422640079815324],
        [-0.10422819020479, 51.422646384124583],
        [-0.100773221398204, 51.422577857527465],
        [-0.100144411619982, 51.422583852784427],
        [-0.098812756251488, 51.42257754611483],
        [-0.098388726975997, 51.422570666845033],
        [-0.098108100752194, 51.422574206652847],
        [-0.097809890029956, 51.422585553800332],
        [-0.097512818004125, 51.422604112818547],
        [-0.097235607904861, 51.422629288426101],
        [-0.096906091546804, 51.422667103062501],
        [-0.096186014622965, 51.422757924794645],
        [-0.094839476026508, 51.422798093167152],
        [-0.094591422443231, 51.422813844533643],
        [-0.09434669208018, 51.422818858189657],
        [-0.094101047711955, 51.4228112667126],
        [-0.093918910365723, 51.422798412705731],
        [-0.093644202906111, 51.422763369541727],
        [-0.093434365340939, 51.422724884688158],
        [-0.093206403188668, 51.422672615548692],
        [-0.093008589225369, 51.422621735785455],
        [-0.092734391723791, 51.422539936803652],
        [-0.092307749671937, 51.422354038515572],
        [-0.092140653914498, 51.422221823818894],
        [-0.091768854328766, 51.421928004753482],
        [-0.091394790374948, 51.421723175215405],
        [-0.091101399938751, 51.421584405841905],
        [-0.090842821436076, 51.421473180881613],
        [-0.090197244275568, 51.421226154890277],
        [-0.090043959955752, 51.421176894946662],
        [-0.089909436256142, 51.421126142023589],
        [-0.089814783488514, 51.421085031491032],
        [-0.089720393189717, 51.421037630274384],
        [-0.089584119814851, 51.420959870375654],
        [-0.089367367752481, 51.420811554591658],
        [-0.089047653539112, 51.42054555385338],
        [-0.088452092558674, 51.420065523533609],
        [-0.088190342221345, 51.419927262781862],
        [-0.088010880946324, 51.419850595018659],
        [-0.087764505254878, 51.419757547603673],
        [-0.086970730054565, 51.41947840945037],
        [-0.086826641674387, 51.419415806288953],
        [-0.0866194261206, 51.419349474520693],
        [-0.086425645579172, 51.419305843494975],
        [-0.086185309603571, 51.419274940951553],
        [-0.08607913906995, 51.419268710785452],
        [-0.085863435474915, 51.419267885753484],
        [-0.085538960123377, 51.41928866454613],
        [-0.085011350572511, 51.419351986163463],
        [-0.083895216079574, 51.41955945994696],
        [-0.083333988613084, 51.419669885712921],
        [-0.0828871230632, 51.419728223396021],
        [-0.082876986861432, 51.419729856126509],
        [-0.082345959730502, 51.419771527392861],
        [-0.081742864228782, 51.419748168478456],
        [-0.080595107812374, 51.419679916600032],
        [-0.080291992073028, 51.419671354779794],
        [-0.080092059401826, 51.419671676731397],
        [-0.079714625584204, 51.419686176217418],
        [-0.07932482682784, 51.419721155069567],
        [-0.079103566352735, 51.41974990246122],
        [-0.078674663718675, 51.419825604669498],
        [-0.078548602385836, 51.41984781824732],
        [-0.078589454521496, 51.419868271973137],
        [-0.078559819658892, 51.419991885463332],
        [-0.078529830124796, 51.420021069711012],
        [-0.078495227158715, 51.420057372476478],
        [-0.078445027544075, 51.420259784579827],
        [-0.078404200134032, 51.420410192632325],
        [-0.078335912830546, 51.420563747497255],
        [-0.078325135494093, 51.420580656923391],
        [-0.078306681580979, 51.420609130992752],
        [-0.078238803423385, 51.420718628249702],
        [-0.078042386562164, 51.421012166596896],
        [-0.077603148633775, 51.421710889966633],
        [-0.076598718669148, 51.42319529253988],
        [-0.075664770068194, 51.424678146006279],
        [-0.075456479814027, 51.424979578520578],
        [-0.075455004614372, 51.424980453566768],
        [-0.075042954699749, 51.425577996276651],
        [-0.075033461327304, 51.42559852357077],
        [-0.075021093019878, 51.425619003644634],
        [-0.075008724701166, 51.425639483717013],
        [-0.074996356371167, 51.425659963787894],
        [-0.074981150866329, 51.425679497986955],
        [-0.074965945348361, 51.425699032183864],
        [-0.074949302351021, 51.425718542767989],
        [-0.074932697106829, 51.425737154699668],
        [-0.074913216914358, 51.425755719406702],
        [-0.074893736706021, 51.425774284110275],
        [-0.074886284987635, 51.425780456603107],
        [-0.07486684252652, 51.425798122651976],
        [-0.074844562881311, 51.425814842823804],
        [-0.074820845750157, 51.42583153937894],
        [-0.074797166371973, 51.425847337279215],
        [-0.074773524748163, 51.425862236524601],
        [-0.074747008167001, 51.425877088538869],
        [-0.074721929040083, 51.42589196416035],
        [-0.074694012725549, 51.425905893898914],
        [-0.074667533866349, 51.425919847244771],
        [-0.074639655291841, 51.425932878320225],
        [-0.074611776701574, 51.425945909388808],
        [-0.074582460622081, 51.425958916835448],
        [-0.074554581999865, 51.425971947890076],
        [-0.074532604361149, 51.425981478802278],
        [-0.07448573633063, 51.426001392031026],
        [-0.074437430784363, 51.426021281623576],
        [-0.074389162974974, 51.426040272546111],
        [-0.07434097068488, 51.426057466149103],
        [-0.074289903405359, 51.426074612494283],
        [-0.074238911651158, 51.426089961517725],
        [-0.074187957645762, 51.426104411869055],
        [-0.074141429393352, 51.426116237111351],
        [-0.074094976686183, 51.426126265036011],
        [-0.074048599529791, 51.426134495643147],
        [-0.074002222357166, 51.426142726231774],
        [-0.073954445476657, 51.426150034529506],
        [-0.073935607101077, 51.426153322027524],
        [-0.073930389305734, 51.426208991041413],
        [-0.073984763315719, 51.426523729941302],
        [-0.074166141212449, 51.427068071118022],
        [-0.074327048790605, 51.427449307721233],
        [-0.074490709094639, 51.42762825352218],
        [-0.074795683671071, 51.428107178792914],
        [-0.074944221744992, 51.428372205431153],
        [-0.075028557767374, 51.428556142397746],
        [-0.075093302076034, 51.42879551226288],
        [-0.075048385505808, 51.429179662057457],
        [-0.074970250255583, 51.429532691050724],
        [-0.074927698160981, 51.429655192106353],
        [-0.074893542555614, 51.429749054426878],
        [-0.073586072204488, 51.431351653071054],
        [-0.072861704111266, 51.432087038229199],
        [-0.072764020254097, 51.432186150262055],
        [-0.072708708655995, 51.432235599865074],
        [-0.072630091641269, 51.432291860365957],
        [-0.072540086525363, 51.432345235730921],
        [-0.072460825764831, 51.432382600870213],
        [-0.072383342988338, 51.432411901770315],
        [-0.072215929846785, 51.43245860818007],
        [-0.072076853707373, 51.432481500182412],
        [-0.071607755182194, 51.432483675115513],
        [-0.071334937468023, 51.432471092760473],
        [-0.071109903840928, 51.432451202734605],
        [-0.070943171500364, 51.43244755942645],
        [-0.070695285854395, 51.432457867666685],
        [-0.070392956601782, 51.432496954989098],
        [-0.070187216238403, 51.432531337010857],
        [-0.069984161559895, 51.432570259246837],
        [-0.06962227831689, 51.432656924497664],
        [-0.069529130353926, 51.432682368440133],
        [-0.069021580253977, 51.432845768310742],
        [-0.068602180457258, 51.432999827365904],
        [-0.067753295756818, 51.433444463806609],
        [-0.067151552028119, 51.433691733434536],
        [-0.066708747471561, 51.433922737044895],
        [-0.066144279105628, 51.434309103985164],
        [-0.066042945957467, 51.434391963421561],
        [-0.065974001675637, 51.434457371809344],
        [-0.065909028792448, 51.434530939121181],
        [-0.065834290535537, 51.434631323356108],
        [-0.065788045760269, 51.43470430037727],
        [-0.065606761312568, 51.435079002106349],
        [-0.065415756176626, 51.435411277415206],
        [-0.065086392020923, 51.435919323932964],
        [-0.064800290068393, 51.436288696957824],
        [-0.064611156208522, 51.436678555135146],
        [-0.06456028438302, 51.436792821691355],
        [-0.064530567255162, 51.43688315725673],
        [-0.064467172554952, 51.436987325015636],
        [-0.064420283090098, 51.437041406182523],
        [-0.064364918588171, 51.437091750294378],
        [-0.064244884348983, 51.437174299365111],
        [-0.064158191447186, 51.437216931827123],
        [-0.06398276547491, 51.437282378922767],
        [-0.063550734952527, 51.437495563328817],
        [-0.063456737638827, 51.437540772411509],
        [-0.063457402295793, 51.437627113314846],
        [-0.06354357034842, 51.437767024504424],
        [-0.063700718773821, 51.437929690690311],
        [-0.063706837534379, 51.437989143585575],
        [-0.06373351064585, 51.438209006069528],
        [-0.063752247805889, 51.438990781089927],
        [-0.063800959061252, 51.43954014028877],
        [-0.064053529763112, 51.440849152286511],
        [-0.06428003312743, 51.440903252125793],
        [-0.06467128615865, 51.441008632349508],
        [-0.06502616928522, 51.441157475069588],
        [-0.064611675183249, 51.441533720693066],
        [-0.064277522239336, 51.441847443536851],
        [-0.064218781702427, 51.441909422327782],
        [-0.064165754873134, 51.441972394721326],
        [-0.06408274631224, 51.442097820777313],
        [-0.063870376978117, 51.442525962421918],
        [-0.063733590475628, 51.442868123107651],
        [-0.063665496201236, 51.443355301461409],
        [-0.063749735342836, 51.444153445450276],
        [-0.063713333436943, 51.444537731306561],
        [-0.063639978983724, 51.444808998088192],
        [-0.063484088532988, 51.445262352185935],
        [-0.063365086421422, 51.445558044184402],
        [-0.06324468265955, 51.44585281363036],
        [-0.063083889534979, 51.446183785596794],
        [-0.062901422487604, 51.446448752547454],
        [-0.062569033593565, 51.446957641062419],
        [-0.062343195726752, 51.447193113705431],
        [-0.062219896991091, 51.447352044644454],
        [-0.06207971247682, 51.447535875825423],
        [-0.061826917004531, 51.447796081342858],
        [-0.061383542309745, 51.4481385652157],
        [-0.060972646834833, 51.448427628560964],
        [-0.059677639505086, 51.448998818321812],
        [-0.059061511295286, 51.449307858754629],
        [-0.058687481177106, 51.449507597686853],
        [-0.05861892246294, 51.449563116222073],
        [-0.0581006326081, 51.449940317863209],
        [-0.057561283652492, 51.450338750742098],
        [-0.0565434194716, 51.449939690592601],
        [-0.055435475846522, 51.449493264475123],
        [-0.054748735419864, 51.449194104178616],
        [-0.054331246184914, 51.448993832460211],
        [-0.054081300897699, 51.448813426740045],
        [-0.054007561312971, 51.448753750096635],
        [-0.053953904263156, 51.4487294783195],
        [-0.053908341333649, 51.448717930668948],
        [-0.053787802523114, 51.448709634565247],
        [-0.053644965103893, 51.448718054217061],
        [-0.053579674183341, 51.448730459154042],
        [-0.053464568141826, 51.44876361933138],
        [-0.05306998331252, 51.448837101383447],
        [-0.050954592381079, 51.449507874879792],
        [-0.049935494809677, 51.449848835505193],
        [-0.049366399356892, 51.45003181070895],
        [-0.049086624269047, 51.450112585472176],
        [-0.0487217226784, 51.45013079223871],
        [-0.048239787145388, 51.450092193842799],
        [-0.047757929145869, 51.450051796209969],
        [-0.046941449538387, 51.449960858404715],
        [-0.046511446192206, 51.44991952103026],
        [-0.046150745829622, 51.449873042330076],
        [-0.045875218419686, 51.450191287639065],
        [-0.045483148990283, 51.450643379036705],
        [-0.04517888591253, 51.450960244332478],
        [-0.045196428953122, 51.451054960265509],
        [-0.045124222873184, 51.451229113865118],
        [-0.045000608135494, 51.451292699085236],
        [-0.044874022044805, 51.451324760156616],
        [-0.044507940125887, 51.45170713867455],
        [-0.043886164007676, 51.452414382553307],
        [-0.043662772504935, 51.452657054716951],
        [-0.043189653735416, 51.453118577143663],
        [-0.04298934003796, 51.453191671179724],
        [-0.042445650644335, 51.453889419850455],
        [-0.041648633568746, 51.454990303729105],
        [-0.041825105453377, 51.455037315900228],
        [-0.04196204980051, 51.455099854448974],
        [-0.042100355983123, 51.455164214120046],
        [-0.04274555729382, 51.455492430625291],
        [-0.043452245583951, 51.455931380669313],
        [-0.044632325130362, 51.456576962016612],
        [-0.044995779054543, 51.456661260277222],
        [-0.04616035149926, 51.456963046395188],
        [-0.046103175810989, 51.457122163403298],
        [-0.046001621619456, 51.457174426895236],
        [-0.045781355518489, 51.457680641021973],
        [-0.045779917073399, 51.457680617043216],
        [-0.045742705625257, 51.457810390783173],
        [-0.045717367207076, 51.457898096779871],
        [-0.04561557422313, 51.458158087181097],
        [-0.045335714805843, 51.458980748993504],
        [-0.045303469116895, 51.459095317802067],
        [-0.045242637289922, 51.459407249177083],
        [-0.045177004858268, 51.45983150910638],
        [-0.045123242645951, 51.460281146452552],
        [-0.045114118293029, 51.460595738478098],
        [-0.045105587485205, 51.460930124304426],
        [-0.045129047405997, 51.461324395314961],
        [-0.045188525212152, 51.461819085724457],
        [-0.045236826076481, 51.462204778169344],
        [-0.045346334654734, 51.4626067786661],
        [-0.045457247809127, 51.462942256558421],
        [-0.04572036085611, 51.463523074063353],
        [-0.045999078740264, 51.463974656314704],
        [-0.046213776204977, 51.464239921642616],
        [-0.046363603966665, 51.464406085325649],
        [-0.046586746560218, 51.464608541874156],
        [-0.04677298520765, 51.464731247538303],
        [-0.047037526740479, 51.464908314137489],
        [-0.047330498487744, 51.465026501950724],
        [-0.047561666247432, 51.465176033423411],
        [-0.047720804198152, 51.465225445494184],
        [-0.048540155645669, 51.465626671249836],
        [-0.048206076819803, 51.46589808447073],
        [-0.04862911890358, 51.466072390386074],
        [-0.049055769949371, 51.46622966871746],
        [-0.049406725810082, 51.466338924174075],
        [-0.049623073844271, 51.466397378860577],
        [-0.049670053542944, 51.46640985088311],
        [-0.049904990741243, 51.466471312086547],
        [-0.050278527449756, 51.466557559542636],
        [-0.050519987217698, 51.466601142622416],
        [-0.050888438759535, 51.466637843846847],
        [-0.050822240602843, 51.466670915443267],
        [-0.050633984806846, 51.466764007042137],
        [-0.050575133169512, 51.466793603582616],
        [-0.051000238704401, 51.467122609123045],
        [-0.051319603837908, 51.4673653244365],
        [-0.051326567884987, 51.467370835792345],
        [-0.05112823887298, 51.467463760756772],
        [-0.05088139597639, 51.467580159073719],
        [-0.050994494565012, 51.467730418406695],
        [-0.051446360238946, 51.468344035522023],
        [-0.051684337437736, 51.468571008752953],
        [-0.052040909211928, 51.468954625925001],
        [-0.052281831165921, 51.469214020423799],
        [-0.052151296089086, 51.469337749173349],
        [-0.05178244921301, 51.469613990436471],
        [-0.05168657432816, 51.469701424673218],
        [-0.051687078404247, 51.469757187605211],
        [-0.051801467790713, 51.470080126769581],
        [-0.051980512542101, 51.470609172929869],
        [-0.052173765686466, 51.471210396142489],
        [-0.052756998416973, 51.472933187058501],
        [-0.052763032069983, 51.473839747791359],
        [-0.05274746695852, 51.476301680042049],
        [-0.052699249892264, 51.478008585163323],
        [-0.054328519794642, 51.478605767275432],
        [-0.053947278072192, 51.479205545228233],
        [-0.053952958084391, 51.479207438031885],
        [-0.054018469512625, 51.479224712101029],
        [-0.053999784664101, 51.47925767481442],
        [-0.053707980823811, 51.479786095835941],
        [-0.053695396426171, 51.479811066374914],
        [-0.053654081983901, 51.479800488654639],
        [-0.053621325925394, 51.47979185151997],
        [-0.053521759545069, 51.479965555431669],
        [-0.05347811962253, 51.480077239139902],
        [-0.05347020545827, 51.480161638701638],
        [-0.053520278599089, 51.480237108992995],
        [-0.053573221476018, 51.480245181998178],
        [-0.053573474549293, 51.480273063425344],
        [-0.05357340678008, 51.480342305732357],
        [-0.053413176971474, 51.480317164120102],
        [-0.05335883314362, 51.480308168518853],
        [-0.053356766819606, 51.480356694543538],
        [-0.053388237121758, 51.480361713341807],
        [-0.053506922573197, 51.480381668994191],
        [-0.053514303572875, 51.480478912181987],
        [-0.053489378549682, 51.480489289587489],
        [-0.05342778552746, 51.480515245023803],
        [-0.05330602521075, 51.480770413436275],
        [-0.053268576605271, 51.480838135851847],
        [-0.05321888732402, 51.480922741061519],
        [-0.053187730970581, 51.480977978208756],
        [-0.053156651080602, 51.481031418086744],
        [-0.053168202837338, 51.481030710623898],
        [-0.053260387270994, 51.481030442659772],
        [-0.053250680642467, 51.481055460929127],
        [-0.053118782995018, 51.481447149149979],
        [-0.053052711229104, 51.481747305925559],
        [-0.053017504912493, 51.481965242778713],
        [-0.052974436535745, 51.482401570496904],
        [-0.052942666604377, 51.482640247470336],
        [-0.052811428155027, 51.482644362984644],
        [-0.052818693071559, 51.482744302057156],
        [-0.052857514259577, 51.482745845998032],
        [-0.052959661996469, 51.482748441496248],
        [-0.052955926168032, 51.482802335367019],
        [-0.052949510956238, 51.482919133300406],
        [-0.052978656403907, 51.483384537287961],
        [-0.052921491768246, 51.483407868210371],
        [-0.052922264996828, 51.48345734062525],
        [-0.052800907629615, 51.483466116546246],
        [-0.052832640116064, 51.483566461922706],
        [-0.05289021073218, 51.483567417938985],
        [-0.052982362001663, 51.483568048876862],
        [-0.052984704654402, 51.483580677486131],
        [-0.053117977840063, 51.48437424351593],
        [-0.053013659894568, 51.484388698175486],
        [-0.052964379481127, 51.484395973269066],
        [-0.05299996393415, 51.484608790646568],
        [-0.053001173563727, 51.484614206320998],
        [-0.053040884858354, 51.484831588525431],
        [-0.05309732502517, 51.485163455093819],
        [-0.053169099442929, 51.485169143119712],
        [-0.05319581891127, 51.485218147038864],
        [-0.053249341584949, 51.485212740805082],
        [-0.053314823011113, 51.485230913967897],
        [-0.053423086379539, 51.485292962027664],
        [-0.053551847128743, 51.485516318612895],
        [-0.053560134491847, 51.48579522821386],
        [-0.053140162531542, 51.485848506779448],
        [-0.053181245411003, 51.485966093285299],
        [-0.053079687684274, 51.485983291643628],
        [-0.052949151636199, 51.486004505059121],
        [-0.052946418334689, 51.486102479518671],
        [-0.052940507650165, 51.486275040179613],
        [-0.052920326008839, 51.486343049173271],
        [-0.052893981162538, 51.48638667567716],
        [-0.052856756823567, 51.486449006071375],
        [-0.052844323165046, 51.486470381952358],
        [-0.052880513466593, 51.486601376277513],
        [-0.052901690279936, 51.486679064677709],
        [-0.052933899782484, 51.486734454656563],
        [-0.052994192317548, 51.486840669744794],
        [-0.053030505763648, 51.486867351373228],
        [-0.053156068089792, 51.486962959661312],
        [-0.053186065247903, 51.486968853287244],
        [-0.053254542721594, 51.486984378412863],
        [-0.05332191026489, 51.487025963741019],
        [-0.053406129434858, 51.487077720690927],
        [-0.053515385752084, 51.487218021108923],
        [-0.053564524521353, 51.487281785305456],
        [-0.053728778579458, 51.487517421190795],
        [-0.053977464865547, 51.487935210203659],
        [-0.052889820578206, 51.48763388647312],
        [-0.052631143898192, 51.487552254069541],
        [-0.05262208636851, 51.487561995556362],
        [-0.05250050203349, 51.4877110527162],
        [-0.052412820534326, 51.487774343467628],
        [-0.052174921036358, 51.487813556592855],
        [-0.052119802596144, 51.487822532902563],
        [-0.051750260254574, 51.487807400936354],
        [-0.051308441807425, 51.487798260810251],
        [-0.051115699120625, 51.487825632523645],
        [-0.050770001011341, 51.487926898900376],
        [-0.050738027575242, 51.487933561511149],
        [-0.050644194079772, 51.487870851634433],
        [-0.050464349746748, 51.487933508028661],
        [-0.050384458097309, 51.488016710615383],
        [-0.050308922707907, 51.488099086316019],
        [-0.050344179488582, 51.488116758559251],
        [-0.050108722753847, 51.48833496179612],
        [-0.050169544032563, 51.488361152577312],
        [-0.05195868867435, 51.489135480267258],
        [-0.051466098439691, 51.489438441339381],
        [-0.051151635190099, 51.489550119822667],
        [-0.050817456655338, 51.489617405796174],
        [-0.050345208020226, 51.48974714230387],
        [-0.049657421050722, 51.489864299540329],
        [-0.049713025802247, 51.489945258912172],
        [-0.049358306267936, 51.49002119175703],
        [-0.049260903099382, 51.490042053027842],
        [-0.049220097426986, 51.489985619782594],
        [-0.047550009764375, 51.490369687226107],
        [-0.047595726963948, 51.490445986660056],
        [-0.046567412988907, 51.490744502666601],
        [-0.046566096741964, 51.49047200351071],
        [-0.046567348136625, 51.490341630960103],
        [-0.046164390445741, 51.490366391752332],
        [-0.045927228990148, 51.49021945675662],
        [-0.045831727565576, 51.490162110831243],
        [-0.045521777481343, 51.490235181127893],
        [-0.045115744989812, 51.490331828262185],
        [-0.045135415036227, 51.490377119432772],
        [-0.044758114671731, 51.490441870787322],
        [-0.044737027071112, 51.490362383843696],
        [-0.044576474619561, 51.490142084470435],
        [-0.044552657389681, 51.490126399790114],
        [-0.044498765237576, 51.490106616504583],
        [-0.042740688297314, 51.490021530338758],
        [-0.042357253094201, 51.490027719321219],
        [-0.042225838788101, 51.490035417236058],
        [-0.042508026044792, 51.490240664430836],
        [-0.040343734268685, 51.491062414256611],
        [-0.041055669756823, 51.491827894167713],
        [-0.040070366798995, 51.492163042680637],
        [-0.040563331996484, 51.492794471875747],
        [-0.040553023974252, 51.492799695222587],
        [-0.040370215355147, 51.492829913200517],
        [-0.039966218878223, 51.492945461256625],
        [-0.039934240414881, 51.492952120861595],
        [-0.039902261942404, 51.492958780457634],
        [-0.039870322008538, 51.492964541423987],
        [-0.039836942516549, 51.492970278318211],
        [-0.039803640114491, 51.492974217961091],
        [-0.039771777257454, 51.492978181658572],
        [-0.039737035293891, 51.492982097218238],
        [-0.039703809977427, 51.492984239590911],
        [-0.039687936369127, 51.492984873495871],
        [-0.039654749600739, 51.49298611723377],
        [-0.039620123280084, 51.492987336896228],
        [-0.039587013615208, 51.492986783373389],
        [-0.039553942505368, 51.492985331220403],
        [-0.039519431847427, 51.492983854990896],
        [-0.039486399297679, 51.492981504198234],
        [-0.039453405307523, 51.492978254775601],
        [-0.039420411322307, 51.492975005343709],
        [-0.03938601634929, 51.4929708332131],
        [-0.039353099490552, 51.49296578652104],
        [-0.039320182639307, 51.492960739819885],
        [-0.039287304354761, 51.492954794488924],
        [-0.039255865628137, 51.492948873219305],
        [-0.039223025921345, 51.492942029249882],
        [-0.039191625773288, 51.492935209342676],
        [-0.039174466873631, 51.492932224624745],
        [-0.039133105588283, 51.492922540339713],
        [-0.039093222431619, 51.492911981492213],
        [-0.039051938309929, 51.492900499937917],
        [-0.039013571867896, 51.492888167895671],
        [-0.03897380446545, 51.492874913146721],
        [-0.038935476632455, 51.492861682458859],
        [-0.038898626934243, 51.492847577213148],
        [-0.038860376281226, 51.492832549260314],
        [-0.038823603766319, 51.492816646750633],
        [-0.038788270821256, 51.492800768305806],
        [-0.038751536926829, 51.492783967153663],
        [-0.038717682145467, 51.492767214144223],
        [-0.038707798196359, 51.492762552503102],
        [-0.038666900020183, 51.492742084612203],
        [-0.038627479994054, 51.492720742165218],
        [-0.038589576690643, 51.492697626543297],
        [-0.038551634852338, 51.492675409529724],
        [-0.038513770198924, 51.492651395263678],
        [-0.03847882323666, 51.492626530525328],
        [-0.038443876312309, 51.49260166577691],
        [-0.038410368962645, 51.492576825099064],
        [-0.03838674551888, 51.492556646080295],
        [-0.038234979249953, 51.492467777698707],
        [-0.038123995416682, 51.49240207307524],
        [-0.038091542098048, 51.492386242593689],
        [-0.038057610689558, 51.492371286638367],
        [-0.03802367930343, 51.492356330673459],
        [-0.037989709355799, 51.492342273318933],
        [-0.037954299900741, 51.492328191868545],
        [-0.037917373769232, 51.49231588356087],
        [-0.037883288127238, 51.492304522035937],
        [-0.037846362034413, 51.492292213706307],
        [-0.037809358787136, 51.492281702605005],
        [-0.037770916030612, 51.492271167403743],
        [-0.037732434703278, 51.492261530809998],
        [-0.037693876213377, 51.492253691443409],
        [-0.037653839621129, 51.492246726594267],
        [-0.037650999160192, 51.492245779794587],
        [-0.037620923486495, 51.49224167942284],
        [-0.037590809226854, 51.492238477663321],
        [-0.037560656379486, 51.49223617451581],
        [-0.037530503535403, 51.492233871360661],
        [-0.037500350694531, 51.492231568197695],
        [-0.037475917362949, 51.492230260015226],
        [-0.037376821718603, 51.492223205901958],
        [-0.037315037950445, 51.492219474015215],
        [-0.03523867920262, 51.492633436233852],
        [-0.033327273139681, 51.49299617251264],
        [-0.033304047027207, 51.493000279305342],
        [-0.0332477548693, 51.492868941600598],
        [-0.032910879974975, 51.492930735964798],
        [-0.032550313718944, 51.493007419397159],
        [-0.032581171200707, 51.493026821710814],
        [-0.032412829590946, 51.493055471503531],
        [-0.032064513267341, 51.49311527293704],
        [-0.0319380028575, 51.493176098379884],
        [-0.031060964386432, 51.493336732450324],
        [-0.030435132679896, 51.493451220627492],
        [-0.029947689447916, 51.493563534184105],
        [-0.029815077132195, 51.493030738999273],
        [-0.029769226435636, 51.492924754455508]
      ]
    ]
  }
}
