{
  "type": "Feature",
  "properties": {
    "name": "West London",
    "level": 1,
    "center": [-0.3440047709644355, 51.483425694671055]
  },
  "geometry": {
    "type": "Polygon",
    "coordinates": [
      [
        [-0.305462270890676, 51.63336798317466],
        [-0.305052296854994, 51.63277577694286],
        [-0.304484772519683, 51.63203022585541],
        [-0.303953920044572, 51.63146414558814],
        [-0.3025389900102, 51.63042848272414],
        [-0.302185879284401, 51.630133829397884],
        [-0.301838448790423, 51.62984195477688],
        [-0.301182356013457, 51.62926505780475],
        [-0.300543172022932, 51.62862275894169],
        [-0.300153081836355, 51.628197177535284],
        [-0.299254915464879, 51.627410843633776],
        [-0.298668867502002, 51.626971627697934],
        [-0.298027423619204, 51.62650732684444],
        [-0.297712852489817, 51.626265372852586],
        [-0.297275758053381, 51.62590024673798],
        [-0.295907979794407, 51.62469433369464],
        [-0.295188975645529, 51.62410389972812],
        [-0.294879480140829, 51.623804461619],
        [-0.294364078937186, 51.62329431202003],
        [-0.293870981931797, 51.622806065429],
        [-0.293151062084316, 51.6222030161295],
        [-0.292676617915444, 51.62175729876384],
        [-0.291673425546274, 51.62088934676494],
        [-0.289600303757528, 51.619164133631834],
        [-0.288276186087504, 51.618036996369284],
        [-0.288008667291993, 51.617775918650906],
        [-0.287698774362785, 51.61729751027496],
        [-0.287565593448043, 51.61715169250157],
        [-0.286852274278747, 51.616608047890686],
        [-0.286003758901882, 51.61589606925679],
        [-0.285307043435821, 51.61541110667803],
        [-0.284410088636445, 51.61491242309403],
        [-0.284185402346211, 51.61478055079745],
        [-0.283962194849162, 51.61464780045679],
        [-0.283412315187261, 51.61429176275861],
        [-0.282199703229832, 51.61335592054524],
        [-0.281482088990544, 51.61269977679935],
        [-0.280150394682744, 51.611439348890435],
        [-0.279367901565914, 51.6107435746215],
        [-0.279339915773088, 51.61071978465653],
        [-0.278745973674661, 51.610156257542634],
        [-0.277937459119733, 51.609424122926384],
        [-0.277315173838341, 51.608885350696184],
        [-0.277135963699276, 51.60873614741765],
        [-0.276652768667303, 51.60845299350485],
        [-0.276445559425992, 51.608318664866566],
        [-0.276036802465811, 51.60801501993611],
        [-0.275555489503315, 51.6075682305384],
        [-0.275272227620593, 51.607306891349964],
        [-0.274932585094672, 51.60697098665482],
        [-0.27489360222305, 51.60693264641742],
        [-0.2738076642183, 51.605712623022264],
        [-0.272970145735714, 51.60502588666343],
        [-0.270246570615006, 51.60289868614328],
        [-0.270079712765203, 51.602767638191445],
        [-0.268736225406249, 51.601719118543386],
        [-0.268448059658227, 51.60147477515781],
        [-0.267615671994524, 51.60073322225647],
        [-0.267155869443287, 51.60037034235824],
        [-0.267052122829769, 51.60028877975005],
        [-0.266153722517458, 51.59942394692873],
        [-0.26573063298398, 51.59900765004735],
        [-0.265187703089916, 51.59855361142421],
        [-0.264761474590654, 51.59818222575486],
        [-0.264275775826453, 51.59778028463961],
        [-0.26387763798442, 51.59746776066376],
        [-0.263376807722564, 51.59712224307821],
        [-0.262682162420321, 51.59659670732114],
        [-0.262399113007516, 51.5963713079907],
        [-0.261901910398298, 51.595969186411416],
        [-0.260641470722254, 51.59491100986749],
        [-0.259770163925117, 51.594174217789515],
        [-0.25824588545289, 51.59276949725685],
        [-0.25803959344638, 51.59257669898084],
        [-0.257691082370564, 51.59225230062221],
        [-0.257421207727535, 51.59202348750945],
        [-0.257028489166318, 51.5917604774024],
        [-0.255629733704179, 51.590701090166235],
        [-0.254760570384328, 51.5900632063584],
        [-0.254270188182549, 51.58978794375691],
        [-0.253949090021827, 51.58957814348778],
        [-0.253932259115963, 51.58956530391506],
        [-0.253387382163953, 51.58920559866473],
        [-0.253129458124564, 51.589042596804696],
        [-0.252536488203088, 51.588544589855196],
        [-0.251937606026194, 51.58793768517554],
        [-0.250350258374957, 51.58638264693606],
        [-0.249982066087469, 51.58604714065279],
        [-0.248534593013576, 51.5845741936123],
        [-0.248284314693488, 51.58436363571924],
        [-0.248367589066515, 51.584300134145636],
        [-0.248503686578702, 51.58425180850608],
        [-0.249931906749033, 51.58389633748286],
        [-0.25038163800206, 51.58379963157056],
        [-0.250822884414684, 51.58369830134191],
        [-0.251409284379403, 51.583575752267365],
        [-0.251667870530121, 51.5834573096091],
        [-0.252044345416407, 51.583050171448384],
        [-0.252303874927319, 51.58279415949478],
        [-0.252417302212721, 51.58269693341453],
        [-0.252535740740876, 51.58261956486836],
        [-0.252885140667933, 51.5824287349665],
        [-0.253142790893896, 51.58229678673257],
        [-0.253211486546265, 51.582274429270285],
        [-0.253416746091368, 51.58222892581321],
        [-0.253539504706586, 51.58218938815109],
        [-0.253692181977807, 51.582122419467154],
        [-0.2538294387423, 51.58204353118135],
        [-0.25399871062002, 51.58192015761472],
        [-0.254122815374893, 51.581807801871015],
        [-0.254334891075072, 51.58158435098798],
        [-0.25437954825289, 51.581511278494816],
        [-0.254395798710706, 51.581463861095045],
        [-0.254394088485522, 51.58139549429399],
        [-0.254349355688466, 51.581206890179935],
        [-0.254334219183529, 51.58111224604038],
        [-0.254318371371977, 51.58092317232021],
        [-0.254311958886738, 51.580826859481775],
        [-0.254316378973018, 51.58059852117122],
        [-0.254335357660484, 51.58040457009344],
        [-0.254372158591879, 51.58023516327453],
        [-0.254429704867918, 51.580051677345836],
        [-0.254484392567711, 51.579942784849344],
        [-0.254586409694572, 51.57980402246665],
        [-0.254613273028129, 51.5797432744377],
        [-0.254630452225873, 51.57967159163518],
        [-0.254631798730553, 51.579598774136585],
        [-0.254612988924215, 51.579486990034226],
        [-0.254464706277685, 51.578987511133136],
        [-0.254415403130162, 51.57884290119697],
        [-0.254245304191948, 51.57846089643182],
        [-0.254102958268302, 51.57807031197117],
        [-0.254078820208334, 51.57802229373602],
        [-0.253944046856561, 51.57781076827545],
        [-0.253649604288082, 51.577397237901955],
        [-0.253597893895923, 51.57731553778019],
        [-0.253569291794513, 51.57727104991558],
        [-0.253427625749178, 51.57701356054954],
        [-0.253353329867598, 51.57684339971235],
        [-0.253233892293001, 51.57653318638654],
        [-0.25293429617841, 51.57572751333025],
        [-0.252818491769627, 51.57551087344806],
        [-0.252790615244163, 51.57544751235405],
        [-0.252715965730809, 51.57513616674509],
        [-0.252623102915271, 51.574923465129814],
        [-0.252353421785606, 51.57446713681588],
        [-0.252128474280162, 51.57412387781472],
        [-0.25196553062795, 51.57389484489712],
        [-0.251825176332342, 51.573716505116884],
        [-0.251442393236449, 51.57327467576409],
        [-0.251372424838314, 51.573180113294605],
        [-0.251355365450786, 51.57313579682908],
        [-0.251366226207386, 51.573078407945566],
        [-0.251389204998086, 51.573043680375974],
        [-0.251429559722234, 51.57300741324858],
        [-0.251491720536094, 51.57296697486365],
        [-0.251697566192517, 51.57286752950634],
        [-0.251859724119531, 51.57281599141875],
        [-0.252118615344328, 51.572763196240615],
        [-0.252314696840026, 51.572730147391646],
        [-0.252519155784039, 51.57270441680398],
        [-0.252640924344402, 51.57269004385447],
        [-0.252890604262307, 51.57268926515568],
        [-0.252970478794816, 51.57267606660705],
        [-0.253018865188238, 51.57265610464478],
        [-0.253051524726291, 51.57263231162763],
        [-0.253101254712534, 51.57257729966915],
        [-0.253130005642071, 51.572504890034836],
        [-0.253131112889312, 51.57243836350771],
        [-0.25310619107134, 51.57237324797383],
        [-0.253084252335193, 51.572343246805744],
        [-0.25303566926964, 51.57229306593504],
        [-0.252863330912184, 51.57197037441781],
        [-0.25266345002139, 51.571688637097246],
        [-0.252510292051318, 51.57150561125702],
        [-0.252083054572386, 51.57128253394506],
        [-0.251910864508315, 51.57118195298394],
        [-0.251772287890828, 51.57110795020229],
        [-0.251752959182625, 51.57108518149566],
        [-0.251611034009423, 51.57091041484739],
        [-0.251512955368509, 51.57075878208576],
        [-0.251377484310505, 51.570603894367004],
        [-0.251322016919503, 51.57046998174852],
        [-0.251281476271084, 51.570398338429996],
        [-0.251205088559298, 51.57032076550958],
        [-0.251149505803836, 51.57026508412333],
        [-0.250768663676064, 51.57011193404367],
        [-0.25050033270506, 51.5698471570953],
        [-0.250219439643044, 51.56957140142584],
        [-0.250034433491814, 51.56939149422927],
        [-0.250009372342982, 51.56936774050426],
        [-0.249785058212358, 51.56915937054962],
        [-0.249672242315954, 51.569091144806045],
        [-0.249582293602113, 51.569028655435496],
        [-0.249495091295832, 51.56896980388576],
        [-0.24942832051994, 51.56890496244916],
        [-0.249330091715219, 51.56887022551249],
        [-0.249180456808286, 51.568859000760526],
        [-0.249058989877956, 51.56879064534171],
        [-0.248999456957656, 51.568762780113765],
        [-0.248850659509005, 51.56869221819872],
        [-0.248771118277606, 51.5686217904216],
        [-0.248706274634532, 51.568544388088974],
        [-0.248597019932078, 51.5685337652124],
        [-0.24855248734049, 51.568528604403674],
        [-0.248225716173873, 51.56865861142761],
        [-0.24808014109326, 51.56861687201939],
        [-0.24786182258696, 51.56851559629154],
        [-0.247615162853519, 51.56847594386552],
        [-0.247309817184243, 51.56846149210509],
        [-0.24713476007479, 51.56851103273815],
        [-0.247041245817061, 51.568578876633076],
        [-0.24702365424686, 51.56862357539862],
        [-0.247083487153073, 51.56868112074341],
        [-0.247147853937875, 51.568733338394],
        [-0.247281778373702, 51.568815370341824],
        [-0.247344530648407, 51.568872059921496],
        [-0.247391454347854, 51.56892761383404],
        [-0.247393370868943, 51.568952820924856],
        [-0.247382584812737, 51.56897064445255],
        [-0.24736781800776, 51.56897941621569],
        [-0.247192171345816, 51.569044235062584],
        [-0.247028841195508, 51.56901391915037],
        [-0.246861254054852, 51.56898174094935],
        [-0.246631784323189, 51.568982808676544],
        [-0.246609599317536, 51.568996864891055],
        [-0.246554857803495, 51.56903201618263],
        [-0.246524701421263, 51.56906573635361],
        [-0.246560620274398, 51.56918227387091],
        [-0.246631402517687, 51.56925526997453],
        [-0.246631427002841, 51.56929213881183],
        [-0.246615830101998, 51.56932247962242],
        [-0.246587634361581, 51.56934274063917],
        [-0.246480412199188, 51.569429263119424],
        [-0.246164844069988, 51.5696052926381],
        [-0.24610304264314, 51.569711377456954],
        [-0.246069990616205, 51.56978282193542],
        [-0.246057751118841, 51.5698383913211],
        [-0.24605258396932, 51.56989766333598],
        [-0.246058722454297, 51.569925631244956],
        [-0.246071148369747, 51.56994020466271],
        [-0.246088177445342, 51.5699476530309],
        [-0.24611832421723, 51.569951700529074],
        [-0.246182840465976, 51.56996255630485],
        [-0.246259689394416, 51.56995291404163],
        [-0.246361746475721, 51.56992566381801],
        [-0.246495966071955, 51.569812567934044],
        [-0.246558960753732, 51.56986296692871],
        [-0.246574507126333, 51.57002146386638],
        [-0.246513688467288, 51.57017702127662],
        [-0.246502978775367, 51.57041785512286],
        [-0.24646463205464, 51.57051439905174],
        [-0.246385766077397, 51.57061393439721],
        [-0.24602562291479, 51.57089810437395],
        [-0.246007140677504, 51.57092840197537],
        [-0.246008918125471, 51.57095720392944],
        [-0.246023709799186, 51.57098530117126],
        [-0.246142282969546, 51.57109138414844],
        [-0.246273673880566, 51.5711643870163],
        [-0.246472433145403, 51.57124918718827],
        [-0.246544152061087, 51.571297918070684],
        [-0.246720567825263, 51.57147590394652],
        [-0.246728598616007, 51.57149221008324],
        [-0.24673484144004, 51.57151748181324],
        [-0.246731023450772, 51.571541703999195],
        [-0.246717006321246, 51.57156847149633],
        [-0.246673315261083, 51.5716163771749],
        [-0.246624581469137, 51.57164532364793],
        [-0.246394859809692, 51.571765085672915],
        [-0.246111469577411, 51.57211694589727],
        [-0.246086941282145, 51.572154346990715],
        [-0.246065989213437, 51.572173816916276],
        [-0.246042429422306, 51.572186054017074],
        [-0.245992909662044, 51.572197903100644],
        [-0.245932301838308, 51.57219789642963],
        [-0.245869155528929, 51.572188859475865],
        [-0.245819300583484, 51.572171928093944],
        [-0.245791113546345, 51.57215442136272],
        [-0.245774464272383, 51.57213708709802],
        [-0.24565585470579, 51.57203190246314],
        [-0.245453908885405, 51.57191737866969],
        [-0.245241903961468, 51.57191420872537],
        [-0.245101963553653, 51.57195078302019],
        [-0.244900711529026, 51.57204309172843],
        [-0.244764485221615, 51.57217054348395],
        [-0.244646649812842, 51.572232626329225],
        [-0.24452040310748, 51.57228828861535],
        [-0.244489389380986, 51.57230670851697],
        [-0.244458779153817, 51.57235211137131],
        [-0.244445394348839, 51.57243733806439],
        [-0.244388950374234, 51.57251652519913],
        [-0.244338494940381, 51.572552638821605],
        [-0.24428897435365, 51.57256448717735],
        [-0.244223831604627, 51.572569807163156],
        [-0.244179226356688, 51.572566442090725],
        [-0.244152101022903, 51.57255884238893],
        [-0.244125287369355, 51.57254315426687],
        [-0.244103898469602, 51.57242413576149],
        [-0.244115183713976, 51.5723559630749],
        [-0.244112368527538, 51.57235412249044],
        [-0.244038619656101, 51.57232064667367],
        [-0.243920946220086, 51.572303598902494],
        [-0.243645954260946, 51.57232466197192],
        [-0.243376337008769, 51.57239346409135],
        [-0.243209844609606, 51.57244492560923],
        [-0.243004203798424, 51.572501196149354],
        [-0.242969243820379, 51.572509665028214],
        [-0.242918488634246, 51.57251609893637],
        [-0.242867976018432, 51.5725162418379],
        [-0.242791780560588, 51.57250880629926],
        [-0.242616730015744, 51.572482804965254],
        [-0.242496782612275, 51.572487303255635],
        [-0.242418611438138, 51.572531094052685],
        [-0.242418597787669, 51.572568861550735],
        [-0.242434587320274, 51.572603271804994],
        [-0.242455250200987, 51.57262875973866],
        [-0.242482063319831, 51.57264444823723],
        [-0.242583283278065, 51.57267653797464],
        [-0.242601512393187, 51.57269029943157],
        [-0.242606553458992, 51.572709258774594],
        [-0.242604383358972, 51.57272811012658],
        [-0.242592290918197, 51.57274231673083],
        [-0.242559660569756, 51.57276520807183],
        [-0.242492104566384, 51.57279566942488],
        [-0.242373563900303, 51.572801087892586],
        [-0.242216949534836, 51.57278345517304],
        [-0.242141606600899, 51.57279131891116],
        [-0.242015542686437, 51.57280471740195],
        [-0.2417420522709, 51.57274936388178],
        [-0.241497462120935, 51.57273041203622],
        [-0.24141139351262, 51.57267966455978],
        [-0.241394398891958, 51.57267131680236],
        [-0.241374762607173, 51.57265663483666],
        [-0.241361276788176, 51.57263215349719],
        [-0.241354045487854, 51.57259517665185],
        [-0.241376069306616, 51.572473211269674],
        [-0.241370086651269, 51.57240388081538],
        [-0.241343927460764, 51.572296480280926],
        [-0.241270472842451, 51.572218045562224],
        [-0.241206177420731, 51.572164027311445],
        [-0.241108433733699, 51.57211670154437],
        [-0.240956203413692, 51.572135102082505],
        [-0.240869159849933, 51.57229655815027],
        [-0.240785079805494, 51.57234385621531],
        [-0.240718460093245, 51.572350051344785],
        [-0.240687390497574, 51.57233250016291],
        [-0.240625251378187, 51.57229739777493],
        [-0.240647990533371, 51.57219432709484],
        [-0.240584741247934, 51.572187983440024],
        [-0.240561735203263, 51.57218584005004],
        [-0.240521615568065, 51.57221581239244],
        [-0.240462523580337, 51.57228866335509],
        [-0.240331493894745, 51.572355939452045],
        [-0.240138429089005, 51.57238541662299],
        [-0.240080462564958, 51.57239174115884],
        [-0.240016935405157, 51.572392586882174],
        [-0.239969480949611, 51.572388278243274],
        [-0.239939472005339, 51.572380634313916],
        [-0.239916882451723, 51.572367706268864],
        [-0.23990311979697, 51.57235041445418],
        [-0.239905395130869, 51.57232886702939],
        [-0.239972100008348, 51.5722831074608],
        [-0.240061078373848, 51.57218372801922],
        [-0.240075011048938, 51.57212189000921],
        [-0.239995600863851, 51.57208562903262],
        [-0.23990382001662, 51.572070764011585],
        [-0.239806462870929, 51.57208818760607],
        [-0.239748566115689, 51.57209271456013],
        [-0.239651556044558, 51.5721011509189],
        [-0.239437812327652, 51.57206826976607],
        [-0.239209040183536, 51.57208821738227],
        [-0.239056968341666, 51.572214525609056],
        [-0.238866475194406, 51.57225213236092],
        [-0.238701869598528, 51.57214265338995],
        [-0.238491617374354, 51.57198213203893],
        [-0.238443937247946, 51.57194634628832],
        [-0.238381974118381, 51.57190674918137],
        [-0.238169986775286, 51.57179116276779],
        [-0.238132976015984, 51.57177801786056],
        [-0.238087103589068, 51.5717701352809],
        [-0.238014993584188, 51.57176905258762],
        [-0.237944047775483, 51.57177518118371],
        [-0.237903249148569, 51.57178535934914],
        [-0.237851694793324, 51.57181246139188],
        [-0.237836508209587, 51.5718320164422],
        [-0.237831312770182, 51.57185441921619],
        [-0.237840608865106, 51.571875241136034],
        [-0.237884205092031, 51.571904671190886],
        [-0.238138745950972, 51.5720020131503],
        [-0.238179249595131, 51.57203679205137],
        [-0.238185904692662, 51.57205127967114],
        [-0.238184862293182, 51.57207824096757],
        [-0.238175375108566, 51.572099680090304],
        [-0.238147069672963, 51.57212263514712],
        [-0.238126670227038, 51.572127724265364],
        [-0.238093499363313, 51.57212722624071],
        [-0.23795457789699, 51.57209996189938],
        [-0.237777603078755, 51.57208651366591],
        [-0.237754180168544, 51.572095154243236],
        [-0.237721547893462, 51.572118044222435],
        [-0.237649593107964, 51.572224871428915],
        [-0.237644901288671, 51.572271561009806],
        [-0.237667003539809, 51.57229707142031],
        [-0.237761650996181, 51.57234974896553],
        [-0.237776924560755, 51.57236526526183],
        [-0.237783544820292, 51.57238065161253],
        [-0.237778523061217, 51.572398560833136],
        [-0.237761720247184, 51.572422587760514],
        [-0.237736403111426, 51.57244288989948],
        [-0.237664587282763, 51.572471486055356],
        [-0.237594908764044, 51.57248212963541],
        [-0.237566099077974, 51.572480797728744],
        [-0.237527471919722, 51.57247212451582],
        [-0.237389523120529, 51.57241969563478],
        [-0.237202539217077, 51.57236653001237],
        [-0.237179568024611, 51.57236348725055],
        [-0.237053816892078, 51.57236879202457],
        [-0.236626883461539, 51.57243791293017],
        [-0.236554598560415, 51.572441322875015],
        [-0.236485545896376, 51.57243578903187],
        [-0.236360107549388, 51.57243300467884],
        [-0.236156548745662, 51.5723607044142],
        [-0.23601417088169, 51.57231090502779],
        [-0.235921938667178, 51.57230772011449],
        [-0.235887221119511, 51.572309895911076],
        [-0.235868159184075, 51.57231770244012],
        [-0.235842458548788, 51.5723478899592],
        [-0.235858025503836, 51.572393085567484],
        [-0.235915625608196, 51.5724335176577],
        [-0.235889124710984, 51.5724843754865],
        [-0.235837255236434, 51.57251956500035],
        [-0.235812111168475, 51.5725353731718],
        [-0.23575245811546, 51.57254796484063],
        [-0.235619251644343, 51.57255945061878],
        [-0.235578799797968, 51.57256064087748],
        [-0.235401058334864, 51.57256696063721],
        [-0.235381284840016, 51.572555872520766],
        [-0.235363301606263, 51.57253581900376],
        [-0.235350132296661, 51.57250324862784],
        [-0.235354443662476, 51.57246644495599],
        [-0.235372898789158, 51.572437047821964],
        [-0.235408451699441, 51.57241330317512],
        [-0.235598774250909, 51.572380195615125],
        [-0.235687828207688, 51.572353658349655],
        [-0.2356939642565, 51.572306990549734],
        [-0.235644982995487, 51.57226758716369],
        [-0.23552587082932, 51.57225050932008],
        [-0.235492595522657, 51.57225270668517],
        [-0.2353464447383, 51.57226309828348],
        [-0.235238278722187, 51.57226147169025],
        [-0.235169957442271, 51.572237064199996],
        [-0.235103078448048, 51.57221267836082],
        [-0.235069111648978, 51.572158213598385],
        [-0.235009011133442, 51.57210785192684],
        [-0.234998065228314, 51.57209240035378],
        [-0.234971359478814, 51.57207401404607],
        [-0.234715939991874, 51.57196226425017],
        [-0.234666671979642, 51.57181854522631],
        [-0.234586277137998, 51.57177057573046],
        [-0.234506747368567, 51.57177477464836],
        [-0.234453072682904, 51.571782060204825],
        [-0.234406643790931, 51.571788555522005],
        [-0.234357101241088, 51.57183816710873],
        [-0.234269321589722, 51.571794582442315],
        [-0.234196326695907, 51.571779096373945],
        [-0.234047487495303, 51.57174718198821],
        [-0.233875322965265, 51.57179584725164],
        [-0.233755892433032, 51.57186149215691],
        [-0.233442488672184, 51.57197996946655],
        [-0.232235542761289, 51.57095285558166],
        [-0.231881610371629, 51.57062829584541],
        [-0.231328944162153, 51.57018204115699],
        [-0.230919722875535, 51.56983236579913],
        [-0.230546828075842, 51.569550679178306],
        [-0.230169030779187, 51.56920956802862],
        [-0.229807438156221, 51.56893434406506],
        [-0.229382959656218, 51.5685322774774],
        [-0.228937650492695, 51.56807234397957],
        [-0.228819055637165, 51.567968041431634],
        [-0.228637918447398, 51.56783941462208],
        [-0.228397972054398, 51.56770180658024],
        [-0.228031011604502, 51.56752810927159],
        [-0.22773834175251, 51.567373517493294],
        [-0.227188036534724, 51.56705407019553],
        [-0.226893755747852, 51.56690394809522],
        [-0.226720581099513, 51.56679342323566],
        [-0.226426531968402, 51.56656327164953],
        [-0.22594225584123, 51.566216040846136],
        [-0.225705377482988, 51.5660371087989],
        [-0.225489886104523, 51.565864794317356],
        [-0.22518627288895, 51.565584137791525],
        [-0.225071669052088, 51.565488884032774],
        [-0.224620090064885, 51.565154731438355],
        [-0.224107550755134, 51.564718940257876],
        [-0.223431000739937, 51.56412329773592],
        [-0.222675092223792, 51.56352824763916],
        [-0.222389841096537, 51.56329552113985],
        [-0.221954970634582, 51.56294092866078],
        [-0.221553196085394, 51.562551765975314],
        [-0.221206438425124, 51.56223177772707],
        [-0.220662688310343, 51.56167320183898],
        [-0.22058773917451, 51.56159742878511],
        [-0.220312737321789, 51.56128751825277],
        [-0.219323932237643, 51.56011969728876],
        [-0.219022255569641, 51.55979139404263],
        [-0.218650214107057, 51.5594179592226],
        [-0.218319748082375, 51.55912518643228],
        [-0.217769251447025, 51.55866720840601],
        [-0.217172875672027, 51.558202235961616],
        [-0.216942929629467, 51.55799551458719],
        [-0.216759438284622, 51.55781827431052],
        [-0.216511210841277, 51.55763645282333],
        [-0.216176059453186, 51.55739036281714],
        [-0.215500599086645, 51.55684594570506],
        [-0.215373167409898, 51.556747789299415],
        [-0.214855253435604, 51.55634334761197],
        [-0.214287841541181, 51.555877002179045],
        [-0.213736757207657, 51.555399212396466],
        [-0.213501320597128, 51.555186105772584],
        [-0.213462362732281, 51.555149543131996],
        [-0.213239128740418, 51.55495640496581],
        [-0.212899236800755, 51.55464818575624],
        [-0.212807890352582, 51.55458654554813],
        [-0.21249114338653, 51.55424001046209],
        [-0.212380006058818, 51.55413130808215],
        [-0.211941016996363, 51.55370197761799],
        [-0.211729924998282, 51.553530603185],
        [-0.211430129001444, 51.55330392197867],
        [-0.211280249744358, 51.55319013174597],
        [-0.210749473221201, 51.552784575941374],
        [-0.21031830607741, 51.55245067759544],
        [-0.209756638951366, 51.55206083223558],
        [-0.209172063385854, 51.55163016876059],
        [-0.208601872875018, 51.55123748989927],
        [-0.207973903157462, 51.55077378515191],
        [-0.207562885621988, 51.550441982581475],
        [-0.207309251409686, 51.55025286447157],
        [-0.207254205929112, 51.55018547978721],
        [-0.206813705172661, 51.549833440759265],
        [-0.206336765713297, 51.549417896284425],
        [-0.205767429508793, 51.54889482671353],
        [-0.205136424882064, 51.54828987940243],
        [-0.204272328711487, 51.54748802485412],
        [-0.203736510475043, 51.54695736485742],
        [-0.203589386801965, 51.54681123404599],
        [-0.203218051523454, 51.54649890727022],
        [-0.202722427362091, 51.54601022297883],
        [-0.201958224365232, 51.54531059564322],
        [-0.201931795540599, 51.545285911141576],
        [-0.201228955139573, 51.544603405571195],
        [-0.199405860993963, 51.54303684059567],
        [-0.198876052512721, 51.542612359963485],
        [-0.19887461126517, 51.542612337837056],
        [-0.197796444425438, 51.54172261836247],
        [-0.196855115816972, 51.54094739691547],
        [-0.196692200425665, 51.540836983983716],
        [-0.196539445181083, 51.54072492852483],
        [-0.196391405070743, 51.54060305370386],
        [-0.195442148843349, 51.53973777455819],
        [-0.193755532737441, 51.5382667386472],
        [-0.192650544528266, 51.537294726178395],
        [-0.192462443764881, 51.53712906543631],
        [-0.191483479647737, 51.53628937321688],
        [-0.19298309791366, 51.53406797468199],
        [-0.193035258375231, 51.53398874560625],
        [-0.192769822395793, 51.53366452663495],
        [-0.192407900769218, 51.5333010521911],
        [-0.19238233837041, 51.533254796964535],
        [-0.192374031767047, 51.5332097068681],
        [-0.19238495929994, 51.53300664654861],
        [-0.192411058914995, 51.532893744211556],
        [-0.192558519914213, 51.53262894139818],
        [-0.192664635563046, 51.53246151880586],
        [-0.192892465391726, 51.532133208318776],
        [-0.193138596612452, 51.5318159701862],
        [-0.193516716951611, 51.53136947481279],
        [-0.194283519047819, 51.53046405362185],
        [-0.195696346548523, 51.52875205384418],
        [-0.196413135301228, 51.52790609880813],
        [-0.196527976668407, 51.52773610917075],
        [-0.19656253495678, 51.52770067077762],
        [-0.19656870384523, 51.527654005016245],
        [-0.196846636741686, 51.527734713173984],
        [-0.19684620133812, 51.52785520494652],
        [-0.196931355118118, 51.52792575550508],
        [-0.197021449862958, 51.52794422589223],
        [-0.197129437587934, 51.527947684090535],
        [-0.197182995058427, 51.52794221250789],
        [-0.197249803544559, 51.527929750605175],
        [-0.197500812539045, 51.5278526760408],
        [-0.19779879153845, 51.52790041798633],
        [-0.197950423123024, 51.52836855486225],
        [-0.198074730640393, 51.52861595748031],
        [-0.197995408774118, 51.52872624501323],
        [-0.197973534200446, 51.528769072601484],
        [-0.197954491648334, 51.52884971185521],
        [-0.197972385299075, 51.52901724574456],
        [-0.198001798248132, 51.529112117980404],
        [-0.198002728245852, 51.52916159057449],
        [-0.197925769544417, 51.52961362629192],
        [-0.197940441319659, 51.5299357802724],
        [-0.197975213715316, 51.530077495404846],
        [-0.19799371779595, 51.53012004402026],
        [-0.198215902142351, 51.53037164759586],
        [-0.198298074497748, 51.530444849028],
        [-0.198595165487102, 51.53066163263037],
        [-0.198685913256208, 51.53073676394939],
        [-0.198767284629271, 51.530793766391554],
        [-0.198858564989354, 51.530855417125636],
        [-0.199018298421976, 51.53093610356566],
        [-0.199174631834108, 51.53099335730873],
        [-0.199329476290046, 51.531088356130326],
        [-0.199330881713297, 51.53108927694492],
        [-0.19941207722475, 51.53115077243654],
        [-0.199562919149064, 51.53123761633283],
        [-0.199843606571032, 51.53135882532918],
        [-0.200449015939155, 51.531618103125865],
        [-0.20067514277947, 51.53169710801432],
        [-0.200903053872755, 51.53180401630461],
        [-0.201007590766108, 51.5318586747039],
        [-0.201108017737193, 51.53190787453686],
        [-0.201297262731076, 51.532044763312655],
        [-0.201399604527118, 51.53215514064982],
        [-0.201434553558984, 51.532219522606916],
        [-0.201476034323713, 51.532301090274686],
        [-0.201550196102369, 51.53239484908884],
        [-0.20168931943752, 51.532559744505676],
        [-0.201877939937856, 51.5325662327804],
        [-0.202035203214292, 51.53260011662893],
        [-0.202291738988164, 51.53267598744084],
        [-0.20260189856062, 51.532781455016774],
        [-0.202849719876598, 51.53285898955576],
        [-0.202992186171549, 51.53290253707463],
        [-0.203073162163375, 51.53289658353944],
        [-0.203265550835933, 51.532880646270634],
        [-0.203598408879839, 51.5328857438635],
        [-0.204057185898967, 51.53291524932669],
        [-0.204604002745693, 51.53294250347652],
        [-0.205309925472292, 51.532956902184125],
        [-0.205530779246921, 51.53295038907969],
        [-0.205869091757178, 51.53292678795891],
        [-0.206259525311519, 51.53289768814804],
        [-0.206608559483623, 51.53285806250779],
        [-0.206797676536174, 51.532851961080915],
        [-0.207105233565354, 51.53284047563723],
        [-0.207336032000233, 51.53283770808495],
        [-0.207648158763493, 51.532819996367074],
        [-0.207946864067625, 51.53277690006287],
        [-0.208681979414575, 51.532635256613254],
        [-0.208958650488094, 51.53256574331279],
        [-0.209335732774608, 51.5324725833863],
        [-0.209687123562942, 51.53237273548959],
        [-0.210101741825959, 51.532241478628684],
        [-0.210185037977524, 51.53221307458862],
        [-0.210841736141893, 51.53201177062065],
        [-0.211051413294892, 51.53195921543892],
        [-0.21140244096448, 51.53190521814392],
        [-0.211735088070212, 51.531841947211234],
        [-0.212258214263101, 51.53181125321193],
        [-0.212662551080732, 51.531794933386344],
        [-0.212817081152703, 51.531788295305724],
        [-0.213062670467386, 51.53177585020582],
        [-0.213267773255198, 51.5317663849149],
        [-0.213632574350473, 51.53169190822715],
        [-0.213820070421728, 51.53165339818531],
        [-0.214046576328185, 51.53161278402643],
        [-0.214185783127629, 51.53159242226288],
        [-0.214694742680078, 51.53151833824643],
        [-0.215207285603984, 51.53138945292349],
        [-0.215268822931184, 51.53136431120498],
        [-0.215305689081499, 51.53134329032053],
        [-0.215328111011829, 51.53132294892068],
        [-0.21535098981495, 51.53129092435041],
        [-0.215362763113159, 51.5312479399508],
        [-0.215360443692745, 51.53119664799955],
        [-0.215324772905223, 51.53107650644325],
        [-0.215292300292353, 51.53098518920217],
        [-0.215167507207387, 51.53056334557209],
        [-0.215103441903484, 51.53039511219633],
        [-0.215097011072009, 51.53033836223518],
        [-0.215104461972042, 51.53025844325167],
        [-0.215129449295226, 51.5301724964082],
        [-0.215178052717999, 51.53007252103547],
        [-0.215228729279408, 51.52999325970228],
        [-0.215264996958158, 51.5299506479684],
        [-0.215314091724181, 51.52991182833024],
        [-0.215375943270975, 51.529878598182265],
        [-0.215471004732734, 51.52984407472555],
        [-0.2155622002971, 51.52979780226727],
        [-0.215687132900405, 51.52977362465739],
        [-0.21584724316426, 51.5297346948621],
        [-0.215883650986633, 51.52972535694746],
        [-0.215947749407408, 51.529560871646034],
        [-0.216040381071044, 51.52925653879967],
        [-0.216076399244305, 51.52907274234906],
        [-0.216088485085916, 51.52887419410396],
        [-0.216028870217714, 51.527928186202715],
        [-0.216391884341169, 51.52808298012906],
        [-0.216666905267326, 51.52820226412823],
        [-0.217067104002004, 51.52836481513731],
        [-0.217331725183074, 51.52845516381049],
        [-0.217979012791213, 51.528640350352845],
        [-0.218260258354501, 51.528711166172506],
        [-0.21871236685364, 51.52879986302549],
        [-0.219057747535356, 51.528852766743896],
        [-0.219517308641674, 51.52893527894085],
        [-0.220714627125037, 51.5291386889113],
        [-0.221005471053029, 51.5291853642192],
        [-0.221526610259739, 51.52927869395472],
        [-0.221903771933106, 51.529367141396435],
        [-0.222296544986069, 51.52949898767612],
        [-0.222668973345892, 51.52963502058172],
        [-0.222819884326114, 51.529684067358296],
        [-0.223087406526387, 51.52977444686502],
        [-0.223388139646837, 51.529863530251546],
        [-0.223633729557784, 51.5299248006877],
        [-0.223803793571227, 51.52996334534235],
        [-0.224296689719288, 51.530041847212914],
        [-0.224600755848621, 51.53008241901378],
        [-0.225016791239753, 51.53013547512859],
        [-0.22544656431778, 51.53016895432065],
        [-0.225463193299749, 51.530037917004144],
        [-0.225465333068632, 51.53001996459627],
        [-0.22620030841446, 51.52999061452177],
        [-0.226716838558576, 51.52998043892529],
        [-0.22768522372153, 51.52991773883602],
        [-0.227680517201308, 51.52992755935383],
        [-0.227588011597722, 51.53015636680677],
        [-0.227590893351253, 51.53015641034677],
        [-0.227718817285552, 51.53016643620746],
        [-0.227846601686773, 51.530180056774476],
        [-0.228009884699783, 51.53020770200088],
        [-0.228164348177581, 51.530239709981615],
        [-0.228372483829059, 51.53030040472802],
        [-0.22850309139132, 51.53035273446443],
        [-0.228727694430184, 51.52987773114076],
        [-0.228365673241036, 51.52921312249327],
        [-0.228324855053501, 51.52915045857099],
        [-0.228269872759874, 51.529081286040565],
        [-0.2282075468669, 51.529015599521735],
        [-0.228019279211557, 51.528851792102536],
        [-0.227826750136193, 51.52864925272629],
        [-0.227740026095048, 51.52854363085597],
        [-0.227588331095542, 51.52832911862717],
        [-0.227507815376801, 51.52817503147811],
        [-0.227457881093796, 51.52805018200797],
        [-0.227412120132983, 51.527892123735384],
        [-0.227377666729205, 51.52770276294582],
        [-0.227355019173784, 51.527506386628346],
        [-0.22734761736581, 51.52728865894762],
        [-0.227350520194267, 51.527102560340786],
        [-0.227414153279061, 51.526280718161296],
        [-0.227416850496596, 51.52624838631018],
        [-0.22739196544869, 51.52596115298706],
        [-0.227374961370958, 51.525842196465035],
        [-0.227298745552036, 51.52531768749513],
        [-0.227271402866945, 51.52516800057074],
        [-0.227195157901401, 51.524792764758864],
        [-0.226619861978085, 51.524795759073875],
        [-0.226733484078278, 51.5223533435855],
        [-0.226729383306412, 51.521976500131224],
        [-0.226820412120736, 51.52193381344855],
        [-0.228070910956127, 51.52135741319591],
        [-0.22807712005575, 51.521197442315156],
        [-0.228301541991191, 51.521097419606285],
        [-0.226722746987286, 51.519772362696706],
        [-0.226768416274169, 51.51974697513246],
        [-0.226701085189028, 51.51969919677266],
        [-0.226625844067528, 51.519632414743654],
        [-0.226563114208353, 51.51957751194388],
        [-0.226528671644527, 51.51953652539719],
        [-0.226484119615326, 51.51953315407586],
        [-0.226472630201904, 51.51953208111967],
        [-0.226426768177147, 51.5194882241621],
        [-0.226369644474088, 51.51951163991656],
        [-0.225894764510299, 51.519083614048085],
        [-0.225677516840962, 51.51888789061232],
        [-0.225299032164813, 51.51850178613266],
        [-0.225077145792354, 51.51827721565839],
        [-0.224917498147836, 51.5181201304289],
        [-0.22474741872645, 51.51797187949719],
        [-0.224464245749213, 51.517655556943275],
        [-0.22427716343006, 51.517499853999624],
        [-0.22429985406869, 51.51747232104279],
        [-0.224315027748122, 51.51745276745346],
        [-0.223668123634744, 51.51674246399987],
        [-0.222927802469205, 51.51591473942388],
        [-0.222751193933401, 51.51571243207876],
        [-0.222604014295082, 51.515642758845864],
        [-0.222402191815537, 51.515273709257045],
        [-0.222276987461519, 51.51508387030552],
        [-0.222032209055526, 51.514744743171725],
        [-0.22175721046401, 51.51433052030111],
        [-0.221480071132781, 51.51389738019957],
        [-0.221478875795809, 51.513891067384186],
        [-0.221463266436865, 51.51381079820438],
        [-0.221497143697667, 51.51364405296358],
        [-0.221359864594407, 51.51346841771477],
        [-0.221131645273199, 51.51311155479956],
        [-0.220538014910335, 51.51222039407563],
        [-0.220435945672567, 51.512065974397856],
        [-0.220345920467826, 51.51186137982111],
        [-0.220333868423993, 51.51183781666605],
        [-0.22026893727674, 51.511728922414335],
        [-0.220139321080498, 51.511504842833006],
        [-0.220040345464279, 51.51134507427011],
        [-0.219937084742266, 51.51118434134091],
        [-0.219882097194795, 51.51107919473054],
        [-0.21983438128658, 51.510972359971994],
        [-0.219789546120076, 51.51086556891432],
        [-0.219768428741919, 51.51081579008093],
        [-0.219570783965304, 51.51034068792526],
        [-0.219518359663826, 51.51020680427838],
        [-0.219300756396259, 51.509615396356814],
        [-0.219286490792476, 51.50957471386857],
        [-0.218844524661144, 51.50963724465441],
        [-0.217888647731003, 51.5097594096436],
        [-0.218053287292992, 51.51023041638664],
        [-0.217840835458621, 51.51024607256761],
        [-0.217793097079558, 51.51025074265102],
        [-0.217646966329585, 51.51026560772128],
        [-0.217600457704238, 51.51027569186857],
        [-0.217555284073304, 51.51028849401261],
        [-0.217511515583156, 51.510302216736164],
        [-0.217489631328362, 51.510309078091694],
        [-0.217246163934489, 51.51038091410942],
        [-0.217209701739335, 51.51039205004605],
        [-0.216994953119865, 51.51013430007059],
        [-0.216960210343794, 51.510101399184094],
        [-0.21696322784508, 51.51002411019903],
        [-0.216993471060303, 51.509987701009564],
        [-0.217010050424341, 51.50996906895095],
        [-0.216984264923047, 51.50992821105209],
        [-0.216913020475712, 51.50979673781132],
        [-0.216859622096965, 51.50968801690141],
        [-0.216815321445227, 51.509567744126215],
        [-0.216841767000616, 51.509444050703046],
        [-0.216612979236043, 51.50932456988537],
        [-0.216511037496001, 51.50924118872221],
        [-0.216462139335455, 51.50920177773145],
        [-0.216430733059083, 51.509120368306824],
        [-0.216091970117281, 51.50916017849408],
        [-0.216086173222589, 51.509124120615645],
        [-0.215817065708049, 51.509114631826264],
        [-0.215611845054529, 51.50853959139616],
        [-0.215392966450632, 51.50805606549675],
        [-0.215202896032838, 51.507646715445404],
        [-0.215397351914953, 51.50761190617835],
        [-0.215862063578584, 51.50752005943509],
        [-0.215882366149065, 51.507516771298604],
        [-0.216086938157161, 51.5075180844937],
        [-0.216144544303932, 51.507518960658395],
        [-0.216155256119391, 51.50746606824202],
        [-0.216169550198866, 51.5073952454478],
        [-0.216189250561396, 51.50722289041648],
        [-0.216227388403705, 51.50694740284028],
        [-0.216056880846254, 51.50659050774462],
        [-0.215963408558685, 51.506401144161565],
        [-0.216243211557419, 51.50635774002799],
        [-0.216319362294246, 51.50636339436692],
        [-0.216322242529088, 51.50636343816943],
        [-0.216363445673678, 51.50641532163451],
        [-0.216388174623612, 51.50644627196497],
        [-0.21718093487461, 51.50629286437317],
        [-0.217990725824651, 51.50614600490789],
        [-0.217748305058486, 51.5057484529387],
        [-0.217588403224594, 51.50548883946378],
        [-0.217573403892144, 51.50546702967977],
        [-0.217636344747099, 51.50544190814961],
        [-0.217598371859997, 51.505381081787085],
        [-0.217418556514545, 51.50511487071997],
        [-0.217040523258939, 51.504500336795914],
        [-0.217008840148217, 51.504462986168015],
        [-0.216582106345906, 51.50395202250459],
        [-0.21640967933857, 51.503718294878844],
        [-0.21637553829778, 51.50367011576847],
        [-0.216342136818198, 51.503676801747524],
        [-0.216235996721249, 51.50370126556994],
        [-0.216019069940329, 51.50338952559207],
        [-0.215375896965869, 51.50270261009127],
        [-0.214966513084998, 51.50230161196561],
        [-0.215075143986509, 51.502250209894996],
        [-0.214718448625313, 51.50164408583998],
        [-0.214369628944937, 51.50113160188199],
        [-0.214133059861848, 51.50077010066166],
        [-0.213062620158475, 51.499847357565635],
        [-0.212592416029155, 51.499529053739906],
        [-0.21194328971622, 51.4991441738611],
        [-0.211678571250492, 51.49898726601822],
        [-0.211507863682473, 51.49889473839278],
        [-0.210825075534721, 51.49852372675066],
        [-0.21027006175982, 51.498127683685766],
        [-0.21005175062362, 51.497926518026794],
        [-0.209922179556588, 51.49777706419511],
        [-0.20958705386994, 51.49739516479308],
        [-0.208967436267321, 51.496810186801056],
        [-0.208209478598974, 51.49618981977194],
        [-0.208001399858427, 51.49602207854839],
        [-0.207388486815895, 51.49614849755865],
        [-0.207317743165339, 51.49604220446076],
        [-0.207308651934504, 51.49601688661592],
        [-0.207298120929935, 51.49599154676153],
        [-0.207281795546145, 51.49596701757653],
        [-0.207263995137544, 51.49594336508666],
        [-0.207248792225617, 51.4959269462655],
        [-0.207225162204912, 51.495905003144934],
        [-0.207198582123994, 51.4958848134127],
        [-0.207169051983783, 51.49586637706676],
        [-0.207136571784527, 51.495849694105026],
        [-0.207135555157089, 51.4958388876161],
        [-0.207103533411379, 51.49581052146088],
        [-0.206840014723595, 51.4956239456438],
        [-0.206719227641896, 51.49554476359461],
        [-0.206590854145519, 51.49547535710644],
        [-0.206327502608457, 51.49535802458372],
        [-0.206009166209573, 51.49521017523881],
        [-0.205616917600835, 51.49503691448974],
        [-0.205191494756988, 51.49482807410892],
        [-0.204783811671373, 51.494607813516566],
        [-0.204865362739253, 51.49454881237909],
        [-0.204385776078789, 51.494288782121565],
        [-0.204036926752936, 51.49403794605705],
        [-0.203787651307592, 51.493856077554874],
        [-0.203638327277045, 51.49377016044016],
        [-0.203448321174831, 51.493619773426005],
        [-0.203189537839982, 51.493423370016544],
        [-0.203027895202586, 51.493321076927074],
        [-0.203131385795556, 51.493290289800505],
        [-0.203094068938128, 51.49325015117899],
        [-0.203002724571793, 51.49315522989531],
        [-0.202780371446937, 51.49291172370453],
        [-0.202569750161128, 51.49266300140493],
        [-0.202425513136348, 51.49248453826641],
        [-0.202247503097493, 51.49228577378434],
        [-0.201864346440444, 51.49188243239872],
        [-0.201835316098095, 51.49185141288022],
        [-0.202308196536645, 51.491694999887386],
        [-0.202387033198755, 51.49166833172984],
        [-0.201774454214684, 51.49112838447658],
        [-0.200935653400385, 51.49037094280353],
        [-0.200934249176617, 51.49037002201394],
        [-0.20062324282276, 51.49007389431412],
        [-0.200374782331238, 51.4899819554644],
        [-0.19958091135089, 51.48929173750864],
        [-0.199374512045874, 51.48911950998394],
        [-0.198950720454963, 51.488798265404384],
        [-0.199025801941587, 51.48875715387988],
        [-0.198298944073425, 51.4881219108917],
        [-0.198222001978714, 51.48806407612344],
        [-0.198066430832359, 51.48795467524258],
        [-0.19790201070837, 51.487850533649514],
        [-0.197727372970636, 51.487749831777265],
        [-0.197543886280399, 51.48765438911287],
        [-0.197099678127876, 51.4874497260258],
        [-0.196448165026968, 51.487205903153374],
        [-0.195987877304242, 51.4873723779157],
        [-0.195324313560276, 51.48699617389398],
        [-0.195115598459268, 51.486883253399085],
        [-0.194912819782289, 51.48676592766386],
        [-0.194717417019806, 51.48664421887945],
        [-0.194680877959093, 51.486621175156564],
        [-0.194494361774997, 51.48649330806213],
        [-0.194316660966606, 51.48636108016248],
        [-0.194143350592283, 51.48622712109972],
        [-0.194005033524481, 51.4861188796621],
        [-0.193621008343453, 51.48581351495104],
        [-0.193251737921763, 51.48549938378664],
        [-0.193190533899594, 51.48544448585909],
        [-0.19295327171803, 51.485216017736015],
        [-0.19272479057319, 51.484984087450094],
        [-0.192575338083724, 51.48482981095931],
        [-0.192029889387211, 51.48427286074124],
        [-0.191821018420624, 51.484018749732506],
        [-0.191775615110366, 51.48403783308859],
        [-0.191732983901521, 51.48405965692155],
        [-0.191707945364013, 51.48407365879298],
        [-0.191391497030963, 51.48377202631514],
        [-0.191213461710295, 51.483575941702306],
        [-0.191026649408238, 51.483383318401394],
        [-0.19086432462037, 51.48322704255236],
        [-0.190794774814051, 51.48316482056781],
        [-0.190658518920803, 51.483041319597376],
        [-0.190445304655903, 51.482860877434916],
        [-0.190221874297068, 51.48268387419604],
        [-0.19015618169369, 51.48263340158933],
        [-0.189519612151691, 51.482087622256046],
        [-0.189041301085933, 51.48169176049283],
        [-0.188353183592477, 51.48103007451717],
        [-0.188281046834673, 51.48096061701564],
        [-0.188194980374439, 51.48087925399127],
        [-0.187589523731852, 51.48045804097112],
        [-0.187403337433989, 51.480322973315054],
        [-0.187224491120315, 51.48018442182736],
        [-0.187217508577242, 51.48017891838037],
        [-0.187046037899922, 51.48003598438516],
        [-0.186881907154144, 51.479889566623626],
        [-0.186880539175013, 51.47988774697113],
        [-0.186729839669629, 51.47976581641993],
        [-0.186549937140952, 51.47987184356249],
        [-0.186364291058579, 51.479723293815255],
        [-0.186236906711804, 51.47959452922731],
        [-0.186166749473493, 51.47951161224453],
        [-0.186042374388556, 51.47934332697423],
        [-0.185770431015649, 51.4789380541407],
        [-0.185685121705984, 51.47883781665874],
        [-0.18563239261781, 51.47878754200864],
        [-0.185374744737335, 51.47860280573198],
        [-0.184669004059554, 51.47809729411063],
        [-0.184576942775982, 51.47802213027049],
        [-0.184339440488556, 51.47780173352374],
        [-0.18403331215351, 51.477532613189325],
        [-0.183880867493481, 51.477418745072306],
        [-0.183739269935833, 51.47735810056358],
        [-0.183619735636714, 51.477322077428816],
        [-0.183421118281789, 51.47728303051148],
        [-0.182920381901328, 51.47723660405779],
        [-0.182825682181812, 51.477227942483516],
        [-0.182648806765418, 51.477221604225704],
        [-0.182553535578684, 51.477227321588295],
        [-0.182424734691352, 51.4772433101492],
        [-0.182238662628898, 51.47728718676792],
        [-0.180850986253256, 51.47774406769774],
        [-0.180733124725068, 51.47777461214169],
        [-0.180587846915378, 51.477806529568554],
        [-0.180438608980595, 51.477829392853565],
        [-0.180210286943119, 51.477849230111445],
        [-0.179682604981549, 51.47782844993562],
        [-0.179543254068663, 51.47781999178082],
        [-0.179329530613329, 51.47779868841852],
        [-0.178224457622536, 51.47763134950841],
        [-0.177948629389097, 51.477578504152994],
        [-0.177815681013733, 51.47755395690166],
        [-0.177728731235934, 51.47742311345174],
        [-0.177680323655129, 51.47733693225703],
        [-0.177650482186824, 51.47725463659515],
        [-0.177631323914814, 51.47715721968588],
        [-0.17762724432614, 51.47707892140421],
        [-0.177636547028354, 51.47699004008904],
        [-0.177634473272596, 51.47686141489597],
        [-0.177645364763957, 51.47680493132444],
        [-0.177668091817591, 51.47674053843151],
        [-0.177735748352555, 51.47663278046634],
        [-0.178002517171262, 51.47637074756646],
        [-0.178032045285551, 51.47631635204933],
        [-0.178078005827303, 51.47621095451715],
        [-0.178107526936763, 51.47612058881002],
        [-0.178121074244021, 51.47603357190487],
        [-0.178124811893029, 51.47601204794206],
        [-0.178136870523245, 51.47585396702862],
        [-0.178170057257866, 51.47574387472289],
        [-0.17835639284771, 51.47540415488486],
        [-0.178481703424768, 51.47504190471219],
        [-0.178655640097285, 51.474615663612404],
        [-0.178721049848681, 51.474455713574706],
        [-0.178775610754496, 51.47402581946683],
        [-0.178877395442653, 51.47371176301358],
        [-0.179017353072573, 51.4734153850987],
        [-0.179161541701561, 51.47322968069417],
        [-0.179218801743626, 51.4731658237536],
        [-0.179273406015831, 51.47313250010815],
        [-0.179437926000205, 51.472978584890946],
        [-0.17952424425807, 51.47287201489547],
        [-0.179625516727513, 51.47271531890356],
        [-0.180240378989758, 51.47152076499175],
        [-0.180287741207153, 51.4714522576556],
        [-0.180321464337329, 51.47136465433716],
        [-0.18038279767257, 51.4710535657523],
        [-0.180982487003055, 51.47005840636793],
        [-0.18153128066307, 51.46918385359059],
        [-0.181701693332673, 51.468953590185585],
        [-0.182020771451131, 51.4685691618727],
        [-0.182894337124714, 51.467527880868275],
        [-0.1829780911747, 51.46744914542084],
        [-0.183404287798619, 51.46712212702273],
        [-0.183555440920344, 51.46701386084093],
        [-0.183891373708314, 51.466784359985404],
        [-0.184235793449272, 51.466558586622284],
        [-0.185047445280213, 51.46605947921115],
        [-0.185522714892669, 51.46583752608203],
        [-0.18628204013618, 51.46553183885913],
        [-0.186362492983565, 51.46549981106382],
        [-0.187391296667957, 51.465114654455746],
        [-0.187831972418197, 51.46496589588538],
        [-0.188693579248376, 51.46469414708489],
        [-0.189053335022237, 51.464589096396516],
        [-0.190169697142785, 51.464318573706976],
        [-0.190407469064719, 51.46427638196579],
        [-0.190508680791874, 51.46426535453675],
        [-0.19072215218733, 51.46425516017952],
        [-0.191257376059089, 51.46419057897725],
        [-0.191511203583832, 51.464179207254396],
        [-0.191844802737797, 51.46415287872705],
        [-0.193189922638893, 51.46399466455216],
        [-0.193237543873915, 51.46399180141106],
        [-0.194854869203611, 51.4639034079687],
        [-0.195189087908002, 51.46389776226119],
        [-0.196683263772507, 51.46401157785964],
        [-0.197477862956492, 51.464086744343604],
        [-0.198162576806923, 51.46410086617039],
        [-0.19840952717433, 51.464081280568],
        [-0.198866974654946, 51.46401726803378],
        [-0.199709234262446, 51.46408865527009],
        [-0.201022506718317, 51.46415377574194],
        [-0.201961125958824, 51.46426439376144],
        [-0.201962564739478, 51.464264415826214],
        [-0.202558767002895, 51.46433290804677],
        [-0.203217712906865, 51.46441674679346],
        [-0.203869079207441, 51.46451035745834],
        [-0.20419381466763, 51.46456299203818],
        [-0.204832828369795, 51.46467799012422],
        [-0.205331195560394, 51.46478183942317],
        [-0.205603679575019, 51.464845360504185],
        [-0.20615401746772, 51.464982374659044],
        [-0.206944382579136, 51.465203090457116],
        [-0.209838164291918, 51.46597480246269],
        [-0.211639502803762, 51.466446521115955],
        [-0.212687123257067, 51.46679072155595],
        [-0.213375882906033, 51.46703412437996],
        [-0.214389137615424, 51.467411057960746],
        [-0.215369455900893, 51.46782075354687],
        [-0.215788817102974, 51.46803216450128],
        [-0.215991953944798, 51.46813956833555],
        [-0.216386438763906, 51.46836138958064],
        [-0.217074621790472, 51.46876842478071],
        [-0.217805358308322, 51.46922915830227],
        [-0.218163292215682, 51.469465705069474],
        [-0.218462158586043, 51.469666282571296],
        [-0.218515438958208, 51.46970306203341],
        [-0.218825015185015, 51.46992448400987],
        [-0.218946915943939, 51.470010865057006],
        [-0.220562093725048, 51.47135098784118],
        [-0.221733868922281, 51.472357937033166],
        [-0.222485445954654, 51.47202582059173],
        [-0.222996142535012, 51.47174130609952],
        [-0.223237563296841, 51.47164245047038],
        [-0.223425137903221, 51.47152119656989],
        [-0.22352795657797, 51.471431930430604],
        [-0.223541955069522, 51.47140516510187],
        [-0.223541074598885, 51.47139076380687],
        [-0.223534403134093, 51.471377174021406],
        [-0.223442255553951, 51.47130293885679],
        [-0.223385350525263, 51.471248121810554],
        [-0.22333951606792, 51.47109365603596],
        [-0.223333779785287, 51.47101893159347],
        [-0.223338116570925, 51.470944359781996],
        [-0.22335137426181, 51.4708995983034],
        [-0.223380181682056, 51.47086226641379],
        [-0.223420396351823, 51.47082780509966],
        [-0.22346166595055, 51.47080325147582],
        [-0.223508482058701, 51.47078417735682],
        [-0.223566635603543, 51.47076977122445],
        [-0.223636091685929, 51.47076093178042],
        [-0.223728187815769, 51.470762326995185],
        [-0.22433788802907, 51.4708569903352],
        [-0.225572751204288, 51.47109330230274],
        [-0.225739103134905, 51.47118484510298],
        [-0.226342081379594, 51.47130457515215],
        [-0.226783951358168, 51.47138319813628],
        [-0.227072334797208, 51.471446909292965],
        [-0.227802208444634, 51.47171063142019],
        [-0.228124040918821, 51.47187735963638],
        [-0.228357037863287, 51.47192134643491],
        [-0.228395474225186, 51.4719327181422],
        [-0.228529351746669, 51.47197071070782],
        [-0.228766702513563, 51.47212536978866],
        [-0.229080450016069, 51.47212920958606],
        [-0.229221929235595, 51.47211965609994],
        [-0.229291003592755, 51.47212069924722],
        [-0.229455833168016, 51.47214027398903],
        [-0.229582690906532, 51.47217366311013],
        [-0.229687580363621, 51.47221661212578],
        [-0.229986711485156, 51.472374899189276],
        [-0.230382053242727, 51.47254003301607],
        [-0.230678845790009, 51.47272166338826],
        [-0.230745230336765, 51.47275503794939],
        [-0.230803397774772, 51.47277749753384],
        [-0.230968800350585, 51.4728195599297],
        [-0.231107938472612, 51.472833349238364],
        [-0.231492449063665, 51.472831955331145],
        [-0.2317227560024, 51.472796761156104],
        [-0.232108774874809, 51.47279358948209],
        [-0.232615357581468, 51.47261418314842],
        [-0.23269542893072, 51.47255424131128],
        [-0.232730020841224, 51.472516095109114],
        [-0.232740754162924, 51.47249917120744],
        [-0.232748301235801, 51.47241565507351],
        [-0.23294936546264, 51.472205564018324],
        [-0.232986020992845, 51.47215126241113],
        [-0.233009551351566, 51.47210125923028],
        [-0.23302503766525, 51.472035847640505],
        [-0.232947989892912, 51.471682182053804],
        [-0.232946863379866, 51.47167407186157],
        [-0.232895306697624, 51.47125694389135],
        [-0.232890999327892, 51.47077218525052],
        [-0.232950420312368, 51.47035223349757],
        [-0.232969887817503, 51.47007196202063],
        [-0.233014759067467, 51.46969315626217],
        [-0.233100637850992, 51.469184577694016],
        [-0.233226936827825, 51.46882228604197],
        [-0.233390163376371, 51.46839850262489],
        [-0.233447471465003, 51.46814487929221],
        [-0.233415793099112, 51.467846751377856],
        [-0.233392117327784, 51.4677142054005],
        [-0.233327199283013, 51.467568448546054],
        [-0.232830601382636, 51.46663384149918],
        [-0.233277307962161, 51.46636270612381],
        [-0.233414802158992, 51.46626945766626],
        [-0.233566807353305, 51.466135961560745],
        [-0.233649623543717, 51.46604188905307],
        [-0.233647162272102, 51.46603106101159],
        [-0.233649514319053, 51.46570916606215],
        [-0.233580167176151, 51.465379896189845],
        [-0.233567965185133, 51.46532305979876],
        [-0.233479500866784, 51.464929655283306],
        [-0.233407215071239, 51.46445286445626],
        [-0.233340777355605, 51.46427201397463],
        [-0.233314197476582, 51.46399104835475],
        [-0.234563607115428, 51.464257160932746],
        [-0.234896733610692, 51.46431703056531],
        [-0.235233050659104, 51.46436885404659],
        [-0.235573996906842, 51.46441265300029],
        [-0.241502527349994, 51.46504756281027],
        [-0.243014953848519, 51.46517724690504],
        [-0.243976055609897, 51.465230312852576],
        [-0.245048305033298, 51.465238273820376],
        [-0.248137515027017, 51.46505876132677],
        [-0.248641901086197, 51.465045613885145],
        [-0.249046215634685, 51.46505165251622],
        [-0.249448541199051, 51.46507204798024],
        [-0.25106599508992, 51.46520409532304],
        [-0.251828104149243, 51.46522805026908],
        [-0.252915500279723, 51.465216381690745],
        [-0.253554061460676, 51.46489407361044],
        [-0.253931872694231, 51.46465150903039],
        [-0.255536260627126, 51.463465007267544],
        [-0.256020315311008, 51.46304057077204],
        [-0.256600996525249, 51.46238466470508],
        [-0.25708923748588, 51.46166083752301],
        [-0.257519128925917, 51.46103236035231],
        [-0.257534440327102, 51.461008308293174],
        [-0.257905610610418, 51.4604850679013],
        [-0.258021932806727, 51.460303350251294],
        [-0.258020494107125, 51.46030332887551],
        [-0.258043409102847, 51.46026859878113],
        [-0.25680800755378, 51.459860864069306],
        [-0.256809857138586, 51.45985010062626],
        [-0.256825510364064, 51.459779292984955],
        [-0.256867573969622, 51.4597331576258],
        [-0.256984755596347, 51.459604509220135],
        [-0.257049254185304, 51.4594984578949],
        [-0.257153485833163, 51.45933184850359],
        [-0.257155708558085, 51.459160125694986],
        [-0.25724654516993, 51.45896723898269],
        [-0.25731748047118, 51.458805529975486],
        [-0.257702269508487, 51.458340044262336],
        [-0.258150512707957, 51.457682162285735],
        [-0.25834083831505, 51.4573333848323],
        [-0.258525951842077, 51.456932373410446],
        [-0.258529034256092, 51.45692702372321],
        [-0.258731644597935, 51.45648220883268],
        [-0.258954696202619, 51.4559918356192],
        [-0.259018518202231, 51.45563848062107],
        [-0.259080248469468, 51.455264411863546],
        [-0.259113038630899, 51.45493217787489],
        [-0.254988854191337, 51.452906011957865],
        [-0.252448381158524, 51.45166587781622],
        [-0.249285098688748, 51.45011873766006],
        [-0.247326309920811, 51.44918033025531],
        [-0.24728666294119, 51.44912578264681],
        [-0.24724513030537, 51.44908289705227],
        [-0.24707615828716, 51.44891041278511],
        [-0.246684085800704, 51.4485133768264],
        [-0.246009927722187, 51.44785403515501],
        [-0.245524746329613, 51.447371072708],
        [-0.245047756773483, 51.446899921020595],
        [-0.244500011067889, 51.4463602641312],
        [-0.244244620890502, 51.44607767239666],
        [-0.243028962406206, 51.44471867925213],
        [-0.242560573181256, 51.44417480668715],
        [-0.242046863977089, 51.44361226754689],
        [-0.241629258043997, 51.44313299927729],
        [-0.241659436254901, 51.44309658272104],
        [-0.241963643307113, 51.44274414334067],
        [-0.242455639232061, 51.44222276219808],
        [-0.242729209273461, 51.44191842096766],
        [-0.243203226958062, 51.441715101445816],
        [-0.243774765186835, 51.441482666604784],
        [-0.244454370493817, 51.44120868348364],
        [-0.245026033931738, 51.44097264746775],
        [-0.245945703530205, 51.44059164187971],
        [-0.247936239318227, 51.43978780595173],
        [-0.249062880567765, 51.4393361309566],
        [-0.25115157675632, 51.438483349063645],
        [-0.252043069284964, 51.43812165910784],
        [-0.253273440688358, 51.43762652823432],
        [-0.254090535362028, 51.43729069166405],
        [-0.254034901187413, 51.4372404043542],
        [-0.253814112122306, 51.43703118763473],
        [-0.253738074423226, 51.436950021778415],
        [-0.253609965235816, 51.436800636449796],
        [-0.253556661340999, 51.43672700315046],
        [-0.253512156724026, 51.43664900468218],
        [-0.253473541172507, 51.43656749694351],
        [-0.253451194110934, 51.436361235991036],
        [-0.253449050436255, 51.43607794064447],
        [-0.253456077494675, 51.435893699312075],
        [-0.253399527337059, 51.435716603923034],
        [-0.253321886898806, 51.43556437321132],
        [-0.253256809186789, 51.43545998984367],
        [-0.253110458489892, 51.43529864183959],
        [-0.253024462355829, 51.43521462932093],
        [-0.252935179276138, 51.43514135873661],
        [-0.252843772794978, 51.435086041415325],
        [-0.252726415723473, 51.43503213570357],
        [-0.252609436159713, 51.434968343758904],
        [-0.252099822328284, 51.43471255305811],
        [-0.251989485017028, 51.43466324751548],
        [-0.251785825580731, 51.43457118462538],
        [-0.251670114839226, 51.434511906894706],
        [-0.251615135348222, 51.43448231088097],
        [-0.251474572642578, 51.43439568478996],
        [-0.251411652467474, 51.434347985241615],
        [-0.251299336807749, 51.43423750056586],
        [-0.251254495181668, 51.434168488642484],
        [-0.251214138901923, 51.434095047370164],
        [-0.251093421365769, 51.433790199249486],
        [-0.251037302051527, 51.43352678107118],
        [-0.251026252842931, 51.43343938900374],
        [-0.251039593212125, 51.43320308541278],
        [-0.251036514182734, 51.43283164938073],
        [-0.251065495043646, 51.43263784386597],
        [-0.251084056775732, 51.43256618084015],
        [-0.251247173031974, 51.43228804856907],
        [-0.251586625956599, 51.43198826670909],
        [-0.251722269266778, 51.43186439493768],
        [-0.251841272750883, 51.43176185683986],
        [-0.252106701837802, 51.4315167229614],
        [-0.25223611102778, 51.4314053471356],
        [-0.252394380681563, 51.431253935222635],
        [-0.252541793747842, 51.431160812480044],
        [-0.252655929296209, 51.43111035747528],
        [-0.25291935552754, 51.431030653863765],
        [-0.253103051991712, 51.430966847202804],
        [-0.253208628363322, 51.430914465604836],
        [-0.253327829924825, 51.430844301953385],
        [-0.253445768029339, 51.430694086134444],
        [-0.253619950898035, 51.430502443459474],
        [-0.253738435396786, 51.43033784749331],
        [-0.253933362103187, 51.4300925584109],
        [-0.25408532467869, 51.42987990130384],
        [-0.254153449785802, 51.42975322254446],
        [-0.254220583092668, 51.429577070236746],
        [-0.254227500675521, 51.42947106179374],
        [-0.254237498221194, 51.42939747221322],
        [-0.254247735513908, 51.42931759145336],
        [-0.254204948371466, 51.42923242470663],
        [-0.254125877997193, 51.429080173031345],
        [-0.254103355224844, 51.42902947956718],
        [-0.253994198738932, 51.42879854491922],
        [-0.253991528878782, 51.42879310964987],
        [-0.253875047952886, 51.428565662771405],
        [-0.253696750196492, 51.428261757802304],
        [-0.253527795846159, 51.428052413007094],
        [-0.253381539071714, 51.42781373092414],
        [-0.253291282582589, 51.42761545017949],
        [-0.253208251230325, 51.42737860927228],
        [-0.253084385603256, 51.42711867845601],
        [-0.252987213756994, 51.426988637394864],
        [-0.252801152637704, 51.42677543949288],
        [-0.252528016918671, 51.426506988121915],
        [-0.25242934653222, 51.42630318569573],
        [-0.252360560915243, 51.42607015350119],
        [-0.252334928730482, 51.42598793952659],
        [-0.252299372990795, 51.42586421205589],
        [-0.252261045083529, 51.425737745483495],
        [-0.252279775851171, 51.42562381996269],
        [-0.252333190291286, 51.425354841248904],
        [-0.25243011364082, 51.42500108240999],
        [-0.25249409438747, 51.42486984648942],
        [-0.252599323348035, 51.4246753786873],
        [-0.252704997022899, 51.42446922716086],
        [-0.252801905177608, 51.424304310403656],
        [-0.252871394158906, 51.42417945113748],
        [-0.252909256494755, 51.42405412041581],
        [-0.252922897554392, 51.42369642196792],
        [-0.25295056519643, 51.42346123067649],
        [-0.252958272717972, 51.42333455120326],
        [-0.25295441139779, 51.423209497790616],
        [-0.252783214303555, 51.42309723729769],
        [-0.252422468316673, 51.4230145235563],
        [-0.252022156191079, 51.422951002155806],
        [-0.251804035828138, 51.42286232018842],
        [-0.251708136549936, 51.42281233022944],
        [-0.251442897644887, 51.42260154585629],
        [-0.251247066403123, 51.42245654253127],
        [-0.251233343145274, 51.42243925200751],
        [-0.251174000481724, 51.42237362050783],
        [-0.251122974227661, 51.422316206327515],
        [-0.250925221542098, 51.42188251415097],
        [-0.250825896075871, 51.42154561117618],
        [-0.250743817912924, 51.4212467340558],
        [-0.250674834478553, 51.42109463026766],
        [-0.250583019924497, 51.4209754579586],
        [-0.250551826862806, 51.42077535856424],
        [-0.250565778260504, 51.42056064572192],
        [-0.250579794321103, 51.42038190389405],
        [-0.250533438002091, 51.42020226092874],
        [-0.250475411013003, 51.42002693998808],
        [-0.250386897613582, 51.41978372005627],
        [-0.250277056070208, 51.4196094240144],
        [-0.250147194574726, 51.41943213121191],
        [-0.24988682669439, 51.419056852725504],
        [-0.249845219588419, 51.41897889578862],
        [-0.249780927736521, 51.41885473824652],
        [-0.249642361131917, 51.41852893830282],
        [-0.249613734784141, 51.41837473872612],
        [-0.249594071586539, 51.41824944905913],
        [-0.249574722076498, 51.41807830222593],
        [-0.249597188942725, 51.417941951480174],
        [-0.249617634675119, 51.41782085782543],
        [-0.249684148821846, 51.41766088507761],
        [-0.249773668917456, 51.417425718685315],
        [-0.249851251810504, 51.4171265270779],
        [-0.2498584515219, 51.41701332883974],
        [-0.249833210972619, 51.41658221021372],
        [-0.249820421115185, 51.41650288504273],
        [-0.249755000810486, 51.41610713643333],
        [-0.249714023252317, 51.41593746508116],
        [-0.24960111896926, 51.41542949992864],
        [-0.249543183508194, 51.41513907542003],
        [-0.249546582115555, 51.41505010020382],
        [-0.249603022363536, 51.414965514187266],
        [-0.249599676253432, 51.414902516551756],
        [-0.249533953257624, 51.41477833738639],
        [-0.249385364238779, 51.414527025111376],
        [-0.249059981018095, 51.4138594153562],
        [-0.248909558270101, 51.41354332883106],
        [-0.248235569731316, 51.412139414982136],
        [-0.247475046284768, 51.41055525136377],
        [-0.247425005946165, 51.410434902392524],
        [-0.247170894058024, 51.40970990097797],
        [-0.247136938439694, 51.40958259840145],
        [-0.247151047314726, 51.4095144661716],
        [-0.247179739699869, 51.40940338789752],
        [-0.247193360909823, 51.409385606554494],
        [-0.247211430858269, 51.40936429473268],
        [-0.247228338639948, 51.409335771500025],
        [-0.247240694556995, 51.4093134749611],
        [-0.247246614756009, 51.40930906723621],
        [-0.247257224263092, 51.40929483785654],
        [-0.247428943818297, 51.409166114941875],
        [-0.247508848724867, 51.40910705986432],
        [-0.247557068887787, 51.4090493294543],
        [-0.247555868346165, 51.40885507277717],
        [-0.247538550773367, 51.408668668370744],
        [-0.247509971229394, 51.40851356941777],
        [-0.247507612516379, 51.40850004534489],
        [-0.247460848386416, 51.408444491578116],
        [-0.247394446590518, 51.408376054569395],
        [-0.247363249830049, 51.408327028339954],
        [-0.247338729202749, 51.40825382210061],
        [-0.24729542383949, 51.40818303268035],
        [-0.247292281085239, 51.408152411059774],
        [-0.247283224578547, 51.40808842861521],
        [-0.247257473341061, 51.408009808428986],
        [-0.247203181097581, 51.40796313449596],
        [-0.247103900153426, 51.40788970928554],
        [-0.247032363675268, 51.40784277734321],
        [-0.246956413101667, 51.40779847708856],
        [-0.246841827784049, 51.407786871216594],
        [-0.246733609453983, 51.40775917392025],
        [-0.246598630697023, 51.407754456742225],
        [-0.246297072556885, 51.40766901173881],
        [-0.24619231348061, 51.40762607839067],
        [-0.246042490671122, 51.407595959322286],
        [-0.245847948022596, 51.4075696669713],
        [-0.245810757083524, 51.4075646140224],
        [-0.245801420104517, 51.407545589934514],
        [-0.245758427320397, 51.40746671131672],
        [-0.245703827693168, 51.40742812535573],
        [-0.245504868208261, 51.407254288688804],
        [-0.245487356462702, 51.407223451889806],
        [-0.24547313157962, 51.40718187325043],
        [-0.245386994691771, 51.40710324781096],
        [-0.245353675873339, 51.407072174325826],
        [-0.245338289353413, 51.407023384244944],
        [-0.245399855920246, 51.40695506348238],
        [-0.245503944416382, 51.40675249121147],
        [-0.245532845277014, 51.406636020878466],
        [-0.245477367929099, 51.406545264933456],
        [-0.245358239110401, 51.406351940270355],
        [-0.245229740408369, 51.40614049009566],
        [-0.245221634517717, 51.406126879912144],
        [-0.245195895808484, 51.40601049074241],
        [-0.245192116829959, 51.40592140800816],
        [-0.245184394851609, 51.4057099676791],
        [-0.245050468526862, 51.40545257403989],
        [-0.245013131657665, 51.40533870889172],
        [-0.244946641051535, 51.4050850227304],
        [-0.244884668441655, 51.404826008656194],
        [-0.244886474040336, 51.40470373712291],
        [-0.244848518790679, 51.40460604921881],
        [-0.24481156156344, 51.404482297873784],
        [-0.244718288840491, 51.4043648970656],
        [-0.244684722173349, 51.40422770764202],
        [-0.24470341669327, 51.40385209933592],
        [-0.244700094405874, 51.40371356439862],
        [-0.244682986935816, 51.40340936016383],
        [-0.244739592000658, 51.403170107068746],
        [-0.244845024440488, 51.402894715810774],
        [-0.244855228456131, 51.40285350293048],
        [-0.244892276025129, 51.4027119755764],
        [-0.245044570461201, 51.40230149852617],
        [-0.245055591791545, 51.40227648444807],
        [-0.24507069089013, 51.40222005752507],
        [-0.245234259567526, 51.40170273775046],
        [-0.245238604516435, 51.401701903556855],
        [-0.245294125743493, 51.40171622373327],
        [-0.245376076095404, 51.40164101414196],
        [-0.245495693713066, 51.401558275153],
        [-0.24569790620682, 51.40142101873403],
        [-0.246085230200592, 51.40110488320238],
        [-0.246123825497635, 51.40107308767663],
        [-0.246461425530348, 51.40081645677203],
        [-0.246477574310779, 51.4008077058684],
        [-0.246673036592096, 51.400696425160575],
        [-0.24668809214694, 51.40067866532552],
        [-0.246719021433306, 51.400659344473695],
        [-0.246792793391473, 51.400572321231046],
        [-0.246834370969499, 51.400500103633135],
        [-0.246846449675989, 51.400484997006764],
        [-0.246823989141457, 51.40039563477933],
        [-0.246710424165059, 51.4001322526238],
        [-0.246660128245257, 51.399981324573936],
        [-0.246619401319013, 51.39969295369636],
        [-0.246591640245197, 51.39940387753818],
        [-0.246609245257685, 51.399281842301015],
        [-0.246621983332126, 51.399211891018155],
        [-0.246685392981368, 51.39909503738017],
        [-0.246721056996891, 51.39898945890494],
        [-0.246730983457256, 51.398955435736084],
        [-0.246754272747313, 51.39879751532234],
        [-0.246759798815643, 51.39869058666974],
        [-0.246763915943625, 51.39862050638631],
        [-0.246769407594656, 51.39851447647055],
        [-0.2468930754249, 51.39828791588211],
        [-0.246959088007737, 51.39814052636246],
        [-0.247070079348057, 51.39801988803133],
        [-0.247212821771777, 51.39785835879013],
        [-0.247415642827236, 51.39762938453987],
        [-0.24742300415275, 51.39758722965112],
        [-0.247424784370401, 51.39757826372597],
        [-0.246940066539119, 51.39713397545249],
        [-0.246769673931443, 51.39696596332553],
        [-0.246493695327559, 51.396739717944094],
        [-0.246399986743993, 51.39663400206722],
        [-0.246298036525402, 51.39651827096386],
        [-0.246174791061876, 51.39632038882284],
        [-0.246002864432741, 51.396155050334244],
        [-0.2458898625943, 51.39606523183865],
        [-0.24577530156355, 51.395903449459695],
        [-0.245692333253347, 51.395817677385246],
        [-0.245585045117152, 51.395728843376794],
        [-0.245536007190937, 51.39565796726291],
        [-0.245488268533535, 51.395590707602025],
        [-0.245115514111375, 51.39530186044893],
        [-0.24499215792612, 51.395182210556456],
        [-0.244792986064241, 51.39497779417492],
        [-0.244707817826841, 51.394799365089405],
        [-0.244595174070784, 51.39466278936276],
        [-0.244232971132683, 51.394511683480246],
        [-0.244101214617841, 51.39449891817994],
        [-0.244076895244232, 51.39449585599652],
        [-0.243925000454262, 51.39444591924283],
        [-0.243753303068908, 51.39438759219831],
        [-0.243548116427019, 51.394340453251154],
        [-0.243543840992751, 51.3943394899097],
        [-0.243188489214611, 51.394309882994435],
        [-0.242791476053685, 51.394279650263556],
        [-0.242510012591607, 51.394234962662026],
        [-0.242285438745866, 51.39416864634171],
        [-0.242048693979013, 51.39408236336557],
        [-0.241823039999662, 51.39396926862989],
        [-0.241745783961696, 51.39392224739324],
        [-0.241691686009634, 51.393871077316916],
        [-0.241345296143175, 51.39338297861066],
        [-0.241345169165032, 51.39334880496935],
        [-0.241344559699891, 51.393327213673494],
        [-0.24130157644867, 51.3932861020354],
        [-0.241168593147471, 51.393155512430106],
        [-0.240935208887327, 51.39271946688537],
        [-0.240860115631, 51.39254118607785],
        [-0.240824063124782, 51.39243183481515],
        [-0.240885213814658, 51.39233653240519],
        [-0.240961706068068, 51.392178512317194],
        [-0.240967934833846, 51.39216601623102],
        [-0.240847850784134, 51.39214892616353],
        [-0.240789883087157, 51.39212377598144],
        [-0.240693163181835, 51.39209714469851],
        [-0.240619807350089, 51.39206097231675],
        [-0.240560863042812, 51.39198634825033],
        [-0.240471786273655, 51.39179796537324],
        [-0.240402510958711, 51.39173038014395],
        [-0.240236208377028, 51.391419437752596],
        [-0.240108256385941, 51.391195399729654],
        [-0.240104901631221, 51.391095531857175],
        [-0.24013734537165, 51.390924261104814],
        [-0.240115902216648, 51.39080883419753],
        [-0.240063592189955, 51.39063629051152],
        [-0.240035151179976, 51.390478493411464],
        [-0.240027349181243, 51.39038215575507],
        [-0.239954563104719, 51.39006902039542],
        [-0.239892419561817, 51.389740757465425],
        [-0.239886009445521, 51.38957070162942],
        [-0.239785562024421, 51.38945408787208],
        [-0.239743652916188, 51.389385114781156],
        [-0.239706881078202, 51.38929463668275],
        [-0.239646012263803, 51.38915793445444],
        [-0.239638497275981, 51.389129045331934],
        [-0.239600279344146, 51.388963907138425],
        [-0.239581893708197, 51.38891866806799],
        [-0.239571367936271, 51.388893330734355],
        [-0.239573804665525, 51.388867288889955],
        [-0.239584655301261, 51.38873436186778],
        [-0.239612248008317, 51.38865204476344],
        [-0.239580350389087, 51.38850948292866],
        [-0.239490995821297, 51.38836605782656],
        [-0.239494871381382, 51.388227630460854],
        [-0.239470752749612, 51.388144536430154],
        [-0.239459460952837, 51.387951925743366],
        [-0.239323696995093, 51.38770708637873],
        [-0.239223878952927, 51.38746188774723],
        [-0.239097309894618, 51.38723966769096],
        [-0.239013717443064, 51.38705855996056],
        [-0.238995832340737, 51.3868505627194],
        [-0.238971003437477, 51.38674857347948],
        [-0.238956147548243, 51.38668630144608],
        [-0.238744585275394, 51.38609500722934],
        [-0.238854934274551, 51.38602832229314],
        [-0.238914182564902, 51.38598245141001],
        [-0.239035918358734, 51.385918635218495],
        [-0.239191022320541, 51.38588409658517],
        [-0.23937761245443, 51.385778090262065],
        [-0.239750916049169, 51.38560025036881],
        [-0.239912775644935, 51.385501964995576],
        [-0.240059581611521, 51.38542143844366],
        [-0.240720064233278, 51.38506266156862],
        [-0.241065009467426, 51.3848744999037],
        [-0.241403252625781, 51.38467364703927],
        [-0.241620212425064, 51.38452492862825],
        [-0.241826472559396, 51.384355366349475],
        [-0.241951206497811, 51.384175587937655],
        [-0.242094266889035, 51.38400507691909],
        [-0.242558482477068, 51.383404142562604],
        [-0.242555413037161, 51.38337172325512],
        [-0.242553297891204, 51.38335190786555],
        [-0.242821578092937, 51.38306367283342],
        [-0.242931485118446, 51.38293313018612],
        [-0.242959762891856, 51.382945244580284],
        [-0.24417472388618, 51.38349222069703],
        [-0.244340053455079, 51.38292726671736],
        [-0.24448402531884, 51.382432134560055],
        [-0.244695284788587, 51.38164305380633],
        [-0.24467241628559, 51.38160224462451],
        [-0.244778683928457, 51.38100313256337],
        [-0.244792736522429, 51.38101143639323],
        [-0.24483578482205, 51.38086280450149],
        [-0.244922739699196, 51.3808811929355],
        [-0.244984782592705, 51.38064921455422],
        [-0.244992349299605, 51.38060166724015],
        [-0.245036255288623, 51.38009244580313],
        [-0.245054253159237, 51.38003516288749],
        [-0.245528973212663, 51.3800593582242],
        [-0.245587698708291, 51.379989196215696],
        [-0.245979780619247, 51.380145242431226],
        [-0.24611169601761, 51.38019038151644],
        [-0.246517934607488, 51.38016408854712],
        [-0.246626163045784, 51.38015221933643],
        [-0.246840193822007, 51.3801167539673],
        [-0.247223092240216, 51.379986694713615],
        [-0.247588539165928, 51.380163019982],
        [-0.247642667715333, 51.380175519885746],
        [-0.247691497777149, 51.38017625017675],
        [-0.247747783306926, 51.380169897885764],
        [-0.247775379583134, 51.380162217270644],
        [-0.24784729669427, 51.380122826176276],
        [-0.247917320979476, 51.380170634697315],
        [-0.248374246084817, 51.38005876452912],
        [-0.248655432302275, 51.38003329236165],
        [-0.248868470763923, 51.37998611811903],
        [-0.249100762045496, 51.379923943824465],
        [-0.249941499300733, 51.379619965873026],
        [-0.250541422372553, 51.379413103310455],
        [-0.25080838462719, 51.37930827898497],
        [-0.251002133619489, 51.37923923073871],
        [-0.251476004208587, 51.37909702675042],
        [-0.251661748747258, 51.37904944013783],
        [-0.25237305805295, 51.37889818570938],
        [-0.252790156425153, 51.37885045086909],
        [-0.253421580868437, 51.378796917085225],
        [-0.253604552096156, 51.37878435708594],
        [-0.253971417438412, 51.378772738837746],
        [-0.254549189972561, 51.378769657088824],
        [-0.255084151712881, 51.37875874087977],
        [-0.255611146741301, 51.37876838652428],
        [-0.255779482636259, 51.37876279929122],
        [-0.256315301439329, 51.37880494636156],
        [-0.257198838796756, 51.3788477673513],
        [-0.257301968106905, 51.37885649535626],
        [-0.257387693065048, 51.37886946070101],
        [-0.257491576022163, 51.37889618487786],
        [-0.258444327925037, 51.378970600510414],
        [-0.259359278591819, 51.379170342684894],
        [-0.259793381847469, 51.37924243663122],
        [-0.259922368155324, 51.37928931511449],
        [-0.260017636623235, 51.379315909099866],
        [-0.260173019532888, 51.379348791201764],
        [-0.260840555753252, 51.37955563865898],
        [-0.26102999943897, 51.37959981625755],
        [-0.261124820753506, 51.37960032427235],
        [-0.261172214383201, 51.37960102762628],
        [-0.261165663462502, 51.37947053828064],
        [-0.261377521879811, 51.37918861801663],
        [-0.261419362893187, 51.37910830583205],
        [-0.261440723042361, 51.379037581550676],
        [-0.261491727525927, 51.37852576237027],
        [-0.26151900809746, 51.37848839839452],
        [-0.261590598419895, 51.37841931862506],
        [-0.261901316303552, 51.3782206964619],
        [-0.261937076951739, 51.37818705521112],
        [-0.261968903617811, 51.37814346377573],
        [-0.261991460278775, 51.37807905193224],
        [-0.262411155962573, 51.377355080795404],
        [-0.262492550771334, 51.37725467191286],
        [-0.262896704861066, 51.37705473494239],
        [-0.263299037675789, 51.37682689265126],
        [-0.26385731504841, 51.376426904166046],
        [-0.264258312485996, 51.376082135518246],
        [-0.264702393286974, 51.37562379807789],
        [-0.265527576727022, 51.37523225077993],
        [-0.266804624226178, 51.37463156151641],
        [-0.268009883742252, 51.37406666674654],
        [-0.268875071159029, 51.373641515696114],
        [-0.268910212907352, 51.37362404980283],
        [-0.269260997478786, 51.373504235564276],
        [-0.269759389544872, 51.37331825676699],
        [-0.270490730748651, 51.37308895350057],
        [-0.271065422876856, 51.3728986999396],
        [-0.271203634125093, 51.37285307884583],
        [-0.271956079461252, 51.37259710021455],
        [-0.272191058383602, 51.37249984907235],
        [-0.272446631949549, 51.37235164354827],
        [-0.272569130965782, 51.372265322662],
        [-0.272601635147604, 51.372241521990716],
        [-0.27277126763314, 51.372124421853265],
        [-0.272983251740166, 51.37198906139087],
        [-0.273222348342399, 51.37185859642772],
        [-0.273235609905577, 51.37184979932354],
        [-0.273394782075984, 51.371743335193734],
        [-0.273430461602488, 51.37171148778699],
        [-0.273612474049657, 51.37153252022756],
        [-0.273737758025791, 51.37133383218322],
        [-0.273819574141264, 51.37118306339923],
        [-0.27394669771697, 51.37097361116305],
        [-0.274014558973828, 51.37081184558078],
        [-0.274046251868883, 51.37065674119372],
        [-0.274262701603029, 51.37059338470083],
        [-0.274388739818246, 51.370565565697156],
        [-0.274636474326169, 51.370510762599295],
        [-0.274985176494934, 51.37040708729972],
        [-0.27499970431086, 51.370402804920936],
        [-0.275387493971398, 51.37025294262256],
        [-0.275421093470251, 51.37023814985834],
        [-0.275650478290943, 51.37013631321722],
        [-0.275856161036476, 51.370015242955866],
        [-0.275986738200163, 51.36990475750127],
        [-0.276001603325608, 51.369891487404246],
        [-0.276121266595812, 51.36976555385344],
        [-0.276131824015194, 51.369752220356546],
        [-0.276206198301096, 51.36964630321937],
        [-0.276267511477666, 51.36946735414483],
        [-0.276311593846349, 51.36928815153072],
        [-0.276307961253513, 51.36927011296838],
        [-0.276284358651956, 51.3691717468196],
        [-0.276293983255197, 51.369068473990495],
        [-0.276433153223999, 51.36892034571405],
        [-0.276523304548824, 51.36885332847955],
        [-0.276583861404752, 51.36880925649646],
        [-0.276631919127781, 51.36879197830262],
        [-0.276813896333898, 51.3687281100546],
        [-0.277003067001333, 51.36862567931238],
        [-0.277060245415424, 51.36859504623892],
        [-0.277267237607218, 51.36851535855505],
        [-0.277471983840665, 51.368457219628375],
        [-0.277548959887376, 51.36843497069583],
        [-0.277550395721123, 51.36843499180537],
        [-0.277917322846668, 51.368381034871874],
        [-0.277923099892469, 51.36838022053139],
        [-0.277931782319011, 51.368378549639985],
        [-0.278066123855288, 51.36835894206245],
        [-0.278476360652954, 51.36829932512883],
        [-0.278667946065785, 51.3682472855267],
        [-0.279017720971723, 51.36815260663985],
        [-0.279130928339705, 51.36812189632624],
        [-0.279440005732819, 51.36800143923426],
        [-0.279504125068616, 51.367977201700356],
        [-0.279843061933234, 51.3678266073479],
        [-0.280061679286832, 51.36770482042358],
        [-0.280164374856894, 51.36764787638257],
        [-0.280493604944358, 51.36744947711725],
        [-0.280555356308973, 51.36741171542223],
        [-0.280556825776803, 51.36741083773293],
        [-0.280802461728259, 51.36725797201937],
        [-0.280839198166005, 51.367236029700784],
        [-0.281057013695366, 51.36709714331108],
        [-0.281197586894474, 51.366987698023664],
        [-0.281278484541022, 51.366898959266884],
        [-0.281370890243221, 51.36673305327901],
        [-0.281471394306078, 51.36661942284309],
        [-0.281486290420248, 51.36660525325575],
        [-0.281640960511833, 51.36646454026948],
        [-0.281813296193683, 51.366312395836296],
        [-0.281903905452901, 51.36623279163589],
        [-0.281990072561923, 51.36615671924833],
        [-0.282185512618969, 51.366001316055616],
        [-0.282417709380325, 51.365861738770185],
        [-0.282636613123733, 51.3657318579833],
        [-0.282850199878405, 51.36562887653252],
        [-0.283127025766151, 51.36552502294622],
        [-0.283239393173103, 51.36547810978431],
        [-0.283278796859664, 51.36546160132717],
        [-0.28344575582364, 51.365414588647994],
        [-0.283457342587328, 51.36541206064847],
        [-0.283654686986783, 51.365359198080746],
        [-0.28368667651534, 51.365348875658626],
        [-0.283803081366832, 51.3653092151532],
        [-0.283810394460764, 51.36530572525876],
        [-0.283934582507699, 51.36524999203539],
        [-0.284034530686629, 51.36518940736663],
        [-0.284094840361637, 51.365151622706755],
        [-0.284105125655189, 51.36514547855895],
        [-0.284380930074621, 51.36495348001394],
        [-0.284596322739057, 51.3648019620445],
        [-0.284761463750741, 51.364649707971424],
        [-0.28492933279484, 51.364539758621305],
        [-0.285049948861681, 51.364464188310066],
        [-0.285213770195958, 51.364385653253066],
        [-0.285461574577014, 51.364250794712845],
        [-0.285661100502418, 51.36410084110729],
        [-0.285726117219904, 51.36405233342605],
        [-0.285768960682572, 51.36402058712484],
        [-0.285955167796002, 51.36384256121272],
        [-0.286026664767582, 51.363774364551546],
        [-0.286327973415745, 51.363514391159285],
        [-0.286534450148501, 51.363293496553695],
        [-0.286669966699366, 51.36312641843946],
        [-0.28678067343225, 51.362969768428904],
        [-0.286839682750805, 51.362889698334826],
        [-0.286889541321901, 51.36282388249348],
        [-0.287044752031647, 51.362667882998224],
        [-0.287223294947532, 51.362541000600835],
        [-0.28737251447901, 51.36246854386666],
        [-0.287497589834172, 51.36242720796548],
        [-0.287706603150817, 51.36236911367333],
        [-0.287918286163804, 51.36231645355952],
        [-0.288154307709183, 51.36226594721493],
        [-0.288178417378426, 51.362235724811406],
        [-0.28830193704716, 51.36208195836632],
        [-0.287966481939269, 51.361948463045906],
        [-0.287960772896741, 51.361947480359845],
        [-0.287622515546807, 51.361812144577925],
        [-0.287595640729351, 51.36180096068563],
        [-0.28723738132114, 51.36170130164074],
        [-0.287026986913646, 51.36164247163225],
        [-0.287021311460577, 51.36164059013527],
        [-0.286523973261341, 51.36149573093976],
        [-0.286165483796294, 51.361402360012775],
        [-0.28584708527124, 51.36135094036919],
        [-0.285425792944147, 51.361285424416295],
        [-0.285101023651833, 51.361212327347864],
        [-0.285360497255194, 51.361072244322905],
        [-0.286054472384087, 51.36029734874302],
        [-0.286413690459441, 51.35998606546704],
        [-0.286611798895765, 51.35979652224974],
        [-0.286702889806361, 51.35970343256778],
        [-0.286857425993317, 51.359526740539785],
        [-0.286996666624014, 51.35937500382777],
        [-0.288097753271081, 51.35904398618671],
        [-0.288996346341479, 51.35871179947057],
        [-0.289236077537531, 51.35844552374165],
        [-0.289368803123224, 51.35823703596558],
        [-0.289486632636746, 51.358081386650866],
        [-0.289610270348989, 51.35792402350628],
        [-0.289794771375507, 51.35771359339617],
        [-0.289881779430545, 51.35761414686935],
        [-0.290223125534398, 51.357280109723774],
        [-0.290623157273174, 51.356912756188265],
        [-0.29089858629644, 51.35669016225903],
        [-0.290939749626155, 51.35666468436534],
        [-0.291108775795095, 51.35656103792385],
        [-0.29113058066389, 51.356476825919714],
        [-0.291203647903352, 51.35609570786703],
        [-0.291208990973594, 51.35606790886175],
        [-0.291243053198157, 51.35588585669555],
        [-0.291251513686134, 51.35565846826843],
        [-0.291224329746694, 51.355308261046595],
        [-0.291223969429726, 51.35520214354264],
        [-0.291346731063063, 51.354952142380746],
        [-0.291499835649225, 51.35469718808533],
        [-0.291724976289745, 51.35443609002224],
        [-0.292003257523466, 51.354174867080545],
        [-0.292081138472355, 51.354127442721776],
        [-0.292307469717603, 51.35398865977823],
        [-0.292420135070146, 51.35389408167232],
        [-0.29252418763188, 51.35379937792184],
        [-0.292684656586535, 51.35361646994033],
        [-0.292782134736931, 51.353428147475704],
        [-0.292772670165257, 51.352910037813196],
        [-0.292783692225326, 51.35269077985242],
        [-0.292799717215086, 51.352607382534664],
        [-0.292819914562438, 51.3525276430454],
        [-0.292930407018685, 51.35237548036446],
        [-0.293176855925349, 51.35219742163312],
        [-0.293319423289778, 51.352109573142016],
        [-0.293470635497077, 51.35202095115929],
        [-0.294172412776282, 51.351647189893214],
        [-0.2943499248069, 51.35154636016555],
        [-0.294519224624579, 51.35143461953192],
        [-0.29484056472194, 51.35121178556144],
        [-0.294991136422062, 51.35110157015299],
        [-0.295264539013353, 51.35085465662238],
        [-0.295638072861631, 51.35054085586181],
        [-0.296039306942496, 51.35025443455073],
        [-0.296476584432631, 51.34996403975797],
        [-0.297268191450101, 51.34956728648942],
        [-0.297558868114906, 51.349396156290624],
        [-0.297795006318104, 51.349262900909864],
        [-0.297821406984384, 51.34924799717973],
        [-0.298158673331067, 51.34905955735997],
        [-0.298415363841297, 51.348875341703526],
        [-0.29867418654572, 51.3486722720706],
        [-0.298993157479701, 51.34851234035805],
        [-0.299199480063176, 51.348369656647904],
        [-0.299452650824365, 51.348125137449266],
        [-0.299949075835048, 51.34767102451006],
        [-0.300100616232278, 51.34749517092641],
        [-0.300184141339859, 51.347372285588605],
        [-0.300270702641087, 51.34724494796451],
        [-0.300547661221593, 51.346784050751175],
        [-0.300672853379726, 51.34654396694807],
        [-0.300788629698079, 51.346286660547435],
        [-0.301045672602661, 51.34574274163114],
        [-0.301175968292282, 51.34551981717722],
        [-0.301337935211598, 51.345294654088335],
        [-0.301550900366703, 51.34508821537543],
        [-0.301790798579796, 51.344891159312766],
        [-0.301944874051242, 51.34480166874763],
        [-0.302021061138964, 51.34476050808599],
        [-0.302311091735415, 51.34460554346563],
        [-0.302536474338712, 51.34445143983388],
        [-0.303287596611784, 51.34378608110805],
        [-0.303431412769639, 51.343663167500885],
        [-0.303699325001304, 51.343445830403176],
        [-0.303806300043744, 51.34334846126683],
        [-0.303903162809008, 51.343252744124584],
        [-0.30404852633658, 51.34304891906471],
        [-0.304146091912464, 51.342817424127226],
        [-0.304215494983392, 51.34260980132991],
        [-0.304329142689386, 51.342370445744066],
        [-0.304396753181412, 51.34221135675196],
        [-0.30446165896344, 51.34204773228416],
        [-0.304518285770378, 51.341874995375136],
        [-0.304569172062711, 51.341702175346946],
        [-0.304618420963851, 51.341379155689495],
        [-0.30466388879728, 51.341158596567105],
        [-0.304753855832009, 51.34086044609706],
        [-0.30481092023994, 51.34071469307105],
        [-0.30493946403628, 51.340421597019905],
        [-0.305010877022503, 51.34027605153265],
        [-0.305087631609907, 51.34014137437836],
        [-0.305341216551748, 51.339727788191965],
        [-0.305437929826866, 51.33948009316869],
        [-0.305439395782177, 51.3392067402086],
        [-0.305380959094852, 51.33892262877617],
        [-0.305379697758798, 51.33868430736593],
        [-0.305321868328251, 51.338422686092755],
        [-0.305296356051122, 51.33821908482672],
        [-0.305245110909542, 51.33812931690616],
        [-0.305080271611199, 51.33788862855644],
        [-0.304980719169418, 51.337707336483035],
        [-0.304883241621581, 51.3375476565223],
        [-0.304956175032248, 51.33736076718557],
        [-0.304960977339731, 51.33707487280281],
        [-0.304949953462139, 51.33675098056259],
        [-0.305052789885832, 51.33645391520806],
        [-0.305196937165783, 51.33616554082865],
        [-0.305279323998917, 51.336033642768776],
        [-0.305710079387602, 51.33540859564069],
        [-0.305888055900943, 51.33525379987931],
        [-0.306031914541528, 51.33516775326633],
        [-0.306215814915696, 51.33508588255521],
        [-0.30662395391782, 51.33491822717973],
        [-0.307014772999415, 51.334753017822294],
        [-0.307491611005631, 51.334590848695676],
        [-0.307635929971084, 51.334609120660396],
        [-0.307729487473288, 51.33448547561561],
        [-0.308351590197684, 51.33408170290983],
        [-0.30875722225667, 51.33374764129852],
        [-0.309137114790768, 51.33348874435573],
        [-0.30964434525312, 51.33308510499384],
        [-0.309880991966997, 51.33293474695615],
        [-0.31041915547762, 51.33266554000266],
        [-0.310953206670715, 51.33239087574846],
        [-0.311603644355499, 51.33215205865831],
        [-0.312008980745342, 51.332098549969075],
        [-0.312422101010622, 51.33198939807039],
        [-0.312603783788323, 51.33192816837772],
        [-0.312776890772446, 51.33186591561175],
        [-0.313094409068225, 51.331740996030945],
        [-0.313716395452623, 51.33141632805405],
        [-0.313955922682038, 51.33126510406653],
        [-0.314268319365524, 51.33104478631614],
        [-0.315047006695447, 51.33051733586907],
        [-0.315209993083511, 51.33037849706137],
        [-0.315978869622692, 51.32968723449898],
        [-0.316142494726965, 51.32956998576631],
        [-0.316765148142127, 51.32914729227309],
        [-0.316850232787345, 51.32909725735866],
        [-0.317148175648306, 51.328918090123565],
        [-0.317831282586639, 51.32852953212892],
        [-0.318393999568419, 51.328253447418646],
        [-0.318978951863705, 51.327957895502124],
        [-0.319307257234782, 51.32781153186493],
        [-0.31960854425338, 51.32773672026403],
        [-0.320082276900947, 51.32765628813805],
        [-0.321235989717764, 51.327507367146424],
        [-0.321599540326147, 51.32745682356557],
        [-0.321774339271527, 51.32742605584719],
        [-0.32210209845647, 51.32733363202724],
        [-0.322648052041246, 51.32720116800639],
        [-0.323094262795726, 51.32708795632943],
        [-0.323095697371747, 51.32708797686911],
        [-0.323550397334003, 51.326899347414795],
        [-0.32383655408656, 51.32676675596448],
        [-0.323970401899253, 51.32671741377247],
        [-0.324028603634346, 51.32669576520815],
        [-0.32425996856707, 51.326648717340966],
        [-0.324448748036742, 51.3266280375053],
        [-0.32463889639934, 51.326609175461314],
        [-0.325113480802684, 51.326583589922784],
        [-0.325604853913809, 51.32656993281863],
        [-0.326003891217512, 51.326569342062],
        [-0.32670636881176, 51.3265919699218],
        [-0.326981669588717, 51.326639067088756],
        [-0.327231639284355, 51.32667231297084],
        [-0.327322993707169, 51.32668620728047],
        [-0.32759755531925, 51.32631963434954],
        [-0.328314267408291, 51.32646385548148],
        [-0.328926050366171, 51.326809807115346],
        [-0.329251001794253, 51.32699159653707],
        [-0.3295886057917, 51.32718075954268],
        [-0.329590040375386, 51.32718078000284],
        [-0.330138981506162, 51.32751863484001],
        [-0.330157204990127, 51.32757015226705],
        [-0.330339613701946, 51.327882996174026],
        [-0.330398688759371, 51.32799534608241],
        [-0.330480388348909, 51.328196145564995],
        [-0.330590389413698, 51.32840813945017],
        [-0.330674143856387, 51.32863144946771],
        [-0.330756431816156, 51.328855637769195],
        [-0.330719324307417, 51.328928847906575],
        [-0.330679021016911, 51.32901100504441],
        [-0.33059440681046, 51.32908803431964],
        [-0.330506075925519, 51.32914882394779],
        [-0.330409169564462, 51.32920859201198],
        [-0.330292079923564, 51.32927077003656],
        [-0.329913420047166, 51.32946050987161],
        [-0.32963355269212, 51.32965705299383],
        [-0.329428742906732, 51.329842076451],
        [-0.329320873758992, 51.32996643369373],
        [-0.32921443869616, 51.33009081129484],
        [-0.329116281627202, 51.330263866717864],
        [-0.329112913821619, 51.33039600930825],
        [-0.329171125781756, 51.33072956444699],
        [-0.329191260385566, 51.330965456726595],
        [-0.329302868614057, 51.331528184435754],
        [-0.329362729602365, 51.33161896386254],
        [-0.329554510400937, 51.33187169228202],
        [-0.329578946681414, 51.33218678029264],
        [-0.329594168706714, 51.33228141923107],
        [-0.329689958152871, 51.33248961409524],
        [-0.329719262083896, 51.33267078236795],
        [-0.329718669536163, 51.3327660950138],
        [-0.3297136093921, 51.332865840226646],
        [-0.329643333026587, 51.33349611544232],
        [-0.329628930756484, 51.33385291448311],
        [-0.32955045455209, 51.3341557436515],
        [-0.32948434290023, 51.33435533473256],
        [-0.329546391429272, 51.33446502956665],
        [-0.329431907129231, 51.33485007658838],
        [-0.32941069302679, 51.33511775210741],
        [-0.329359189030648, 51.335310357399116],
        [-0.329208181827396, 51.33563373387677],
        [-0.329197301178175, 51.33593303066508],
        [-0.329212372961594, 51.33630823506911],
        [-0.329192092875742, 51.33670811432257],
        [-0.329041495176203, 51.33757284791906],
        [-0.328900402352735, 51.338176033657334],
        [-0.32886918494612, 51.33867917102561],
        [-0.328882267006339, 51.33903006705207],
        [-0.32886547324976, 51.33941290999669],
        [-0.328870742745015, 51.33958384357768],
        [-0.328876208378473, 51.33974938442365],
        [-0.328959278098609, 51.34011027140081],
        [-0.328979227840191, 51.340232854633456],
        [-0.328909130274555, 51.34077860140947],
        [-0.328780508915504, 51.34107801665475],
        [-0.328542138322203, 51.34174995561198],
        [-0.328525372062633, 51.3417766940003],
        [-0.328346097208224, 51.342047509050076],
        [-0.328201228831476, 51.34231971414148],
        [-0.328010139026464, 51.34295455806787],
        [-0.327944150358567, 51.34334748953361],
        [-0.327906764343687, 51.343743527001045],
        [-0.327796114023771, 51.34390381322419],
        [-0.327480770274376, 51.34400722161427],
        [-0.328177349649401, 51.344041445304505],
        [-0.328483503980793, 51.34454579969727],
        [-0.328666776381599, 51.34491531041558],
        [-0.328898421719643, 51.345297201206996],
        [-0.329205726985633, 51.345888797567234],
        [-0.329345800291641, 51.34614348569528],
        [-0.329970751253104, 51.347280061126156],
        [-0.330327238121341, 51.34790203072873],
        [-0.330533820950686, 51.34842114648758],
        [-0.330367225915137, 51.348579738465126],
        [-0.330215568132221, 51.34876192371451],
        [-0.330102593582022, 51.34898602586458],
        [-0.329936935170506, 51.349237253672314],
        [-0.329751960043772, 51.349545758032875],
        [-0.329563226533947, 51.34991805548314],
        [-0.32947292224727, 51.35007143928334],
        [-0.329311170002765, 51.35033351294216],
        [-0.329035950834503, 51.35071446784245],
        [-0.328765225720003, 51.35112965782884],
        [-0.328353064119252, 51.351721780352555],
        [-0.328046475389049, 51.352135557647244],
        [-0.327946973134774, 51.35218629414145],
        [-0.327759712675788, 51.35228074049942],
        [-0.327275572674177, 51.352522022309955],
        [-0.326841758931445, 51.35280089031525],
        [-0.32647994418327, 51.35303492340092],
        [-0.32576608116726, 51.353352950564016],
        [-0.324837670042074, 51.35372545783808],
        [-0.324453894912515, 51.353891726704674],
        [-0.324158744705, 51.354108721098484],
        [-0.323752687183795, 51.354413153911615],
        [-0.323535035762501, 51.35467082277978],
        [-0.323184811053893, 51.35517658607889],
        [-0.322861920031475, 51.355523571857304],
        [-0.322576059919961, 51.355839613136254],
        [-0.322259713125154, 51.35620377677808],
        [-0.321952973306821, 51.35661933460321],
        [-0.321529222212902, 51.35721036803832],
        [-0.321217560736043, 51.35768160710741],
        [-0.32094815833831, 51.35809679809313],
        [-0.320744851152001, 51.3583933352567],
        [-0.320259403795019, 51.359099483340785],
        [-0.320079308796216, 51.35942872526637],
        [-0.320178297943792, 51.35954974531767],
        [-0.320165136400413, 51.359595418488006],
        [-0.319956964722192, 51.35963200046981],
        [-0.319792372434961, 51.35992999041951],
        [-0.319546590379073, 51.36048400184896],
        [-0.319408575899687, 51.36091905888679],
        [-0.319187470731753, 51.36162269945108],
        [-0.319060203794328, 51.36231329794736],
        [-0.318285367063541, 51.36350627709292],
        [-0.318304691613294, 51.3636846064619],
        [-0.318410287719993, 51.36468429223964],
        [-0.318436573636009, 51.365339325120914],
        [-0.318446927805991, 51.3654096154008],
        [-0.318522193272103, 51.36586481796303],
        [-0.318523330368146, 51.36618676651234],
        [-0.318419500726186, 51.36698201352883],
        [-0.318293959165075, 51.36789924696791],
        [-0.318118775946003, 51.368916483741764],
        [-0.318016868459828, 51.36958046699104],
        [-0.317923073566267, 51.36978774678954],
        [-0.317915189144731, 51.36984608494505],
        [-0.317905671177718, 51.36990979515609],
        [-0.318029423075917, 51.37029645144758],
        [-0.317949485183604, 51.37063522089246],
        [-0.317747858113483, 51.37123662300061],
        [-0.3175054503559, 51.371970528313035],
        [-0.317485003591096, 51.372018794261514],
        [-0.317397735750953, 51.37220458529803],
        [-0.317284276067225, 51.37243855967008],
        [-0.317109152243848, 51.3727085175326],
        [-0.316949158560604, 51.372918442643915],
        [-0.316694339421093, 51.37316747152227],
        [-0.316426179342855, 51.37338843136448],
        [-0.316224418307456, 51.37356178527068],
        [-0.315991740662841, 51.373755377251655],
        [-0.315667865211081, 51.37396744130595],
        [-0.315222749736667, 51.374233514745384],
        [-0.314783042374367, 51.37443042195017],
        [-0.314341466059262, 51.3746389908951],
        [-0.313886318872421, 51.37466931114167],
        [-0.313377129460237, 51.37468446366677],
        [-0.312960523533283, 51.37472162988135],
        [-0.312674895613593, 51.37475258766196],
        [-0.31251045802878, 51.37477000298674],
        [-0.312155171523403, 51.374819739752155],
        [-0.31154201702184, 51.37492690874058],
        [-0.311089652115954, 51.37499862380541],
        [-0.31048375268723, 51.375142761168505],
        [-0.309642710446547, 51.37531227929839],
        [-0.309096994077198, 51.375382639879604],
        [-0.308695082477718, 51.37544967833477],
        [-0.308457218974742, 51.375860799552036],
        [-0.308342124311443, 51.37605967099045],
        [-0.307993630624793, 51.37666523078588],
        [-0.307964589188128, 51.377063179847326],
        [-0.307842120819928, 51.37753981301764],
        [-0.307892154503008, 51.37836514916364],
        [-0.307388501591147, 51.37838485207642],
        [-0.307520635305602, 51.37900994198727],
        [-0.30830198561993, 51.38003288330391],
        [-0.308325982000935, 51.38008358781978],
        [-0.308517491067563, 51.38050180659027],
        [-0.309276738142329, 51.38044891780018],
        [-0.309318629909576, 51.38110597542015],
        [-0.309245492479034, 51.38114089012506],
        [-0.30928222150774, 51.381314076267685],
        [-0.309293558198525, 51.3813574038875],
        [-0.309317282710384, 51.38149353308303],
        [-0.3093004606061, 51.38163806973042],
        [-0.309302186214874, 51.381708236189226],
        [-0.309330927428926, 51.38186422127618],
        [-0.309498363505203, 51.38184415580556],
        [-0.30955807847911, 51.382446616025625],
        [-0.30965460016976, 51.38251815004105],
        [-0.309751941923532, 51.382645449340494],
        [-0.309842558353574, 51.38283829683511],
        [-0.309886785946318, 51.382847028038526],
        [-0.309911348313465, 51.382882453095135],
        [-0.310347175325258, 51.38365220219044],
        [-0.310288337571336, 51.38380602479929],
        [-0.310307293691095, 51.3839546744622],
        [-0.31041283417774, 51.38421068417945],
        [-0.310442911380216, 51.38425248338343],
        [-0.310540821552397, 51.38436450290369],
        [-0.310654512349518, 51.384516316862495],
        [-0.310566457353667, 51.38460497233857],
        [-0.31058033776697, 51.38465732897851],
        [-0.310630981306376, 51.3847650699148],
        [-0.310665004127468, 51.38481681769286],
        [-0.310729832971633, 51.384890591586306],
        [-0.310950016193828, 51.385038544942745],
        [-0.311127228024523, 51.38514361377435],
        [-0.311787662058174, 51.38578620284303],
        [-0.310868909866942, 51.38618751660438],
        [-0.31140932833433, 51.38673305705241],
        [-0.311458856475748, 51.38679312125961],
        [-0.31149999770066, 51.386846769842585],
        [-0.311363961035761, 51.386911353990385],
        [-0.311693816770678, 51.387125632254026],
        [-0.31182299287406, 51.38720842584126],
        [-0.311768785904869, 51.38723642086083],
        [-0.311735086071621, 51.38725392032188],
        [-0.311845503751351, 51.387377809099],
        [-0.311740028430426, 51.387432042973764],
        [-0.312872427856062, 51.388490582922145],
        [-0.313158543637799, 51.38880044682475],
        [-0.313188956774312, 51.388833257607025],
        [-0.313348145867001, 51.38876450834916],
        [-0.315981045979785, 51.387633352232],
        [-0.316518342957327, 51.38826605087958],
        [-0.316599042033669, 51.388456052543006],
        [-0.316617276345852, 51.388585806360375],
        [-0.316816040120007, 51.38857427362513],
        [-0.316811782012618, 51.388611980919734],
        [-0.316809817851867, 51.38862634069039],
        [-0.316805823567802, 51.38865685778205],
        [-0.316800425760625, 51.388686455463834],
        [-0.316792154950752, 51.388716011876355],
        [-0.316778171115472, 51.38874458697464],
        [-0.316759877764174, 51.38877310016665],
        [-0.316716537242436, 51.388818339286566],
        [-0.316663273048577, 51.388859838836794],
        [-0.316605798198522, 51.38889858012607],
        [-0.316545483227221, 51.38893638133594],
        [-0.316489642602175, 51.38896975055276],
        [-0.31642514987059, 51.38900389468357],
        [-0.316357850005451, 51.38903619994815],
        [-0.315848094420521, 51.38925818315051],
        [-0.315457631147958, 51.3894800806237],
        [-0.314980758184394, 51.38974569674292],
        [-0.314134076710601, 51.39021821389623],
        [-0.314273948674578, 51.39036230748593],
        [-0.314682225872335, 51.39075126018268],
        [-0.314819872096194, 51.39091690305359],
        [-0.314926938343088, 51.3910542293013],
        [-0.315146554932058, 51.39133615432581],
        [-0.315242625649149, 51.391459833438546],
        [-0.315732495818619, 51.39197585018066],
        [-0.316343484388363, 51.39256014942932],
        [-0.316755331406909, 51.392931160894086],
        [-0.316997602041632, 51.393105497860816],
        [-0.317113478965005, 51.393198885372996],
        [-0.317294603213009, 51.39335525784079],
        [-0.317720101113851, 51.39366801067521],
        [-0.318289268524977, 51.39331648091996],
        [-0.31853876995296, 51.3931761815542],
        [-0.318795255355782, 51.39304137734864],
        [-0.31907021781206, 51.39291223311988],
        [-0.319392850881795, 51.39277657795297],
        [-0.319855175749115, 51.392594365456304],
        [-0.320068301384881, 51.39254436536953],
        [-0.32046750734552, 51.392476349344975],
        [-0.320748613465158, 51.39241473286729],
        [-0.320938652777963, 51.39236709811572],
        [-0.321232072945462, 51.392283175723875],
        [-0.321612829274696, 51.39220859676521],
        [-0.322087654425502, 51.39211647935324],
        [-0.322325329301978, 51.392063229700085],
        [-0.323715756557291, 51.39169555200133],
        [-0.324612495040861, 51.391503347827964],
        [-0.324868018954769, 51.39147282942755],
        [-0.325693120951348, 51.391431565814],
        [-0.325990134128156, 51.39144570090122],
        [-0.326723662192306, 51.39155059842654],
        [-0.327084760199709, 51.39162049989773],
        [-0.327525260125741, 51.391720309449916],
        [-0.327609134682576, 51.391745786190796],
        [-0.327687230158598, 51.3917720796455],
        [-0.32784005667344, 51.39183810709927],
        [-0.327980997615366, 51.39191475573156],
        [-0.328229581591729, 51.39203520453789],
        [-0.328391712661548, 51.39212204669096],
        [-0.328693903359964, 51.3923098034795],
        [-0.329212839417885, 51.39274254749397],
        [-0.32999725716119, 51.3933454335348],
        [-0.330151817078767, 51.39348252312623],
        [-0.330280485294586, 51.393620142834706],
        [-0.330808101171291, 51.39409167082677],
        [-0.330876012351269, 51.39416098089641],
        [-0.331126727848745, 51.39446040387409],
        [-0.331740774664601, 51.39532253213269],
        [-0.332121160770149, 51.3957721744418],
        [-0.332285465409808, 51.39591839224747],
        [-0.332484612323557, 51.396055213897874],
        [-0.334028980129387, 51.39718864756432],
        [-0.335009007932176, 51.39787161470216],
        [-0.335714037534142, 51.39836902067369],
        [-0.335828724953423, 51.39845697695995],
        [-0.335987238445204, 51.39860490565384],
        [-0.336536683136072, 51.399032653793164],
        [-0.336952799317859, 51.39937128047825],
        [-0.337093683525996, 51.399490181586856],
        [-0.337227025681074, 51.39961886720832],
        [-0.337724541912224, 51.40009173429299],
        [-0.337927812479131, 51.400314033210684],
        [-0.33813520377209, 51.4005813524516],
        [-0.3383571292472, 51.40084438115465],
        [-0.338366764076739, 51.400856207951286],
        [-0.33850237259654, 51.401041576628316],
        [-0.338632531662058, 51.4012583414596],
        [-0.338973194995338, 51.40173617320169],
        [-0.339203157393273, 51.401936366970425],
        [-0.339610279400459, 51.40232611331528],
        [-0.33980271918766, 51.40249070369038],
        [-0.340051727278603, 51.40268127384488],
        [-0.340245471591555, 51.402809912159405],
        [-0.340529821748994, 51.40301716819735],
        [-0.340657852978347, 51.40309451759693],
        [-0.340878084157503, 51.40320644421528],
        [-0.341016890789525, 51.40326416238245],
        [-0.341232351302417, 51.40334904345623],
        [-0.341427070820141, 51.40341114948615],
        [-0.341928920957959, 51.4035279585699],
        [-0.342153161844147, 51.40356889918312],
        [-0.34263054698684, 51.403646691648795],
        [-0.342919096130938, 51.40369843190609],
        [-0.343063094852851, 51.403731941442686],
        [-0.343167020516098, 51.40376038805694],
        [-0.343307625998735, 51.403808237226116],
        [-0.343524627797988, 51.40389043809669],
        [-0.343808909417304, 51.403980783325544],
        [-0.34413115580224, 51.40413461135871],
        [-0.344438677285145, 51.40429812216414],
        [-0.344646542174374, 51.40439457975851],
        [-0.346247579272186, 51.40544771634001],
        [-0.34639006228578, 51.405523464800154],
        [-0.346651150909219, 51.405659337202444],
        [-0.346962084283662, 51.40580850148182],
        [-0.347101792707742, 51.40588151219459],
        [-0.347175482766135, 51.40591132725785],
        [-0.347556662098454, 51.40602641009406],
        [-0.347863472223171, 51.40613055163751],
        [-0.348021172822172, 51.40618313227495],
        [-0.348022609889863, 51.406183152531405],
        [-0.348252791810347, 51.406259235589815],
        [-0.348837840125242, 51.40646261542374],
        [-0.349220348951662, 51.406620875196154],
        [-0.349595332403455, 51.40682848610135],
        [-0.349696926174197, 51.4068820728209],
        [-0.349911934703396, 51.406980419993545],
        [-0.349964071955823, 51.40700992982504],
        [-0.350053910994989, 51.407070544678064],
        [-0.350481387291835, 51.40745784103966],
        [-0.350618699113981, 51.40755779104159],
        [-0.350701742560278, 51.40760751883062],
        [-0.351138134407483, 51.40778721307951],
        [-0.351317610110578, 51.4078742667939],
        [-0.351639456776053, 51.40804065758433],
        [-0.351981264096825, 51.40821182436933],
        [-0.3526413752941, 51.408568212414075],
        [-0.352980897297826, 51.40872315774097],
        [-0.353809883403849, 51.409142161416504],
        [-0.354143890865669, 51.40929073116345],
        [-0.354435673924361, 51.40945399421566],
        [-0.355130443683084, 51.40980725762631],
        [-0.355165438031342, 51.40983382677492],
        [-0.3552079267505, 51.40989197456343],
        [-0.355255283569298, 51.41009496863347],
        [-0.355260810682185, 51.410181373439976],
        [-0.355256245154728, 51.41026853585273],
        [-0.35523101047923, 51.41037069531739],
        [-0.355239853426728, 51.410565055700665],
        [-0.355268795218619, 51.41064009894273],
        [-0.355305858440188, 51.41068917812592],
        [-0.355378368398699, 51.41075224333362],
        [-0.355645179471301, 51.410850407426494],
        [-0.356558786961843, 51.411116808046124],
        [-0.357116124153348, 51.41129367928974],
        [-0.357338903178211, 51.41137683438861],
        [-0.357667426885512, 51.41147855647085],
        [-0.357819923561311, 51.4115166629335],
        [-0.358327150684004, 51.41160739828092],
        [-0.358392555761616, 51.41162809771219],
        [-0.358494267072278, 51.411678980576546],
        [-0.358802159126149, 51.41179479835043],
        [-0.359065090281301, 51.411881210099914],
        [-0.359160646267926, 51.411903230470855],
        [-0.359673339975597, 51.41200212965277],
        [-0.359794895839161, 51.41202091641727],
        [-0.360011375277893, 51.41203923284415],
        [-0.360375130695803, 51.41204072521992],
        [-0.360711256753829, 51.41205082243893],
        [-0.361259495930948, 51.412040504378574],
        [-0.361658838087325, 51.41201191613548],
        [-0.362441101020727, 51.41197159171678],
        [-0.363123621243002, 51.41190558959781],
        [-0.364419204815893, 51.41166469528749],
        [-0.364761153860702, 51.411592131988755],
        [-0.365136863819392, 51.41150025533041],
        [-0.36581367091374, 51.411311861136184],
        [-0.366045616049685, 51.41125934203025],
        [-0.366195093445376, 51.41122095999431],
        [-0.366501810244264, 51.411128117200164],
        [-0.36664458109437, 51.4110761525097],
        [-0.366765665025074, 51.41102748240234],
        [-0.367331542847229, 51.41076379588103],
        [-0.367607019546972, 51.41065972413524],
        [-0.367847873731217, 51.410558766564236],
        [-0.368326861931996, 51.41039278170892],
        [-0.369047811489913, 51.4101753085376],
        [-0.369135131243941, 51.410145949437215],
        [-0.369328709887639, 51.41008030062465],
        [-0.370266126978333, 51.40971925535335],
        [-0.372639417191987, 51.408766665171726],
        [-0.37286361218396, 51.40868884630049],
        [-0.373171608375908, 51.40859960088292],
        [-0.373541467089092, 51.408549880518194],
        [-0.374218361652436, 51.40843787472333],
        [-0.374902728828463, 51.40835834130152],
        [-0.375580198498067, 51.408311080944664],
        [-0.376147615408443, 51.408285672161036],
        [-0.376390235132015, 51.408255761589864],
        [-0.376449540403254, 51.40824579226155],
        [-0.377085727595447, 51.40806486377681],
        [-0.377422778160124, 51.40800748296449],
        [-0.3777242809848, 51.40793881826158],
        [-0.377892039247635, 51.40791146530561],
        [-0.37811859296079, 51.407888522727795],
        [-0.379449087214124, 51.40783408879896],
        [-0.379617042210908, 51.40784180646037],
        [-0.380229050685244, 51.40789702680378],
        [-0.381205597042528, 51.40801213319364],
        [-0.381379881912952, 51.408044215226695],
        [-0.381657619446842, 51.40811909057836],
        [-0.382408074970101, 51.40828501913918],
        [-0.383022322501165, 51.40844007133828],
        [-0.383371131051708, 51.40853840410157],
        [-0.383445668986959, 51.40948273443762],
        [-0.383832000847233, 51.40953662134734],
        [-0.383798530561998, 51.41011886688682],
        [-0.384330312425688, 51.41016666459754],
        [-0.38510147797023, 51.41023574329743],
        [-0.38626116605691, 51.41037850917918],
        [-0.386501860818167, 51.410403404726374],
        [-0.386656859949808, 51.41041183311738],
        [-0.386849891342199, 51.4104019007555],
        [-0.387075237461819, 51.410372629531814],
        [-0.387357914243481, 51.41034864291769],
        [-0.38787645386025, 51.410323403944055],
        [-0.389198023262364, 51.41031999285899],
        [-0.38931685684238, 51.410702903211124],
        [-0.389670922882131, 51.41069338064404],
        [-0.389792577474106, 51.41140545053191],
        [-0.389929384092, 51.4122184430422],
        [-0.390059809733133, 51.41280384033121],
        [-0.390167495704511, 51.41346356184626],
        [-0.390313666493962, 51.41433783038285],
        [-0.389737746239186, 51.41435779584228],
        [-0.389027093398198, 51.41436511583834],
        [-0.38854360546382, 51.41437375651097],
        [-0.387586676276907, 51.41435070436083],
        [-0.386143910701011, 51.414280490046494],
        [-0.386180110752625, 51.414314260312835],
        [-0.386230019754321, 51.414367103328075],
        [-0.386301370658278, 51.414546134912435],
        [-0.386352667397983, 51.414641261182375],
        [-0.386615382984259, 51.415021658680345],
        [-0.386601180964045, 51.4150574327186],
        [-0.386456023143949, 51.41530002730731],
        [-0.386440555099614, 51.41537175342815],
        [-0.386459674269136, 51.415523088662276],
        [-0.386507758073913, 51.41575035863152],
        [-0.386514067573954, 51.41589792055437],
        [-0.386570834145544, 51.41649129992776],
        [-0.386531973963684, 51.416533029186596],
        [-0.386594320223768, 51.416804558073935],
        [-0.386741281728004, 51.417450435339845],
        [-0.386774668617198, 51.41756419884773],
        [-0.386783004131036, 51.417654237366484],
        [-0.386896297270721, 51.41790848246506],
        [-0.386897734733867, 51.417908502248075],
        [-0.387009745775887, 51.41824006402837],
        [-0.387246383348115, 51.41879005682183],
        [-0.387412159202796, 51.419024340998874],
        [-0.387416313547023, 51.41902889434236],
        [-0.387715002966445, 51.41932795323765],
        [-0.387047156558442, 51.41975129819492],
        [-0.386692798020625, 51.42005306136719],
        [-0.38666306638384, 51.420080528503576],
        [-0.389716224282331, 51.421559494036416],
        [-0.390896101016005, 51.42211883632092],
        [-0.391087209958582, 51.422205987944274],
        [-0.391281289513563, 51.422290482310935],
        [-0.391363471381933, 51.42232578118933],
        [-0.391384719893417, 51.42233506516654],
        [-0.39158327113534, 51.42241512420962],
        [-0.391784792942065, 51.422492525958354],
        [-0.391989316838826, 51.42256637159335],
        [-0.392195373637374, 51.422637540183416],
        [-0.392404369390228, 51.42270695024131],
        [-0.392600710998815, 51.42276809326443],
        [-0.392614929532334, 51.422772784428645],
        [-0.392828460115207, 51.42283596125259],
        [-0.393043523490587, 51.42289646098783],
        [-0.393261525733184, 51.42295520213649],
        [-0.39329574508177, 51.42296376432408],
        [-0.393539530741036, 51.4230255560783],
        [-0.393784880737562, 51.42308377181176],
        [-0.394033232652731, 51.42313843121122],
        [-0.394281679671769, 51.42319039367438],
        [-0.394533160013679, 51.42323790097208],
        [-0.394786172997086, 51.42328273100675],
        [-0.394883428518751, 51.42329845061422],
        [-0.395016467639499, 51.423319156295925],
        [-0.395135224941598, 51.42333696857802],
        [-0.395388585355009, 51.423371910463295],
        [-0.395643509703687, 51.4234032762594],
        [-0.395898560288772, 51.42343104628167],
        [-0.396155174694278, 51.423455240199736],
        [-0.396413321404149, 51.423476756808675],
        [-0.396671562730252, 51.42349557643335],
        [-0.39692989862723, 51.42351169907277],
        [-0.397143793450883, 51.42352361650271],
        [-0.397472637285643, 51.42353890360076],
        [-0.397803076166412, 51.42354971539685],
        [-0.398117858219366, 51.42355581611456],
        [-0.398133672349628, 51.42355603222997],
        [-0.398462956670897, 51.42355873326188],
        [-0.398793867173672, 51.42355606016671],
        [-0.399123497038421, 51.42354887246744],
        [-0.399453283816556, 51.42353718980455],
        [-0.399657900855471, 51.423526495059704],
        [-0.399964904722427, 51.423508205252624],
        [-0.400270596246916, 51.42348629978867],
        [-0.400575006735233, 51.42345987986995],
        [-0.400878136099253, 51.42342894550547],
        [-0.401181390531535, 51.42339441512171],
        [-0.40148192603088, 51.423355350697676],
        [-0.401781180157432, 51.42331177185548],
        [-0.402031397163358, 51.42327201993364],
        [-0.402304960774292, 51.423222694111615],
        [-0.402572992615223, 51.42316699761708],
        [-0.402839742840587, 51.42310678687118],
        [-0.403103742413277, 51.42304294110498],
        [-0.403367803904977, 51.42297729711918],
        [-0.403630489652305, 51.42290983533389],
        [-0.403893143325421, 51.422843271761494],
        [-0.404157202567982, 51.42277762597502],
        [-0.404337064885934, 51.42273421357385],
        [-0.404927279542189, 51.422595671320416],
        [-0.405382947526872, 51.42247957515105],
        [-0.405931677119957, 51.42266508745567],
        [-0.406366963331912, 51.42284545793559],
        [-0.406512819944259, 51.422911286569445],
        [-0.406975644894999, 51.423168464118],
        [-0.40779707809624, 51.423577986023936],
        [-0.408278572933637, 51.42375358154684],
        [-0.408462752563366, 51.42383431586686],
        [-0.408543110107735, 51.42396399750222],
        [-0.408558429408737, 51.42410268766524],
        [-0.408658321985036, 51.42424971989682],
        [-0.408742057293903, 51.42440642428204],
        [-0.408773224766698, 51.424585795110985],
        [-0.408806306935834, 51.424958527388874],
        [-0.408870415590573, 51.425100577474474],
        [-0.408972437551156, 51.425269219936105],
        [-0.409027985171456, 51.42545072004785],
        [-0.409362613729197, 51.425755605733094],
        [-0.409532428341336, 51.42587750815464],
        [-0.409741096371261, 51.4260404029886],
        [-0.410077132024641, 51.426222110532606],
        [-0.410179997212995, 51.42628375442079],
        [-0.410347788685586, 51.42646407842544],
        [-0.410421934095879, 51.4265657981594],
        [-0.410488828686554, 51.4266692179903],
        [-0.410547103500986, 51.42685525045601],
        [-0.410810930884126, 51.42721132736966],
        [-0.410889831870999, 51.42734188675136],
        [-0.41120887759167, 51.427516166742926],
        [-0.411327687496453, 51.42757442876354],
        [-0.411586434546531, 51.42766246323527],
        [-0.411743687349562, 51.42769067178816],
        [-0.41206000521865, 51.427736321999085],
        [-0.412211881263564, 51.42775366627579],
        [-0.412660788328688, 51.427792118398834],
        [-0.412838482775357, 51.42781160994384],
        [-0.413107417715085, 51.427854817279375],
        [-0.412474025362692, 51.42878144421918],
        [-0.414373749712286, 51.429295440453124],
        [-0.413827456332358, 51.430074879054466],
        [-0.416063077516838, 51.43069500539762],
        [-0.416165422347931, 51.43056420095851],
        [-0.416384960430827, 51.430622020200765],
        [-0.417921711696406, 51.43102764231379],
        [-0.417797439399494, 51.43121030781367],
        [-0.417315526926341, 51.43191779333988],
        [-0.417725923097868, 51.43203124142042],
        [-0.418377543097369, 51.43186648305564],
        [-0.41849642511113, 51.432006568824754],
        [-0.418575780171433, 51.43208317494242],
        [-0.418605076745611, 51.432109647913485],
        [-0.418653852723846, 51.43215526753958],
        [-0.41880970870741, 51.432266177060804],
        [-0.419008972091912, 51.43232821400225],
        [-0.419010410029999, 51.43232823339535],
        [-0.419099976353948, 51.432359115995865],
        [-0.419277153079656, 51.43235251293187],
        [-0.420015195731171, 51.43226804327407],
        [-0.420156795616222, 51.43225016857543],
        [-0.420343498394642, 51.432217614538104],
        [-0.420581160708215, 51.43220912685685],
        [-0.420901634422505, 51.43221883965982],
        [-0.421175170365505, 51.43217126777674],
        [-0.421449913865872, 51.432088641450775],
        [-0.421767811983543, 51.43196433156516],
        [-0.422093376042164, 51.431868000217115],
        [-0.422442781363619, 51.431747709539096],
        [-0.422747766768597, 51.4315386953885],
        [-0.422961787499902, 51.43142287613792],
        [-0.423519546572663, 51.43118398870885],
        [-0.423600904489819, 51.431160803534944],
        [-0.423596267554822, 51.4310447401941],
        [-0.42352003025227, 51.43087735694536],
        [-0.424214255829515, 51.43097841280376],
        [-0.424358633228905, 51.430963268084625],
        [-0.424944058425102, 51.430923476132975],
        [-0.425662988139555, 51.43080814033838],
        [-0.42588266019194, 51.430778717987586],
        [-0.426368575886483, 51.430787939661045],
        [-0.426749481505203, 51.430838913188424],
        [-0.427098008121663, 51.43082740400356],
        [-0.427395745323556, 51.430828700920124],
        [-0.427506833666949, 51.43081940036586],
        [-0.42755554316477, 51.43069955665939],
        [-0.427674196072511, 51.43034415304689],
        [-0.427837214329225, 51.42953433281644],
        [-0.427854597250606, 51.429405076502874],
        [-0.427852652248857, 51.42925218092869],
        [-0.429445941642849, 51.429394934946366],
        [-0.429555611384507, 51.42879751562874],
        [-0.429770002802015, 51.428795891491575],
        [-0.429993904549186, 51.4288105805166],
        [-0.430667747355066, 51.42887625520674],
        [-0.431103988156948, 51.428907273101146],
        [-0.431492380757474, 51.42894933915935],
        [-0.431833971476743, 51.42897189396705],
        [-0.432210624503208, 51.42897873054509],
        [-0.432432967151509, 51.42899699097601],
        [-0.432660969098674, 51.4290180243478],
        [-0.432920265605691, 51.42904936718543],
        [-0.433457121396159, 51.42912488443901],
        [-0.433736149443492, 51.42916817916317],
        [-0.434813162936073, 51.42939118631189],
        [-0.436172521524995, 51.42968719129146],
        [-0.43817997231535, 51.43017256241328],
        [-0.439085555234226, 51.43040403666254],
        [-0.440004394644241, 51.430626687964384],
        [-0.440009319731739, 51.43065103274129],
        [-0.440064260494723, 51.430938618522575],
        [-0.440063515427078, 51.43150962019983],
        [-0.440047048784186, 51.431866395698684],
        [-0.440052889072749, 51.43203283110529],
        [-0.440064573021041, 51.43219664657665],
        [-0.440125879060778, 51.43250859617808],
        [-0.440148697473594, 51.43281014207248],
        [-0.440018072339159, 51.43351969526115],
        [-0.439927770466318, 51.43414345874841],
        [-0.439773431712757, 51.43461979529996],
        [-0.44127378190587, 51.43470989416259],
        [-0.44245507741332, 51.43474807595756],
        [-0.443457234362196, 51.43480814661974],
        [-0.444407991210295, 51.43485673588833],
        [-0.445197445980525, 51.43491037204773],
        [-0.445989499708595, 51.43492986660004],
        [-0.446989247027037, 51.43497638662258],
        [-0.44773788749209, 51.435003387283466],
        [-0.447550197793568, 51.4355746103562],
        [-0.44747895780241, 51.435936056411016],
        [-0.447332704174524, 51.43638823031309],
        [-0.447183355831811, 51.4370588757568],
        [-0.447043670931279, 51.43748685706464],
        [-0.446969237116063, 51.43781498894258],
        [-0.446688320919298, 51.43863136423046],
        [-0.446470191385757, 51.43950522225582],
        [-0.446309629978427, 51.43999677120282],
        [-0.448257707521814, 51.43957565587389],
        [-0.449619059490367, 51.43927174330076],
        [-0.450976787617078, 51.43898934859023],
        [-0.45212937913078, 51.43877347051386],
        [-0.453681198174414, 51.43849450630752],
        [-0.453812555915317, 51.43848185120005],
        [-0.454245052311705, 51.438413817854894],
        [-0.454352082431107, 51.43839724446075],
        [-0.456074075612227, 51.4381483682755],
        [-0.456488399048358, 51.43810706419289],
        [-0.456495935423986, 51.43822496232649],
        [-0.456465035571471, 51.43833066443051],
        [-0.456408248772226, 51.43843602567905],
        [-0.456382159871313, 51.438655093864654],
        [-0.456304522751102, 51.43890945240818],
        [-0.456222539901732, 51.4391646528963],
        [-0.456036348242605, 51.43965138103984],
        [-0.456026699636013, 51.43980951811916],
        [-0.455941567274497, 51.43998734329421],
        [-0.455817905700323, 51.44015566863624],
        [-0.455804062801812, 51.440310153530476],
        [-0.45587465344525, 51.44039291306737],
        [-0.455877331318246, 51.4404415066525],
        [-0.455855856319097, 51.440651643158645],
        [-0.455800998656352, 51.440870332230965],
        [-0.455753678578877, 51.44112149276535],
        [-0.455713326962392, 51.44125134929423],
        [-0.455668599735287, 51.44138294662429],
        [-0.455420604030621, 51.441952487733445],
        [-0.455412087695888, 51.44211963191271],
        [-0.455477910719102, 51.442215817259004],
        [-0.455595195474995, 51.44227940907211],
        [-0.455877154998786, 51.44236675127107],
        [-0.456310587387269, 51.442528025579165],
        [-0.457464559804903, 51.44299912288954],
        [-0.457456959133403, 51.44313930237725],
        [-0.457338330726959, 51.44422580667987],
        [-0.457322431939015, 51.444441412041584],
        [-0.457319266134118, 51.444663479531854],
        [-0.457334735617288, 51.445314723615276],
        [-0.457398203926522, 51.445651869690124],
        [-0.457426757953932, 51.44600024628658],
        [-0.457505140522848, 51.44670627156622],
        [-0.457542811212361, 51.446954953821546],
        [-0.457624574029831, 51.447176340081754],
        [-0.457636247927708, 51.44729968774297],
        [-0.457643227915849, 51.4475623538145],
        [-0.457639972359979, 51.44770169114757],
        [-0.457621726567778, 51.447858815811195],
        [-0.457553451717954, 51.44830483331746],
        [-0.457481828380707, 51.448892884521044],
        [-0.457482357353671, 51.44909072134687],
        [-0.457577176351958, 51.449180992234496],
        [-0.457708488125047, 51.44921329336563],
        [-0.457921173429408, 51.44922238554621],
        [-0.458872077563371, 51.44914766374074],
        [-0.460119247653476, 51.44907862422556],
        [-0.460821365193885, 51.44904108398228],
        [-0.461502266822963, 51.448992470423924],
        [-0.461431842670169, 51.45031700569872],
        [-0.461379013864459, 51.45150329078288],
        [-0.461340529412119, 51.452391220913285],
        [-0.459858905374522, 51.452239581603074],
        [-0.459559271407517, 51.45267536675561],
        [-0.459314694878242, 51.45271531599663],
        [-0.459086899923453, 51.45341102098275],
        [-0.459017994357053, 51.453875914372176],
        [-0.458970144950583, 51.45465581344979],
        [-0.458901786775799, 51.45536080713269],
        [-0.458900192356213, 51.45583557728507],
        [-0.458876087215363, 51.456038485423406],
        [-0.458660936760938, 51.45631531644914],
        [-0.459042504323439, 51.45648219238335],
        [-0.459117394810609, 51.45652364174676],
        [-0.459203704461023, 51.456567938797946],
        [-0.459291483268776, 51.456611355864176],
        [-0.459380731233082, 51.456653892942235],
        [-0.459472917342008, 51.45669467010403],
        [-0.45959357571425, 51.456744813509275],
        [-0.459722866759869, 51.45679507019277],
        [-0.459855126315046, 51.456842668048715],
        [-0.459987446643208, 51.45688846810127],
        [-0.460104213317456, 51.45692597070529],
        [-0.460222388681842, 51.456964390916454],
        [-0.460343532452492, 51.45700015231048],
        [-0.460464706653184, 51.457035014752506],
        [-0.460588849236962, 51.45706721836497],
        [-0.460713022231616, 51.457098523018935],
        [-0.460837286092733, 51.45712713105765],
        [-0.460915903204849, 51.45714344986932],
        [-0.461043135495718, 51.457169398977555],
        [-0.461170428383389, 51.45719355029183],
        [-0.461299250824336, 51.457215023864194],
        [-0.461429572578384, 51.457234718518066],
        [-0.461559924664907, 51.45725351419929],
        [-0.461691806256685, 51.4572696321264],
        [-0.462459284028959, 51.45730397779167],
        [-0.463645722877551, 51.45742114218251],
        [-0.463713163402538, 51.45742742118835],
        [-0.464534021608385, 51.457501119314614],
        [-0.465147489708165, 51.457578391654415],
        [-0.465938485523006, 51.45772722387778],
        [-0.466015727046196, 51.45774172280657],
        [-0.466117277052216, 51.457761035811096],
        [-0.466218827145671, 51.45778034872837],
        [-0.466321846221564, 51.45779878154715],
        [-0.466424955749452, 51.45781451778424],
        [-0.466536758220769, 51.45782856917062],
        [-0.466658662286153, 51.45784185332733],
        [-0.466780626655816, 51.457853339696385],
        [-0.466904090088467, 51.45786304708966],
        [-0.466928489004505, 51.45786516455658],
        [-0.467050604060783, 51.45787215649173],
        [-0.467174188038492, 51.45787826827801],
        [-0.467297832262644, 51.457882582272426],
        [-0.467421566821555, 51.45788419964363],
        [-0.467853379660645, 51.45788444762729],
        [-0.468371428764584, 51.45788851820005],
        [-0.468575734799376, 51.45789118680267],
        [-0.468590122549491, 51.45789137471901],
        [-0.4686217756003, 51.4578917881288],
        [-0.468685141860316, 51.457890817259624],
        [-0.468716824989596, 51.45789033181219],
        [-0.468748478041557, 51.45789074518777],
        [-0.468780101018064, 51.45789205738633],
        [-0.468811693920909, 51.457894268407934],
        [-0.468838940425904, 51.45789732188724],
        [-0.468870503261132, 51.45790043172467],
        [-0.468900567177466, 51.45790532042912],
        [-0.468932069876259, 51.45791022791325],
        [-0.468962103733251, 51.45791601543363],
        [-0.468992137598016, 51.457921802946395],
        [-0.469607569149468, 51.45798379069698],
        [-0.470634220358663, 51.458102395379754],
        [-0.471482137185711, 51.45822855264631],
        [-0.471485014760821, 51.45822859015856],
        [-0.472522105522505, 51.45842284914772],
        [-0.472609391956428, 51.45843837379395],
        [-0.472861240038825, 51.45848301850436],
        [-0.47311149986606, 51.45853213810757],
        [-0.473360231479972, 51.458583934947555],
        [-0.473375938333193, 51.45858773634515],
        [-0.473417393664443, 51.458596369095396],
        [-0.473458849011586, 51.45860500183111],
        [-0.473498865573645, 51.45861361582079],
        [-0.473540290968808, 51.4586231473614],
        [-0.473580247597081, 51.45863355899038],
        [-0.473614449035599, 51.45864389568572],
        [-0.473658602181662, 51.458657958812374],
        [-0.473699847768707, 51.45867288329804],
        [-0.473742532186369, 51.458687826497936],
        [-0.473775204962061, 51.4587008409189],
        [-0.47381495186552, 51.45871754430353],
        [-0.473854668820678, 51.4587351465084],
        [-0.473894385806567, 51.45875274870004],
        [-0.47393260406493, 51.45877212981938],
        [-0.473969383548904, 51.458791492200724],
        [-0.474496110749154, 51.459140051246564],
        [-0.475166971879235, 51.45961277674149],
        [-0.475896869595082, 51.46008536645622],
        [-0.476312723079708, 51.46060872367479],
        [-0.476318239093652, 51.46061598913897],
        [-0.476160355026893, 51.46064541021303],
        [-0.475915599810642, 51.460689887976244],
        [-0.475920966075787, 51.46070164762917],
        [-0.475920936136797, 51.460702546463274],
        [-0.475931758491687, 51.460723369266034],
        [-0.475942580856238, 51.46074419206778],
        [-0.475954842100798, 51.46076503357043],
        [-0.475968572165431, 51.46078499493953],
        [-0.475982302241911, 51.46080495630703],
        [-0.475997501140061, 51.460824037540256],
        [-0.476005834998812, 51.4608331380897],
        [-0.476025230786881, 51.460855870759794],
        [-0.476047504341901, 51.46087864082839],
        [-0.476071246729923, 51.46090053075925],
        [-0.4760950190763, 51.46092152185127],
        [-0.476120230320407, 51.46094253163852],
        [-0.47613845674908, 51.460957156082884],
        [-0.476172181558211, 51.460981873393884],
        [-0.476208814093483, 51.46100572925891],
        [-0.476245476599905, 51.461028686278546],
        [-0.476285016902197, 51.46105168068282],
        [-0.476324617107208, 51.461072877405556],
        [-0.476364217348952, 51.46109407411517],
        [-0.47640672532061, 51.46111440937032],
        [-0.476447824377008, 51.461133827080054],
        [-0.476460594744162, 51.46113938834868],
        [-0.476521658642976, 51.46116446077827],
        [-0.476584191419673, 51.46118865303647],
        [-0.476648222998301, 51.461211066286594],
        [-0.476713753373674, 51.461231700526206],
        [-0.476780782540263, 51.46125055575276],
        [-0.476847811762742, 51.4612694109414],
        [-0.476916309848609, 51.461287385947884],
        [-0.476963434103363, 51.46129878873027],
        [-0.477052016882454, 51.46131882298095],
        [-0.477140689487458, 51.46133616066171],
        [-0.477229421988898, 51.46135170060676],
        [-0.477321062244439, 51.46136637902115],
        [-0.477411353400815, 51.46137834217628],
        [-0.477503113405502, 51.46138942511066],
        [-0.477597781145666, 51.461399646502734],
        [-0.477689601051191, 51.46140893162236],
        [-0.477781510705092, 51.461415520166064],
        [-0.477874859279201, 51.46142212731642],
        [-0.47796685868801, 51.46142601921069],
        [-0.478060326904362, 51.46142903087426],
        [-0.478934964724968, 51.46144667462153],
        [-0.479672275841871, 51.46143825234641],
        [-0.480344114122891, 51.46140739557105],
        [-0.481085525690434, 51.461362149421475],
        [-0.4813121547155, 51.461386666251826],
        [-0.482042508829854, 51.46137094518487],
        [-0.482200384084392, 51.461298353397716],
        [-0.483758724816091, 51.46127445274292],
        [-0.484869847177906, 51.461279823163196],
        [-0.484993681217726, 51.461278725553214],
        [-0.48516634832755, 51.46128095636292],
        [-0.48534039484332, 51.461285003181175],
        [-0.485514381892946, 51.4612908474174],
        [-0.485630783504173, 51.461296846914884],
        [-0.485882143727993, 51.461313581299386],
        [-0.486131916556671, 51.46133479076052],
        [-0.486292656504361, 51.4613494550315],
        [-0.486473451908586, 51.46136707562188],
        [-0.486652689645314, 51.46138827271763],
        [-0.486677061709863, 51.46139128493431],
        [-0.486856210467305, 51.46141517823591],
        [-0.487033861075525, 51.461440850376306],
        [-0.48759716270489, 51.461557822408146],
        [-0.48821784535788, 51.461680926870294],
        [-0.488732497289588, 51.46178917317062],
        [-0.488739632468068, 51.4617910635759],
        [-0.488749615781274, 51.46179388991048],
        [-0.4887596287837, 51.46179581740492],
        [-0.488778156504565, 51.46180145152501],
        [-0.488788139822474, 51.4618042778563],
        [-0.488798152828858, 51.46180620534747],
        [-0.488808136149096, 51.46180903167711],
        [-0.488818178844179, 51.461810060327245],
        [-0.488828191853156, 51.4618119878159],
        [-0.488838264235832, 51.461812117625016],
        [-0.488848336618556, 51.46181224743327],
        [-0.4888873059803, 51.46180915275684],
        [-0.488925014533562, 51.461800646488285],
        [-0.488962723073063, 51.461792140207415],
        [-0.488977201236844, 51.46178962911407],
        [-0.488998963004488, 51.46178451421164],
        [-0.489020754450111, 51.461778500465655],
        [-0.489041106979382, 51.46177246817398],
        [-0.489061459503381, 51.46176643587878],
        [-0.489083250932383, 51.461760422121024],
        [-0.489105042355736, 51.4617544083592],
        [-0.489126774412037, 51.46175019227215],
        [-0.489148506464421, 51.461745976181064],
        [-0.489174525562603, 51.461742714545295],
        [-0.489204831707345, 51.46174040736206],
        [-0.489233669260883, 51.4617389804712],
        [-0.48926250681277, 51.46173755357324],
        [-0.489292723917888, 51.461737942885726],
        [-0.489321472437018, 51.461739212491835],
        [-0.489351659867824, 51.461740500628665],
        [-0.489380378714779, 51.461742669059916],
        [-0.489410536474696, 51.46174485602119],
        [-0.489439225652959, 51.46174792327761],
        [-0.489454994316724, 51.46174992485949],
        [-0.489490818706197, 51.46175488246493],
        [-0.489525174520186, 51.46176072036335],
        [-0.489560909909613, 51.46176837446632],
        [-0.489595206400019, 51.461776010023634],
        [-0.489629473231199, 51.46178454441068],
        [-0.489662271493367, 51.46179395909349],
        [-0.489695040099622, 51.461804272606926],
        [-0.489727808720798, 51.46181458611127],
        [-0.48974204950232, 51.461819265640706],
        [-0.489773349563975, 51.46183045943912],
        [-0.489806058886974, 51.461842570601256],
        [-0.489835890399837, 51.4618546446907],
        [-0.489865692262194, 51.46186761761239],
        [-0.489895464475815, 51.46188148936634],
        [-0.489925207042451, 51.46189625995259],
        [-0.489962248221671, 51.46195158950311],
        [-0.490031405734587, 51.46203700693806],
        [-0.490131211310345, 51.46215339251331],
        [-0.490178444060134, 51.46220525633562],
        [-0.49020357355087, 51.462228959667705],
        [-0.49023014199415, 51.46225268152169],
        [-0.490246964225033, 51.4622663864435],
        [-0.490273592029783, 51.46228831060818],
        [-0.490303097716853, 51.46231027181947],
        [-0.490305916257517, 51.462312106551636],
        [-0.490317220080349, 51.46231854663979],
        [-0.490329962835261, 51.46232500525286],
        [-0.49034273525125, 51.46233056502462],
        [-0.490356946599633, 51.462336143320655],
        [-0.490369719022018, 51.462341703089564],
        [-0.490396732462375, 51.4623519423085],
        [-0.490402428869135, 51.462353814088566],
        [-0.49043510907806, 51.46236682391845],
        [-0.490467818960737, 51.46237893489944],
        [-0.49050199744629, 51.46239016555536],
        [-0.490537644533951, 51.46240051588493],
        [-0.490573291637896, 51.462410866203726],
        [-0.490608968410471, 51.462420317671835],
        [-0.490644674849536, 51.462428870289244],
        [-0.490680410953066, 51.4624365240559],
        [-0.490710450637667, 51.462442306046725],
        [-0.491576846967423, 51.46271063206256],
        [-0.491979949611222, 51.462840808716],
        [-0.492228998001312, 51.4629717008239],
        [-0.49262291514367, 51.46298755601364],
        [-0.492873351907567, 51.46298897670951],
        [-0.493131350308135, 51.462935641541776],
        [-0.493268565251976, 51.46287805617936],
        [-0.49328316193641, 51.46287194919163],
        [-0.493297788216898, 51.462864943361],
        [-0.493311005144943, 51.46285702019804],
        [-0.493324192468991, 51.46284999587454],
        [-0.493333003748936, 51.462844713764014],
        [-0.49334478171802, 51.46283677210792],
        [-0.4933580282285, 51.46282795009848],
        [-0.493369835787382, 51.46281910959871],
        [-0.493380204395488, 51.462810250609095],
        [-0.493389104455526, 51.46280227197107],
        [-0.493396565566749, 51.46279427484393],
        [-0.493404056273101, 51.46278537887523],
        [-0.493411546976486, 51.462776482906015],
        [-0.493419067274416, 51.4627666880952],
        [-0.493432639319054, 51.46274797882517],
        [-0.493446240949359, 51.46272837071229],
        [-0.493458403624786, 51.462708744110095],
        [-0.493464484958521, 51.46269893080849],
        [-0.493717383810853, 51.46271297043968],
        [-0.493881186659018, 51.46272226828335],
        [-0.494054720880136, 51.46304821676484],
        [-0.494330069052558, 51.46338626300703],
        [-0.494558044288082, 51.46363287904151],
        [-0.494918220876002, 51.4639306487119],
        [-0.495223602184253, 51.464231310956755],
        [-0.495308779259879, 51.46431153543395],
        [-0.495405725202283, 51.464427879694085],
        [-0.495594285596397, 51.46460384864402],
        [-0.495899684771288, 51.464860447462506],
        [-0.496210902532003, 51.46511532163672],
        [-0.496641428436423, 51.46546344513196],
        [-0.497052855684952, 51.46573578767982],
        [-0.497005077759849, 51.46587545370714],
        [-0.497057200313949, 51.46591029215615],
        [-0.497280465656135, 51.466038145193735],
        [-0.497559383058391, 51.466181098392084],
        [-0.49813714079895, 51.46643038989732],
        [-0.49826692204896, 51.466423959048136],
        [-0.498529284123402, 51.46654511659711],
        [-0.498894198929373, 51.4666999583298],
        [-0.499394212585638, 51.4668619231675],
        [-0.49983922565918, 51.46698901186715],
        [-0.500368764270211, 51.46712886972104],
        [-0.500922097447997, 51.46724564963371],
        [-0.501459632902054, 51.46736132581594],
        [-0.502128688301032, 51.46746159439523],
        [-0.502778861872541, 51.46756701337668],
        [-0.502808935925088, 51.46757189345808],
        [-0.502930641888188, 51.46759233092369],
        [-0.503052318549203, 51.46761366710806],
        [-0.503174024737093, 51.467634104322684],
        [-0.50329576044479, 51.46765364256739],
        [-0.503418994177008, 51.4676714013643],
        [-0.503542316218804, 51.46768646349897],
        [-0.5037562138793, 51.46770537891261],
        [-0.504069527736834, 51.467721965350485],
        [-0.504384427883694, 51.46773407508359],
        [-0.504439084615165, 51.4677356713992],
        [-0.504754073114832, 51.467745083606395],
        [-0.50506776952152, 51.46774998239638],
        [-0.505128006503895, 51.467757044847396],
        [-0.505196907535681, 51.46776331849193],
        [-0.505265808587151, 51.46776959209619],
        [-0.50533620750586, 51.46777408631284],
        [-0.505405226063375, 51.4677767644546],
        [-0.505475683740277, 51.4677794608972],
        [-0.505544761044796, 51.46778034126645],
        [-0.505615336189674, 51.46777944224407],
        [-0.505684472222071, 51.46777852484035],
        [-0.505755106083926, 51.467775828043095],
        [-0.505824330186806, 51.46777221402074],
        [-0.505853171113486, 51.467770783069746],
        [-0.505900808546658, 51.467766893947875],
        [-0.505948416615548, 51.467763903652],
        [-0.505994644279705, 51.467759097310775],
        [-0.506042311044546, 51.46775430928572],
        [-0.506088568043669, 51.467748604061754],
        [-0.506134854384494, 51.46774199997394],
        [-0.50617973095472, 51.46773447868941],
        [-0.506199995894539, 51.4677311399646],
        [-0.506233330219247, 51.46772437084399],
        [-0.506265196074921, 51.46771848222763],
        [-0.506298530381098, 51.46771171308832],
        [-0.506330454917899, 51.46770402676289],
        [-0.506362379444122, 51.46769634042866],
        [-0.506394333307493, 51.46768775524001],
        [-0.50642484805107, 51.46767915171273],
        [-0.506455392129801, 51.46766964933176],
        [-0.506485965541844, 51.467659248097064],
        [-0.50651512917837, 51.46764792967987],
        [-0.506529725663767, 51.467641821045696],
        [-0.506561855524609, 51.46762784273644],
        [-0.506594014709614, 51.46761296557246],
        [-0.506624734768252, 51.46759807007216],
        [-0.506654074386901, 51.46758135854521],
        [-0.506681974879626, 51.46756462868403],
        [-0.506709904693349, 51.46754699997031],
        [-0.5067378344855, 51.46752937124961],
        [-0.506762915390638, 51.46751080702512],
        [-0.50678799627537, 51.46749224279504],
        [-0.506808671816422, 51.46747632012194],
        [-0.506832342901221, 51.46745683871111],
        [-0.506854604203554, 51.46743644012495],
        [-0.506876865485953, 51.467416041534335],
        [-0.506897687649057, 51.46739562461537],
        [-0.506917100031875, 51.467374290522955],
        [-0.506935102635185, 51.46735203925774],
        [-0.507045701020032, 51.467183494932414],
        [-0.507169781998254, 51.467087059702045],
        [-0.507336591146643, 51.46691653302821],
        [-0.507404670086372, 51.4669479730607],
        [-0.507702946699611, 51.467028202981],
        [-0.507757661376403, 51.4670280000512],
        [-0.507822009887068, 51.4670414079784],
        [-0.507909823623623, 51.46704162615983],
        [-0.508154410126727, 51.46704653653428],
        [-0.508344457837094, 51.46704625654854],
        [-0.50849380076756, 51.46705804759581],
        [-0.508800711218007, 51.467094322778685],
        [-0.509146748769004, 51.467211125128564],
        [-0.50942747218604, 51.46734418140133],
        [-0.509516198487405, 51.46736059592225],
        [-0.510296146839775, 51.46750449055312],
        [-0.510299346756237, 51.46775990942908],
        [-0.510338329623899, 51.467844931247186],
        [-0.51036362881799, 51.46795225970023],
        [-0.510375068656275, 51.46808728787867],
        [-0.510352145114503, 51.46821648421424],
        [-0.510280939752834, 51.468369346097454],
        [-0.510209562991974, 51.46857166280203],
        [-0.510172959254896, 51.468767227497565],
        [-0.509720549769246, 51.469175119571744],
        [-0.509689361079217, 51.46920439742704],
        [-0.50966498324755, 51.4692013899526],
        [-0.509629092156491, 51.46919823614697],
        [-0.509594610941922, 51.46919599946841],
        [-0.509560129730918, 51.46919376277976],
        [-0.509524150790323, 51.46919330548223],
        [-0.509488171850703, 51.469192848173655],
        [-0.509453602780361, 51.46919330799373],
        [-0.509427668654851, 51.46919387756375],
        [-0.509388723529912, 51.46919608017793],
        [-0.509349778401486, 51.46919828277918],
        [-0.509310774685549, 51.46920228306067],
        [-0.509273180828142, 51.46920720047088],
        [-0.509234147804932, 51.4692120995733],
        [-0.509196524637447, 51.4692179158054],
        [-0.509158872165614, 51.46922463087187],
        [-0.509154525395455, 51.469225474828455],
        [-0.509102334845312, 51.46923650114169],
        [-0.50905011497321, 51.46924842627799],
        [-0.509000685498562, 51.46926308452731],
        [-0.508949787533519, 51.469278623302735],
        [-0.508901738554817, 51.469295097501806],
        [-0.50885366024068, 51.469312470527235],
        [-0.508805552588244, 51.46933074237899],
        [-0.508758854756598, 51.46934993135857],
        [-0.508622844073164, 51.469414743863446],
        [-0.508495086992964, 51.469491351036886],
        [-0.508377227801028, 51.46957347928813],
        [-0.50826356844693, 51.469659257723954],
        [-0.508149908665361, 51.469745036044884],
        [-0.508144005391639, 51.469749457038475],
        [-0.508025910358414, 51.46983877569055],
        [-0.507910663901816, 51.46992902968888],
        [-0.507798207386141, 51.470022016733424],
        [-0.507690038642848, 51.4701159574555],
        [-0.507584718502873, 51.47021083355081],
        [-0.50745684217829, 51.47033509668923],
        [-0.507328642499614, 51.47046924698158],
        [-0.507204700995176, 51.47060524977856],
        [-0.507086456892065, 51.47074312341628],
        [-0.507031035272755, 51.470808960035974],
        [-0.506930530092742, 51.47093267185364],
        [-0.506834312664546, 51.47105733740043],
        [-0.506743792890698, 51.471183873859005],
        [-0.50649798992324, 51.47156830694087],
        [-0.506370343548798, 51.47177350152503],
        [-0.506164803031978, 51.47211528420935],
        [-0.506080770909577, 51.47226348404823],
        [-0.505961462604571, 51.4724777765912],
        [-0.505849320125701, 51.47269305953146],
        [-0.505793689151093, 51.47280924914843],
        [-0.505541319638463, 51.473394122306956],
        [-0.50550069670157, 51.473491619445916],
        [-0.50541328188464, 51.473699124118355],
        [-0.505330125415254, 51.473908481435],
        [-0.505254164714474, 51.47411793040822],
        [-0.505219003966758, 51.47422448925236],
        [-0.505209222350865, 51.47425943409635],
        [-0.505154380485517, 51.47443947797588],
        [-0.505098362955048, 51.474655475582445],
        [-0.505048102208045, 51.474871546544286],
        [-0.505041198982038, 51.47490652806531],
        [-0.505001071819088, 51.47512092974568],
        [-0.50499954432912, 51.47512360792832],
        [-0.504966495964093, 51.4753416967073],
        [-0.50487431339588, 51.47578293695637],
        [-0.504742822202969, 51.47641341099062],
        [-0.504583240292098, 51.47724225386513],
        [-0.504535265873026, 51.47743227636824],
        [-0.504468286593324, 51.477542925287004],
        [-0.504292848350587, 51.47775560101812],
        [-0.504244813342542, 51.47794742105848],
        [-0.504203208143325, 51.478250826134996],
        [-0.504228468758001, 51.47835905449964],
        [-0.504263744407566, 51.47855733239934],
        [-0.504263715006566, 51.47855823124243],
        [-0.504244203446509, 51.478758508014955],
        [-0.504207506367758, 51.47895586793056],
        [-0.504145427810692, 51.479136718163666],
        [-0.504068748182401, 51.4793236766394],
        [-0.503931224415693, 51.4796096720866],
        [-0.503739198937046, 51.48002086252671],
        [-0.503514086758734, 51.48051885457952],
        [-0.50322131186978, 51.481015982633515],
        [-0.503183381691903, 51.481074846906246],
        [-0.503065007118894, 51.48125947409901],
        [-0.503007332576547, 51.4813495589154],
        [-0.502704970232065, 51.48183127658204],
        [-0.502701943954522, 51.48183573403373],
        [-0.50250003277041, 51.48215237831953],
        [-0.502278933225597, 51.482483164689675],
        [-0.501974331228514, 51.48285694573364],
        [-0.501726199872413, 51.483133432711],
        [-0.501381663081162, 51.48349501220029],
        [-0.501086514066543, 51.4837996719786],
        [-0.500834996456945, 51.4840473388346],
        [-0.500446229834953, 51.48439576114836],
        [-0.499869013466778, 51.48495668486019],
        [-0.499299954865608, 51.4854880359527],
        [-0.499102341556957, 51.48567254440578],
        [-0.499020693562747, 51.485658910440705],
        [-0.498970275637257, 51.485659164388274],
        [-0.498936897633102, 51.48566683014836],
        [-0.498917857284595, 51.485676477843896],
        [-0.498896846005844, 51.485702286225674],
        [-0.498895311273641, 51.485749025894314],
        [-0.498931555715879, 51.4858295201511],
        [-0.498984079416542, 51.48589673448353],
        [-0.49898049176113, 51.48591826978704],
        [-0.498953987310448, 51.485935914916304],
        [-0.498853734587112, 51.4859625075068],
        [-0.498809747302389, 51.48598622335165],
        [-0.49876546480255, 51.48601892757636],
        [-0.498737136802046, 51.486048239142505],
        [-0.498718857020663, 51.486078578544415],
        [-0.49871362291527, 51.486106387286476],
        [-0.498721404992698, 51.486132564210436],
        [-0.498739323905612, 51.48615707245623],
        [-0.498768848870805, 51.48617903160828],
        [-0.498809950383984, 51.48619934049752],
        [-0.498898414016868, 51.486224751665944],
        [-0.499026782236035, 51.48621920086564],
        [-0.499058248762065, 51.48622589809526],
        [-0.49908228077444, 51.486239693912154],
        [-0.499091856902332, 51.48625510316003],
        [-0.499095615262029, 51.48627223638918],
        [-0.499086026434393, 51.48634495028828],
        [-0.49905609842417, 51.48646686084853],
        [-0.499036962828458, 51.486523266650245],
        [-0.498980093448435, 51.486632243347294],
        [-0.498974829917813, 51.48666095093892],
        [-0.49897990991102, 51.48668169795521],
        [-0.499015984555349, 51.4867235236491],
        [-0.499079561195981, 51.48676120520691],
        [-0.499122250625833, 51.486777038216296],
        [-0.499160886561153, 51.48678472638163],
        [-0.499216946511655, 51.4867881414136],
        [-0.499317902882931, 51.48678403794587],
        [-0.499406019917809, 51.486776173245744],
        [-0.499542355222962, 51.48674734416083],
        [-0.499576967113064, 51.486745988533286],
        [-0.499604144473698, 51.48675173152356],
        [-0.499633994744565, 51.48676380322296],
        [-0.499660759121059, 51.48678212995926],
        [-0.499695099768728, 51.486832925430846],
        [-0.499691748362228, 51.48684727003541],
        [-0.499675262588286, 51.48686684192303],
        [-0.499567862786295, 51.48693560691219],
        [-0.499555253521098, 51.48696871663628],
        [-0.499563390245847, 51.48698410742733],
        [-0.499644621935311, 51.487054386362956],
        [-0.499659219761499, 51.487092340233815],
        [-0.499658859943251, 51.487147187884275],
        [-0.499648746606132, 51.487192019371015],
        [-0.499613715500842, 51.48725002034553],
        [-0.499518446090186, 51.487344118556074],
        [-0.499380191072091, 51.48743137217778],
        [-0.499359385772861, 51.48745088875254],
        [-0.499343660696722, 51.48749115232317],
        [-0.499373381158518, 51.48759494258253],
        [-0.499368058737494, 51.48762544786773],
        [-0.499356039268741, 51.48764058077034],
        [-0.499292773429258, 51.4876811352503],
        [-0.499097688487732, 51.487788343346494],
        [-0.499051610522778, 51.48783181530658],
        [-0.499043585460265, 51.48785689068603],
        [-0.499049928265265, 51.48788304915905],
        [-0.499073518442721, 51.48791032757369],
        [-0.499195034259225, 51.48798202155325],
        [-0.49923260886675, 51.488022067925904],
        [-0.499237925194079, 51.488035624211996],
        [-0.499227946285316, 51.48816408457546],
        [-0.499188156315049, 51.48841086012394],
        [-0.499197773088339, 51.48855665635726],
        [-0.499188367231808, 51.48857991564054],
        [-0.499170588400203, 51.48859497482362],
        [-0.499145876356787, 51.48860185232709],
        [-0.499107091329479, 51.48859865834381],
        [-0.499071392426464, 51.48858920932252],
        [-0.498994035498364, 51.48853246786233],
        [-0.498905019682757, 51.48843601157478],
        [-0.498882249236247, 51.4884276271814],
        [-0.498847665573078, 51.488428083753675],
        [-0.498805410829707, 51.488442829602576],
        [-0.498616280323842, 51.48858788024078],
        [-0.498582634403731, 51.48860363543142],
        [-0.49854922465213, 51.48861219989867],
        [-0.498524748704046, 51.48861188655692],
        [-0.498499039669332, 51.48860526290348],
        [-0.498459818800967, 51.4885714897423],
        [-0.498414292029068, 51.488466597675085],
        [-0.49839757595398, 51.4884492985298],
        [-0.498371896556485, 51.48844177601008],
        [-0.498347302590696, 51.4884450579886],
        [-0.49832685072164, 51.488453788299964],
        [-0.498300137829931, 51.48847772513383],
        [-0.498163006917752, 51.488662107180936],
        [-0.49804011018197, 51.48876394337441],
        [-0.498005518821455, 51.488808461242755],
        [-0.497998962307046, 51.48883265614012],
        [-0.497997367414776, 51.488881193442296],
        [-0.498018720254913, 51.48893272227599],
        [-0.498054618542946, 51.488979941290864],
        [-0.498095426893787, 51.489009238828395],
        [-0.498136796414427, 51.489021458411734],
        [-0.498177139626649, 51.48902107579861],
        [-0.498313836751427, 51.48898146214546],
        [-0.498357177586862, 51.4889775209833],
        [-0.498401574334052, 51.48898528314659],
        [-0.498470794563274, 51.48902663413257],
        [-0.498638253453457, 51.48919063698749],
        [-0.498658462599001, 51.489233158886954],
        [-0.498648938231796, 51.48926001347755],
        [-0.49840356354021, 51.48940704142821],
        [-0.49836409873388, 51.48942452049153],
        [-0.498333597443111, 51.489432222920335],
        [-0.498190615524941, 51.48944388039481],
        [-0.498128084463241, 51.489461963233],
        [-0.498092436796185, 51.48949477777571],
        [-0.498051782998264, 51.489592271827654],
        [-0.498015898889265, 51.48963227705573],
        [-0.497935528768308, 51.4896672164615],
        [-0.497758603605616, 51.48970361677295],
        [-0.497639092770951, 51.4897461475879],
        [-0.497563012014112, 51.48978204090181],
        [-0.497489663005853, 51.489822465248096],
        [-0.497401295360246, 51.48988158069597],
        [-0.497392627006891, 51.48988236885735],
        [-0.497057098270539, 51.48970452079241],
        [-0.496852284111631, 51.48975674826058],
        [-0.496748905695296, 51.489790492757194],
        [-0.496669974141653, 51.48982544973854],
        [-0.496599533447924, 51.48986501159271],
        [-0.49655092616498, 51.48989765954861],
        [-0.496495790896426, 51.489953603446466],
        [-0.496453702430504, 51.49000701692334],
        [-0.496445705106167, 51.490031193263135],
        [-0.496447845546797, 51.490053701131565],
        [-0.496460123767243, 51.49007454052831],
        [-0.496481040840807, 51.49009549066895],
        [-0.496513505960586, 51.490115689625085],
        [-0.496600299496417, 51.4901482748101],
        [-0.496636117336747, 51.490154129234334],
        [-0.496790265585689, 51.49015340736692],
        [-0.496965094712368, 51.49018082605931],
        [-0.496988389230875, 51.49021709326558],
        [-0.496990943734084, 51.49022701738943],
        [-0.496994672044076, 51.49024504950916],
        [-0.496986024719176, 51.49028900032936],
        [-0.496965128409226, 51.490311212966],
        [-0.496857213873733, 51.49039525558436],
        [-0.496780768039907, 51.4904859959562],
        [-0.496721608481075, 51.4905328962079],
        [-0.496667773410244, 51.49054929129847],
        [-0.4966287504132, 51.490553287189336],
        [-0.496527933343637, 51.49055289407919],
        [-0.496261921251759, 51.49053869317237],
        [-0.496111361124751, 51.490517879149394],
        [-0.496086854609235, 51.49051846412854],
        [-0.496041924434766, 51.490526880163486],
        [-0.496005426135413, 51.49054169882687],
        [-0.495943326916787, 51.49059035942715],
        [-0.495917933027393, 51.49061790950496],
        [-0.495902529140477, 51.490648285343724],
        [-0.495883901169431, 51.49077663449712],
        [-0.495857856396471, 51.490823958990454],
        [-0.495759484978017, 51.49092430890082],
        [-0.495568687539024, 51.49107562779834],
        [-0.495472287346539, 51.49115981684686],
        [-0.495401932315673, 51.49119668143513],
        [-0.495357001351112, 51.4912050972002],
        [-0.495194358487359, 51.49120121212619],
        [-0.495117425438998, 51.49121910858783],
        [-0.495023766187562, 51.491263766887435],
        [-0.494961546547736, 51.491316022294676],
        [-0.49493511573172, 51.49137503145328],
        [-0.494912273073345, 51.49154379113495],
        [-0.494921887119146, 51.49164552603625],
        [-0.494936482397686, 51.49168348044617],
        [-0.494992971141669, 51.491761537985376],
        [-0.495113484355487, 51.49186379664661],
        [-0.495167281694944, 51.49189236262929],
        [-0.495286839367456, 51.49193615974334],
        [-0.495350331282108, 51.491976539836614],
        [-0.495367984291644, 51.49200913811405],
        [-0.495368240554348, 51.49204511007991],
        [-0.495331464415207, 51.49211207955561],
        [-0.495224301814996, 51.49221681231697],
        [-0.49510177361252, 51.49230696035555],
        [-0.494937310855026, 51.49240196545759],
        [-0.494909213172458, 51.4924240853188],
        [-0.494888226062707, 51.49244899407261],
        [-0.494878757976906, 51.492474050644944],
        [-0.494879051988725, 51.49259634792061],
        [-0.49486931746073, 51.492629494024854],
        [-0.494849710917274, 51.492656218921965],
        [-0.494814413597426, 51.49267824636689],
        [-0.494769155438362, 51.49269654909908],
        [-0.494708147282735, 51.4927119520246],
        [-0.494576377296446, 51.49273274120287],
        [-0.493863425167434, 51.492729882536466],
        [-0.493682265873022, 51.49271946309161],
        [-0.493572627019577, 51.49272434946585],
        [-0.493532013889169, 51.49273281999603],
        [-0.493358059735169, 51.49280971664736],
        [-0.493284032685417, 51.49282675003002],
        [-0.4932336068704, 51.49282700144587],
        [-0.493170429476565, 51.492820794497106],
        [-0.492912701501026, 51.49277342144957],
        [-0.4927865248234, 51.49275561415706],
        [-0.492744768061248, 51.49275507754786],
        [-0.492702803797312, 51.49276083277684],
        [-0.492670711235943, 51.49277300937854],
        [-0.492584588867914, 51.49285103363821],
        [-0.492546351241141, 51.4928748210496],
        [-0.492368075230623, 51.492951660692974],
        [-0.492239970867787, 51.49299227714758],
        [-0.492213874830653, 51.49299733697513],
        [-0.491684246702336, 51.49302649582215],
        [-0.491552800829805, 51.49303739439078],
        [-0.491503518012996, 51.49304665193553],
        [-0.491464106779422, 51.49306233094764],
        [-0.491446471993663, 51.49307289473543],
        [-0.491100056732845, 51.493486574597334],
        [-0.490952994488798, 51.49362136356069],
        [-0.490870251984117, 51.49368414336629],
        [-0.490804090394692, 51.49372465604105],
        [-0.490736904331541, 51.49375256645589],
        [-0.490520575266856, 51.4938037355552],
        [-0.490482424836307, 51.49382482576933],
        [-0.490455585919451, 51.493852356075735],
        [-0.490441765648117, 51.4938782554995],
        [-0.490437876376514, 51.493908778825386],
        [-0.490441676595136, 51.49396817606754],
        [-0.490449039521984, 51.49400693716881],
        [-0.490491970221626, 51.494102806713634],
        [-0.490485082347306, 51.494136888316014],
        [-0.49044666441681, 51.49416606802996],
        [-0.490327194557385, 51.494206793540286],
        [-0.490300652239643, 51.49422533545763],
        [-0.490273753588521, 51.49425466338763],
        [-0.490258701004187, 51.49427425240714],
        [-0.490170270060931, 51.49446554654529],
        [-0.490136319359696, 51.49457751163547],
        [-0.490050485448344, 51.49473376964553],
        [-0.490044309885311, 51.494746279181335],
        [-0.489995231943225, 51.49483646827235],
        [-0.489938078374198, 51.49490946824734],
        [-0.489838230857039, 51.494966631803315],
        [-0.489634660787031, 51.495067420506416],
        [-0.489603708685012, 51.49508860313205],
        [-0.489575279987462, 51.49512060885011],
        [-0.489552106063988, 51.49516796892218],
        [-0.489542010597322, 51.4952119005475],
        [-0.489543791327171, 51.495245194510254],
        [-0.48955156958552, 51.495271371972805],
        [-0.489566785345443, 51.4952904514778],
        [-0.489680570882126, 51.4953782415695],
        [-0.489698547849312, 51.49540095348032],
        [-0.48970047722367, 51.495429753268226],
        [-0.489662992663377, 51.495474231434436],
        [-0.489623073684725, 51.49550518998497],
        [-0.489526342080866, 51.495555199666555],
        [-0.489459271377694, 51.49557951397502],
        [-0.489230847847799, 51.49564761008795],
        [-0.489182615428907, 51.49566857001956],
        [-0.48915751176878, 51.495687130211444],
        [-0.489080655344719, 51.49578955013078],
        [-0.489014191910721, 51.49583905008526],
        [-0.488915054505171, 51.4958746408015],
        [-0.488842282517441, 51.495897082873626],
        [-0.488840842532716, 51.4958970643209],
        [-0.488765160778646, 51.49592036807301],
        [-0.488721218092755, 51.49594228230479],
        [-0.488692996316757, 51.495967995957066],
        [-0.488683821332074, 51.495984063641],
        [-0.488771558336224, 51.4963367879647],
        [-0.488781218932033, 51.49643672551715],
        [-0.488775323530789, 51.49648430805543],
        [-0.488761263685288, 51.49651739792704],
        [-0.488676508062761, 51.49659723537746],
        [-0.488631018847807, 51.496665888928646],
        [-0.488610336688873, 51.496724970739066],
        [-0.488606029719164, 51.49676807765147],
        [-0.488621615377112, 51.496819533848836],
        [-0.488685537329318, 51.49689049643132],
        [-0.488805233772434, 51.49697386741811],
        [-0.488875332430247, 51.49703232043885],
        [-0.488955006156317, 51.49710618345712],
        [-0.488993335499183, 51.497166924770006],
        [-0.489022741023612, 51.49727970568444],
        [-0.489094085931127, 51.49738763154499],
        [-0.489133247805487, 51.497423205462546],
        [-0.48917426582223, 51.49744621424096],
        [-0.489212700980698, 51.49746019756841],
        [-0.48935893077115, 51.49748186378018],
        [-0.489404417628621, 51.497500433949305],
        [-0.489471934898697, 51.497549861188084],
        [-0.489488413132139, 51.49757435225182],
        [-0.48949046128353, 51.49759955669617],
        [-0.489479757063459, 51.497618302394585],
        [-0.489454800996548, 51.49763236846609],
        [-0.489341497313985, 51.497660583373616],
        [-0.489306252887144, 51.49768081142095],
        [-0.489289920956939, 51.49773905015313],
        [-0.489297205664816, 51.49791089436697],
        [-0.489284288624387, 51.49795299117995],
        [-0.489259732284108, 51.49799853494214],
        [-0.489223655472931, 51.49804393031027],
        [-0.489180705219634, 51.49807934574844],
        [-0.489053369820899, 51.49813975144017],
        [-0.489015125895641, 51.49816353762803],
        [-0.488985254772883, 51.49819552461652],
        [-0.488936765366013, 51.49826773649072],
        [-0.488892120402249, 51.49835438534031],
        [-0.488864637145737, 51.4984448521434],
        [-0.488852238134106, 51.4985148312974],
        [-0.488855696308489, 51.49854095313331],
        [-0.488867884074457, 51.49856448978695],
        [-0.488888860892648, 51.49858364358842],
        [-0.488921477184143, 51.49859935047158],
        [-0.489000235198178, 51.49861385333489],
        [-0.48916296316852, 51.49861594953927],
        [-0.489370927654894, 51.49860064380427],
        [-0.489550698759507, 51.49861015270337],
        [-0.489592163703408, 51.49861967883238],
        [-0.489665888737639, 51.49865569763289],
        [-0.489701934311892, 51.49869842495067],
        [-0.489774885717568, 51.49884503734972],
        [-0.489783659149371, 51.49888471583924],
        [-0.489782559981363, 51.49891797269677],
        [-0.489763704509268, 51.498965388392705],
        [-0.489708950095925, 51.49905280658843],
        [-0.489582634934025, 51.49921303902001],
        [-0.489257775292924, 51.49949570530583],
        [-0.489062510674555, 51.49964965378846],
        [-0.488913463521171, 51.499756538903576],
        [-0.488880711048012, 51.49978848874222],
        [-0.488800520778858, 51.49990435374207],
        [-0.488783979254835, 51.4999688842045],
        [-0.488787586122709, 51.499990511869704],
        [-0.488838862112409, 51.500095481602614],
        [-0.488838208116156, 51.50011525593767],
        [-0.488825795353872, 51.50014207250837],
        [-0.488800213407311, 51.500175013922956],
        [-0.488764639765761, 51.50020512894839],
        [-0.488699953267254, 51.50020069863216],
        [-0.488698542876954, 51.50019978124325],
        [-0.488405344841209, 51.50035246675027],
        [-0.488321086885869, 51.500417023665946],
        [-0.488302067857415, 51.50042577071224],
        [-0.48827014715284, 51.500432553041705],
        [-0.488240023437221, 51.50042856792632],
        [-0.488215898152456, 51.50041746638485],
        [-0.488151704447086, 51.50035459305126],
        [-0.488097961191589, 51.50032422617833],
        [-0.488034018175874, 51.50029732466743],
        [-0.48800113330071, 51.50028970703174],
        [-0.487930478059737, 51.50029149386511],
        [-0.487807145468232, 51.50031777959435],
        [-0.487769553519754, 51.5003217910225],
        [-0.487593828717773, 51.500320424546906],
        [-0.487528666133802, 51.50033037490985],
        [-0.48747763697347, 51.50034860043868],
        [-0.487429160715892, 51.500376750247945],
        [-0.487378827686851, 51.500417465123405],
        [-0.487341336687252, 51.50046194245876],
        [-0.487319776304966, 51.5005039275826],
        [-0.487309826196955, 51.50054336478614],
        [-0.487313045556749, 51.50057667731447],
        [-0.48742745250694, 51.500820041935704],
        [-0.487405755094349, 51.500909683776776],
        [-0.487375761990189, 51.50094526564757],
        [-0.487341894769128, 51.500967309303],
        [-0.487312705044627, 51.500978622675056],
        [-0.487256122807235, 51.500990481979116],
        [-0.487163596450287, 51.501000079230025],
        [-0.487072807828578, 51.50100070665796],
        [-0.486996688528033, 51.500993430290755],
        [-0.486920807378839, 51.500978963214514],
        [-0.486837993469481, 51.50095631370452],
        [-0.486766760317287, 51.50093201510831],
        [-0.486600585926336, 51.50085973226272],
        [-0.486517891489542, 51.50083348719987],
        [-0.486454912457854, 51.50082098473178],
        [-0.486394426649947, 51.500820204217966],
        [-0.486326353049207, 51.50083101556822],
        [-0.486260742794328, 51.50085444770128],
        [-0.486212235474465, 51.500883495826855],
        [-0.486186889469771, 51.500909245990954],
        [-0.486171624428316, 51.50093512625724],
        [-0.486159975727859, 51.50102579678496],
        [-0.486166461715152, 51.501047461691385],
        [-0.486226850158208, 51.50113816271514],
        [-0.486243517315349, 51.501200423753716],
        [-0.486222423705376, 51.50131525123584],
        [-0.486220875150941, 51.50136199050693],
        [-0.486257539121052, 51.50160345368475],
        [-0.486268943800878, 51.501737584112455],
        [-0.486268448306374, 51.50179602678408],
        [-0.486260324293391, 51.5018237976492],
        [-0.486245148316813, 51.50184698142278],
        [-0.486222979931454, 51.501863780437986],
        [-0.486068356101511, 51.50192113309096],
        [-0.486040397138179, 51.50193875654916],
        [-0.486007700645231, 51.501968907880645],
        [-0.485988114611023, 51.501994732347455],
        [-0.485962589136955, 51.50202587544383],
        [-0.485927499186232, 51.50208477078302],
        [-0.485879070669136, 51.5021983461294],
        [-0.485862483977447, 51.50222061242683],
        [-0.485810677527654, 51.50226220682962],
        [-0.485691550004915, 51.502335303891414],
        [-0.485565439798046, 51.50244517854947],
        [-0.485461100665646, 51.5025067765017],
        [-0.485369087338574, 51.50254425468231],
        [-0.485193214852341, 51.5025905412105],
        [-0.485168224934098, 51.502605505156616],
        [-0.485150227353954, 51.502626853916695],
        [-0.485140781519389, 51.502651010767885],
        [-0.485140591449237, 51.50287401397157],
        [-0.485133698128992, 51.50290809516652],
        [-0.485113902566179, 51.50294021129602],
        [-0.485082615137438, 51.50297127978539],
        [-0.485022076464409, 51.5030154587115],
        [-0.484869075696433, 51.50311059784734],
        [-0.484824378950399, 51.50315498130303],
        [-0.48482243198055, 51.50317024283077],
        [-0.484836873277229, 51.503212692542924],
        [-0.4849261257637, 51.50330196861543],
        [-0.48494245452085, 51.50333095444813],
        [-0.484944470546445, 51.5033570577607],
        [-0.484933643841113, 51.50337939832513],
        [-0.484912735594498, 51.50340160866858],
        [-0.484691455865851, 51.503557012323526],
        [-0.484679248388965, 51.50357753659432],
        [-0.484672444046213, 51.50360892126113],
        [-0.484678720978457, 51.50363687805576],
        [-0.484717348023104, 51.50368863238744],
        [-0.484744086305959, 51.503707861340345],
        [-0.484773913745323, 51.5037208356785],
        [-0.484928266127965, 51.503758798128814],
        [-0.485050695240307, 51.50380354180397],
        [-0.485104500094754, 51.50383211241028],
        [-0.485138201358893, 51.503858624928235],
        [-0.485161701809912, 51.50388860256266],
        [-0.485179202925813, 51.503925696444156],
        [-0.485189145251026, 51.50397348330072],
        [-0.485190297150694, 51.504025652715235],
        [-0.485180076147227, 51.504073179175286],
        [-0.485159982057387, 51.50411428361522],
        [-0.485103464599072, 51.50416750667574],
        [-0.484897448687567, 51.50429703057711],
        [-0.484862713281868, 51.504345139576635],
        [-0.484857229948975, 51.504380138178355],
        [-0.484863417660931, 51.50441079145465],
        [-0.484878306508347, 51.50443975869011],
        [-0.484900486063261, 51.50446612244707],
        [-0.484930045760688, 51.50448718622823],
        [-0.48524002737488, 51.504611684636075],
        [-0.485251072591237, 51.50462621472855],
        [-0.485257409609815, 51.50465237382911],
        [-0.485253635019047, 51.50467930156778],
        [-0.485064778841634, 51.50507341687628],
        [-0.485029109456075, 51.50510622718589],
        [-0.484998356999468, 51.50512111667011],
        [-0.484830728269947, 51.505179198967184],
        [-0.484802737002591, 51.50519772093151],
        [-0.484786118857174, 51.50522088588336],
        [-0.484777844229853, 51.50525315077229],
        [-0.484779621723364, 51.50528644472674],
        [-0.484824298301965, 51.505416508941565],
        [-0.484824754797107, 51.50544618896656],
        [-0.484807689388033, 51.505482836383585],
        [-0.484768483038537, 51.50553538367784],
        [-0.484716373639087, 51.50558596584411],
        [-0.484667681372104, 51.50562040624388],
        [-0.484619346823707, 51.50564406065302],
        [-0.484574190974295, 51.5056587639491],
        [-0.484497467990266, 51.50566946252043],
        [-0.484431423396982, 51.50566231469286],
        [-0.484280273667186, 51.50561450163639],
        [-0.484201445545657, 51.50560179319462],
        [-0.484053304729228, 51.50559358423246],
        [-0.484008476860204, 51.505598400173525],
        [-0.483969201330435, 51.50560958237139],
        [-0.483941358597206, 51.50562360997106],
        [-0.483922008429119, 51.5056422434106],
        [-0.483908210591761, 51.5056672431236],
        [-0.483898571503882, 51.50578401662471],
        [-0.483858374776955, 51.505996611270994],
        [-0.48373378297099, 51.50627735462975],
        [-0.483698375066947, 51.50643246129056],
        [-0.483680226082128, 51.50645830394497],
        [-0.483645965087391, 51.50649203125843],
        [-0.483610681440527, 51.50651315631808],
        [-0.483556643808799, 51.506534938134145],
        [-0.483419791876392, 51.50657723042301],
        [-0.483263282570592, 51.50660398170442],
        [-0.483210655142545, 51.506626680812516],
        [-0.483194155039651, 51.50664625020218],
        [-0.483179282054996, 51.50670360770135],
        [-0.48319475311054, 51.50680182229985],
        [-0.483180149778019, 51.507024639019036],
        [-0.48318253853311, 51.50712628130805],
        [-0.483207457575385, 51.50720033924018],
        [-0.483232189847594, 51.507236627683085],
        [-0.483273907791514, 51.50728212790995],
        [-0.483327148548631, 51.507327777109666],
        [-0.4833906210217, 51.507369062494206],
        [-0.483457213023562, 51.50740319444819],
        [-0.483566896119503, 51.50744148030638],
        [-0.48374913375306, 51.507464518053325],
        [-0.483796307160336, 51.507475918406726],
        [-0.483857585729224, 51.50749649321301],
        [-0.483915774835509, 51.50752332256697],
        [-0.483953828958571, 51.50754899244393],
        [-0.483978830486228, 51.50757719126151],
        [-0.483996481139995, 51.507609791149335],
        [-0.484003721223687, 51.50765214786177],
        [-0.483999924274192, 51.50772313683518],
        [-0.483989194004278, 51.50778594325913],
        [-0.483973776188104, 51.50781631733185],
        [-0.483948544328056, 51.50783847161989],
        [-0.483893094746895, 51.50785933612869],
        [-0.483609740174637, 51.5078871459988],
        [-0.483527975987751, 51.507919359959786],
        [-0.483510124701304, 51.50793621427595],
        [-0.483494766196169, 51.50796479062194],
        [-0.483487661916032, 51.50800516348487],
        [-0.483500543676449, 51.50805119002826],
        [-0.483532120376552, 51.508098357474964],
        [-0.483561413196184, 51.508127511072345],
        [-0.483585481684745, 51.508140411241264],
        [-0.483631155700609, 51.50815359070481],
        [-0.483809164601365, 51.50817387602955],
        [-0.483854987885655, 51.508182561256255],
        [-0.483903453263202, 51.50819847433905],
        [-0.484029826476286, 51.508254959777446],
        [-0.484161066658953, 51.50833848444137],
        [-0.484225206162285, 51.50840315758362],
        [-0.484238536168827, 51.50843570159671],
        [-0.484230456879397, 51.508548898365355],
        [-0.484261953916934, 51.508641924572984],
        [-0.484304667151972, 51.50870092550669],
        [-0.484335580182744, 51.50872470454546],
        [-0.484371052999723, 51.50874134876717],
        [-0.484509547828346, 51.50878000598247],
        [-0.484580553342644, 51.50881149665099],
        [-0.484664075187407, 51.50885663719872],
        [-0.484716087481041, 51.508895975362755],
        [-0.484759099704847, 51.50894598783172],
        [-0.484805657992996, 51.50901942569175],
        [-0.484905460851577, 51.5091385120333],
        [-0.484972025081101, 51.5093039281967],
        [-0.485162475737921, 51.50938372034821],
        [-0.485229131607358, 51.50941605365862],
        [-0.485281383476328, 51.50944820093364],
        [-0.48551521643956, 51.50961038128599],
        [-0.485837463214236, 51.509800678910416],
        [-0.485505600168716, 51.50981347979588],
        [-0.485556183730705, 51.510026347678256],
        [-0.485570031705073, 51.51008677388551],
        [-0.485724992512763, 51.510193982572495],
        [-0.485744830793628, 51.51020413003205],
        [-0.486076288510672, 51.51011668836306],
        [-0.486298304267671, 51.51015732054262],
        [-0.486402786205415, 51.51048328542243],
        [-0.486816580494152, 51.51047693418641],
        [-0.487354327503894, 51.51086154004795],
        [-0.487547217707464, 51.510824461767044],
        [-0.487953653126392, 51.51099695539464],
        [-0.488337537379346, 51.51111070802066],
        [-0.488413210385379, 51.511175527424705],
        [-0.488444037986432, 51.51120200189652],
        [-0.488676616301663, 51.511315602036476],
        [-0.488760414450261, 51.51135265023398],
        [-0.488875873405789, 51.51139100544613],
        [-0.488969147326488, 51.51140299754621],
        [-0.489085885162332, 51.51140270278895],
        [-0.489172432515858, 51.5114002206508],
        [-0.489355967261228, 51.511384600053006],
        [-0.48940788375628, 51.51138347019071],
        [-0.489466764801751, 51.51138962370608],
        [-0.489558479510903, 51.51140519211745],
        [-0.489657010257691, 51.51143253800716],
        [-0.489718177915944, 51.51145670513058],
        [-0.489753535945511, 51.5114769430782],
        [-0.489806698883823, 51.51152528589342],
        [-0.489823122743676, 51.5115515745601],
        [-0.489847652720902, 51.51168137726577],
        [-0.489957199659073, 51.51189859900173],
        [-0.489990462299173, 51.51202581643709],
        [-0.489995227971965, 51.512099613378325],
        [-0.489991455464124, 51.512126541254034],
        [-0.48997130255676, 51.51216944413395],
        [-0.489935512141997, 51.51220585120884],
        [-0.489795484525764, 51.51230026451801],
        [-0.489753277966354, 51.51235637165563],
        [-0.489728519803852, 51.51245136964733],
        [-0.48973332653832, 51.51265465401638],
        [-0.489763602978008, 51.51282859220848],
        [-0.489859888346384, 51.513141859195386],
        [-0.489937227681377, 51.5133307906086],
        [-0.489941725884257, 51.5134126770228],
        [-0.489900126813885, 51.51349397003003],
        [-0.489650282294342, 51.51377130837849],
        [-0.489624574192463, 51.513807845167605],
        [-0.489598301240386, 51.51386145975103],
        [-0.489574314785554, 51.513933088056],
        [-0.489566352735243, 51.51399952739913],
        [-0.489570628584659, 51.514044543171174],
        [-0.489581112586981, 51.514076150662646],
        [-0.489634678447341, 51.51415597121122],
        [-0.489770192088408, 51.5142854043395],
        [-0.489985011262838, 51.5144572220294],
        [-0.490467079118742, 51.51487166957505],
        [-0.490594904360378, 51.51497222792765],
        [-0.490752863743161, 51.51507677069233],
        [-0.490860566443333, 51.51513210915244],
        [-0.490901868386211, 51.51514702790845],
        [-0.491092368412061, 51.515182749337264],
        [-0.491136581365257, 51.51519680623943],
        [-0.491157893310879, 51.51520607249985],
        [-0.491219675891961, 51.515255424699205],
        [-0.491244656363336, 51.51528452083478],
        [-0.491347415668157, 51.515445902510315],
        [-0.491648759100916, 51.51574741737033],
        [-0.491750302063274, 51.51585842705307],
        [-0.491812428417501, 51.51594105426032],
        [-0.491883125452874, 51.516069651521995],
        [-0.491902003883762, 51.516152621891166],
        [-0.49189731381182, 51.5162946373775],
        [-0.491906968762181, 51.516351411967506],
        [-0.491940134951315, 51.516438162859],
        [-0.492000748619049, 51.51656663040836],
        [-0.492064600081153, 51.51668434897711],
        [-0.492123550008797, 51.51677592730683],
        [-0.492193936317907, 51.51687035023993],
        [-0.49232302000325, 51.517020379557955],
        [-0.492350022828292, 51.517075578628926],
        [-0.492355861009249, 51.517117017487244],
        [-0.492353783687646, 51.517179935743876],
        [-0.492333112669373, 51.51728218043504],
        [-0.492097202297913, 51.5179229852179],
        [-0.491909566755555, 51.51836748234311],
        [-0.49181503424063, 51.518567690868785],
        [-0.491665606886447, 51.51885891329123],
        [-0.491651423131873, 51.518895598674334],
        [-0.491635620488626, 51.51893765852101],
        [-0.4916107875253, 51.51899129202922],
        [-0.491568428357579, 51.519051893883784],
        [-0.491450335544602, 51.519179862087306],
        [-0.491229609322954, 51.51936046303922],
        [-0.491139705275973, 51.519420453248706],
        [-0.491063331935093, 51.519463532375006],
        [-0.490811753497706, 51.51957449627123],
        [-0.490685592428499, 51.51964121340201],
        [-0.49059421666492, 51.51970208347523],
        [-0.490533304165406, 51.51975705095969],
        [-0.490500181591199, 51.519799787009845],
        [-0.490444362679962, 51.51991866414126],
        [-0.490418339078681, 51.520008250612705],
        [-0.490387115877617, 51.52016790881165],
        [-0.490371783573124, 51.520457258211714],
        [-0.490376907080023, 51.52052026907582],
        [-0.490385536214607, 51.52056444157052],
        [-0.490406924223321, 51.52061507273955],
        [-0.490449537455663, 51.52067766679772],
        [-0.490501152014344, 51.5207295861021],
        [-0.490555945383584, 51.52077255415097],
        [-0.490618061570219, 51.52081201953753],
        [-0.490686059806637, 51.520847963713756],
        [-0.490740036664816, 51.52087203769139],
        [-0.490921559208528, 51.520918434314524],
        [-0.490967158986823, 51.52093430750769],
        [-0.491013843095692, 51.52096098518896],
        [-0.491072751621884, 51.521010300415924],
        [-0.491125451590495, 51.52107302395662],
        [-0.491162273395856, 51.52113644246912],
        [-0.491186009431429, 51.521203289522056],
        [-0.491193629555332, 51.521278022217835],
        [-0.491186841812089, 51.521352569609185],
        [-0.491168319786309, 51.52143326057194],
        [-0.49114142026897, 51.521505750864875],
        [-0.491033063748451, 51.52168779664406],
        [-0.490667780121467, 51.5221857577093],
        [-0.490603373117627, 51.52230272596522],
        [-0.490578329016921, 51.522362651015044],
        [-0.490542708290099, 51.52248088882088],
        [-0.490522401556873, 51.52261550949236],
        [-0.490604730949053, 51.5232208398911],
        [-0.490607374065488, 51.523315291253176],
        [-0.4903409360872, 51.52422366479467],
        [-0.490290679192685, 51.52447929371123],
        [-0.490277144914461, 51.52458342822323],
        [-0.490274766923703, 51.524655334641274],
        [-0.490283351309571, 51.52474446717179],
        [-0.49030731001381, 51.524848184947984],
        [-0.490344296387701, 51.524950271933726],
        [-0.490397281494294, 51.52504806870902],
        [-0.490576218269505, 51.525303949030416],
        [-0.490692514671022, 51.52549248147214],
        [-0.490783885708543, 51.52565011991758],
        [-0.490834569877228, 51.52577396403956],
        [-0.490871765698256, 51.525956982654485],
        [-0.490882876312608, 51.52614416177212],
        [-0.490878523335923, 51.52623222859966],
        [-0.490839869159652, 51.52644214708154],
        [-0.490815847906836, 51.526514674283284],
        [-0.490731766031383, 51.52670332645147],
        [-0.490659152601442, 51.526806700924354],
        [-0.490618938961789, 51.52684574890567],
        [-0.49058646504983, 51.52686871062842],
        [-0.490500110727457, 51.52690806413434],
        [-0.490249619193474, 51.52698487080597],
        [-0.490123971752585, 51.527035408140385],
        [-0.490037705916722, 51.527072064809644],
        [-0.489942169707962, 51.52712748555526],
        [-0.489890130046982, 51.5271753731962],
        [-0.489742002021163, 51.52733892152207],
        [-0.489573758661189, 51.52750041226558],
        [-0.489476168669369, 51.52761785184866],
        [-0.489333011642585, 51.52784890459082],
        [-0.489105060427186, 51.528333342271196],
        [-0.488997967153584, 51.52860712200926],
        [-0.488984653748151, 51.52866090327996],
        [-0.488969954607361, 51.52880009186737],
        [-0.488991319430981, 51.529069231493644],
        [-0.489003349366243, 51.529141323406684],
        [-0.48901762374544, 51.52918916549411],
        [-0.489083074262828, 51.52930240993514],
        [-0.48938729820293, 51.529649826491855],
        [-0.48968653291692, 51.530061022044755],
        [-0.489732035834478, 51.53012365343157],
        [-0.489845904546245, 51.53029866709559],
        [-0.489907703318577, 51.53043524354519],
        [-0.489919794494781, 51.530505537704364],
        [-0.489919167542079, 51.53061163664213],
        [-0.489915228438088, 51.53068711974215],
        [-0.48988848095889, 51.53088550129743],
        [-0.489891790576693, 51.531003340652134],
        [-0.489927634551575, 51.531183644375794],
        [-0.489948743055201, 51.53128642620964],
        [-0.489981588653912, 51.53138306461799],
        [-0.489999103776793, 51.531420157729045],
        [-0.490117418925881, 51.531591631453104],
        [-0.490147220347488, 51.53164956452599],
        [-0.490190079101461, 51.531792191524715],
        [-0.490195441175646, 51.53184801165412],
        [-0.490188249450521, 51.53189108126839],
        [-0.49013373646296, 51.53201357174834],
        [-0.490134285521404, 51.5320405551651],
        [-0.490149186374277, 51.532069521699476],
        [-0.490179999117415, 51.532096894575524],
        [-0.490222578795233, 51.532117225171795],
        [-0.490379556891875, 51.532166004127006],
        [-0.490426430385231, 51.53218728910852],
        [-0.490457421750586, 51.53220926893845],
        [-0.490475413229901, 51.53223198071301],
        [-0.49048365796117, 51.532287837912236],
        [-0.490445086969487, 51.53240783600345],
        [-0.490446898971198, 51.53244023093541],
        [-0.490463360206123, 51.53246562065654],
        [-0.490494411233599, 51.53248580281918],
        [-0.490538759562825, 51.532496264725005],
        [-0.49058628746555, 51.532497775404096],
        [-0.490749968605226, 51.53247470316298],
        [-0.490790320518356, 51.53247522223688],
        [-0.490814641558974, 51.53248093035748],
        [-0.490837283688001, 51.53249381056959],
        [-0.490858276636352, 51.53251296404487],
        [-0.490867235201064, 51.53254724931691],
        [-0.490838931337111, 51.532661984323546],
        [-0.49084392314124, 51.532685428033254],
        [-0.490879817705581, 51.5327335479514],
        [-0.490995049628188, 51.53282405202897],
        [-0.491055755907684, 51.53290666104599],
        [-0.491171731203544, 51.53314914123933],
        [-0.491209513276496, 51.53327102065989],
        [-0.491224771719515, 51.533376424614794],
        [-0.491225455108589, 51.533442975046256],
        [-0.491216852615322, 51.53348512735581],
        [-0.491173765869623, 51.533567300710075],
        [-0.491110532205037, 51.5336483157361],
        [-0.491045886853427, 51.53372841336071],
        [-0.490939966808005, 51.53383585563063],
        [-0.490774363129291, 51.533960514308376],
        [-0.490693314268297, 51.53401342439154],
        [-0.490545286703943, 51.534086154590234],
        [-0.490515719638699, 51.534108254477815],
        [-0.490502213768875, 51.534124266519434],
        [-0.490502614391698, 51.534155744071306],
        [-0.490517783714776, 51.534176621096584],
        [-0.490550069001476, 51.53420311359228],
        [-0.490575564559241, 51.53421692976939],
        [-0.49065555799807, 51.53423953994163],
        [-0.491053966747951, 51.53426894328499],
        [-0.491128492915756, 51.53428249070508],
        [-0.491185546454673, 51.534301208649524],
        [-0.491228069191796, 51.53432333655196],
        [-0.491284409654442, 51.53436362634803],
        [-0.491355622864833, 51.53443378132901],
        [-0.491388874609587, 51.53447467339633],
        [-0.491414890677293, 51.5345163716291],
        [-0.491459152384946, 51.53461675318005],
        [-0.491516742152334, 51.53479373902221],
        [-0.491542609959287, 51.53483993137272],
        [-0.491616528475947, 51.53491551623298],
        [-0.491753326186588, 51.53500809517511],
        [-0.492470231697819, 51.53539138060406],
        [-0.492908745317547, 51.535603832702954],
        [-0.493154666668573, 51.53571040058318],
        [-0.493266566175899, 51.53577118557215],
        [-0.493349522327289, 51.535835195628415],
        [-0.4935219760516, 51.53602714351808],
        [-0.493732705040755, 51.536195303835505],
        [-0.493815247265967, 51.53627189718767],
        [-0.493958238905515, 51.536439187499546],
        [-0.494002193974262, 51.53650539408239],
        [-0.49405649281357, 51.536607701839394],
        [-0.494130814640488, 51.53684604736328],
        [-0.49431610438579, 51.53712987824341],
        [-0.494444141876998, 51.53735722311787],
        [-0.494499184069535, 51.53743705992232],
        [-0.494653860494155, 51.53760000320419],
        [-0.494709852185777, 51.5376510773509],
        [-0.495002914260421, 51.53785895759796],
        [-0.495058906658135, 51.53791003158158],
        [-0.495206320784149, 51.53807467937606],
        [-0.495266430148178, 51.538132100529964],
        [-0.495408773054924, 51.53823193987791],
        [-0.495441034392996, 51.53825932988622],
        [-0.495464558899564, 51.53828930548394],
        [-0.495487638884691, 51.53833276353101],
        [-0.495510470966205, 51.538427473380196],
        [-0.495508089183862, 51.53854344096406],
        [-0.495488540754873, 51.5386115302797],
        [-0.495473445728102, 51.53863201855422],
        [-0.495279799028394, 51.53877610655165],
        [-0.49521654670184, 51.538813961392805],
        [-0.495164706447854, 51.538855559407494],
        [-0.495083790749114, 51.538948039459235],
        [-0.495046867688915, 51.53897454217805],
        [-0.495017536737268, 51.53898945253463],
        [-0.49489291704098, 51.53905169792874],
        [-0.494856082736132, 51.53907550409577],
        [-0.494789472515908, 51.53912770299674],
        [-0.49467562994535, 51.53925662797539],
        [-0.494370167908623, 51.539730189237915],
        [-0.49389906351192, 51.54028525014713],
        [-0.493810015879056, 51.540405500454625],
        [-0.493738323870544, 51.54052417507843],
        [-0.493688578900015, 51.540633240102935],
        [-0.493650085127829, 51.54079460373821],
        [-0.493645646474661, 51.54088536697403],
        [-0.493642038727172, 51.540950962993485],
        [-0.493631147605171, 51.540975101841916],
        [-0.493605693979206, 51.541003549778665],
        [-0.493527281075794, 51.541063689327075],
        [-0.493432105233681, 51.5411074278061],
        [-0.493178805631685, 51.541179708798914],
        [-0.493056717287158, 51.54120871399449],
        [-0.492749177101822, 51.541264111643876],
        [-0.492466971914184, 51.54129465611938],
        [-0.492321730992038, 51.541326060710496],
        [-0.492190636740836, 51.54136573980837],
        [-0.492070835986189, 51.54141275758237],
        [-0.491907777859262, 51.5415032805532],
        [-0.491827653029587, 51.54157148986315],
        [-0.49180643309399, 51.54160268946249],
        [-0.491793772567972, 51.54163669671123],
        [-0.4917916477361, 51.541657351232345],
        [-0.491803982136097, 51.54172045448861],
        [-0.491933788658236, 51.542025156742575],
        [-0.491981268152189, 51.54211568798273],
        [-0.492099647402214, 51.54228626086131],
        [-0.49211942730295, 51.542342266079125],
        [-0.492124822417524, 51.54239718722377],
        [-0.492118864142783, 51.54244656720439],
        [-0.492052337239447, 51.54267051474145],
        [-0.491910928812749, 51.5430220868435],
        [-0.491863568942394, 51.54310240702098],
        [-0.491720982653596, 51.54327142413002],
        [-0.491621729053675, 51.54343830049701],
        [-0.491579212886462, 51.54354655833283],
        [-0.491552523219734, 51.5436559188259],
        [-0.491545033477572, 51.543707976712525],
        [-0.491538673321468, 51.5439003258598],
        [-0.491526977892433, 51.543948732836064],
        [-0.49150642536359, 51.54400332041178],
        [-0.491332834468838, 51.54432480411071],
        [-0.491301076383264, 51.54436935626379],
        [-0.491216204792442, 51.544450093056845],
        [-0.491152733071036, 51.54449423737257],
        [-0.491051157333935, 51.544556775048704],
        [-0.49087516921172, 51.54481977860272],
        [-0.490812898969729, 51.544958355215776],
        [-0.490801351158228, 51.54500226796626],
        [-0.490802985309013, 51.545040055795056],
        [-0.490814888643109, 51.54507258044726],
        [-0.490836971971835, 51.545102538402],
        [-0.490874823060515, 51.54513539677874],
        [-0.490921472118402, 51.5451638722455],
        [-0.490976919148958, 51.54518796479192],
        [-0.491081170559443, 51.54521897939839],
        [-0.491124268184936, 51.54522402966045],
        [-0.491300195858542, 51.54522449341697],
        [-0.491389125643606, 51.5452391249704],
        [-0.491460638066719, 51.54525712937089],
        [-0.491516234111904, 51.5452767275276],
        [-0.491558707689765, 51.545300653009534],
        [-0.491585235140924, 51.545327071112574],
        [-0.491595578674045, 51.54536317246783],
        [-0.491594776207711, 51.54538744081226],
        [-0.49155118807184, 51.54552805637922],
        [-0.491567253398555, 51.54569641510525],
        [-0.491541810681415, 51.54576802479186],
        [-0.491469078651412, 51.545874095690216],
        [-0.491451943306938, 51.54591254140386],
        [-0.491433277019157, 51.54604088838903],
        [-0.491413377340353, 51.546075701718294],
        [-0.491375792341116, 51.54612197738836],
        [-0.491329676737065, 51.5461645465266],
        [-0.491279593061756, 51.54619627411129],
        [-0.491225511614123, 51.54621805896506],
        [-0.491195000718769, 51.54622486031815],
        [-0.490557707884467, 51.54613303739914],
        [-0.490411024587277, 51.546120359851585],
        [-0.490268428102376, 51.54611492838049],
        [-0.490124152079121, 51.546116668801446],
        [-0.489998437941923, 51.54612404317396],
        [-0.48991152715212, 51.546135513638816],
        [-0.489729902417439, 51.54617633813495],
        [-0.489639542872862, 51.54620484899406],
        [-0.489497656667258, 51.54626506803852],
        [-0.489394543823399, 51.54633028213347],
        [-0.489332271149486, 51.5463816345856],
        [-0.489284324828662, 51.54643586908481],
        [-0.489261123422869, 51.546483228481804],
        [-0.489256632775367, 51.546531727988],
        [-0.489266498424118, 51.54658221075141],
        [-0.489294807035051, 51.54664192306033],
        [-0.489327708386793, 51.546693601603714],
        [-0.489428169031715, 51.54679560641893],
        [-0.489470745091152, 51.546859998402404],
        [-0.489507984515529, 51.546954894798056],
        [-0.489543051377063, 51.54711540551322],
        [-0.489535171767946, 51.54717914796215],
        [-0.489511034610583, 51.54721120879516],
        [-0.489477133592617, 51.54723325262681],
        [-0.489442118355525, 51.54724539079956],
        [-0.489323222055491, 51.54726454195565],
        [-0.489155281266463, 51.547283960720506],
        [-0.488867865625334, 51.54729644541226],
        [-0.48856371643139, 51.54729162887467],
        [-0.48847262717457, 51.54729854841246],
        [-0.488401362953291, 51.54731651378946],
        [-0.488309439566459, 51.54734860032602],
        [-0.488236167599511, 51.54738362472087],
        [-0.488169775873719, 51.547428629023734],
        [-0.48808453547119, 51.547520149328385],
        [-0.487896270454875, 51.54780457126654],
        [-0.487748756122414, 51.54807782836902],
        [-0.487692476706252, 51.54820928685076],
        [-0.48767329960865, 51.5482656898945],
        [-0.487645405515345, 51.54841100233344],
        [-0.487579010896823, 51.54880400036288],
        [-0.487499864353847, 51.549016092859205],
        [-0.487407790766341, 51.549183058188],
        [-0.487309163952939, 51.54933015635476],
        [-0.487158676687981, 51.549518848674566],
        [-0.487060227215836, 51.54966055366103],
        [-0.486742642040753, 51.54992981812473],
        [-0.486618080637643, 51.55003251998891],
        [-0.486371412028637, 51.55020738185998],
        [-0.486208221445542, 51.55030059290179],
        [-0.485978264318293, 51.550406430414206],
        [-0.485890061328166, 51.55045654726816],
        [-0.485689274358437, 51.550596031358026],
        [-0.48553088366646, 51.55067491605653],
        [-0.485408257651582, 51.55071919301097],
        [-0.485367382260778, 51.550733951966784],
        [-0.485109273342041, 51.55081874258884],
        [-0.484896991367538, 51.55086995440383],
        [-0.484792987117043, 51.550918067996136],
        [-0.484739711603287, 51.55095874368988],
        [-0.484499261916346, 51.5512065179287],
        [-0.484387197629852, 51.55136692825021],
        [-0.484357317533373, 51.551398014642885],
        [-0.484295510143076, 51.55143498309742],
        [-0.484248747325322, 51.55145326245696],
        [-0.484148341514169, 51.55147984093758],
        [-0.48400456398354, 51.551509455844005],
        [-0.483858261354521, 51.551528247435364],
        [-0.483676243888578, 51.55153668603325],
        [-0.483443190573185, 51.55151838768959],
        [-0.483322592850216, 51.55150154244359],
        [-0.483076258542336, 51.55144890174589],
        [-0.483015855195037, 51.55144362483168],
        [-0.482952329213036, 51.55144550119251],
        [-0.482874027095947, 51.55145797699422],
        [-0.482798399100455, 51.55147678178645],
        [-0.482685890375271, 51.55152028751462],
        [-0.482142546065839, 51.552027608384996],
        [-0.48173424502622, 51.552377514013976],
        [-0.481416854040699, 51.5526827350739],
        [-0.479760703301238, 51.554032585290514],
        [-0.479759261487663, 51.55403256661142],
        [-0.478903116603182, 51.554834357300265],
        [-0.478513660873387, 51.55466115615195],
        [-0.478058835396507, 51.55493401303816],
        [-0.477946248141844, 51.554849825483124],
        [-0.477881875448677, 51.55483370394644],
        [-0.477805338046248, 51.55483630797704],
        [-0.477768932063189, 51.554846626232944],
        [-0.477739465217709, 51.55486512738142],
        [-0.477605200243153, 51.5550414290594],
        [-0.477536506202492, 51.55515473744865],
        [-0.477502323398827, 51.555184867076754],
        [-0.477367302411416, 51.555254152736985],
        [-0.477350901835163, 51.55527012570134],
        [-0.477339848478754, 51.55529875698168],
        [-0.477343966457742, 51.55539142899901],
        [-0.477335376599517, 51.555432681177734],
        [-0.477263137248007, 51.55556572601206],
        [-0.477241931856027, 51.555639186020976],
        [-0.477234453553315, 51.55569034392013],
        [-0.477234425825594, 51.55577756688201],
        [-0.477276334735652, 51.555948061302615],
        [-0.477279463317296, 51.55611355643961],
        [-0.477209632831358, 51.556519992151365],
        [-0.477156886393915, 51.556630809625716],
        [-0.476946255757071, 51.556933807229456],
        [-0.476857520558798, 51.557042359046584],
        [-0.476816097026185, 51.55711645574979],
        [-0.476815377867279, 51.557224351535325],
        [-0.476886907738701, 51.55750133723019],
        [-0.476894299058285, 51.557582361999636],
        [-0.476892978794854, 51.55766507211571],
        [-0.47688429798523, 51.557709020697736],
        [-0.476870299806807, 51.55773941212332],
        [-0.47683701607142, 51.55778573899245],
        [-0.476777116918466, 51.55785150298206],
        [-0.476649146935744, 51.5579685374428],
        [-0.476629440829157, 51.55799705632411],
        [-0.476616824267374, 51.558029264073305],
        [-0.476615532989676, 51.55806791330714],
        [-0.476624305261219, 51.5581075923913],
        [-0.476669907955358, 51.558210694227256],
        [-0.476966655664563, 51.558611996429555],
        [-0.476998410453821, 51.55869783342329],
        [-0.477003908951376, 51.55874915970287],
        [-0.476998592312036, 51.55877876460192],
        [-0.476971105801478, 51.55882426753339],
        [-0.476913788349886, 51.558855895149094],
        [-0.476791282119058, 51.55889566869072],
        [-0.476745710380732, 51.55892115422095],
        [-0.476708460075285, 51.55895663905258],
        [-0.476675145231957, 51.55900386467707],
        [-0.476649941597292, 51.559067381349564],
        [-0.476637745674957, 51.55913016766573],
        [-0.476641621651117, 51.5591868681523],
        [-0.476654269613742, 51.55924008567331],
        [-0.476701435551958, 51.55933961092926],
        [-0.476805440222663, 51.55946505179059],
        [-0.476910496355156, 51.55955903388702],
        [-0.477007891764731, 51.55962324256835],
        [-0.477088133672608, 51.559682732514425],
        [-0.477357851837666, 51.55990024418108],
        [-0.477519997802145, 51.56027192277269],
        [-0.477539915807862, 51.56028027406091],
        [-0.4778648514275, 51.56035642587993],
        [-0.478118467477194, 51.56040827247239],
        [-0.478323535554319, 51.56044510166991],
        [-0.478448600945021, 51.56045841301991],
        [-0.478509105622102, 51.560460995911804],
        [-0.478860265250942, 51.56044306804514],
        [-0.478993110609007, 51.560439394695024],
        [-0.479187452933256, 51.56045180472626],
        [-0.479318046848132, 51.560472380463516],
        [-0.479515906135102, 51.560509114155664],
        [-0.479784787804408, 51.56057913909276],
        [-0.480316400038654, 51.56077395916615],
        [-0.480401992967553, 51.56080294301042],
        [-0.480442070181057, 51.560812454051444],
        [-0.480509605869161, 51.560820522201844],
        [-0.480541420366436, 51.560818236511444],
        [-0.480611206867176, 51.560802055118145],
        [-0.480839847054841, 51.56069441252974],
        [-0.480866162888817, 51.560683962693396],
        [-0.480914049179652, 51.5606755904938],
        [-0.480965932111068, 51.56067716130132],
        [-0.481016103509769, 51.56068680280797],
        [-0.48106170929529, 51.56070357886574],
        [-0.481112634059045, 51.56073391187563],
        [-0.481149228447171, 51.56076136176464],
        [-0.48116428228646, 51.56078583522826],
        [-0.481194454689094, 51.560876146573044],
        [-0.481217417038829, 51.56096636459507],
        [-0.4812179608084, 51.560993347883844],
        [-0.481208410330056, 51.561020200531296],
        [-0.481190237565072, 51.56104604237729],
        [-0.481165124083471, 51.561063701514875],
        [-0.481063976556783, 51.56111184882504],
        [-0.48099981275745, 51.56117576131216],
        [-0.480967104179965, 51.56124817380701],
        [-0.480995355281472, 51.56135284766048],
        [-0.480986737537894, 51.56139499890434],
        [-0.480952372539995, 51.56143052241109],
        [-0.480832901064246, 51.5615090054151],
        [-0.480795412147346, 51.561551682102646],
        [-0.480757413977603, 51.561609638727084],
        [-0.480737079805707, 51.56165703352106],
        [-0.48073495318467, 51.561720849780095],
        [-0.480773413879905, 51.56177889702312],
        [-0.48110676733015, 51.56203588959894],
        [-0.481164215216135, 51.56208698879004],
        [-0.481289120907986, 51.56223517624503],
        [-0.481348161027246, 51.56228179990702],
        [-0.48142585844919, 51.56233136259342],
        [-0.48150241334176, 51.56237191836189],
        [-0.481584946244993, 51.562406256971094],
        [-0.482814798162178, 51.5628196132913],
        [-0.482775952706036, 51.56303312257103],
        [-0.482730578170561, 51.56318270365664],
        [-0.482577829360663, 51.56356738806989],
        [-0.482538359673193, 51.56362622543063],
        [-0.482505705552781, 51.56365367863381],
        [-0.482377368622814, 51.563738343015174],
        [-0.482341560771683, 51.56377384826],
        [-0.482284186611034, 51.56385043814685],
        [-0.482266228508518, 51.56391315044871],
        [-0.482277621663913, 51.563960955810224],
        [-0.482316899897286, 51.5640378964455],
        [-0.482363718083465, 51.56410504328699],
        [-0.482422193180996, 51.56416874401911],
        [-0.482515764447402, 51.56426167319276],
        [-0.482660116342328, 51.564389428759725],
        [-0.482940043622725, 51.564605260749055],
        [-0.483069796786488, 51.56473822232089],
        [-0.483129356925695, 51.564812727202344],
        [-0.483178433344138, 51.5648987862496],
        [-0.483219730901313, 51.5650018296803],
        [-0.483241047663043, 51.565098320402285],
        [-0.483242616102024, 51.56513790580741],
        [-0.483038037768943, 51.56512896712364],
        [-0.482997892135894, 51.56529480159436],
        [-0.482827926598094, 51.56550301899266],
        [-0.482599823301388, 51.56572397256229],
        [-0.482874115528989, 51.565979296895186],
        [-0.482976553933487, 51.56606604582903],
        [-0.483210395579564, 51.56623632095066],
        [-0.483469085433762, 51.56639702541133],
        [-0.483535792685656, 51.56643025887127],
        [-0.483589938769505, 51.56645074108367],
        [-0.483632876130822, 51.56646118716319],
        [-0.483683174057006, 51.56646723229255],
        [-0.483877962029279, 51.56646705126695],
        [-0.483941269778932, 51.56647236514922],
        [-0.484134055114323, 51.56653240471715],
        [-0.484334986171489, 51.566607835690654],
        [-0.484556497405669, 51.566671842375975],
        [-0.484651691646258, 51.56671623353078],
        [-0.484691147474809, 51.566744618410226],
        [-0.484733069485304, 51.566785624019175],
        [-0.484771658952565, 51.56684007469346],
        [-0.484783682849991, 51.56686900456584],
        [-0.484652520006832, 51.56729893048325],
        [-0.484560024909173, 51.56756390144803],
        [-0.484386188620718, 51.56814883881653],
        [-0.484303471983301, 51.56833660403638],
        [-0.484297411595751, 51.568388679773655],
        [-0.48430225411071, 51.568416617732524],
        [-0.484331981539549, 51.56847724852853],
        [-0.484473108489536, 51.56861575052476],
        [-0.484560505406251, 51.5687211871024],
        [-0.484581998049172, 51.568769122598205],
        [-0.484584621502878, 51.56882041126909],
        [-0.484579278584096, 51.56885091531383],
        [-0.484522724065459, 51.56898956210709],
        [-0.484511978321464, 51.569052367829734],
        [-0.484509423665949, 51.56921599049575],
        [-0.484481079126702, 51.56933072295491],
        [-0.484369880799838, 51.56955049184296],
        [-0.484259511004576, 51.56987547852149],
        [-0.484138587481965, 51.570170654949344],
        [-0.484117445645553, 51.570242318416916],
        [-0.484108021762591, 51.57030873799475],
        [-0.48410196772157, 51.57057752261441],
        [-0.484042942644085, 51.57087709524358],
        [-0.484024310883639, 51.571046804638414],
        [-0.484033861146989, 51.57119349868431],
        [-0.484058605130801, 51.571273847690435],
        [-0.484101950453326, 51.57135893298693],
        [-0.484152806725601, 51.571435123210925],
        [-0.484212706008857, 51.57149974052048],
        [-0.484251926491379, 51.571535316120524],
        [-0.484607850304097, 51.57181057353852],
        [-0.484832176356484, 51.57200769842901],
        [-0.484968868858668, 51.5721497392678],
        [-0.485035504124534, 51.57222883039639],
        [-0.485082304624233, 51.57229687498388],
        [-0.485125832063275, 51.572376566986925],
        [-0.485177843127799, 51.5725049256145],
        [-0.485228100197677, 51.57272947665271],
        [-0.485357370496237, 51.57300810056305],
        [-0.485462458618652, 51.573623614571254],
        [-0.485492707273194, 51.57371212711589],
        [-0.485550063748921, 51.5738099815093],
        [-0.485554877669136, 51.57383881822299],
        [-0.485543854572465, 51.57386655137283],
        [-0.485528892447546, 51.57388254401305],
        [-0.485455425925937, 51.57392206025542],
        [-0.484912620232192, 51.57410208919192],
        [-0.484821873274947, 51.574140482756405],
        [-0.484733801865159, 51.57418520523746],
        [-0.48463521464767, 51.57424238076405],
        [-0.484562800657457, 51.57429359972138],
        [-0.48437438459621, 51.57449168968248],
        [-0.484194016382545, 51.574664705511346],
        [-0.484055568255959, 51.57483556491172],
        [-0.484007562327732, 51.57493385750929],
        [-0.484002158415924, 51.57496615912762],
        [-0.484015125187498, 51.57505354960849],
        [-0.484047382526527, 51.575125003544734],
        [-0.484145254129068, 51.575262946980565],
        [-0.484204224106694, 51.57531226572589],
        [-0.484269592021396, 51.575342783740695],
        [-0.484308240304412, 51.57535227491986],
        [-0.484397495380798, 51.575358822782],
        [-0.484795495567744, 51.57532439660388],
        [-0.484932621820274, 51.57532346921559],
        [-0.485014634603483, 51.57533082232369],
        [-0.485189692237287, 51.575360957256606],
        [-0.485334069362958, 51.575402385661555],
        [-0.485463573698616, 51.57545711005278],
        [-0.485551335553919, 51.57550859806024],
        [-0.485676252875822, 51.57561451775788],
        [-0.485731345501529, 51.57565029760733],
        [-0.485805071277389, 51.57568991464927],
        [-0.485974459435994, 51.57576043951723],
        [-0.486053020787022, 51.57578483228104],
        [-0.486191331426482, 51.575835173422135],
        [-0.486192773934012, 51.575835192027746],
        [-0.486449092478924, 51.575851985857305],
        [-0.486648645909443, 51.575883333695366],
        [-0.486977975855513, 51.5759613145498],
        [-0.487093774856635, 51.57599427950187],
        [-0.487376408818163, 51.57608784299111],
        [-0.487620006428866, 51.57618360039725],
        [-0.487739388285035, 51.57623909101354],
        [-0.48791669100144, 51.576332195163225],
        [-0.48808144023093, 51.57645571031485],
        [-0.488127552547633, 51.57650126459668],
        [-0.488157856754614, 51.57654481682111],
        [-0.488172531732626, 51.57658097407201],
        [-0.488175994502699, 51.576607095635275],
        [-0.488125181098687, 51.57674671714456],
        [-0.488119451807968, 51.57678890599896],
        [-0.488119145825977, 51.57688511704045],
        [-0.488141879683145, 51.576939362212194],
        [-0.488202179420674, 51.57699229285443],
        [-0.488270318259301, 51.577026441120914],
        [-0.488364303786732, 51.577064519063036],
        [-0.488435715575574, 51.57708701971578],
        [-0.488681109495493, 51.577128845680576],
        [-0.488745428034419, 51.57714765798375],
        [-0.488803797562106, 51.57717178888584],
        [-0.488881736910026, 51.57721505503401],
        [-0.488956433613812, 51.57726906984614],
        [-0.489034146721992, 51.57736268847456],
        [-0.489231707022085, 51.57775908353893],
        [-0.489434050707264, 51.57805482881646],
        [-0.489487093212513, 51.578152625628874],
        [-0.489499522630519, 51.57821303233544],
        [-0.489501645390262, 51.57827960083329],
        [-0.489478082021729, 51.5783809077561],
        [-0.489430799024504, 51.578457630861195],
        [-0.48921985328566, 51.578682414643175],
        [-0.489184199761137, 51.57875658972736],
        [-0.489165869358308, 51.57887414963544],
        [-0.489154936584641, 51.57889918664516],
        [-0.489116844644378, 51.57895984224326],
        [-0.489065709495173, 51.579022128331005],
        [-0.488974759225652, 51.579109978768024],
        [-0.488815081496236, 51.57922481961863],
        [-0.488739272050123, 51.57929128389645],
        [-0.488666049473965, 51.57936677348622],
        [-0.488623688245005, 51.57942557554044],
        [-0.488585964371499, 51.579518607087],
        [-0.488574058571509, 51.57961646711828],
        [-0.488598587747605, 51.57974716771207],
        [-0.488653632629424, 51.57991512864608],
        [-0.488721845396561, 51.58020824858291],
        [-0.488934919980667, 51.58070285700849],
        [-0.489045933182448, 51.58088053030261],
        [-0.48922503321091, 51.581094148879934],
        [-0.48931806851566, 51.5812482111663],
        [-0.489452102502482, 51.58151520160344],
        [-0.489624065362535, 51.58177009108738],
        [-0.489736692794358, 51.58189922739804],
        [-0.489798324369985, 51.581955771093114],
        [-0.489912263650139, 51.582045359106665],
        [-0.490043396729002, 51.58213876501685],
        [-0.490054670292034, 51.58214700288681],
        [-0.490529086841225, 51.58246512900214],
        [-0.490854673302063, 51.58270131045843],
        [-0.491058526112717, 51.58282172711113],
        [-0.491159292998821, 51.5828733779554],
        [-0.491190497300591, 51.58288996476022],
        [-0.49139656847211, 51.582987030019424],
        [-0.491638411439475, 51.5830935466586],
        [-0.491745218383151, 51.58313718177359],
        [-0.49258620554499, 51.583457311645624],
        [-0.492928095259334, 51.58359388495721],
        [-0.493218404354274, 51.583719004663934],
        [-0.493849764983537, 51.58404992217339],
        [-0.49424608927062, 51.5842429407169],
        [-0.494369382986885, 51.584311962616496],
        [-0.494469533127683, 51.584382485939685],
        [-0.494562350832159, 51.58445651194573],
        [-0.494638033591337, 51.58452492289612],
        [-0.494723162688213, 51.58461323742202],
        [-0.494846284750524, 51.58477487458631],
        [-0.49503502706801, 51.585091116818205],
        [-0.495098058213915, 51.58523669674941],
        [-0.495119854166736, 51.58531970292666],
        [-0.495133812544727, 51.58542149188897],
        [-0.495134750567713, 51.5854367903757],
        [-0.495137760320075, 51.58552045489335],
        [-0.495132261613484, 51.58559951430673],
        [-0.495091534200092, 51.58582738983366],
        [-0.494977481612958, 51.586177516054356],
        [-0.494948800507679, 51.586390259516634],
        [-0.494953923485512, 51.586497330413046],
        [-0.494962479129923, 51.58654419869323],
        [-0.495043063818524, 51.58668281005807],
        [-0.495285557532386, 51.586988950466015],
        [-0.495356934604978, 51.58710046746188],
        [-0.495374474595769, 51.58713755963682],
        [-0.495480944222861, 51.58749770648084],
        [-0.495603269402559, 51.5878148946628],
        [-0.495634229460294, 51.58788273169868],
        [-0.495762292194754, 51.58811366972118],
        [-0.495849484750487, 51.58822718746716],
        [-0.495925086565609, 51.58829829407918],
        [-0.496020830010507, 51.588371457122726],
        [-0.496105653688904, 51.58842559691585],
        [-0.496236383759245, 51.58848841759531],
        [-0.496430839912051, 51.58854486081744],
        [-0.496485018002393, 51.58856533726315],
        [-0.496527504448116, 51.588590159944914],
        [-0.496559771830188, 51.588618448533815],
        [-0.496584765314296, 51.588648442354476],
        [-0.496659853861256, 51.58877888929933],
        [-0.496703041865207, 51.588826200973564],
        [-0.496976403950897, 51.58907248641332],
        [-0.497113481320073, 51.589205525191],
        [-0.497230417603776, 51.58933650754033],
        [-0.4973338045962, 51.58948440116703],
        [-0.497590145124087, 51.58989681970983],
        [-0.497688869698299, 51.59009860548152],
        [-0.497718094909177, 51.59017541174343],
        [-0.497775181862467, 51.59037037011148],
        [-0.497784976509415, 51.590423548414314],
        [-0.497872832118853, 51.590779857743854],
        [-0.497933340029701, 51.590958674142115],
        [-0.498045854472035, 51.59100507399293],
        [-0.498211799002064, 51.59100719720912],
        [-0.498385225253332, 51.591001323078956],
        [-0.498551169795444, 51.59100344581526],
        [-0.49867534749014, 51.591046397434496],
        [-0.498697774758359, 51.59111052764999],
        [-0.498767385499616, 51.59114468843066],
        [-0.498813878688911, 51.59117945272644],
        [-0.498842996659806, 51.59121579320422],
        [-0.498849619142675, 51.59123386194405],
        [-0.498856212004111, 51.59125282950695],
        [-0.498852813644334, 51.591312133403235],
        [-0.498839225337462, 51.59137400459091],
        [-0.49881126614731, 51.59143389358534],
        [-0.49870339020088, 51.59159706795398],
        [-0.498597925396883, 51.59177466030014],
        [-0.49864145595192, 51.59189930699487],
        [-0.498699938463001, 51.59192073664011],
        [-0.498772703144972, 51.59194684492492],
        [-0.498844854454076, 51.591947767656336],
        [-0.498985390874126, 51.591932479983505],
        [-0.499108987522714, 51.591949346828265],
        [-0.499165384039866, 51.59194647110734],
        [-0.499287597007479, 51.59196152166749],
        [-0.499370700230619, 51.59198056813684],
        [-0.499434807229896, 51.592006565327985],
        [-0.499488576178487, 51.592039623950065],
        [-0.49953174055167, 51.59208783342993],
        [-0.499563212686754, 51.592140389449895],
        [-0.499576310418178, 51.59218102096732],
        [-0.499579366151081, 51.59221972571973],
        [-0.499573556375262, 51.59226461156579],
        [-0.499549452868394, 51.59233893724444],
        [-0.499494859618694, 51.59246232929081],
        [-0.499441184174601, 51.59255785777747],
        [-0.499408015547095, 51.5926005954678],
        [-0.499378266072318, 51.59262719122064],
        [-0.499337001789751, 51.59265274055619],
        [-0.499113659279646, 51.59277127736345],
        [-0.499007507992306, 51.59283825941119],
        [-0.498943738312276, 51.59288959769146],
        [-0.498888537951211, 51.592943743128956],
        [-0.49884941851206, 51.59299179977583],
        [-0.498803400826685, 51.59307393787028],
        [-0.498796473023307, 51.593108918154414],
        [-0.498809078696833, 51.59325205249934],
        [-0.498802180497626, 51.59328613395949],
        [-0.498733737083012, 51.59343542538115],
        [-0.4986994144413, 51.59364450049245],
        [-0.498626682202017, 51.59388006038908],
        [-0.498609673154662, 51.593958073414065],
        [-0.498590462065452, 51.594146660115406],
        [-0.498589400387352, 51.59444158477901],
        [-0.49859919676379, 51.59449476299271],
        [-0.498621892234068, 51.594550803792934],
        [-0.498656251177827, 51.59460339695509],
        [-0.498706365898936, 51.59465978842236],
        [-0.498741317669482, 51.59469440510198],
        [-0.499177167589522, 51.59500570705052],
        [-0.499233322501654, 51.595054082693714],
        [-0.499285000042486, 51.59510689707737],
        [-0.49933767651329, 51.595173212234045],
        [-0.499384491751522, 51.595242150043504],
        [-0.499422589091399, 51.595312774793555],
        [-0.499454528957282, 51.595395010441614],
        [-0.499472185645054, 51.59547256749254],
        [-0.49949929790447, 51.59570131128934],
        [-0.499515982539521, 51.59593981299878],
        [-0.4995259735276, 51.596381448694814],
        [-0.499629862865087, 51.59664624264112],
        [-0.499775597799678, 51.5969556321477],
        [-0.5001216040137, 51.59767222111466],
        [-0.500521812476386, 51.598409283721644],
        [-0.500565827889247, 51.59851954848997],
        [-0.500586581252627, 51.59859085046596],
        [-0.500600118477955, 51.59866206026673],
        [-0.500607172376183, 51.59875476808207],
        [-0.500605566822971, 51.598847365290446],
        [-0.500551539385398, 51.59926030769957],
        [-0.500562205394498, 51.59941870332316],
        [-0.500579710190528, 51.59954481505634],
        [-0.500616888073928, 51.59968736368017],
        [-0.500684167806219, 51.599836591159765],
        [-0.500786293927842, 51.599979969221536],
        [-0.500887776485742, 51.60009906054501],
        [-0.500902587192269, 51.60013162091322],
        [-0.500902580297287, 51.60017568166935],
        [-0.500895830484958, 51.600205269102894],
        [-0.50076157645227, 51.60037979795437],
        [-0.500647786840879, 51.60059055606539],
        [-0.500541857279545, 51.60100103704541],
        [-0.500516869589884, 51.6010582667243],
        [-0.500431869469355, 51.601183968274206],
        [-0.500393099667823, 51.60122123945501],
        [-0.500353212163469, 51.60124860513602],
        [-0.500306344865193, 51.60126868802996],
        [-0.500252408957755, 51.6012841845962],
        [-0.500080941942083, 51.601317062718486],
        [-0.499934277750554, 51.601342164723064],
        [-0.499563038910271, 51.60139047320395],
        [-0.49945740949034, 51.601397215871444],
        [-0.499336140474908, 51.60139656491185],
        [-0.499215138137224, 51.60138782442828],
        [-0.499124564207959, 51.601375876051705],
        [-0.499061443131796, 51.60136337941082],
        [-0.498950019584113, 51.601326885895816],
        [-0.498826643637024, 51.60125876739817],
        [-0.498474816056542, 51.601024971553834],
        [-0.498346548415002, 51.600973874791876],
        [-0.498216215115177, 51.60094163468397],
        [-0.497870097308681, 51.60088505264821],
        [-0.497733309225376, 51.60087341103095],
        [-0.497658108890676, 51.60087694466925],
        [-0.497502073070578, 51.600923504526115],
        [-0.497301016882762, 51.601021641556315],
        [-0.497053506674177, 51.60112727632112],
        [-0.496983010876534, 51.60116324100069],
        [-0.496788041355531, 51.60129562473122],
        [-0.496707401172518, 51.601376419402584],
        [-0.496687569482607, 51.60140853668152],
        [-0.496671088285647, 51.60147037050034],
        [-0.49668668675314, 51.601522723918045],
        [-0.496740394465674, 51.60160164217671],
        [-0.49675219728112, 51.6016377613596],
        [-0.496750980437755, 51.60167461302153],
        [-0.496710426421785, 51.601765812215355],
        [-0.496576467104938, 51.601974509746455],
        [-0.49654938489257, 51.60213871669639],
        [-0.496525597422638, 51.60220315452106],
        [-0.49650305663902, 51.60222984186481],
        [-0.496366201228197, 51.60235127956256],
        [-0.496334406383502, 51.60239583236276],
        [-0.496327593871324, 51.602427217137496],
        [-0.496330380152339, 51.60247401127862],
        [-0.496348835578671, 51.602527300528365],
        [-0.49638040005093, 51.602577160877395],
        [-0.49642083257656, 51.60262084039333],
        [-0.496471606215035, 51.60265745873253],
        [-0.496650145696342, 51.602760455767616],
        [-0.496861824160188, 51.6028656752526],
        [-0.496980277791029, 51.60295171678777],
        [-0.497048896208248, 51.603016438567664],
        [-0.497107262805995, 51.60308552506505],
        [-0.497160795003866, 51.603169836057276],
        [-0.497185173561409, 51.60321870498551],
        [-0.497215048132618, 51.603319797909975],
        [-0.497240048073958, 51.60348107487622],
        [-0.497454345996165, 51.60411955280041],
        [-0.497474404195439, 51.604255588822554],
        [-0.497451713288402, 51.60441805371447],
        [-0.497425592347008, 51.60450943784951],
        [-0.497392728878663, 51.60458634846718],
        [-0.497299902805489, 51.60472993159221],
        [-0.49726827468548, 51.60481315239098],
        [-0.49727371152055, 51.60486717401972],
        [-0.497284161133686, 51.604900578200805],
        [-0.497542187169616, 51.605264460172464],
        [-0.497767689472532, 51.60578258782667],
        [-0.497866991499099, 51.60605541698559],
        [-0.497964920386429, 51.60628236925929],
        [-0.497987808581917, 51.60642023974377],
        [-0.498027000777547, 51.606764235667825],
        [-0.498058669007241, 51.60689862165571],
        [-0.49814573464591, 51.60710475315037],
        [-0.498454709987111, 51.60763203988296],
        [-0.498507627199133, 51.60773522549729],
        [-0.498527530715963, 51.60778853285807],
        [-0.498535026175889, 51.6078677583232],
        [-0.498520316225091, 51.60805100699029],
        [-0.498544887629822, 51.60818170524273],
        [-0.498591705336814, 51.60829470399663],
        [-0.49864999194999, 51.608366486202016],
        [-0.498723247886875, 51.6084222742042],
        [-0.498921668884387, 51.60853631219455],
        [-0.499105071324636, 51.608624081042564],
        [-0.499136118189377, 51.60864605875481],
        [-0.499173938285507, 51.60868161104506],
        [-0.499216791724303, 51.60873970766253],
        [-0.49924512075256, 51.60880031619332],
        [-0.499256097465795, 51.60886160209876],
        [-0.499252549648559, 51.608925399931984],
        [-0.499236306097537, 51.60898004347283],
        [-0.499190865117391, 51.60904420495922],
        [-0.499156714581417, 51.60907254277488],
        [-0.499087473705939, 51.60911391996532],
        [-0.498914316179439, 51.609197130061176],
        [-0.498443792212011, 51.60936375931292],
        [-0.498383359999907, 51.60940075275536],
        [-0.498359491687853, 51.609423826657675],
        [-0.498337591174503, 51.6094748009192],
        [-0.498337937480516, 51.60950807574146],
        [-0.498346708040326, 51.609548651915944],
        [-0.498378892657201, 51.609623697163975],
        [-0.498706383235867, 51.6098967462347],
        [-0.498904069406492, 51.61003325479264],
        [-0.498946191607785, 51.610069761350516],
        [-0.49898224302819, 51.61011518227189],
        [-0.498997114765177, 51.61014594520049],
        [-0.498981771493442, 51.61026084658471],
        [-0.498841707596308, 51.6105665819956],
        [-0.498827786857636, 51.61063833996367],
        [-0.498900298907028, 51.61089194220809],
        [-0.498956187968862, 51.61103652871987],
        [-0.498966957251614, 51.6111041063742],
        [-0.498961321948167, 51.611143599102455],
        [-0.498945195784773, 51.611194647291924],
        [-0.498915958255339, 51.61124912463728],
        [-0.498867745803532, 51.61130965375456],
        [-0.498810989965577, 51.61136647681212],
        [-0.498770914603683, 51.61139923475241],
        [-0.498734111925978, 51.61142034493493],
        [-0.498572701642429, 51.611497410360414],
        [-0.498535631904489, 51.61152660986122],
        [-0.498500974932749, 51.61157022740005],
        [-0.498472883715792, 51.61163371129086],
        [-0.498460553967426, 51.61170099355821],
        [-0.498467466182263, 51.611754134731775],
        [-0.498530780743073, 51.611892522000815],
        [-0.498551803465253, 51.61195573482054],
        [-0.498577672230324, 51.61209094556293],
        [-0.498571443363382, 51.61214841466549],
        [-0.498516970868012, 51.612267311538844],
        [-0.498300956245158, 51.61264221243142],
        [-0.498220377437913, 51.61276437203357],
        [-0.498067860903392, 51.61296564004835],
        [-0.497962787383883, 51.613129748479714],
        [-0.497914531906186, 51.61323523661742],
        [-0.497888307374428, 51.61337337778391],
        [-0.497887525894025, 51.61344080773135],
        [-0.497897908384559, 51.61352007010433],
        [-0.497945451340063, 51.61369871982461],
        [-0.497957248030741, 51.61377889948062],
        [-0.497964218871181, 51.613961526102614],
        [-0.497955477134412, 51.61405133418187],
        [-0.497936421571855, 51.61414730469977],
        [-0.497907200458095, 51.6142449435526],
        [-0.497783442795367, 51.614537398234134],
        [-0.497749811072952, 51.61459361745039],
        [-0.497701890184509, 51.614645157819986],
        [-0.497670740644602, 51.61466993680597],
        [-0.497582424333282, 51.61472006101622],
        [-0.497424422044311, 51.61478098291378],
        [-0.497219517647962, 51.614818824286246],
        [-0.497126108319076, 51.61484820138485],
        [-0.497087650508266, 51.61487558426331],
        [-0.497064717688408, 51.61491395625956],
        [-0.49704278015687, 51.6150971120518],
        [-0.496934413334163, 51.61531692773255],
        [-0.496881762365467, 51.61542415755659],
        [-0.496711284928354, 51.61586258239335],
        [-0.496638794478174, 51.6160019292399],
        [-0.496507263356957, 51.61622324629649],
        [-0.496135531422471, 51.616763399949356],
        [-0.496106286825572, 51.61681787648871],
        [-0.496085883296111, 51.61686707107596],
        [-0.496073875239544, 51.61692446599211],
        [-0.496071153945553, 51.616963096688174],
        [-0.496090101750715, 51.61717644954344],
        [-0.496081741783446, 51.61725457276208],
        [-0.496057945304615, 51.61731901026163],
        [-0.495970079040771, 51.61753009563438],
        [-0.495918498349538, 51.61769218985199],
        [-0.495856673929284, 51.61781458806124],
        [-0.495830969709667, 51.61784932750989],
        [-0.495668063055031, 51.618014491307584],
        [-0.495622696938591, 51.618075954749216],
        [-0.495434679637668, 51.6185636088406],
        [-0.495410452801574, 51.61868469020984],
        [-0.495409833144606, 51.61879078772105],
        [-0.495430277186242, 51.6189151391333],
        [-0.495458832441355, 51.61901261851942],
        [-0.495484482847384, 51.61906689913589],
        [-0.495538297707641, 51.61914312141205],
        [-0.495570347974452, 51.619178600842304],
        [-0.495743013016056, 51.61933008014111],
        [-0.495953107231044, 51.619572857716605],
        [-0.496031499521417, 51.61964849539534],
        [-0.496131342675214, 51.619730702169065],
        [-0.496232927183187, 51.61980393917289],
        [-0.496323584581475, 51.61985815297434],
        [-0.49639756878064, 51.61989237081475],
        [-0.496637621240246, 51.61997187665078],
        [-0.496687267215015, 51.61999948827893],
        [-0.496722385000324, 51.62002961146816],
        [-0.49676353447581, 51.62009577980924],
        [-0.496799349730463, 51.620279674831664],
        [-0.496814074677395, 51.6203149320908],
        [-0.496826512938296, 51.620419398347096],
        [-0.49682970496474, 51.62049766947148],
        [-0.497033633354794, 51.62057761117939],
        [-0.497090499896021, 51.62060531505966],
        [-0.497176185819895, 51.62063518619169],
        [-0.497469639570331, 51.62071627299763],
        [-0.497602975930815, 51.6207467535974],
        [-0.497872715141427, 51.620802358382115],
        [-0.498191578740894, 51.62085769170674],
        [-0.498726500937828, 51.62093197255094],
        [-0.498959144882958, 51.620973612531],
        [-0.498998507802998, 51.6210064868897],
        [-0.499117050746463, 51.62104756701378],
        [-0.499281236978876, 51.62110631518812],
        [-0.499403925643198, 51.62119690389986],
        [-0.499487153619754, 51.621301375349084],
        [-0.499626103583426, 51.62142454276521],
        [-0.499811265674113, 51.62167958337556],
        [-0.499822461755138, 51.621690516803795],
        [-0.500088251713261, 51.62195378069422],
        [-0.50017557750144, 51.62206549755949],
        [-0.500195251838486, 51.62212599513122],
        [-0.500204877589213, 51.622184565945794],
        [-0.500157972338382, 51.62229276971503],
        [-0.500137117998685, 51.62239950785378],
        [-0.500065648102811, 51.62259551916684],
        [-0.500046296668347, 51.62270047808991],
        [-0.500048494857822, 51.62276524840889],
        [-0.500071159545947, 51.622910308780966],
        [-0.500149184498824, 51.623128911347536],
        [-0.500162245311724, 51.62325856265005],
        [-0.500158400874939, 51.623331348550565],
        [-0.500144033358016, 51.62341658879442],
        [-0.500116165724637, 51.623516942940846],
        [-0.500045938656058, 51.62367520379277],
        [-0.49993282622722, 51.62386348942902],
        [-0.499819424852306, 51.6240167025579],
        [-0.49976554209944, 51.62407356274025],
        [-0.499651483551124, 51.62411526681162],
        [-0.499574466044544, 51.62417273048089],
        [-0.49943310957074, 51.624253650194625],
        [-0.499213023313928, 51.62440010406654],
        [-0.498773369731803, 51.624589609494976],
        [-0.498613573653665, 51.62461634060929],
        [-0.498447308959614, 51.62470773101127],
        [-0.498362534502375, 51.624781280249096],
        [-0.498315572632579, 51.624847220259646],
        [-0.498310498551499, 51.62500091815149],
        [-0.498396154204307, 51.62520703066119],
        [-0.498392108845241, 51.62524204762955],
        [-0.498321279586359, 51.62528700085764],
        [-0.49822993625236, 51.62534068364085],
        [-0.498120729473495, 51.62541032341653],
        [-0.497891155770926, 51.62575627532298],
        [-0.497840888419714, 51.62583476161909],
        [-0.49780134255841, 51.625938562592424],
        [-0.497760142900731, 51.626179919605136],
        [-0.497692948640498, 51.62642094400629],
        [-0.497654398668226, 51.626669528449014],
        [-0.497656771651958, 51.626728905839194],
        [-0.497670994560497, 51.626779442873264],
        [-0.49769568266865, 51.626819323435335],
        [-0.497777304932778, 51.62688510994246],
        [-0.498256291897751, 51.62712412918198],
        [-0.498337124223445, 51.627170122847254],
        [-0.498652987441684, 51.627405255716795],
        [-0.499003285713272, 51.62760396083105],
        [-0.499120777978299, 51.62767739849134],
        [-0.499214075766201, 51.627739736425035],
        [-0.499270359381449, 51.62778541565942],
        [-0.49953202640778, 51.62804323252155],
        [-0.499697724473435, 51.62818832215579],
        [-0.500084735603351, 51.628500791866806],
        [-0.500207000938812, 51.62860486207521],
        [-0.500251673806516, 51.62865219091174],
        [-0.500289066526281, 51.628701225140006],
        [-0.500329072950305, 51.628802446154666],
        [-0.500323932116657, 51.628870719455406],
        [-0.500328108491979, 51.62891932942458],
        [-0.500289602802171, 51.628991672567565],
        [-0.50022392386054, 51.629055575850074],
        [-0.500126857539641, 51.62910738861012],
        [-0.499836487382047, 51.629237659490315],
        [-0.499765297440234, 51.62929339933769],
        [-0.499732220207994, 51.629332541374744],
        [-0.499712051892598, 51.629374545932926],
        [-0.499667335476173, 51.629547519559104],
        [-0.499664141835296, 51.6296005313629],
        [-0.499669676413274, 51.62978313902597],
        [-0.499659163954667, 51.62988281554245],
        [-0.499651192799378, 51.62994925424919],
        [-0.499617038741814, 51.63006481421516],
        [-0.499538786309267, 51.630203189779294],
        [-0.499476784837428, 51.63028692196483],
        [-0.499394385755337, 51.630375788622956],
        [-0.499282686147466, 51.63047686949953],
        [-0.499138975200235, 51.63058473468213],
        [-0.498587697453952, 51.6309148857717],
        [-0.498468901975734, 51.63096821772275],
        [-0.498252776513906, 51.63103738953811],
        [-0.498208825229083, 51.63105571054945],
        [-0.498146770953491, 51.631097179117354],
        [-0.497872604725978, 51.63130498335426],
        [-0.497645049657242, 51.631457633138034],
        [-0.497424458098585, 51.63157440372389],
        [-0.497246997151226, 51.631653959626426],
        [-0.497017017845069, 51.631704967947066],
        [-0.496867365116735, 51.631730028216964],
        [-0.496714972211213, 51.63175055723198],
        [-0.496603435231827, 51.631759020396835],
        [-0.496476397362774, 51.63175559541792],
        [-0.496339576416999, 51.63174215385854],
        [-0.496239011320979, 51.631724680471635],
        [-0.496154571228927, 51.63170021994137],
        [-0.49608050873941, 51.63166779949376],
        [-0.496018446504232, 51.63162204475081],
        [-0.495987653241695, 51.631591976838514],
        [-0.495875601298068, 51.631441274869175],
        [-0.495787703748387, 51.63134663242371],
        [-0.495689756128831, 51.631250062762035],
        [-0.495629228320078, 51.63120162987269],
        [-0.495555434623956, 51.63116111975671],
        [-0.495304085499564, 51.631115636845635],
        [-0.495018656206542, 51.63109579330699],
        [-0.494706619170875, 51.63105043045722],
        [-0.494630251703576, 51.631044056246665],
        [-0.494571066651548, 51.6310423982651],
        [-0.49433475898009, 51.63106634428729],
        [-0.494272625866211, 51.63106644674706],
        [-0.494216478132125, 51.63106033154981],
        [-0.49416917456367, 51.63104893456294],
        [-0.494124878594356, 51.631033979339726],
        [-0.494021143969516, 51.63098139470334],
        [-0.493819318011744, 51.630836732863834],
        [-0.493776213121876, 51.63078582489852],
        [-0.493705309479292, 51.630658128550486],
        [-0.493655370661774, 51.63059544330692],
        [-0.493629969616868, 51.63057713349889],
        [-0.493568581496572, 51.63055476520962],
        [-0.493525343397901, 51.6305515128915],
        [-0.493470313131836, 51.6305553028397],
        [-0.493420702538618, 51.63056995266702],
        [-0.493266436007492, 51.63064710258341],
        [-0.493238667683554, 51.6306566374279],
        [-0.493193508779985, 51.630667747495686],
        [-0.493137123441984, 51.630668822307605],
        [-0.493093885269189, 51.630665569830015],
        [-0.493015047167518, 51.63064657409557],
        [-0.492761619330455, 51.63057678070471],
        [-0.492539399606003, 51.630524472170386],
        [-0.492421299213508, 51.630513064748],
        [-0.492361995769863, 51.630515000917946],
        [-0.492270531547098, 51.630528213668825],
        [-0.492088540558857, 51.630569937351474],
        [-0.49200667921882, 51.63059855957256],
        [-0.491874729719175, 51.63065621193764],
        [-0.491557630865384, 51.63076363922692],
        [-0.491151701221915, 51.63023868761585],
        [-0.490578918084491, 51.62951736304559],
        [-0.489775812321114, 51.62859704821832],
        [-0.489512940021855, 51.628246576486525],
        [-0.489285380800773, 51.62796399832692],
        [-0.48923568984125, 51.62789412073735],
        [-0.489107254023039, 51.62767216461426],
        [-0.489047812901284, 51.627591371099385],
        [-0.488938871956003, 51.62747846860754],
        [-0.488851843333043, 51.62740181594706],
        [-0.488667439061083, 51.627255570829185],
        [-0.488571567290353, 51.62718419931785],
        [-0.488147109868151, 51.62691437050924],
        [-0.487879189725248, 51.626759855154816],
        [-0.487515352371513, 51.626578926113325],
        [-0.487140691656209, 51.62641943723273],
        [-0.486756890499463, 51.62627421651435],
        [-0.486540376971852, 51.62618150605929],
        [-0.486120251536345, 51.62595578634358],
        [-0.485626840840916, 51.62571832953163],
        [-0.48539669951118, 51.625601162802916],
        [-0.484960820039443, 51.62537163884606],
        [-0.484551723504374, 51.62516224130098],
        [-0.484550279434216, 51.62516222266264],
        [-0.484415159180159, 51.625098433889676],
        [-0.484237945329883, 51.62499723440406],
        [-0.48391827337129, 51.624835747346964],
        [-0.483737514404578, 51.62475428369347],
        [-0.483553448479454, 51.62468536583304],
        [-0.483363277259527, 51.62462626000801],
        [-0.483095667343141, 51.6245499678616],
        [-0.482690149367439, 51.62445031225025],
        [-0.482474467244399, 51.62437648811204],
        [-0.48238345784033, 51.62433304945568],
        [-0.482063522891352, 51.62413648510597],
        [-0.481962646082022, 51.624085724955876],
        [-0.481715678186004, 51.62399710771835],
        [-0.48163872055041, 51.62396553976968],
        [-0.481388922178569, 51.623831925266636],
        [-0.480817852604541, 51.62358535067096],
        [-0.480734222774272, 51.623623833346514],
        [-0.480177414158207, 51.62329651216842],
        [-0.479411772912516, 51.62290713674082],
        [-0.478821109749133, 51.62259915294543],
        [-0.478349825226462, 51.622393423710975],
        [-0.478319922601163, 51.62238044737244],
        [-0.478310236508798, 51.62241089463269],
        [-0.478150104552942, 51.62236116157281],
        [-0.478135815128258, 51.62235648035785],
        [-0.477719678361333, 51.622229693753404],
        [-0.477372162486264, 51.62212447717717],
        [-0.477067184864925, 51.62204319053135],
        [-0.476927240999866, 51.6219946168439],
        [-0.47671233242946, 51.62189831201894],
        [-0.476499681448015, 51.62177775768585],
        [-0.476257702048562, 51.62162714873809],
        [-0.47615238624638, 51.62153676109915],
        [-0.475781395538378, 51.62114079340268],
        [-0.475633819557782, 51.62097522302783],
        [-0.475443312865202, 51.6209268902579],
        [-0.474854030638893, 51.62053617763664],
        [-0.474264155667902, 51.62016343829136],
        [-0.473927323516736, 51.61991267970187],
        [-0.473472375068036, 51.61956596837574],
        [-0.472941386722051, 51.619247040678076],
        [-0.472969458029312, 51.61918536092584],
        [-0.472553675752385, 51.618963245046956],
        [-0.471494459065869, 51.61841623393147],
        [-0.471491601567248, 51.618415297529054],
        [-0.471107320308569, 51.618244840997136],
        [-0.470751894701851, 51.618032496586395],
        [-0.469190510084185, 51.61682790058742],
        [-0.468926077481562, 51.61670216104081],
        [-0.468658728522193, 51.61657728205175],
        [-0.467930253571209, 51.616248561553675],
        [-0.467129086188267, 51.61593417382482],
        [-0.466381389528148, 51.6155764181454],
        [-0.465104795721482, 51.61505528303942],
        [-0.464504838400113, 51.61481454449885],
        [-0.463901939342664, 51.614575562766014],
        [-0.463261570847554, 51.61433428904313],
        [-0.462619704754708, 51.61409479057757],
        [-0.462413210623516, 51.61413614729431],
        [-0.46223807904906, 51.614018755591495],
        [-0.462153036493142, 51.6139708831224],
        [-0.46196781623206, 51.613895621378624],
        [-0.460699434588429, 51.613476155234196],
        [-0.460355429927591, 51.61335564719212],
        [-0.45982639595054, 51.613154480253044],
        [-0.458799445891304, 51.61281459265332],
        [-0.457841909940536, 51.612515172747045],
        [-0.45739943592181, 51.61236009190826],
        [-0.457151909754547, 51.612291197407295],
        [-0.456847719594228, 51.612360034897975],
        [-0.456510202701815, 51.612432030269304],
        [-0.456086137232565, 51.61254335067604],
        [-0.455985762956316, 51.612564510717036],
        [-0.455660494007709, 51.61261598305744],
        [-0.455577595737726, 51.61263287661888],
        [-0.455368834759941, 51.612698469619865],
        [-0.454907400244342, 51.61288932322918],
        [-0.454581474351664, 51.6130450915489],
        [-0.453805612562943, 51.613350496313004],
        [-0.452488615554578, 51.61389604532662],
        [-0.451793474425644, 51.61416293590144],
        [-0.450591457618844, 51.61463894290396],
        [-0.45013514133912, 51.61480556693172],
        [-0.449759818833064, 51.61492650011287],
        [-0.449642820533457, 51.61496901613594],
        [-0.449411496335666, 51.615060377555544],
        [-0.449191414714649, 51.615160879065854],
        [-0.448899918924193, 51.61532248173694],
        [-0.448762403688769, 51.61541598043225],
        [-0.448264312021858, 51.61579066051048],
        [-0.448200361010148, 51.61584466667035],
        [-0.44813137353553, 51.61591928790702],
        [-0.448058701264192, 51.61601723968999],
        [-0.447997364140421, 51.616121635697155],
        [-0.447944474690904, 51.616232437774144],
        [-0.447827582182073, 51.61656809378354],
        [-0.447725580505418, 51.616805933358705],
        [-0.447620347859574, 51.61696909622459],
        [-0.44745736517388, 51.617173757900154],
        [-0.447393382836361, 51.61727092497873],
        [-0.447207426192794, 51.61759847337311],
        [-0.446967094594641, 51.61795317752213],
        [-0.446498770062931, 51.61868163087471],
        [-0.446288377155803, 51.61896299508725],
        [-0.44611840749411, 51.61916036881289],
        [-0.445961399480278, 51.61931655050283],
        [-0.445724579398117, 51.619525627635355],
        [-0.445628455783567, 51.619590896130234],
        [-0.445569626281502, 51.61962158938165],
        [-0.445483148215136, 51.61965821095335],
        [-0.445383736605333, 51.61969286279985],
        [-0.445289608621399, 51.6196997092232],
        [-0.445132349650882, 51.61969402987725],
        [-0.444868858840206, 51.61966895919389],
        [-0.444455021684961, 51.619647291274504],
        [-0.444354104597806, 51.61964145814874],
        [-0.444302647844852, 51.61962548987575],
        [-0.444156910261187, 51.61957859852128],
        [-0.443615984774948, 51.61951388006744],
        [-0.443464563656625, 51.61950647746311],
        [-0.443369699250614, 51.619492630899806],
        [-0.443277015275766, 51.619499494853734],
        [-0.443064888750727, 51.61953534779106],
        [-0.44285177947827, 51.61955769925738],
        [-0.442515972289762, 51.619577523527376],
        [-0.442143206454252, 51.619622034148996],
        [-0.441860510825531, 51.619693815877305],
        [-0.44134297684993, 51.61987398079824],
        [-0.44115354874842, 51.61992182127741],
        [-0.441004918375162, 51.61995941274718],
        [-0.440707194814784, 51.620048077035236],
        [-0.440596659074585, 51.620069988252524],
        [-0.440305550250447, 51.620049935720644],
        [-0.439979542087973, 51.62003661238539],
        [-0.439402828972909, 51.619962406948986],
        [-0.439170981920203, 51.619941340890804],
        [-0.438462040139685, 51.619931913973396],
        [-0.438303584369788, 51.61991901592609],
        [-0.438194714022756, 51.619892390018364],
        [-0.438119237968045, 51.61986081303742],
        [-0.437930289263919, 51.61976837886786],
        [-0.437738909816536, 51.619704686577],
        [-0.437441796365498, 51.619607215462906],
        [-0.437038078296675, 51.6195433934419],
        [-0.436979157965436, 51.619534516219815],
        [-0.43682451821656, 51.61949469084005],
        [-0.436772940811686, 51.619482314461706],
        [-0.436324813189133, 51.61936574481907],
        [-0.43620181577244, 51.6193299368526],
        [-0.436211074026183, 51.61927071268093],
        [-0.436122706679148, 51.61919400247689],
        [-0.435886626353755, 51.61917017589901],
        [-0.435769250688595, 51.619138938389874],
        [-0.435587458478827, 51.619090656763944],
        [-0.435419734175712, 51.61905335278045],
        [-0.435112823148317, 51.61898901571524],
        [-0.434776489128341, 51.618898208655544],
        [-0.434486142679475, 51.61881430827246],
        [-0.434240153983632, 51.61874268840156],
        [-0.433893716766824, 51.61865174405065],
        [-0.433751891591882, 51.618617480752484],
        [-0.433511216250549, 51.6185594182937],
        [-0.433446832089766, 51.61854147433821],
        [-0.433305193307131, 51.618501817754776],
        [-0.433159285212927, 51.61846030561322],
        [-0.433033436105916, 51.61842355703401],
        [-0.432923438267268, 51.61838791910038],
        [-0.432751573120332, 51.61834516077621],
        [-0.431979123561471, 51.618251220720076],
        [-0.431418948604743, 51.618159212625756],
        [-0.431350271098638, 51.618223937009155],
        [-0.431217626184656, 51.61821676943648],
        [-0.430844763501696, 51.61818031443035],
        [-0.430349098098202, 51.61810265146149],
        [-0.430105046138518, 51.61805892411493],
        [-0.429456912944542, 51.61792077018257],
        [-0.429159876648942, 51.61786374319416],
        [-0.428994770605368, 51.61783455785045],
        [-0.428573475742458, 51.61777856420262],
        [-0.428417064227233, 51.61774859521041],
        [-0.428288302379053, 51.617712701724535],
        [-0.42797141323906, 51.61760325202437],
        [-0.427186930613848, 51.61723126467716],
        [-0.427036002951651, 51.617168096687195],
        [-0.426833597030723, 51.61708985143358],
        [-0.426702230488571, 51.61704582843575],
        [-0.426612018722795, 51.61702303856194],
        [-0.426502913685677, 51.61700359222623],
        [-0.426359002810674, 51.61698817529587],
        [-0.42619469271517, 51.61697787997115],
        [-0.42611384155956, 51.61697679612757],
        [-0.425836202289643, 51.61698566271232],
        [-0.425716431525875, 51.6169822583379],
        [-0.425273025690604, 51.61693944436863],
        [-0.424495612594666, 51.616906534255946],
        [-0.424143395695431, 51.61690000871816],
        [-0.423838449583812, 51.616904907221254],
        [-0.423424037465392, 51.6169425048231],
        [-0.423230292288166, 51.61694799577211],
        [-0.422808587571817, 51.6169459281986],
        [-0.422321539428652, 51.61695377150923],
        [-0.421751313853181, 51.6169443089689],
        [-0.421176507772558, 51.616941975707824],
        [-0.420924160668536, 51.61692958984853],
        [-0.420594380804032, 51.61690087527702],
        [-0.419897066077, 51.61684922966156],
        [-0.419743145422723, 51.616830972264886],
        [-0.419296165297949, 51.61676650661149],
        [-0.41877555487919, 51.61670104759361],
        [-0.4183957087656, 51.616616800911736],
        [-0.418243452014489, 51.616592269510235],
        [-0.418102214223881, 51.616583172892014],
        [-0.417728032324651, 51.61658532418563],
        [-0.417408394685788, 51.61655583811889],
        [-0.41697306456194, 51.61648882300532],
        [-0.416638860555091, 51.61642137174572],
        [-0.416321195693745, 51.61633525929005],
        [-0.416058550631916, 51.61624539224867],
        [-0.415915611658406, 51.61616073666903],
        [-0.415843420503191, 51.616118399074715],
        [-0.415711625360833, 51.616045583297364],
        [-0.41555964969953, 51.61597159581098],
        [-0.41534069574085, 51.61587152629717],
        [-0.414714317581088, 51.615608594380745],
        [-0.413355027175275, 51.61499046071704],
        [-0.413206134353342, 51.614911116553586],
        [-0.41288446425162, 51.614691857874135],
        [-0.412686298340774, 51.61457587862211],
        [-0.412684854655701, 51.61457585910279],
        [-0.412023890443295, 51.61418745514228],
        [-0.412006848671724, 51.61417913176397],
        [-0.411877733073429, 51.61411264229588],
        [-0.411693350101252, 51.614015731135666],
        [-0.411305976031665, 51.61385852363056],
        [-0.411156149025401, 51.613806140401415],
        [-0.411022453624922, 51.61378814520666],
        [-0.410448003090587, 51.61377677192347],
        [-0.410022469459696, 51.61376111829013],
        [-0.40899985955304, 51.6137202881064],
        [-0.408326652286931, 51.61360056029776],
        [-0.408136593430044, 51.613583596046084],
        [-0.407640886756288, 51.6135921600621],
        [-0.407202083580127, 51.61354304550616],
        [-0.405396626394811, 51.613420522656746],
        [-0.405046614172252, 51.61335192422019],
        [-0.40407193024196, 51.61318041769482],
        [-0.40320242086394, 51.61318118322309],
        [-0.40276522061566, 51.61316894137947],
        [-0.402323429333172, 51.61320519268899],
        [-0.401684688712174, 51.61317401813422],
        [-0.40144087264666, 51.61316620242448],
        [-0.40134967120038, 51.61317215421439],
        [-0.401181167728468, 51.613199533422375],
        [-0.40078724893014, 51.61331196443837],
        [-0.400728619003419, 51.613336343607706],
        [-0.400671780132749, 51.61335085585183],
        [-0.400594919835577, 51.61335970005247],
        [-0.400551579104587, 51.61336000879282],
        [-0.400460914254258, 51.613350680656566],
        [-0.399977422152321, 51.613340495329226],
        [-0.399676408330359, 51.613398437848566],
        [-0.399487007175995, 51.613403948751696],
        [-0.398485706471481, 51.61366095550281],
        [-0.397907935103898, 51.61386708406235],
        [-0.397305952035009, 51.614104351582824],
        [-0.396996350088661, 51.61420083600565],
        [-0.396495106206, 51.61432527533324],
        [-0.39576480926716, 51.61447355907767],
        [-0.394817912123428, 51.61474296782649],
        [-0.394225070193527, 51.614884129256296],
        [-0.393351990923235, 51.61502594897436],
        [-0.392700948830036, 51.6151788951725],
        [-0.391621587734196, 51.615272018051556],
        [-0.390812052878165, 51.615331962213155],
        [-0.389894811368289, 51.61537423791865],
        [-0.389555746306201, 51.61540465643854],
        [-0.389225342986846, 51.61543519282335],
        [-0.388983760030812, 51.61552719418486],
        [-0.388458190197309, 51.61552177934327],
        [-0.387865435496443, 51.61549655618417],
        [-0.387316299497596, 51.61554476519823],
        [-0.387132121538037, 51.61556561452485],
        [-0.386908549318081, 51.61559761201611],
        [-0.386686261153127, 51.61563412277722],
        [-0.386398177366666, 51.61569310826903],
        [-0.38525145860304, 51.61597408093916],
        [-0.384599036430288, 51.61616473020522],
        [-0.383959730033901, 51.616351959567275],
        [-0.383525356959298, 51.616503341306974],
        [-0.383231246412037, 51.616650358662724],
        [-0.382111401245168, 51.61739296565399],
        [-0.382048361026361, 51.61741907319424],
        [-0.382013359353998, 51.617428482130315],
        [-0.381772321640891, 51.61746382602751],
        [-0.381524768168732, 51.6174792969858],
        [-0.380974473679131, 51.61747800393659],
        [-0.380469479541698, 51.61746204664999],
        [-0.379991540390662, 51.61753817995892],
        [-0.379105889338924, 51.617705797726245],
        [-0.378532817280195, 51.61777611558765],
        [-0.378284780612244, 51.6178050612056],
        [-0.377587154718639, 51.617803515479835],
        [-0.376988574357775, 51.61794091409086],
        [-0.37656853634601, 51.61805380235868],
        [-0.376043197082939, 51.6181625349776],
        [-0.375861859190362, 51.618184305181956],
        [-0.375409956841287, 51.618299446142125],
        [-0.374920769902612, 51.61844734007774],
        [-0.374097834101853, 51.61875876278154],
        [-0.373257343666042, 51.61895483755476],
        [-0.37286209174585, 51.61902039790009],
        [-0.372491862540954, 51.61911328012306],
        [-0.371635473168681, 51.619349587422214],
        [-0.371304507195609, 51.61947538207746],
        [-0.370462018338344, 51.619807190051326],
        [-0.369899277038254, 51.62007183886668],
        [-0.369295592227318, 51.620309839205675],
        [-0.368901663970086, 51.62041856679606],
        [-0.368197125829191, 51.62064886584704],
        [-0.367284592189453, 51.62075757248497],
        [-0.366941141726037, 51.62078786492949],
        [-0.366786641650312, 51.62082618027836],
        [-0.366631979967793, 51.62086898923196],
        [-0.366262803521867, 51.621012222385694],
        [-0.366196732505779, 51.621041876137085],
        [-0.365559410114427, 51.621330644314725],
        [-0.365179140903469, 51.62154116049364],
        [-0.364740963788914, 51.62183539475275],
        [-0.363454685681347, 51.6225341433506],
        [-0.363357501331138, 51.622625407388846],
        [-0.36261840077617, 51.62353319659679],
        [-0.362578282201487, 51.623564109476746],
        [-0.362451648652585, 51.623510189061584],
        [-0.362399687304586, 51.62354902960204],
        [-0.361815445912437, 51.62372611660725],
        [-0.361541836068739, 51.62402263513288],
        [-0.361334884420428, 51.62427332441761],
        [-0.361092524726454, 51.62446417114531],
        [-0.360926674370026, 51.62461652022122],
        [-0.360737279500593, 51.62474066479122],
        [-0.36020748877221, 51.62504978893124],
        [-0.3601043687199, 51.62510499895342],
        [-0.359790527529318, 51.625234597434314],
        [-0.359701536865386, 51.6252585321032],
        [-0.359475936079794, 51.62530483666142],
        [-0.359022915221998, 51.62536774508512],
        [-0.35855324638988, 51.62541153558113],
        [-0.358184185381074, 51.62542975478403],
        [-0.357830018303313, 51.62543559218848],
        [-0.357550289577573, 51.625460454107454],
        [-0.356982457994514, 51.62558199567441],
        [-0.356569328322749, 51.62562027496599],
        [-0.356285638004427, 51.62567475240471],
        [-0.35602978746894, 51.62575839374705],
        [-0.355773304258489, 51.62581954538798],
        [-0.355290074903362, 51.625958449376725],
        [-0.355225986142602, 51.62597283817467],
        [-0.3550809029764, 51.625989689066344],
        [-0.354995609090337, 51.62599119168799],
        [-0.354837126009206, 51.62597907976332],
        [-0.354419158063658, 51.625991206579165],
        [-0.354143788775396, 51.62601522229244],
        [-0.353038675886322, 51.62625150472615],
        [-0.352551273865049, 51.62630581305806],
        [-0.352312892664868, 51.62634563008867],
        [-0.351600146055415, 51.6264786001173],
        [-0.350814890819773, 51.62657907495243],
        [-0.350502688768559, 51.626582782109686],
        [-0.350440172076815, 51.62659359354335],
        [-0.350377557562458, 51.6266071012053],
        [-0.349904216349372, 51.6267515173293],
        [-0.349560066826754, 51.6268392989119],
        [-0.349245579525364, 51.62690591545131],
        [-0.349093540750293, 51.62695503280323],
        [-0.34894862394055, 51.62700694774718],
        [-0.348279340759446, 51.627295173361055],
        [-0.347551927878547, 51.62759246840992],
        [-0.346976608451606, 51.62779928156402],
        [-0.346430295824547, 51.628002903595316],
        [-0.346099061531754, 51.628092655412416],
        [-0.34566063790779, 51.62818988815128],
        [-0.345129731541988, 51.62832717954171],
        [-0.344749403375141, 51.628495366275146],
        [-0.344331558960655, 51.62866212354546],
        [-0.344165530652009, 51.62873801365205],
        [-0.341842850443038, 51.62983104814668],
        [-0.340450015454035, 51.63046419774293],
        [-0.339913292205396, 51.630720079531564],
        [-0.339876565176314, 51.63073664528267],
        [-0.339834948353033, 51.630807993841714],
        [-0.339637163961618, 51.630566006574675],
        [-0.339353521436924, 51.63034078888378],
        [-0.339004666523049, 51.630081377094974],
        [-0.338857037537592, 51.63008828066356],
        [-0.338794677965871, 51.630055026730304],
        [-0.338836951901198, 51.630005268927356],
        [-0.338848308664218, 51.62993169416616],
        [-0.338564903820232, 51.62970018337899],
        [-0.33855686301405, 51.62968298455545],
        [-0.338307495732517, 51.62946903981169],
        [-0.337482885672991, 51.63012997762378],
        [-0.337469229820702, 51.63018733387798],
        [-0.337407656465415, 51.63021163995388],
        [-0.337221685440157, 51.63035827572095],
        [-0.33682768321916, 51.630662024448284],
        [-0.336451202794795, 51.63096062484608],
        [-0.336155132727413, 51.63123338717696],
        [-0.335698819145368, 51.63154164440634],
        [-0.335366935876115, 51.63176623884476],
        [-0.334941133100489, 51.632109095806],
        [-0.334658151071453, 51.63230021163889],
        [-0.334570705410064, 51.63236011778933],
        [-0.334487723778966, 51.63241649034624],
        [-0.334164427482252, 51.6326430016489],
        [-0.333722462460671, 51.632953253267665],
        [-0.333594933616241, 51.63304226387666],
        [-0.333286400055312, 51.63325999017579],
        [-0.333112912461021, 51.633380719529214],
        [-0.333032288428908, 51.63345151194137],
        [-0.333083874295123, 51.63354216558172],
        [-0.33308705381605, 51.63357368316687],
        [-0.333091803898019, 51.63364119155816],
        [-0.333071441871803, 51.63372363005464],
        [-0.332995210215459, 51.63383225173326],
        [-0.332874915647084, 51.63380266819598],
        [-0.332607051288317, 51.63373861735775],
        [-0.332479682849414, 51.633823132980964],
        [-0.331758466776004, 51.634300261485016],
        [-0.330850514219194, 51.63486465244863],
        [-0.330006797374923, 51.63533193588723],
        [-0.329347382879268, 51.635620194786476],
        [-0.328848395105182, 51.635828905037435],
        [-0.328346580252769, 51.63603577450971],
        [-0.327352363320613, 51.63642895925956],
        [-0.327071768913024, 51.63643575233547],
        [-0.326798252790414, 51.63660360473201],
        [-0.326570148541329, 51.636715453293604],
        [-0.325950441002908, 51.63690534572464],
        [-0.325663094341662, 51.636977681733136],
        [-0.324620705185655, 51.6371867171155],
        [-0.323183275947383, 51.637488116745935],
        [-0.3223123409793, 51.63763213908638],
        [-0.321493430628667, 51.63777599948202],
        [-0.320572762769398, 51.637975049253534],
        [-0.319816694545608, 51.63821691186553],
        [-0.319452544276793, 51.63837265978904],
        [-0.31911988428066, 51.63857561648809],
        [-0.318750855207379, 51.63898037455431],
        [-0.318664635865591, 51.63908434798868],
        [-0.318529717195242, 51.63929373117946],
        [-0.31845979565013, 51.63950404503689],
        [-0.318429858550997, 51.63957105732141],
        [-0.31825638877221, 51.63972863293608],
        [-0.318087132636192, 51.63992853168368],
        [-0.3178023729197, 51.64008631091098],
        [-0.317517644492775, 51.64024319068888],
        [-0.317135404917734, 51.64041845500151],
        [-0.316937098137655, 51.64046596868074],
        [-0.316696203328094, 51.640531754992566],
        [-0.315921669252448, 51.640178048642035],
        [-0.314916162046583, 51.63977875961257],
        [-0.314263874577348, 51.639597647061706],
        [-0.313975570684395, 51.63949998944115],
        [-0.31338294489014, 51.63930803882559],
        [-0.313211617906222, 51.63925162491971],
        [-0.3127109726202, 51.63907358117439],
        [-0.31234242367884, 51.63895768129975],
        [-0.31171781119452, 51.638810223151],
        [-0.311298889530203, 51.63872776583084],
        [-0.311073791547337, 51.638679567579246],
        [-0.310834550840109, 51.63862307251017],
        [-0.309118049193041, 51.63814786020826],
        [-0.308932656156081, 51.63808134607354],
        [-0.308233155284023, 51.637888729138425],
        [-0.30769529883767, 51.637740700930536],
        [-0.30699157598081, 51.63754531803339],
        [-0.306362227906402, 51.637370786418394],
        [-0.305401050596841, 51.63710423894681],
        [-0.305150803305669, 51.636994519646635],
        [-0.304757255138632, 51.636736158853],
        [-0.304702267528768, 51.63669939632739],
        [-0.304609892371919, 51.63661893160437],
        [-0.304551845686268, 51.636547954653224],
        [-0.304527792118133, 51.63649545283728],
        [-0.304541022308759, 51.636450683110375],
        [-0.304584344989387, 51.63637397614817],
        [-0.304482738231347, 51.636347330940275],
        [-0.305049855754815, 51.63539965291242],
        [-0.305574220880617, 51.63439650302588],
        [-0.305585398217579, 51.63432922316187],
        [-0.305597635000022, 51.634117184880346],
        [-0.305462270890676, 51.63336798317466]
      ]
    ]
  }
}
